\BOOKMARK [1][-]{section.1}{\376\377\0001\000\040\000R\000T\000I\000\040\000C\000o\000n\000n\000e\000x\000t\000\040\000M\000i\000c\000r\000o\000\040\000C\000\040\000A\000P\000I}{}% 1
\BOOKMARK [1][-]{section.2}{\376\377\0002\000\040\000T\000o\000p\000i\000c\000\040\000I\000n\000d\000e\000x}{}% 2
\BOOKMARK [2][-]{subsection.2.1}{\376\377\0002\000.\0001\000\040\000R\000e\000f\000e\000r\000e\000n\000c\000e\000\040\000M\000a\000n\000u\000a\000l}{section.2}% 3
\BOOKMARK [1][-]{section.3}{\376\377\0003\000\040\000D\000a\000t\000a\000\040\000S\000t\000r\000u\000c\000t\000u\000r\000e\000\040\000I\000n\000d\000e\000x}{}% 4
\BOOKMARK [2][-]{subsection.3.1}{\376\377\0003\000.\0001\000\040\000D\000a\000t\000a\000\040\000S\000t\000r\000u\000c\000t\000u\000r\000e\000s}{section.3}% 5
\BOOKMARK [1][-]{section.4}{\376\377\0004\000\040\000F\000i\000l\000e\000\040\000I\000n\000d\000e\000x}{}% 6
\BOOKMARK [2][-]{subsection.4.1}{\376\377\0004\000.\0001\000\040\000F\000i\000l\000e\000\040\000L\000i\000s\000t}{section.4}% 7
\BOOKMARK [1][-]{section.5}{\376\377\0005\000\040\000T\000o\000p\000i\000c\000\040\000D\000o\000c\000u\000m\000e\000n\000t\000a\000t\000i\000o\000n}{}% 8
\BOOKMARK [2][-]{subsection.5.1}{\376\377\0005\000.\0001\000\040\000D\000o\000c\000u\000m\000e\000n\000t\000a\000t\000i\000o\000n\000\040\000G\000u\000i\000d\000e}{section.5}% 9
\BOOKMARK [3][-]{subsubsection.5.1.1}{\376\377\0005\000.\0001\000.\0001\000\040\000U\000n\000s\000u\000p\000p\000o\000r\000t\000e\000d\000\040\000F\000e\000a\000t\000u\000r\000e\000s}{subsection.5.1}% 10
\BOOKMARK [3][-]{subsubsection.5.1.2}{\376\377\0005\000.\0001\000.\0002\000\040\000A\000P\000I\000\040\000N\000a\000m\000i\000n\000g\000\040\000C\000o\000n\000v\000e\000n\000t\000i\000o\000n\000s}{subsection.5.1}% 11
\BOOKMARK [3][-]{subsubsection.5.1.3}{\376\377\0005\000.\0001\000.\0003\000\040\000A\000P\000I\000\040\000D\000o\000c\000u\000m\000e\000n\000t\000a\000t\000i\000o\000n\000\040\000T\000e\000r\000m\000s}{subsection.5.1}% 12
\BOOKMARK [3][-]{subsubsection.5.1.4}{\376\377\0005\000.\0001\000.\0004\000\040\000S\000t\000e\000r\000e\000o\000t\000y\000p\000e\000s}{subsection.5.1}% 13
\BOOKMARK [2][-]{subsection.5.2}{\376\377\0005\000.\0002\000\040\000D\000D\000S\000\040\000A\000P\000I}{section.5}% 14
\BOOKMARK [3][-]{subsubsection.5.2.1}{\376\377\0005\000.\0002\000.\0001\000\040\000D\000e\000t\000a\000i\000l\000e\000d\000\040\000D\000e\000s\000c\000r\000i\000p\000t\000i\000o\000n}{subsection.5.2}% 15
\BOOKMARK [3][-]{subsubsection.5.2.2}{\376\377\0005\000.\0002\000.\0002\000\040\000O\000v\000e\000r\000v\000i\000e\000w}{subsection.5.2}% 16
\BOOKMARK [3][-]{subsubsection.5.2.3}{\376\377\0005\000.\0002\000.\0003\000\040\000C\000o\000n\000c\000e\000p\000t\000u\000a\000l\000\040\000M\000o\000d\000e\000l}{subsection.5.2}% 17
\BOOKMARK [3][-]{subsubsection.5.2.4}{\376\377\0005\000.\0002\000.\0004\000\040\000M\000o\000d\000u\000l\000e\000s}{subsection.5.2}% 18
\BOOKMARK [3][-]{subsubsection.5.2.5}{\376\377\0005\000.\0002\000.\0005\000\040\000C\000o\000n\000t\000e\000n\000t\000\040\000F\000i\000l\000t\000e\000r\000\040\000P\000l\000u\000g\000i\000n}{subsection.5.2}% 19
\BOOKMARK [3][-]{subsubsection.5.2.6}{\376\377\0005\000.\0002\000.\0006\000\040\000D\000o\000m\000a\000i\000n\000\040\000M\000o\000d\000u\000l\000e}{subsection.5.2}% 20
\BOOKMARK [3][-]{subsubsection.5.2.7}{\376\377\0005\000.\0002\000.\0007\000\040\000T\000o\000p\000i\000c}{subsection.5.2}% 21
\BOOKMARK [3][-]{subsubsection.5.2.8}{\376\377\0005\000.\0002\000.\0008\000\040\000P\000u\000b\000l\000i\000c\000a\000t\000i\000o\000n\000\040\000M\000o\000d\000u\000l\000e}{subsection.5.2}% 22
\BOOKMARK [3][-]{subsubsection.5.2.9}{\376\377\0005\000.\0002\000.\0009\000\040\000S\000u\000b\000s\000c\000r\000i\000p\000t\000i\000o\000n\000\040\000M\000o\000d\000u\000l\000e}{subsection.5.2}% 23
\BOOKMARK [3][-]{subsubsection.5.2.10}{\376\377\0005\000.\0002\000.\0001\0000\000\040\000I\000n\000f\000r\000a\000s\000t\000r\000u\000c\000t\000u\000r\000e\000\040\000M\000o\000d\000u\000l\000e}{subsection.5.2}% 24
\BOOKMARK [3][-]{subsubsection.5.2.11}{\376\377\0005\000.\0002\000.\0001\0001\000\040\000G\000e\000n\000e\000r\000a\000l\000\040\000U\000t\000i\000l\000i\000t\000i\000e\000s\000\040\000a\000n\000d\000\040\000C\000o\000m\000p\000l\000i\000a\000n\000c\000e\000\040\000C\000o\000n\000f\000i\000g\000u\000r\000a\000t\000i\000o\000n}{subsection.5.2}% 25
\BOOKMARK [2][-]{subsection.5.3}{\376\377\0005\000.\0003\000\040\000D\000P\000S\000E\000\040\000S\000t\000a\000t\000i\000c\000\040\000D\000i\000s\000c\000o\000v\000e\000r\000y\000\040\000A\000P\000I}{section.5}% 26
\BOOKMARK [3][-]{subsubsection.5.3.1}{\376\377\0005\000.\0003\000.\0001\000\040\000D\000e\000t\000a\000i\000l\000e\000d\000\040\000D\000e\000s\000c\000r\000i\000p\000t\000i\000o\000n}{subsection.5.3}% 27
\BOOKMARK [3][-]{subsubsection.5.3.2}{\376\377\0005\000.\0003\000.\0002\000\040\000M\000a\000c\000r\000o\000\040\000D\000e\000f\000i\000n\000i\000t\000i\000o\000n\000\040\000D\000o\000c\000u\000m\000e\000n\000t\000a\000t\000i\000o\000n}{subsection.5.3}% 28
\BOOKMARK [3][-]{subsubsection.5.3.3}{\376\377\0005\000.\0003\000.\0003\000\040\000F\000u\000n\000c\000t\000i\000o\000n\000\040\000D\000o\000c\000u\000m\000e\000n\000t\000a\000t\000i\000o\000n}{subsection.5.3}% 29
\BOOKMARK [2][-]{subsection.5.4}{\376\377\0005\000.\0004\000\040\000D\000P\000D\000E\000\040\000D\000y\000n\000a\000m\000i\000c\000\040\000D\000i\000s\000c\000o\000v\000e\000r\000y\000\040\000A\000P\000I}{section.5}% 30
\BOOKMARK [3][-]{subsubsection.5.4.1}{\376\377\0005\000.\0004\000.\0001\000\040\000D\000e\000t\000a\000i\000l\000e\000d\000\040\000D\000e\000s\000c\000r\000i\000p\000t\000i\000o\000n}{subsection.5.4}% 31
\BOOKMARK [3][-]{subsubsection.5.4.2}{\376\377\0005\000.\0004\000.\0002\000\040\000M\000a\000c\000r\000o\000\040\000D\000e\000f\000i\000n\000i\000t\000i\000o\000n\000\040\000D\000o\000c\000u\000m\000e\000n\000t\000a\000t\000i\000o\000n}{subsection.5.4}% 32
\BOOKMARK [3][-]{subsubsection.5.4.3}{\376\377\0005\000.\0004\000.\0003\000\040\000F\000u\000n\000c\000t\000i\000o\000n\000\040\000D\000o\000c\000u\000m\000e\000n\000t\000a\000t\000i\000o\000n}{subsection.5.4}% 33
\BOOKMARK [2][-]{subsection.5.5}{\376\377\0005\000.\0005\000\040\000C\000D\000R\000\040\000S\000t\000r\000e\000a\000m\000\040\000A\000P\000I}{section.5}% 34
\BOOKMARK [3][-]{subsubsection.5.5.1}{\376\377\0005\000.\0005\000.\0001\000\040\000D\000e\000t\000a\000i\000l\000e\000d\000\040\000D\000e\000s\000c\000r\000i\000p\000t\000i\000o\000n}{subsection.5.5}% 35
\BOOKMARK [3][-]{subsubsection.5.5.2}{\376\377\0005\000.\0005\000.\0002\000\040\000F\000u\000n\000c\000t\000i\000o\000n\000\040\000D\000o\000c\000u\000m\000e\000n\000t\000a\000t\000i\000o\000n}{subsection.5.5}% 36
\BOOKMARK [2][-]{subsection.5.6}{\376\377\0005\000.\0006\000\040\000R\000T\000\040\000R\000u\000n\000-\000T\000i\000m\000e\000\040\000A\000P\000I}{section.5}% 37
\BOOKMARK [3][-]{subsubsection.5.6.1}{\376\377\0005\000.\0006\000.\0001\000\040\000D\000e\000t\000a\000i\000l\000e\000d\000\040\000D\000e\000s\000c\000r\000i\000p\000t\000i\000o\000n}{subsection.5.6}% 38
\BOOKMARK [3][-]{subsubsection.5.6.2}{\376\377\0005\000.\0006\000.\0002\000\040\000F\000u\000n\000c\000t\000i\000o\000n\000\040\000D\000o\000c\000u\000m\000e\000n\000t\000a\000t\000i\000o\000n}{subsection.5.6}% 39
\BOOKMARK [2][-]{subsection.5.7}{\376\377\0005\000.\0007\000\040\000R\000H\000S\000M\000\040\000R\000e\000a\000d\000e\000r\000\040\000H\000i\000s\000t\000o\000r\000y\000\040\000A\000P\000I}{section.5}% 40
\BOOKMARK [3][-]{subsubsection.5.7.1}{\376\377\0005\000.\0007\000.\0001\000\040\000D\000e\000t\000a\000i\000l\000e\000d\000\040\000D\000e\000s\000c\000r\000i\000p\000t\000i\000o\000n}{subsection.5.7}% 41
\BOOKMARK [3][-]{subsubsection.5.7.2}{\376\377\0005\000.\0007\000.\0002\000\040\000F\000u\000n\000c\000t\000i\000o\000n\000\040\000D\000o\000c\000u\000m\000e\000n\000t\000a\000t\000i\000o\000n}{subsection.5.7}% 42
\BOOKMARK [2][-]{subsection.5.8}{\376\377\0005\000.\0008\000\040\000W\000H\000S\000M\000\040\000W\000r\000i\000t\000e\000r\000\040\000H\000i\000s\000t\000o\000r\000y\000\040\000A\000P\000I}{section.5}% 43
\BOOKMARK [3][-]{subsubsection.5.8.1}{\376\377\0005\000.\0008\000.\0001\000\040\000D\000e\000t\000a\000i\000l\000e\000d\000\040\000D\000e\000s\000c\000r\000i\000p\000t\000i\000o\000n}{subsection.5.8}% 44
\BOOKMARK [3][-]{subsubsection.5.8.2}{\376\377\0005\000.\0008\000.\0002\000\040\000F\000u\000n\000c\000t\000i\000o\000n\000\040\000D\000o\000c\000u\000m\000e\000n\000t\000a\000t\000i\000o\000n}{subsection.5.8}% 45
\BOOKMARK [2][-]{subsection.5.9}{\376\377\0005\000.\0009\000\040\000N\000E\000T\000I\000O\000\040\000A\000P\000I}{section.5}% 46
\BOOKMARK [3][-]{subsubsection.5.9.1}{\376\377\0005\000.\0009\000.\0001\000\040\000D\000e\000t\000a\000i\000l\000e\000d\000\040\000D\000e\000s\000c\000r\000i\000p\000t\000i\000o\000n}{subsection.5.9}% 47
\BOOKMARK [3][-]{subsubsection.5.9.2}{\376\377\0005\000.\0009\000.\0002\000\040\000N\000E\000T\000I\000O\000\040\000P\000a\000c\000k\000e\000t\000\040\000A\000P\000I}{subsection.5.9}% 48
\BOOKMARK [3][-]{subsubsection.5.9.3}{\376\377\0005\000.\0009\000.\0003\000\040\000N\000E\000T\000I\000O\000\040\000I\000n\000t\000e\000r\000f\000a\000c\000e\000\040\000A\000P\000I}{subsection.5.9}% 49
\BOOKMARK [3][-]{subsubsection.5.9.4}{\376\377\0005\000.\0009\000.\0004\000\040\000N\000E\000T\000I\000O\000\040\000A\000d\000d\000r\000e\000s\000s\000\040\000A\000P\000I}{subsection.5.9}% 50
\BOOKMARK [2][-]{subsection.5.10}{\376\377\0005\000.\0001\0000\000\040\000U\000D\000P\000\040\000T\000r\000a\000n\000s\000p\000o\000r\000t\000\040\000A\000P\000I}{section.5}% 51
\BOOKMARK [3][-]{subsubsection.5.10.1}{\376\377\0005\000.\0001\0000\000.\0001\000\040\000D\000e\000t\000a\000i\000l\000e\000d\000\040\000D\000e\000s\000c\000r\000i\000p\000t\000i\000o\000n}{subsection.5.10}% 52
\BOOKMARK [3][-]{subsubsection.5.10.2}{\376\377\0005\000.\0001\0000\000.\0002\000\040\000M\000a\000c\000r\000o\000\040\000D\000e\000f\000i\000n\000i\000t\000i\000o\000n\000\040\000D\000o\000c\000u\000m\000e\000n\000t\000a\000t\000i\000o\000n}{subsection.5.10}% 53
\BOOKMARK [3][-]{subsubsection.5.10.3}{\376\377\0005\000.\0001\0000\000.\0003\000\040\000E\000n\000u\000m\000e\000r\000a\000t\000i\000o\000n\000\040\000T\000y\000p\000e\000\040\000D\000o\000c\000u\000m\000e\000n\000t\000a\000t\000i\000o\000n}{subsection.5.10}% 54
\BOOKMARK [3][-]{subsubsection.5.10.4}{\376\377\0005\000.\0001\0000\000.\0004\000\040\000F\000u\000n\000c\000t\000i\000o\000n\000\040\000D\000o\000c\000u\000m\000e\000n\000t\000a\000t\000i\000o\000n}{subsection.5.10}% 55
\BOOKMARK [3][-]{subsubsection.5.10.5}{\376\377\0005\000.\0001\0000\000.\0005\000\040\000V\000a\000r\000i\000a\000b\000l\000e\000\040\000D\000o\000c\000u\000m\000e\000n\000t\000a\000t\000i\000o\000n}{subsection.5.10}% 56
\BOOKMARK [2][-]{subsection.5.11}{\376\377\0005\000.\0001\0001\000\040\000U\000D\000P\000\040\000T\000r\000a\000n\000s\000f\000o\000r\000m\000\040\000A\000P\000I}{section.5}% 57
\BOOKMARK [3][-]{subsubsection.5.11.1}{\376\377\0005\000.\0001\0001\000.\0001\000\040\000D\000e\000t\000a\000i\000l\000e\000d\000\040\000D\000e\000s\000c\000r\000i\000p\000t\000i\000o\000n}{subsection.5.11}% 58
\BOOKMARK [3][-]{subsubsection.5.11.2}{\376\377\0005\000.\0001\0001\000.\0002\000\040\000M\000a\000c\000r\000o\000\040\000D\000e\000f\000i\000n\000i\000t\000i\000o\000n\000\040\000D\000o\000c\000u\000m\000e\000n\000t\000a\000t\000i\000o\000n}{subsection.5.11}% 59
\BOOKMARK [3][-]{subsubsection.5.11.3}{\376\377\0005\000.\0001\0001\000.\0003\000\040\000T\000y\000p\000e\000d\000e\000f\000\040\000D\000o\000c\000u\000m\000e\000n\000t\000a\000t\000i\000o\000n}{subsection.5.11}% 60
\BOOKMARK [3][-]{subsubsection.5.11.4}{\376\377\0005\000.\0001\0001\000.\0004\000\040\000V\000a\000r\000i\000a\000b\000l\000e\000\040\000D\000o\000c\000u\000m\000e\000n\000t\000a\000t\000i\000o\000n}{subsection.5.11}% 61
\BOOKMARK [2][-]{subsection.5.12}{\376\377\0005\000.\0001\0002\000\040\000R\000T\000P\000S\000\040\000T\000r\000a\000n\000s\000p\000o\000r\000t\000\040\000A\000P\000I}{section.5}% 62
\BOOKMARK [3][-]{subsubsection.5.12.1}{\376\377\0005\000.\0001\0002\000.\0001\000\040\000D\000e\000t\000a\000i\000l\000e\000d\000\040\000D\000e\000s\000c\000r\000i\000p\000t\000i\000o\000n}{subsection.5.12}% 63
\BOOKMARK [3][-]{subsubsection.5.12.2}{\376\377\0005\000.\0001\0002\000.\0002\000\040\000T\000y\000p\000e\000d\000e\000f\000\040\000D\000o\000c\000u\000m\000e\000n\000t\000a\000t\000i\000o\000n}{subsection.5.12}% 64
\BOOKMARK [3][-]{subsubsection.5.12.3}{\376\377\0005\000.\0001\0002\000.\0003\000\040\000E\000n\000u\000m\000e\000r\000a\000t\000i\000o\000n\000\040\000T\000y\000p\000e\000\040\000D\000o\000c\000u\000m\000e\000n\000t\000a\000t\000i\000o\000n}{subsection.5.12}% 65
\BOOKMARK [3][-]{subsubsection.5.12.4}{\376\377\0005\000.\0001\0002\000.\0004\000\040\000F\000u\000n\000c\000t\000i\000o\000n\000\040\000D\000o\000c\000u\000m\000e\000n\000t\000a\000t\000i\000o\000n}{subsection.5.12}% 66
\BOOKMARK [3][-]{subsubsection.5.12.5}{\376\377\0005\000.\0001\0002\000.\0005\000\040\000V\000a\000r\000i\000a\000b\000l\000e\000\040\000D\000o\000c\000u\000m\000e\000n\000t\000a\000t\000i\000o\000n}{subsection.5.12}% 67
\BOOKMARK [2][-]{subsection.5.13}{\376\377\0005\000.\0001\0003\000\040\000S\000h\000a\000r\000e\000d\000\040\000M\000e\000m\000o\000r\000y\000\040\000T\000r\000a\000n\000s\000p\000o\000r\000t\000\040\000A\000P\000I}{section.5}% 68
\BOOKMARK [3][-]{subsubsection.5.13.1}{\376\377\0005\000.\0001\0003\000.\0001\000\040\000D\000e\000t\000a\000i\000l\000e\000d\000\040\000D\000e\000s\000c\000r\000i\000p\000t\000i\000o\000n}{subsection.5.13}% 69
\BOOKMARK [3][-]{subsubsection.5.13.2}{\376\377\0005\000.\0001\0003\000.\0002\000\040\000F\000u\000n\000c\000t\000i\000o\000n\000\040\000D\000o\000c\000u\000m\000e\000n\000t\000a\000t\000i\000o\000n}{subsection.5.13}% 70
\BOOKMARK [3][-]{subsubsection.5.13.3}{\376\377\0005\000.\0001\0003\000.\0003\000\040\000N\000E\000T\000I\000O\000\040\000S\000h\000a\000r\000e\000d\000\040\000M\000e\000m\000o\000r\000y\000\040\000A\000P\000I}{subsection.5.13}% 71
\BOOKMARK [2][-]{subsection.5.14}{\376\377\0005\000.\0001\0004\000\040\000N\000E\000T\000I\000O\000\040\000D\000G\000R\000A\000M\000\040\000A\000P\000I}{section.5}% 72
\BOOKMARK [3][-]{subsubsection.5.14.1}{\376\377\0005\000.\0001\0004\000.\0001\000\040\000D\000e\000t\000a\000i\000l\000e\000d\000\040\000D\000e\000s\000c\000r\000i\000p\000t\000i\000o\000n}{subsection.5.14}% 73
\BOOKMARK [3][-]{subsubsection.5.14.2}{\376\377\0005\000.\0001\0004\000.\0002\000\040\000M\000a\000c\000r\000o\000\040\000D\000e\000f\000i\000n\000i\000t\000i\000o\000n\000\040\000D\000o\000c\000u\000m\000e\000n\000t\000a\000t\000i\000o\000n}{subsection.5.14}% 74
\BOOKMARK [3][-]{subsubsection.5.14.3}{\376\377\0005\000.\0001\0004\000.\0003\000\040\000T\000y\000p\000e\000d\000e\000f\000\040\000D\000o\000c\000u\000m\000e\000n\000t\000a\000t\000i\000o\000n}{subsection.5.14}% 75
\BOOKMARK [3][-]{subsubsection.5.14.4}{\376\377\0005\000.\0001\0004\000.\0004\000\040\000F\000u\000n\000c\000t\000i\000o\000n\000\040\000D\000o\000c\000u\000m\000e\000n\000t\000a\000t\000i\000o\000n}{subsection.5.14}% 76
\BOOKMARK [3][-]{subsubsection.5.14.5}{\376\377\0005\000.\0001\0004\000.\0005\000\040\000V\000a\000r\000i\000a\000b\000l\000e\000\040\000D\000o\000c\000u\000m\000e\000n\000t\000a\000t\000i\000o\000n}{subsection.5.14}% 77
\BOOKMARK [2][-]{subsection.5.15}{\376\377\0005\000.\0001\0005\000\040\000Z\000e\000r\000o\000\040\000C\000o\000p\000y\000\040\000v\0002\000\040\000A\000P\000I}{section.5}% 78
\BOOKMARK [3][-]{subsubsection.5.15.1}{\376\377\0005\000.\0001\0005\000.\0001\000\040\000D\000e\000t\000a\000i\000l\000e\000d\000\040\000D\000e\000s\000c\000r\000i\000p\000t\000i\000o\000n}{subsection.5.15}% 79
\BOOKMARK [3][-]{subsubsection.5.15.2}{\376\377\0005\000.\0001\0005\000.\0002\000\040\000M\000a\000c\000r\000o\000\040\000D\000e\000f\000i\000n\000i\000t\000i\000o\000n\000\040\000D\000o\000c\000u\000m\000e\000n\000t\000a\000t\000i\000o\000n}{subsection.5.15}% 80
\BOOKMARK [3][-]{subsubsection.5.15.3}{\376\377\0005\000.\0001\0005\000.\0003\000\040\000T\000y\000p\000e\000d\000e\000f\000\040\000D\000o\000c\000u\000m\000e\000n\000t\000a\000t\000i\000o\000n}{subsection.5.15}% 81
\BOOKMARK [3][-]{subsubsection.5.15.4}{\376\377\0005\000.\0001\0005\000.\0004\000\040\000F\000u\000n\000c\000t\000i\000o\000n\000\040\000D\000o\000c\000u\000m\000e\000n\000t\000a\000t\000i\000o\000n}{subsection.5.15}% 82
\BOOKMARK [3][-]{subsubsection.5.15.5}{\376\377\0005\000.\0001\0005\000.\0005\000\040\000N\000o\000t\000i\000f\000i\000c\000a\000t\000i\000o\000n\000\040\000I\000n\000t\000e\000r\000f\000a\000c\000e}{subsection.5.15}% 83
\BOOKMARK [2][-]{subsection.5.16}{\376\377\0005\000.\0001\0006\000\040\000O\000S\000\040\000A\000P\000I}{section.5}% 84
\BOOKMARK [3][-]{subsubsection.5.16.1}{\376\377\0005\000.\0001\0006\000.\0001\000\040\000D\000e\000t\000a\000i\000l\000e\000d\000\040\000D\000e\000s\000c\000r\000i\000p\000t\000i\000o\000n}{subsection.5.16}% 85
\BOOKMARK [3][-]{subsubsection.5.16.2}{\376\377\0005\000.\0001\0006\000.\0002\000\040\000O\000S\000A\000P\000I\000\040\000H\000e\000a\000p\000\040\000A\000P\000I}{subsection.5.16}% 86
\BOOKMARK [3][-]{subsubsection.5.16.3}{\376\377\0005\000.\0001\0006\000.\0003\000\040\000T\000r\000a\000c\000e\000\040\000A\000P\000I}{subsection.5.16}% 87
\BOOKMARK [3][-]{subsubsection.5.16.4}{\376\377\0005\000.\0001\0006\000.\0004\000\040\000O\000S\000A\000P\000I\000\040\000M\000u\000t\000e\000x\000\040\000A\000P\000I}{subsection.5.16}% 88
\BOOKMARK [3][-]{subsubsection.5.16.5}{\376\377\0005\000.\0001\0006\000.\0005\000\040\000O\000S\000A\000P\000I\000\040\000P\000r\000o\000c\000e\000s\000s\000\040\000A\000P\000I}{subsection.5.16}% 89
\BOOKMARK [3][-]{subsubsection.5.16.6}{\376\377\0005\000.\0001\0006\000.\0006\000\040\000O\000S\000A\000P\000I\000\040\000S\000e\000m\000a\000p\000h\000o\000r\000e\000\040\000A\000P\000I}{subsection.5.16}% 90
\BOOKMARK [3][-]{subsubsection.5.16.7}{\376\377\0005\000.\0001\0006\000.\0007\000\040\000O\000S\000A\000P\000I\000\040\000M\000e\000m\000o\000r\000y\000\040\000A\000P\000I}{subsection.5.16}% 91
\BOOKMARK [3][-]{subsubsection.5.16.8}{\376\377\0005\000.\0001\0006\000.\0008\000\040\000O\000S\000A\000P\000I\000\040\000S\000t\000r\000i\000n\000g\000\040\000A\000P\000I}{subsection.5.16}% 92
\BOOKMARK [3][-]{subsubsection.5.16.9}{\376\377\0005\000.\0001\0006\000.\0009\000\040\000O\000S\000A\000P\000I\000\040\000S\000y\000s\000t\000e\000m\000\040\000A\000P\000I}{subsection.5.16}% 93
\BOOKMARK [3][-]{subsubsection.5.16.10}{\376\377\0005\000.\0001\0006\000.\0001\0000\000\040\000O\000S\000A\000P\000I\000\040\000T\000h\000r\000e\000a\000d\000\040\000A\000P\000I}{subsection.5.16}% 94
\BOOKMARK [3][-]{subsubsection.5.16.11}{\376\377\0005\000.\0001\0006\000.\0001\0001\000\040\000O\000S\000A\000P\000I\000\040\000t\000i\000m\000e\000\040\000A\000P\000I}{subsection.5.16}% 95
\BOOKMARK [3][-]{subsubsection.5.16.12}{\376\377\0005\000.\0001\0006\000.\0001\0002\000\040\000O\000S\000A\000P\000I\000\040\000T\000i\000m\000e\000r\000\040\000A\000P\000I}{subsection.5.16}% 96
\BOOKMARK [3][-]{subsubsection.5.16.13}{\376\377\0005\000.\0001\0006\000.\0001\0003\000\040\000O\000S\000A\000P\000I\000\040\000T\000y\000p\000e\000s}{subsection.5.16}% 97
\BOOKMARK [3][-]{subsubsection.5.16.14}{\376\377\0005\000.\0001\0006\000.\0001\0004\000\040\000O\000S\000A\000P\000I\000\137\000S\000h\000a\000r\000e\000d\000M\000e\000m\000o\000r\000y\000M\000o\000n\000i\000t\000o\000r}{subsection.5.16}% 98
\BOOKMARK [3][-]{subsubsection.5.16.15}{\376\377\0005\000.\0001\0006\000.\0001\0005\000\040\000O\000S\000A\000P\000I\000\137\000S\000h\000a\000r\000e\000d\000M\000e\000m\000o\000r\000y\000S\000e\000g\000m\000e\000n\000t}{subsection.5.16}% 99
\BOOKMARK [3][-]{subsubsection.5.16.16}{\376\377\0005\000.\0001\0006\000.\0001\0006\000\040\000L\000o\000g\000\040\000A\000P\000I}{subsection.5.16}% 100
\BOOKMARK [2][-]{subsection.5.17}{\376\377\0005\000.\0001\0007\000\040\000A\000p\000p\000l\000i\000c\000a\000t\000i\000o\000n\000\040\000G\000e\000n\000e\000r\000a\000t\000i\000o\000n\000\040\000A\000P\000I}{section.5}% 101
\BOOKMARK [3][-]{subsubsection.5.17.1}{\376\377\0005\000.\0001\0007\000.\0001\000\040\000D\000e\000t\000a\000i\000l\000e\000d\000\040\000D\000e\000s\000c\000r\000i\000p\000t\000i\000o\000n}{subsection.5.17}% 102
\BOOKMARK [3][-]{subsubsection.5.17.2}{\376\377\0005\000.\0001\0007\000.\0002\000\040\000F\000u\000n\000c\000t\000i\000o\000n\000\040\000D\000o\000c\000u\000m\000e\000n\000t\000a\000t\000i\000o\000n}{subsection.5.17}% 103
\BOOKMARK [2][-]{subsection.5.18}{\376\377\0005\000.\0001\0008\000\040\000L\000i\000g\000h\000t\000w\000e\000i\000g\000h\000t\000\040\000S\000e\000c\000u\000r\000i\000t\000y\000\040\000A\000P\000I}{section.5}% 104
\BOOKMARK [3][-]{subsubsection.5.18.1}{\376\377\0005\000.\0001\0008\000.\0001\000\040\000D\000e\000t\000a\000i\000l\000e\000d\000\040\000D\000e\000s\000c\000r\000i\000p\000t\000i\000o\000n}{subsection.5.18}% 105
\BOOKMARK [3][-]{subsubsection.5.18.2}{\376\377\0005\000.\0001\0008\000.\0002\000\040\000M\000a\000c\000r\000o\000\040\000D\000e\000f\000i\000n\000i\000t\000i\000o\000n\000\040\000D\000o\000c\000u\000m\000e\000n\000t\000a\000t\000i\000o\000n}{subsection.5.18}% 106
\BOOKMARK [3][-]{subsubsection.5.18.3}{\376\377\0005\000.\0001\0008\000.\0003\000\040\000F\000u\000n\000c\000t\000i\000o\000n\000\040\000D\000o\000c\000u\000m\000e\000n\000t\000a\000t\000i\000o\000n}{subsection.5.18}% 107
\BOOKMARK [3][-]{subsubsection.5.18.4}{\376\377\0005\000.\0001\0008\000.\0004\000\040\000V\000a\000r\000i\000a\000b\000l\000e\000\040\000D\000o\000c\000u\000m\000e\000n\000t\000a\000t\000i\000o\000n}{subsection.5.18}% 108
\BOOKMARK [2][-]{subsection.5.19}{\376\377\0005\000.\0001\0009\000\040\000R\000e\000s\000o\000u\000r\000c\000e\000\040\000L\000i\000m\000i\000t\000s}{section.5}% 109
\BOOKMARK [3][-]{subsubsection.5.19.1}{\376\377\0005\000.\0001\0009\000.\0001\000\040\000D\000e\000t\000a\000i\000l\000e\000d\000\040\000D\000e\000s\000c\000r\000i\000p\000t\000i\000o\000n}{subsection.5.19}% 110
\BOOKMARK [3][-]{subsubsection.5.19.2}{\376\377\0005\000.\0001\0009\000.\0002\000\040\000I\000n\000t\000r\000o\000d\000u\000c\000t\000i\000o\000n}{subsection.5.19}% 111
\BOOKMARK [3][-]{subsubsection.5.19.3}{\376\377\0005\000.\0001\0009\000.\0003\000\040\000D\000y\000n\000a\000m\000i\000c\000\040\000M\000e\000m\000o\000r\000y\000\040\000A\000l\000l\000o\000c\000a\000t\000i\000o\000n}{subsection.5.19}% 112
\BOOKMARK [3][-]{subsubsection.5.19.4}{\376\377\0005\000.\0001\0009\000.\0004\000\040\000D\000o\000m\000a\000i\000n\000P\000a\000r\000t\000i\000c\000i\000p\000a\000n\000t\000F\000a\000c\000t\000o\000r\000y\000Q\000o\000s}{subsection.5.19}% 113
\BOOKMARK [3][-]{subsubsection.5.19.5}{\376\377\0005\000.\0001\0009\000.\0005\000\040\000D\000o\000m\000a\000i\000n\000P\000a\000r\000t\000i\000c\000i\000p\000a\000n\000t\000Q\000o\000s}{subsection.5.19}% 114
\BOOKMARK [3][-]{subsubsection.5.19.6}{\376\377\0005\000.\0001\0009\000.\0006\000\040\000D\000a\000t\000a\000R\000e\000a\000d\000e\000r\000Q\000o\000s}{subsection.5.19}% 115
\BOOKMARK [3][-]{subsubsection.5.19.7}{\376\377\0005\000.\0001\0009\000.\0007\000\040\000D\000a\000t\000a\000W\000r\000i\000t\000e\000r\000Q\000o\000s}{subsection.5.19}% 116
\BOOKMARK [3][-]{subsubsection.5.19.8}{\376\377\0005\000.\0001\0009\000.\0008\000\040\000O\000S\000A\000P\000I}{subsection.5.19}% 117
\BOOKMARK [3][-]{subsubsection.5.19.9}{\376\377\0005\000.\0001\0009\000.\0009\000\040\000U\000D\000P\000\040\000T\000r\000a\000n\000s\000p\000o\000r\000t}{subsection.5.19}% 118
\BOOKMARK [3][-]{subsubsection.5.19.10}{\376\377\0005\000.\0001\0009\000.\0001\0000\000\040\000D\000y\000n\000a\000m\000i\000c\000\040\000P\000a\000r\000t\000i\000c\000i\000p\000a\000n\000t\000\040\000S\000t\000a\000t\000i\000c\000\040\000E\000n\000d\000p\000o\000i\000n\000t\000\040\000\050\000D\000P\000S\000E\000\051}{subsection.5.19}% 119
\BOOKMARK [3][-]{subsubsection.5.19.11}{\376\377\0005\000.\0001\0009\000.\0001\0001\000\040\000D\000y\000n\000a\000m\000i\000c\000\040\000P\000a\000r\000t\000i\000c\000i\000p\000a\000n\000t\000\040\000D\000y\000n\000a\000m\000i\000c\000\040\000E\000n\000d\000p\000o\000i\000n\000t\000\040\000\050\000D\000P\000D\000E\000\051}{subsection.5.19}% 120
\BOOKMARK [2][-]{subsection.5.20}{\376\377\0005\000.\0002\0000\000\040\000L\000o\000g\000\040\000C\000o\000d\000e\000s}{section.5}% 121
\BOOKMARK [3][-]{subsubsection.5.20.1}{\376\377\0005\000.\0002\0000\000.\0001\000\040\000D\000e\000t\000a\000i\000l\000e\000d\000\040\000D\000e\000s\000c\000r\000i\000p\000t\000i\000o\000n}{subsection.5.20}% 122
\BOOKMARK [3][-]{subsubsection.5.20.2}{\376\377\0005\000.\0002\0000\000.\0002\000\040\000O\000S\000A\000P\000I}{subsection.5.20}% 123
\BOOKMARK [3][-]{subsubsection.5.20.3}{\376\377\0005\000.\0002\0000\000.\0003\000\040\000R\000E\000D\000A}{subsection.5.20}% 124
\BOOKMARK [3][-]{subsubsection.5.20.4}{\376\377\0005\000.\0002\0000\000.\0004\000\040\000D\000B}{subsection.5.20}% 125
\BOOKMARK [3][-]{subsubsection.5.20.5}{\376\377\0005\000.\0002\0000\000.\0005\000\040\000R\000T}{subsection.5.20}% 126
\BOOKMARK [3][-]{subsubsection.5.20.6}{\376\377\0005\000.\0002\0000\000.\0006\000\040\000C\000D\000R}{subsection.5.20}% 127
\BOOKMARK [3][-]{subsubsection.5.20.7}{\376\377\0005\000.\0002\0000\000.\0007\000\040\000N\000E\000T\000I\000O}{subsection.5.20}% 128
\BOOKMARK [3][-]{subsubsection.5.20.8}{\376\377\0005\000.\0002\0000\000.\0008\000\040\000R\000T\000P\000S}{subsection.5.20}% 129
\BOOKMARK [3][-]{subsubsection.5.20.9}{\376\377\0005\000.\0002\0000\000.\0009\000\040\000D\000D\000S\000\137\000C}{subsection.5.20}% 130
\BOOKMARK [3][-]{subsubsection.5.20.10}{\376\377\0005\000.\0002\0000\000.\0001\0000\000\040\000Z\000e\000r\000o\000C\000o\000p\000y}{subsection.5.20}% 131
\BOOKMARK [3][-]{subsubsection.5.20.11}{\376\377\0005\000.\0002\0000\000.\0001\0001\000\040\000W\000H\000S\000Q}{subsection.5.20}% 132
\BOOKMARK [3][-]{subsubsection.5.20.12}{\376\377\0005\000.\0002\0000\000.\0001\0002\000\040\000R\000H}{subsection.5.20}% 133
\BOOKMARK [3][-]{subsubsection.5.20.13}{\376\377\0005\000.\0002\0000\000.\0001\0003\000\040\000W\000H}{subsection.5.20}% 134
\BOOKMARK [3][-]{subsubsection.5.20.14}{\376\377\0005\000.\0002\0000\000.\0001\0004\000\040\000D\000P\000S\000E}{subsection.5.20}% 135
\BOOKMARK [3][-]{subsubsection.5.20.15}{\376\377\0005\000.\0002\0000\000.\0001\0005\000\040\000D\000P\000D\000E}{subsection.5.20}% 136
\BOOKMARK [3][-]{subsubsection.5.20.16}{\376\377\0005\000.\0002\0000\000.\0001\0006\000\040\000A\000P\000P\000G\000E\000N}{subsection.5.20}% 137
\BOOKMARK [3][-]{subsubsection.5.20.17}{\376\377\0005\000.\0002\0000\000.\0001\0007\000\040\000D\000D\000S\000\137\000F\000I\000L\000T\000E\000R}{subsection.5.20}% 138
\BOOKMARK [1][-]{section.6}{\376\377\0006\000\040\000D\000a\000t\000a\000\040\000S\000t\000r\000u\000c\000t\000u\000r\000e\000\040\000D\000o\000c\000u\000m\000e\000n\000t\000a\000t\000i\000o\000n}{}% 139
\BOOKMARK [2][-]{subsection.6.1}{\376\377\0006\000.\0001\000\040\000C\000D\000R\000\137\000S\000t\000r\000e\000a\000m\000\137\000t\000\040\000S\000t\000r\000u\000c\000t\000\040\000R\000e\000f\000e\000r\000e\000n\000c\000e}{section.6}% 140
\BOOKMARK [3][-]{subsubsection.6.1.1}{\376\377\0006\000.\0001\000.\0001\000\040\000D\000e\000t\000a\000i\000l\000e\000d\000\040\000D\000e\000s\000c\000r\000i\000p\000t\000i\000o\000n}{subsection.6.1}% 141
\BOOKMARK [2][-]{subsection.6.2}{\376\377\0006\000.\0002\000\040\000D\000D\000S\000\137\000B\000u\000i\000l\000t\000i\000n\000T\000o\000p\000i\000c\000K\000e\000y\000\137\000t\000\040\000S\000t\000r\000u\000c\000t\000\040\000R\000e\000f\000e\000r\000e\000n\000c\000e}{section.6}% 142
\BOOKMARK [3][-]{subsubsection.6.2.1}{\376\377\0006\000.\0002\000.\0001\000\040\000D\000e\000t\000a\000i\000l\000e\000d\000\040\000D\000e\000s\000c\000r\000i\000p\000t\000i\000o\000n}{subsection.6.2}% 143
\BOOKMARK [3][-]{subsubsection.6.2.2}{\376\377\0006\000.\0002\000.\0002\000\040\000F\000i\000e\000l\000d\000\040\000D\000o\000c\000u\000m\000e\000n\000t\000a\000t\000i\000o\000n}{subsection.6.2}% 144
\BOOKMARK [2][-]{subsection.6.3}{\376\377\0006\000.\0003\000\040\000D\000D\000S\000\137\000C\000h\000e\000c\000k\000s\000u\000m\000P\000r\000o\000p\000e\000r\000t\000y\000\137\000t\000\040\000S\000t\000r\000u\000c\000t\000\040\000R\000e\000f\000e\000r\000e\000n\000c\000e}{section.6}% 145
\BOOKMARK [3][-]{subsubsection.6.3.1}{\376\377\0006\000.\0003\000.\0001\000\040\000D\000e\000t\000a\000i\000l\000e\000d\000\040\000D\000e\000s\000c\000r\000i\000p\000t\000i\000o\000n}{subsection.6.3}% 146
\BOOKMARK [3][-]{subsubsection.6.3.2}{\376\377\0006\000.\0003\000.\0002\000\040\000F\000i\000e\000l\000d\000\040\000D\000o\000c\000u\000m\000e\000n\000t\000a\000t\000i\000o\000n}{subsection.6.3}% 147
\BOOKMARK [2][-]{subsection.6.4}{\376\377\0006\000.\0004\000\040\000D\000D\000S\000\137\000C\000o\000n\000d\000i\000t\000i\000o\000n\000S\000e\000q\000\040\000S\000t\000r\000u\000c\000t\000\040\000R\000e\000f\000e\000r\000e\000n\000c\000e}{section.6}% 148
\BOOKMARK [3][-]{subsubsection.6.4.1}{\376\377\0006\000.\0004\000.\0001\000\040\000D\000e\000t\000a\000i\000l\000e\000d\000\040\000D\000e\000s\000c\000r\000i\000p\000t\000i\000o\000n}{subsection.6.4}% 149
\BOOKMARK [2][-]{subsection.6.5}{\376\377\0006\000.\0005\000\040\000D\000D\000S\000\137\000C\000o\000n\000t\000e\000n\000t\000F\000i\000l\000t\000e\000r\000I\000\040\000S\000t\000r\000u\000c\000t\000\040\000R\000e\000f\000e\000r\000e\000n\000c\000e}{section.6}% 150
\BOOKMARK [3][-]{subsubsection.6.5.1}{\376\377\0006\000.\0005\000.\0001\000\040\000D\000e\000t\000a\000i\000l\000e\000d\000\040\000D\000e\000s\000c\000r\000i\000p\000t\000i\000o\000n}{subsection.6.5}% 151
\BOOKMARK [3][-]{subsubsection.6.5.2}{\376\377\0006\000.\0005\000.\0002\000\040\000F\000i\000e\000l\000d\000\040\000D\000o\000c\000u\000m\000e\000n\000t\000a\000t\000i\000o\000n}{subsection.6.5}% 152
\BOOKMARK [2][-]{subsection.6.6}{\376\377\0006\000.\0006\000\040\000D\000D\000S\000\137\000C\000o\000n\000t\000e\000n\000t\000F\000i\000l\000t\000e\000r\000P\000r\000o\000p\000e\000r\000t\000y\000\040\000S\000t\000r\000u\000c\000t\000\040\000R\000e\000f\000e\000r\000e\000n\000c\000e}{section.6}% 153
\BOOKMARK [3][-]{subsubsection.6.6.1}{\376\377\0006\000.\0006\000.\0001\000\040\000D\000e\000t\000a\000i\000l\000e\000d\000\040\000D\000e\000s\000c\000r\000i\000p\000t\000i\000o\000n}{subsection.6.6}% 154
\BOOKMARK [3][-]{subsubsection.6.6.2}{\376\377\0006\000.\0006\000.\0002\000\040\000F\000i\000e\000l\000d\000\040\000D\000o\000c\000u\000m\000e\000n\000t\000a\000t\000i\000o\000n}{subsection.6.6}% 155
\BOOKMARK [2][-]{subsection.6.7}{\376\377\0006\000.\0007\000\040\000D\000D\000S\000\137\000C\000o\000n\000t\000e\000n\000t\000F\000i\000l\000t\000e\000r\000Q\000o\000s\000P\000o\000l\000i\000c\000y\000\040\000S\000t\000r\000u\000c\000t\000\040\000R\000e\000f\000e\000r\000e\000n\000c\000e}{section.6}% 156
\BOOKMARK [3][-]{subsubsection.6.7.1}{\376\377\0006\000.\0007\000.\0001\000\040\000D\000e\000t\000a\000i\000l\000e\000d\000\040\000D\000e\000s\000c\000r\000i\000p\000t\000i\000o\000n}{subsection.6.7}% 157
\BOOKMARK [3][-]{subsubsection.6.7.2}{\376\377\0006\000.\0007\000.\0002\000\040\000U\000s\000a\000g\000e}{subsection.6.7}% 158
\BOOKMARK [3][-]{subsubsection.6.7.3}{\376\377\0006\000.\0007\000.\0003\000\040\000F\000i\000e\000l\000d\000\040\000D\000o\000c\000u\000m\000e\000n\000t\000a\000t\000i\000o\000n}{subsection.6.7}% 159
\BOOKMARK [2][-]{subsection.6.8}{\376\377\0006\000.\0008\000\040\000D\000D\000S\000\137\000D\000a\000t\000a\000R\000e\000a\000d\000e\000r\000I\000n\000s\000t\000a\000n\000c\000e\000R\000e\000p\000l\000a\000c\000e\000d\000S\000t\000a\000t\000u\000s\000\040\000S\000t\000r\000u\000c\000t\000\040\000R\000e\000f\000e\000r\000e\000n\000c\000e}{section.6}% 160
\BOOKMARK [3][-]{subsubsection.6.8.1}{\376\377\0006\000.\0008\000.\0001\000\040\000D\000e\000t\000a\000i\000l\000e\000d\000\040\000D\000e\000s\000c\000r\000i\000p\000t\000i\000o\000n}{subsection.6.8}% 161
\BOOKMARK [3][-]{subsubsection.6.8.2}{\376\377\0006\000.\0008\000.\0002\000\040\000F\000i\000e\000l\000d\000\040\000D\000o\000c\000u\000m\000e\000n\000t\000a\000t\000i\000o\000n}{subsection.6.8}% 162
\BOOKMARK [2][-]{subsection.6.9}{\376\377\0006\000.\0009\000\040\000D\000D\000S\000\137\000D\000a\000t\000a\000R\000e\000a\000d\000e\000r\000L\000i\000s\000t\000e\000n\000e\000r\000\040\000S\000t\000r\000u\000c\000t\000\040\000R\000e\000f\000e\000r\000e\000n\000c\000e}{section.6}% 163
\BOOKMARK [3][-]{subsubsection.6.9.1}{\376\377\0006\000.\0009\000.\0001\000\040\000D\000e\000t\000a\000i\000l\000e\000d\000\040\000D\000e\000s\000c\000r\000i\000p\000t\000i\000o\000n}{subsection.6.9}% 164
\BOOKMARK [3][-]{subsubsection.6.9.2}{\376\377\0006\000.\0009\000.\0002\000\040\000F\000i\000e\000l\000d\000\040\000D\000o\000c\000u\000m\000e\000n\000t\000a\000t\000i\000o\000n}{subsection.6.9}% 165
\BOOKMARK [2][-]{subsection.6.10}{\376\377\0006\000.\0001\0000\000\040\000D\000D\000S\000\137\000D\000a\000t\000a\000R\000e\000a\000d\000e\000r\000P\000r\000o\000t\000o\000c\000o\000l\000Q\000o\000s\000P\000o\000l\000i\000c\000y\000\040\000S\000t\000r\000u\000c\000t\000\040\000R\000e\000f\000e\000r\000e\000n\000c\000e}{section.6}% 166
\BOOKMARK [3][-]{subsubsection.6.10.1}{\376\377\0006\000.\0001\0000\000.\0001\000\040\000D\000e\000t\000a\000i\000l\000e\000d\000\040\000D\000e\000s\000c\000r\000i\000p\000t\000i\000o\000n}{subsection.6.10}% 167
\BOOKMARK [3][-]{subsubsection.6.10.2}{\376\377\0006\000.\0001\0000\000.\0002\000\040\000F\000i\000e\000l\000d\000\040\000D\000o\000c\000u\000m\000e\000n\000t\000a\000t\000i\000o\000n}{subsection.6.10}% 168
\BOOKMARK [2][-]{subsection.6.11}{\376\377\0006\000.\0001\0001\000\040\000D\000D\000S\000\137\000D\000a\000t\000a\000R\000e\000a\000d\000e\000r\000Q\000o\000s\000\040\000S\000t\000r\000u\000c\000t\000\040\000R\000e\000f\000e\000r\000e\000n\000c\000e}{section.6}% 169
\BOOKMARK [3][-]{subsubsection.6.11.1}{\376\377\0006\000.\0001\0001\000.\0001\000\040\000D\000e\000t\000a\000i\000l\000e\000d\000\040\000D\000e\000s\000c\000r\000i\000p\000t\000i\000o\000n}{subsection.6.11}% 170
\BOOKMARK [3][-]{subsubsection.6.11.2}{\376\377\0006\000.\0001\0001\000.\0002\000\040\000F\000i\000e\000l\000d\000\040\000D\000o\000c\000u\000m\000e\000n\000t\000a\000t\000i\000o\000n}{subsection.6.11}% 171
\BOOKMARK [2][-]{subsection.6.12}{\376\377\0006\000.\0001\0002\000\040\000D\000D\000S\000\137\000D\000a\000t\000a\000R\000e\000a\000d\000e\000r\000R\000e\000s\000o\000u\000r\000c\000e\000L\000i\000m\000i\000t\000s\000Q\000o\000s\000P\000o\000l\000i\000c\000y\000\040\000S\000t\000r\000u\000c\000t\000\040\000R\000e\000f\000e\000r\000e\000n\000c\000e}{section.6}% 172
\BOOKMARK [3][-]{subsubsection.6.12.1}{\376\377\0006\000.\0001\0002\000.\0001\000\040\000D\000e\000t\000a\000i\000l\000e\000d\000\040\000D\000e\000s\000c\000r\000i\000p\000t\000i\000o\000n}{subsection.6.12}% 173
\BOOKMARK [3][-]{subsubsection.6.12.2}{\376\377\0006\000.\0001\0002\000.\0002\000\040\000F\000i\000e\000l\000d\000\040\000D\000o\000c\000u\000m\000e\000n\000t\000a\000t\000i\000o\000n}{subsection.6.12}% 174
\BOOKMARK [2][-]{subsection.6.13}{\376\377\0006\000.\0001\0003\000\040\000D\000D\000S\000\137\000D\000a\000t\000a\000R\000e\000p\000r\000e\000s\000e\000n\000t\000a\000t\000i\000o\000n\000I\000d\000S\000e\000q\000\040\000S\000t\000r\000u\000c\000t\000\040\000R\000e\000f\000e\000r\000e\000n\000c\000e}{section.6}% 175
\BOOKMARK [3][-]{subsubsection.6.13.1}{\376\377\0006\000.\0001\0003\000.\0001\000\040\000D\000e\000t\000a\000i\000l\000e\000d\000\040\000D\000e\000s\000c\000r\000i\000p\000t\000i\000o\000n}{subsection.6.13}% 176
\BOOKMARK [2][-]{subsection.6.14}{\376\377\0006\000.\0001\0004\000\040\000D\000D\000S\000\137\000D\000a\000t\000a\000R\000e\000p\000r\000e\000s\000e\000n\000t\000a\000t\000i\000o\000n\000Q\000o\000s\000P\000o\000l\000i\000c\000y\000\040\000S\000t\000r\000u\000c\000t\000\040\000R\000e\000f\000e\000r\000e\000n\000c\000e}{section.6}% 177
\BOOKMARK [3][-]{subsubsection.6.14.1}{\376\377\0006\000.\0001\0004\000.\0001\000\040\000D\000e\000t\000a\000i\000l\000e\000d\000\040\000D\000e\000s\000c\000r\000i\000p\000t\000i\000o\000n}{subsection.6.14}% 178
\BOOKMARK [3][-]{subsubsection.6.14.2}{\376\377\0006\000.\0001\0004\000.\0002\000\040\000F\000i\000e\000l\000d\000\040\000D\000o\000c\000u\000m\000e\000n\000t\000a\000t\000i\000o\000n}{subsection.6.14}% 179
\BOOKMARK [2][-]{subsection.6.15}{\376\377\0006\000.\0001\0005\000\040\000D\000D\000S\000\137\000D\000a\000t\000a\000W\000r\000i\000t\000e\000r\000L\000i\000s\000t\000e\000n\000e\000r\000\040\000S\000t\000r\000u\000c\000t\000\040\000R\000e\000f\000e\000r\000e\000n\000c\000e}{section.6}% 180
\BOOKMARK [3][-]{subsubsection.6.15.1}{\376\377\0006\000.\0001\0005\000.\0001\000\040\000D\000e\000t\000a\000i\000l\000e\000d\000\040\000D\000e\000s\000c\000r\000i\000p\000t\000i\000o\000n}{subsection.6.15}% 181
\BOOKMARK [3][-]{subsubsection.6.15.2}{\376\377\0006\000.\0001\0005\000.\0002\000\040\000F\000i\000e\000l\000d\000\040\000D\000o\000c\000u\000m\000e\000n\000t\000a\000t\000i\000o\000n}{subsection.6.15}% 182
\BOOKMARK [2][-]{subsection.6.16}{\376\377\0006\000.\0001\0006\000\040\000D\000D\000S\000\137\000D\000a\000t\000a\000W\000r\000i\000t\000e\000r\000P\000r\000o\000t\000o\000c\000o\000l\000Q\000o\000s\000P\000o\000l\000i\000c\000y\000\040\000S\000t\000r\000u\000c\000t\000\040\000R\000e\000f\000e\000r\000e\000n\000c\000e}{section.6}% 183
\BOOKMARK [3][-]{subsubsection.6.16.1}{\376\377\0006\000.\0001\0006\000.\0001\000\040\000D\000e\000t\000a\000i\000l\000e\000d\000\040\000D\000e\000s\000c\000r\000i\000p\000t\000i\000o\000n}{subsection.6.16}% 184
\BOOKMARK [3][-]{subsubsection.6.16.2}{\376\377\0006\000.\0001\0006\000.\0002\000\040\000F\000i\000e\000l\000d\000\040\000D\000o\000c\000u\000m\000e\000n\000t\000a\000t\000i\000o\000n}{subsection.6.16}% 185
\BOOKMARK [2][-]{subsection.6.17}{\376\377\0006\000.\0001\0007\000\040\000D\000D\000S\000\137\000D\000a\000t\000a\000W\000r\000i\000t\000e\000r\000Q\000o\000s\000\040\000S\000t\000r\000u\000c\000t\000\040\000R\000e\000f\000e\000r\000e\000n\000c\000e}{section.6}% 186
\BOOKMARK [3][-]{subsubsection.6.17.1}{\376\377\0006\000.\0001\0007\000.\0001\000\040\000D\000e\000t\000a\000i\000l\000e\000d\000\040\000D\000e\000s\000c\000r\000i\000p\000t\000i\000o\000n}{subsection.6.17}% 187
\BOOKMARK [3][-]{subsubsection.6.17.2}{\376\377\0006\000.\0001\0007\000.\0002\000\040\000F\000i\000e\000l\000d\000\040\000D\000o\000c\000u\000m\000e\000n\000t\000a\000t\000i\000o\000n}{subsection.6.17}% 188
\BOOKMARK [2][-]{subsection.6.18}{\376\377\0006\000.\0001\0008\000\040\000D\000D\000S\000\137\000D\000a\000t\000a\000W\000r\000i\000t\000e\000r\000R\000e\000s\000o\000u\000r\000c\000e\000L\000i\000m\000i\000t\000s\000Q\000o\000s\000P\000o\000l\000i\000c\000y\000\040\000S\000t\000r\000u\000c\000t\000\040\000R\000e\000f\000e\000r\000e\000n\000c\000e}{section.6}% 189
\BOOKMARK [3][-]{subsubsection.6.18.1}{\376\377\0006\000.\0001\0008\000.\0001\000\040\000D\000e\000t\000a\000i\000l\000e\000d\000\040\000D\000e\000s\000c\000r\000i\000p\000t\000i\000o\000n}{subsection.6.18}% 190
\BOOKMARK [3][-]{subsubsection.6.18.2}{\376\377\0006\000.\0001\0008\000.\0002\000\040\000F\000i\000e\000l\000d\000\040\000D\000o\000c\000u\000m\000e\000n\000t\000a\000t\000i\000o\000n}{subsection.6.18}% 191
\BOOKMARK [2][-]{subsection.6.19}{\376\377\0006\000.\0001\0009\000\040\000D\000D\000S\000\137\000D\000a\000t\000a\000W\000r\000i\000t\000e\000r\000S\000h\000m\000e\000m\000R\000e\000f\000T\000r\000a\000n\000s\000f\000e\000r\000M\000o\000d\000e\000S\000e\000t\000t\000i\000n\000g\000s\000\040\000S\000t\000r\000u\000c\000t\000\040\000R\000e\000f\000e\000r\000e\000n\000c\000e}{section.6}% 192
\BOOKMARK [3][-]{subsubsection.6.19.1}{\376\377\0006\000.\0001\0009\000.\0001\000\040\000D\000e\000t\000a\000i\000l\000e\000d\000\040\000D\000e\000s\000c\000r\000i\000p\000t\000i\000o\000n}{subsection.6.19}% 193
\BOOKMARK [3][-]{subsubsection.6.19.2}{\376\377\0006\000.\0001\0009\000.\0002\000\040\000F\000i\000e\000l\000d\000\040\000D\000o\000c\000u\000m\000e\000n\000t\000a\000t\000i\000o\000n}{subsection.6.19}% 194
\BOOKMARK [2][-]{subsection.6.20}{\376\377\0006\000.\0002\0000\000\040\000D\000D\000S\000\137\000D\000a\000t\000a\000W\000r\000i\000t\000e\000r\000T\000r\000a\000n\000s\000f\000e\000r\000M\000o\000d\000e\000Q\000o\000s\000P\000o\000l\000i\000c\000y\000\040\000S\000t\000r\000u\000c\000t\000\040\000R\000e\000f\000e\000r\000e\000n\000c\000e}{section.6}% 195
\BOOKMARK [3][-]{subsubsection.6.20.1}{\376\377\0006\000.\0002\0000\000.\0001\000\040\000D\000e\000t\000a\000i\000l\000e\000d\000\040\000D\000e\000s\000c\000r\000i\000p\000t\000i\000o\000n}{subsection.6.20}% 196
\BOOKMARK [3][-]{subsubsection.6.20.2}{\376\377\0006\000.\0002\0000\000.\0002\000\040\000F\000i\000e\000l\000d\000\040\000D\000o\000c\000u\000m\000e\000n\000t\000a\000t\000i\000o\000n}{subsection.6.20}% 197
\BOOKMARK [2][-]{subsection.6.21}{\376\377\0006\000.\0002\0001\000\040\000D\000D\000S\000\137\000D\000e\000a\000d\000l\000i\000n\000e\000Q\000o\000s\000P\000o\000l\000i\000c\000y\000\040\000S\000t\000r\000u\000c\000t\000\040\000R\000e\000f\000e\000r\000e\000n\000c\000e}{section.6}% 198
\BOOKMARK [3][-]{subsubsection.6.21.1}{\376\377\0006\000.\0002\0001\000.\0001\000\040\000D\000e\000t\000a\000i\000l\000e\000d\000\040\000D\000e\000s\000c\000r\000i\000p\000t\000i\000o\000n}{subsection.6.21}% 199
\BOOKMARK [3][-]{subsubsection.6.21.2}{\376\377\0006\000.\0002\0001\000.\0002\000\040\000U\000s\000a\000g\000e}{subsection.6.21}% 200
\BOOKMARK [3][-]{subsubsection.6.21.3}{\376\377\0006\000.\0002\0001\000.\0003\000\040\000C\000o\000m\000p\000a\000t\000i\000b\000i\000l\000i\000t\000y}{subsection.6.21}% 201
\BOOKMARK [3][-]{subsubsection.6.21.4}{\376\377\0006\000.\0002\0001\000.\0004\000\040\000F\000i\000e\000l\000d\000\040\000D\000o\000c\000u\000m\000e\000n\000t\000a\000t\000i\000o\000n}{subsection.6.21}% 202
\BOOKMARK [2][-]{subsection.6.22}{\376\377\0006\000.\0002\0002\000\040\000D\000D\000S\000\137\000D\000e\000s\000t\000i\000n\000a\000t\000i\000o\000n\000O\000r\000d\000e\000r\000Q\000o\000s\000P\000o\000l\000i\000c\000y\000\040\000S\000t\000r\000u\000c\000t\000\040\000R\000e\000f\000e\000r\000e\000n\000c\000e}{section.6}% 203
\BOOKMARK [3][-]{subsubsection.6.22.1}{\376\377\0006\000.\0002\0002\000.\0001\000\040\000D\000e\000t\000a\000i\000l\000e\000d\000\040\000D\000e\000s\000c\000r\000i\000p\000t\000i\000o\000n}{subsection.6.22}% 204
\BOOKMARK [3][-]{subsubsection.6.22.2}{\376\377\0006\000.\0002\0002\000.\0002\000\040\000F\000i\000e\000l\000d\000\040\000D\000o\000c\000u\000m\000e\000n\000t\000a\000t\000i\000o\000n}{subsection.6.22}% 205
\BOOKMARK [2][-]{subsection.6.23}{\376\377\0006\000.\0002\0003\000\040\000D\000D\000S\000\137\000D\000i\000s\000c\000o\000v\000e\000r\000y\000C\000o\000m\000p\000o\000n\000e\000n\000t\000\040\000S\000t\000r\000u\000c\000t\000\040\000R\000e\000f\000e\000r\000e\000n\000c\000e}{section.6}% 206
\BOOKMARK [3][-]{subsubsection.6.23.1}{\376\377\0006\000.\0002\0003\000.\0001\000\040\000D\000e\000t\000a\000i\000l\000e\000d\000\040\000D\000e\000s\000c\000r\000i\000p\000t\000i\000o\000n}{subsection.6.23}% 207
\BOOKMARK [3][-]{subsubsection.6.23.2}{\376\377\0006\000.\0002\0003\000.\0002\000\040\000F\000i\000e\000l\000d\000\040\000D\000o\000c\000u\000m\000e\000n\000t\000a\000t\000i\000o\000n}{subsection.6.23}% 208
\BOOKMARK [2][-]{subsection.6.24}{\376\377\0006\000.\0002\0004\000\040\000D\000D\000S\000\137\000D\000i\000s\000c\000o\000v\000e\000r\000y\000Q\000o\000s\000P\000o\000l\000i\000c\000y\000\040\000S\000t\000r\000u\000c\000t\000\040\000R\000e\000f\000e\000r\000e\000n\000c\000e}{section.6}% 209
\BOOKMARK [3][-]{subsubsection.6.24.1}{\376\377\0006\000.\0002\0004\000.\0001\000\040\000D\000e\000t\000a\000i\000l\000e\000d\000\040\000D\000e\000s\000c\000r\000i\000p\000t\000i\000o\000n}{subsection.6.24}% 210
\BOOKMARK [3][-]{subsubsection.6.24.2}{\376\377\0006\000.\0002\0004\000.\0002\000\040\000U\000s\000a\000g\000e}{subsection.6.24}% 211
\BOOKMARK [3][-]{subsubsection.6.24.3}{\376\377\0006\000.\0002\0004\000.\0003\000\040\000F\000i\000e\000l\000d\000\040\000D\000o\000c\000u\000m\000e\000n\000t\000a\000t\000i\000o\000n}{subsection.6.24}% 212
\BOOKMARK [2][-]{subsection.6.25}{\376\377\0006\000.\0002\0005\000\040\000D\000D\000S\000\137\000D\000o\000m\000a\000i\000n\000P\000a\000r\000t\000i\000c\000i\000p\000a\000n\000t\000F\000a\000c\000t\000o\000r\000y\000Q\000o\000s\000\040\000S\000t\000r\000u\000c\000t\000\040\000R\000e\000f\000e\000r\000e\000n\000c\000e}{section.6}% 213
\BOOKMARK [3][-]{subsubsection.6.25.1}{\376\377\0006\000.\0002\0005\000.\0001\000\040\000D\000e\000t\000a\000i\000l\000e\000d\000\040\000D\000e\000s\000c\000r\000i\000p\000t\000i\000o\000n}{subsection.6.25}% 214
\BOOKMARK [3][-]{subsubsection.6.25.2}{\376\377\0006\000.\0002\0005\000.\0002\000\040\000F\000i\000e\000l\000d\000\040\000D\000o\000c\000u\000m\000e\000n\000t\000a\000t\000i\000o\000n}{subsection.6.25}% 215
\BOOKMARK [2][-]{subsection.6.26}{\376\377\0006\000.\0002\0006\000\040\000D\000D\000S\000\137\000D\000o\000m\000a\000i\000n\000P\000a\000r\000t\000i\000c\000i\000p\000a\000n\000t\000L\000i\000s\000t\000e\000n\000e\000r\000\040\000S\000t\000r\000u\000c\000t\000\040\000R\000e\000f\000e\000r\000e\000n\000c\000e}{section.6}% 216
\BOOKMARK [3][-]{subsubsection.6.26.1}{\376\377\0006\000.\0002\0006\000.\0001\000\040\000D\000e\000t\000a\000i\000l\000e\000d\000\040\000D\000e\000s\000c\000r\000i\000p\000t\000i\000o\000n}{subsection.6.26}% 217
\BOOKMARK [3][-]{subsubsection.6.26.2}{\376\377\0006\000.\0002\0006\000.\0002\000\040\000F\000i\000e\000l\000d\000\040\000D\000o\000c\000u\000m\000e\000n\000t\000a\000t\000i\000o\000n}{subsection.6.26}% 218
\BOOKMARK [2][-]{subsection.6.27}{\376\377\0006\000.\0002\0007\000\040\000D\000D\000S\000\137\000D\000o\000m\000a\000i\000n\000P\000a\000r\000t\000i\000c\000i\000p\000a\000n\000t\000Q\000o\000s\000\040\000S\000t\000r\000u\000c\000t\000\040\000R\000e\000f\000e\000r\000e\000n\000c\000e}{section.6}% 219
\BOOKMARK [3][-]{subsubsection.6.27.1}{\376\377\0006\000.\0002\0007\000.\0001\000\040\000D\000e\000t\000a\000i\000l\000e\000d\000\040\000D\000e\000s\000c\000r\000i\000p\000t\000i\000o\000n}{subsection.6.27}% 220
\BOOKMARK [3][-]{subsubsection.6.27.2}{\376\377\0006\000.\0002\0007\000.\0002\000\040\000F\000i\000e\000l\000d\000\040\000D\000o\000c\000u\000m\000e\000n\000t\000a\000t\000i\000o\000n}{subsection.6.27}% 221
\BOOKMARK [2][-]{subsection.6.28}{\376\377\0006\000.\0002\0008\000\040\000D\000D\000S\000\137\000D\000o\000m\000a\000i\000n\000P\000a\000r\000t\000i\000c\000i\000p\000a\000n\000t\000R\000e\000s\000o\000u\000r\000c\000e\000L\000i\000m\000i\000t\000s\000Q\000o\000s\000P\000o\000l\000i\000c\000y\000\040\000S\000t\000r\000u\000c\000t\000\040\000R\000e\000f\000e\000r\000e\000n\000c\000e}{section.6}% 222
\BOOKMARK [3][-]{subsubsection.6.28.1}{\376\377\0006\000.\0002\0008\000.\0001\000\040\000D\000e\000t\000a\000i\000l\000e\000d\000\040\000D\000e\000s\000c\000r\000i\000p\000t\000i\000o\000n}{subsection.6.28}% 223
\BOOKMARK [3][-]{subsubsection.6.28.2}{\376\377\0006\000.\0002\0008\000.\0002\000\040\000F\000i\000e\000l\000d\000\040\000D\000o\000c\000u\000m\000e\000n\000t\000a\000t\000i\000o\000n}{subsection.6.28}% 224
\BOOKMARK [2][-]{subsection.6.29}{\376\377\0006\000.\0002\0009\000\040\000D\000D\000S\000\137\000D\000u\000r\000a\000b\000i\000l\000i\000t\000y\000Q\000o\000s\000P\000o\000l\000i\000c\000y\000\040\000S\000t\000r\000u\000c\000t\000\040\000R\000e\000f\000e\000r\000e\000n\000c\000e}{section.6}% 225
\BOOKMARK [3][-]{subsubsection.6.29.1}{\376\377\0006\000.\0002\0009\000.\0001\000\040\000D\000e\000t\000a\000i\000l\000e\000d\000\040\000D\000e\000s\000c\000r\000i\000p\000t\000i\000o\000n}{subsection.6.29}% 226
\BOOKMARK [3][-]{subsubsection.6.29.2}{\376\377\0006\000.\0002\0009\000.\0002\000\040\000F\000i\000e\000l\000d\000\040\000D\000o\000c\000u\000m\000e\000n\000t\000a\000t\000i\000o\000n}{subsection.6.29}% 227
\BOOKMARK [2][-]{subsection.6.30}{\376\377\0006\000.\0003\0000\000\040\000D\000D\000S\000\137\000D\000u\000r\000a\000t\000i\000o\000n\000\137\000t\000\040\000S\000t\000r\000u\000c\000t\000\040\000R\000e\000f\000e\000r\000e\000n\000c\000e}{section.6}% 228
\BOOKMARK [3][-]{subsubsection.6.30.1}{\376\377\0006\000.\0003\0000\000.\0001\000\040\000D\000e\000t\000a\000i\000l\000e\000d\000\040\000D\000e\000s\000c\000r\000i\000p\000t\000i\000o\000n}{subsection.6.30}% 229
\BOOKMARK [3][-]{subsubsection.6.30.2}{\376\377\0006\000.\0003\0000\000.\0002\000\040\000F\000i\000e\000l\000d\000\040\000D\000o\000c\000u\000m\000e\000n\000t\000a\000t\000i\000o\000n}{subsection.6.30}% 230
\BOOKMARK [2][-]{subsection.6.31}{\376\377\0006\000.\0003\0001\000\040\000D\000D\000S\000\137\000E\000n\000c\000a\000p\000s\000u\000l\000a\000t\000i\000o\000n\000I\000d\000S\000e\000q\000\040\000S\000t\000r\000u\000c\000t\000\040\000R\000e\000f\000e\000r\000e\000n\000c\000e}{section.6}% 231
\BOOKMARK [3][-]{subsubsection.6.31.1}{\376\377\0006\000.\0003\0001\000.\0001\000\040\000D\000e\000t\000a\000i\000l\000e\000d\000\040\000D\000e\000s\000c\000r\000i\000p\000t\000i\000o\000n}{subsection.6.31}% 232
\BOOKMARK [2][-]{subsection.6.32}{\376\377\0006\000.\0003\0002\000\040\000D\000D\000S\000\137\000E\000n\000t\000i\000t\000y\000F\000a\000c\000t\000o\000r\000y\000Q\000o\000s\000P\000o\000l\000i\000c\000y\000\040\000S\000t\000r\000u\000c\000t\000\040\000R\000e\000f\000e\000r\000e\000n\000c\000e}{section.6}% 233
\BOOKMARK [3][-]{subsubsection.6.32.1}{\376\377\0006\000.\0003\0002\000.\0001\000\040\000D\000e\000t\000a\000i\000l\000e\000d\000\040\000D\000e\000s\000c\000r\000i\000p\000t\000i\000o\000n}{subsection.6.32}% 234
\BOOKMARK [3][-]{subsubsection.6.32.2}{\376\377\0006\000.\0003\0002\000.\0002\000\040\000U\000s\000a\000g\000e}{subsection.6.32}% 235
\BOOKMARK [3][-]{subsubsection.6.32.3}{\376\377\0006\000.\0003\0002\000.\0003\000\040\000F\000i\000e\000l\000d\000\040\000D\000o\000c\000u\000m\000e\000n\000t\000a\000t\000i\000o\000n}{subsection.6.32}% 236
\BOOKMARK [2][-]{subsection.6.33}{\376\377\0006\000.\0003\0003\000\040\000D\000D\000S\000\137\000E\000n\000t\000i\000t\000y\000N\000a\000m\000e\000Q\000o\000s\000P\000o\000l\000i\000c\000y\000\040\000S\000t\000r\000u\000c\000t\000\040\000R\000e\000f\000e\000r\000e\000n\000c\000e}{section.6}% 237
\BOOKMARK [3][-]{subsubsection.6.33.1}{\376\377\0006\000.\0003\0003\000.\0001\000\040\000D\000e\000t\000a\000i\000l\000e\000d\000\040\000D\000e\000s\000c\000r\000i\000p\000t\000i\000o\000n}{subsection.6.33}% 238
\BOOKMARK [3][-]{subsubsection.6.33.2}{\376\377\0006\000.\0003\0003\000.\0002\000\040\000U\000s\000a\000g\000e}{subsection.6.33}% 239
\BOOKMARK [3][-]{subsubsection.6.33.3}{\376\377\0006\000.\0003\0003\000.\0003\000\040\000F\000i\000e\000l\000d\000\040\000D\000o\000c\000u\000m\000e\000n\000t\000a\000t\000i\000o\000n}{subsection.6.33}% 240
\BOOKMARK [2][-]{subsection.6.34}{\376\377\0006\000.\0003\0004\000\040\000D\000D\000S\000\137\000F\000i\000l\000t\000e\000r\000Q\000o\000s\000P\000o\000l\000i\000c\000y\000\040\000S\000t\000r\000u\000c\000t\000\040\000R\000e\000f\000e\000r\000e\000n\000c\000e}{section.6}% 241
\BOOKMARK [3][-]{subsubsection.6.34.1}{\376\377\0006\000.\0003\0004\000.\0001\000\040\000D\000e\000t\000a\000i\000l\000e\000d\000\040\000D\000e\000s\000c\000r\000i\000p\000t\000i\000o\000n}{subsection.6.34}% 242
\BOOKMARK [3][-]{subsubsection.6.34.2}{\376\377\0006\000.\0003\0004\000.\0002\000\040\000U\000s\000a\000g\000e}{subsection.6.34}% 243
\BOOKMARK [3][-]{subsubsection.6.34.3}{\376\377\0006\000.\0003\0004\000.\0003\000\040\000F\000i\000e\000l\000d\000\040\000D\000o\000c\000u\000m\000e\000n\000t\000a\000t\000i\000o\000n}{subsection.6.34}% 244
\BOOKMARK [2][-]{subsection.6.35}{\376\377\0006\000.\0003\0005\000\040\000D\000D\000S\000\137\000F\000i\000l\000t\000e\000r\000R\000e\000s\000o\000u\000r\000c\000e\000L\000i\000m\000i\000t\000s\000\040\000S\000t\000r\000u\000c\000t\000\040\000R\000e\000f\000e\000r\000e\000n\000c\000e}{section.6}% 245
\BOOKMARK [3][-]{subsubsection.6.35.1}{\376\377\0006\000.\0003\0005\000.\0001\000\040\000D\000e\000t\000a\000i\000l\000e\000d\000\040\000D\000e\000s\000c\000r\000i\000p\000t\000i\000o\000n}{subsection.6.35}% 246
\BOOKMARK [3][-]{subsubsection.6.35.2}{\376\377\0006\000.\0003\0005\000.\0002\000\040\000F\000i\000e\000l\000d\000\040\000D\000o\000c\000u\000m\000e\000n\000t\000a\000t\000i\000o\000n}{subsection.6.35}% 247
\BOOKMARK [2][-]{subsection.6.36}{\376\377\0006\000.\0003\0006\000\040\000D\000D\000S\000\137\000F\000l\000o\000w\000C\000o\000n\000t\000r\000o\000l\000l\000e\000r\000P\000r\000o\000p\000e\000r\000t\000y\000\137\000t\000\040\000S\000t\000r\000u\000c\000t\000\040\000R\000e\000f\000e\000r\000e\000n\000c\000e}{section.6}% 248
\BOOKMARK [3][-]{subsubsection.6.36.1}{\376\377\0006\000.\0003\0006\000.\0001\000\040\000D\000e\000t\000a\000i\000l\000e\000d\000\040\000D\000e\000s\000c\000r\000i\000p\000t\000i\000o\000n}{subsection.6.36}% 249
\BOOKMARK [3][-]{subsubsection.6.36.2}{\376\377\0006\000.\0003\0006\000.\0002\000\040\000F\000i\000e\000l\000d\000\040\000D\000o\000c\000u\000m\000e\000n\000t\000a\000t\000i\000o\000n}{subsection.6.36}% 250
\BOOKMARK [2][-]{subsection.6.37}{\376\377\0006\000.\0003\0007\000\040\000D\000D\000S\000\137\000F\000l\000o\000w\000C\000o\000n\000t\000r\000o\000l\000l\000e\000r\000T\000o\000k\000e\000n\000B\000u\000c\000k\000e\000t\000P\000r\000o\000p\000e\000r\000t\000y\000\137\000t\000\040\000S\000t\000r\000u\000c\000t\000\040\000R\000e\000f\000e\000r\000e\000n\000c\000e}{section.6}% 251
\BOOKMARK [3][-]{subsubsection.6.37.1}{\376\377\0006\000.\0003\0007\000.\0001\000\040\000D\000e\000t\000a\000i\000l\000e\000d\000\040\000D\000e\000s\000c\000r\000i\000p\000t\000i\000o\000n}{subsection.6.37}% 252
\BOOKMARK [3][-]{subsubsection.6.37.2}{\376\377\0006\000.\0003\0007\000.\0002\000\040\000F\000i\000e\000l\000d\000\040\000D\000o\000c\000u\000m\000e\000n\000t\000a\000t\000i\000o\000n}{subsection.6.37}% 253
\BOOKMARK [2][-]{subsection.6.38}{\376\377\0006\000.\0003\0008\000\040\000D\000D\000S\000\137\000G\000r\000o\000u\000p\000D\000a\000t\000a\000Q\000o\000s\000P\000o\000l\000i\000c\000y\000\040\000S\000t\000r\000u\000c\000t\000\040\000R\000e\000f\000e\000r\000e\000n\000c\000e}{section.6}% 254
\BOOKMARK [3][-]{subsubsection.6.38.1}{\376\377\0006\000.\0003\0008\000.\0001\000\040\000D\000e\000t\000a\000i\000l\000e\000d\000\040\000D\000e\000s\000c\000r\000i\000p\000t\000i\000o\000n}{subsection.6.38}% 255
\BOOKMARK [3][-]{subsubsection.6.38.2}{\376\377\0006\000.\0003\0008\000.\0002\000\040\000U\000s\000a\000g\000e}{subsection.6.38}% 256
\BOOKMARK [3][-]{subsubsection.6.38.3}{\376\377\0006\000.\0003\0008\000.\0003\000\040\000F\000i\000e\000l\000d\000\040\000D\000o\000c\000u\000m\000e\000n\000t\000a\000t\000i\000o\000n}{subsection.6.38}% 257
\BOOKMARK [2][-]{subsection.6.39}{\376\377\0006\000.\0003\0009\000\040\000D\000D\000S\000\137\000G\000U\000I\000D\000\137\000t\000\040\000S\000t\000r\000u\000c\000t\000\040\000R\000e\000f\000e\000r\000e\000n\000c\000e}{section.6}% 258
\BOOKMARK [3][-]{subsubsection.6.39.1}{\376\377\0006\000.\0003\0009\000.\0001\000\040\000D\000e\000t\000a\000i\000l\000e\000d\000\040\000D\000e\000s\000c\000r\000i\000p\000t\000i\000o\000n}{subsection.6.39}% 259
\BOOKMARK [3][-]{subsubsection.6.39.2}{\376\377\0006\000.\0003\0009\000.\0002\000\040\000F\000i\000e\000l\000d\000\040\000D\000o\000c\000u\000m\000e\000n\000t\000a\000t\000i\000o\000n}{subsection.6.39}% 260
\BOOKMARK [2][-]{subsection.6.40}{\376\377\0006\000.\0004\0000\000\040\000D\000D\000S\000\137\000H\000i\000s\000t\000o\000r\000y\000Q\000o\000s\000P\000o\000l\000i\000c\000y\000\040\000S\000t\000r\000u\000c\000t\000\040\000R\000e\000f\000e\000r\000e\000n\000c\000e}{section.6}% 261
\BOOKMARK [3][-]{subsubsection.6.40.1}{\376\377\0006\000.\0004\0000\000.\0001\000\040\000D\000e\000t\000a\000i\000l\000e\000d\000\040\000D\000e\000s\000c\000r\000i\000p\000t\000i\000o\000n}{subsection.6.40}% 262
\BOOKMARK [3][-]{subsubsection.6.40.2}{\376\377\0006\000.\0004\0000\000.\0002\000\040\000U\000s\000a\000g\000e}{subsection.6.40}% 263
\BOOKMARK [3][-]{subsubsection.6.40.3}{\376\377\0006\000.\0004\0000\000.\0003\000\040\000C\000o\000n\000s\000i\000s\000t\000e\000n\000c\000y}{subsection.6.40}% 264
\BOOKMARK [3][-]{subsubsection.6.40.4}{\376\377\0006\000.\0004\0000\000.\0004\000\040\000F\000i\000e\000l\000d\000\040\000D\000o\000c\000u\000m\000e\000n\000t\000a\000t\000i\000o\000n}{subsection.6.40}% 265
\BOOKMARK [2][-]{subsection.6.41}{\376\377\0006\000.\0004\0001\000\040\000D\000D\000S\000\137\000I\000n\000c\000o\000n\000s\000i\000s\000t\000e\000n\000t\000T\000o\000p\000i\000c\000S\000t\000a\000t\000u\000s\000\040\000S\000t\000r\000u\000c\000t\000\040\000R\000e\000f\000e\000r\000e\000n\000c\000e}{section.6}% 266
\BOOKMARK [3][-]{subsubsection.6.41.1}{\376\377\0006\000.\0004\0001\000.\0001\000\040\000D\000e\000t\000a\000i\000l\000e\000d\000\040\000D\000e\000s\000c\000r\000i\000p\000t\000i\000o\000n}{subsection.6.41}% 267
\BOOKMARK [2][-]{subsection.6.42}{\376\377\0006\000.\0004\0002\000\040\000D\000D\000S\000\137\000I\000n\000s\000t\000a\000n\000c\000e\000H\000a\000n\000d\000l\000e\000S\000e\000q\000\040\000S\000t\000r\000u\000c\000t\000\040\000R\000e\000f\000e\000r\000e\000n\000c\000e}{section.6}% 268
\BOOKMARK [3][-]{subsubsection.6.42.1}{\376\377\0006\000.\0004\0002\000.\0001\000\040\000D\000e\000t\000a\000i\000l\000e\000d\000\040\000D\000e\000s\000c\000r\000i\000p\000t\000i\000o\000n}{subsection.6.42}% 269
\BOOKMARK [2][-]{subsection.6.43}{\376\377\0006\000.\0004\0003\000\040\000D\000D\000S\000\137\000L\000a\000t\000e\000n\000c\000y\000B\000u\000d\000g\000e\000t\000Q\000o\000s\000P\000o\000l\000i\000c\000y\000\040\000S\000t\000r\000u\000c\000t\000\040\000R\000e\000f\000e\000r\000e\000n\000c\000e}{section.6}% 270
\BOOKMARK [3][-]{subsubsection.6.43.1}{\376\377\0006\000.\0004\0003\000.\0001\000\040\000D\000e\000t\000a\000i\000l\000e\000d\000\040\000D\000e\000s\000c\000r\000i\000p\000t\000i\000o\000n}{subsection.6.43}% 271
\BOOKMARK [3][-]{subsubsection.6.43.2}{\376\377\0006\000.\0004\0003\000.\0002\000\040\000U\000s\000a\000g\000e}{subsection.6.43}% 272
\BOOKMARK [3][-]{subsubsection.6.43.3}{\376\377\0006\000.\0004\0003\000.\0003\000\040\000C\000o\000m\000p\000a\000t\000i\000b\000i\000l\000i\000t\000y}{subsection.6.43}% 273
\BOOKMARK [3][-]{subsubsection.6.43.4}{\376\377\0006\000.\0004\0003\000.\0004\000\040\000F\000i\000e\000l\000d\000\040\000D\000o\000c\000u\000m\000e\000n\000t\000a\000t\000i\000o\000n}{subsection.6.43}% 274
\BOOKMARK [2][-]{subsection.6.44}{\376\377\0006\000.\0004\0004\000\040\000D\000D\000S\000\137\000L\000i\000s\000t\000e\000n\000e\000r\000\040\000S\000t\000r\000u\000c\000t\000\040\000R\000e\000f\000e\000r\000e\000n\000c\000e}{section.6}% 275
\BOOKMARK [3][-]{subsubsection.6.44.1}{\376\377\0006\000.\0004\0004\000.\0001\000\040\000D\000e\000t\000a\000i\000l\000e\000d\000\040\000D\000e\000s\000c\000r\000i\000p\000t\000i\000o\000n}{subsection.6.44}% 276
\BOOKMARK [3][-]{subsubsection.6.44.2}{\376\377\0006\000.\0004\0004\000.\0002\000\040\000A\000c\000c\000e\000s\000s\000\040\000t\000o\000\040\000P\000l\000a\000i\000n\000\040\000C\000o\000m\000m\000u\000n\000i\000c\000a\000t\000i\000o\000n\000\040\000S\000t\000a\000t\000u\000s}{subsection.6.44}% 277
\BOOKMARK [3][-]{subsubsection.6.44.3}{\376\377\0006\000.\0004\0004\000.\0003\000\040\000A\000c\000c\000e\000s\000s\000\040\000t\000o\000\040\000R\000e\000a\000d\000\040\000C\000o\000m\000m\000u\000n\000i\000c\000a\000t\000i\000o\000n\000\040\000S\000t\000a\000t\000u\000s}{subsection.6.44}% 278
\BOOKMARK [3][-]{subsubsection.6.44.4}{\376\377\0006\000.\0004\0004\000.\0004\000\040\000F\000i\000e\000l\000d\000\040\000D\000o\000c\000u\000m\000e\000n\000t\000a\000t\000i\000o\000n}{subsection.6.44}% 279
\BOOKMARK [2][-]{subsection.6.45}{\376\377\0006\000.\0004\0005\000\040\000D\000D\000S\000\137\000L\000i\000v\000e\000l\000i\000n\000e\000s\000s\000C\000h\000a\000n\000g\000e\000d\000S\000t\000a\000t\000u\000s\000\040\000S\000t\000r\000u\000c\000t\000\040\000R\000e\000f\000e\000r\000e\000n\000c\000e}{section.6}% 280
\BOOKMARK [3][-]{subsubsection.6.45.1}{\376\377\0006\000.\0004\0005\000.\0001\000\040\000D\000e\000t\000a\000i\000l\000e\000d\000\040\000D\000e\000s\000c\000r\000i\000p\000t\000i\000o\000n}{subsection.6.45}% 281
\BOOKMARK [3][-]{subsubsection.6.45.2}{\376\377\0006\000.\0004\0005\000.\0002\000\040\000F\000i\000e\000l\000d\000\040\000D\000o\000c\000u\000m\000e\000n\000t\000a\000t\000i\000o\000n}{subsection.6.45}% 282
\BOOKMARK [2][-]{subsection.6.46}{\376\377\0006\000.\0004\0006\000\040\000D\000D\000S\000\137\000L\000i\000v\000e\000l\000i\000n\000e\000s\000s\000L\000o\000s\000t\000S\000t\000a\000t\000u\000s\000\040\000S\000t\000r\000u\000c\000t\000\040\000R\000e\000f\000e\000r\000e\000n\000c\000e}{section.6}% 283
\BOOKMARK [3][-]{subsubsection.6.46.1}{\376\377\0006\000.\0004\0006\000.\0001\000\040\000D\000e\000t\000a\000i\000l\000e\000d\000\040\000D\000e\000s\000c\000r\000i\000p\000t\000i\000o\000n}{subsection.6.46}% 284
\BOOKMARK [3][-]{subsubsection.6.46.2}{\376\377\0006\000.\0004\0006\000.\0002\000\040\000F\000i\000e\000l\000d\000\040\000D\000o\000c\000u\000m\000e\000n\000t\000a\000t\000i\000o\000n}{subsection.6.46}% 285
\BOOKMARK [2][-]{subsection.6.47}{\376\377\0006\000.\0004\0007\000\040\000D\000D\000S\000\137\000L\000i\000v\000e\000l\000i\000n\000e\000s\000s\000Q\000o\000s\000P\000o\000l\000i\000c\000y\000\040\000S\000t\000r\000u\000c\000t\000\040\000R\000e\000f\000e\000r\000e\000n\000c\000e}{section.6}% 286
\BOOKMARK [3][-]{subsubsection.6.47.1}{\376\377\0006\000.\0004\0007\000.\0001\000\040\000D\000e\000t\000a\000i\000l\000e\000d\000\040\000D\000e\000s\000c\000r\000i\000p\000t\000i\000o\000n}{subsection.6.47}% 287
\BOOKMARK [3][-]{subsubsection.6.47.2}{\376\377\0006\000.\0004\0007\000.\0002\000\040\000U\000s\000a\000g\000e}{subsection.6.47}% 288
\BOOKMARK [3][-]{subsubsection.6.47.3}{\376\377\0006\000.\0004\0007\000.\0003\000\040\000C\000o\000m\000p\000a\000t\000i\000b\000i\000l\000i\000t\000y}{subsection.6.47}% 289
\BOOKMARK [3][-]{subsubsection.6.47.4}{\376\377\0006\000.\0004\0007\000.\0004\000\040\000F\000i\000e\000l\000d\000\040\000D\000o\000c\000u\000m\000e\000n\000t\000a\000t\000i\000o\000n}{subsection.6.47}% 290
\BOOKMARK [2][-]{subsection.6.48}{\376\377\0006\000.\0004\0008\000\040\000D\000D\000S\000\137\000L\000o\000c\000a\000t\000o\000r\000\137\000t\000\040\000S\000t\000r\000u\000c\000t\000\040\000R\000e\000f\000e\000r\000e\000n\000c\000e}{section.6}% 291
\BOOKMARK [3][-]{subsubsection.6.48.1}{\376\377\0006\000.\0004\0008\000.\0001\000\040\000D\000e\000t\000a\000i\000l\000e\000d\000\040\000D\000e\000s\000c\000r\000i\000p\000t\000i\000o\000n}{subsection.6.48}% 292
\BOOKMARK [3][-]{subsubsection.6.48.2}{\376\377\0006\000.\0004\0008\000.\0002\000\040\000F\000i\000e\000l\000d\000\040\000D\000o\000c\000u\000m\000e\000n\000t\000a\000t\000i\000o\000n}{subsection.6.48}% 293
\BOOKMARK [2][-]{subsection.6.49}{\376\377\0006\000.\0004\0009\000\040\000D\000D\000S\000\137\000L\000o\000c\000a\000t\000o\000r\000E\000x\000\040\000S\000t\000r\000u\000c\000t\000\040\000R\000e\000f\000e\000r\000e\000n\000c\000e}{section.6}% 294
\BOOKMARK [3][-]{subsubsection.6.49.1}{\376\377\0006\000.\0004\0009\000.\0001\000\040\000D\000e\000t\000a\000i\000l\000e\000d\000\040\000D\000e\000s\000c\000r\000i\000p\000t\000i\000o\000n}{subsection.6.49}% 295
\BOOKMARK [3][-]{subsubsection.6.49.2}{\376\377\0006\000.\0004\0009\000.\0002\000\040\000F\000i\000e\000l\000d\000\040\000D\000o\000c\000u\000m\000e\000n\000t\000a\000t\000i\000o\000n}{subsection.6.49}% 296
\BOOKMARK [2][-]{subsection.6.50}{\376\377\0006\000.\0005\0000\000\040\000D\000D\000S\000\137\000L\000o\000c\000a\000t\000o\000r\000S\000e\000q\000\040\000S\000t\000r\000u\000c\000t\000\040\000R\000e\000f\000e\000r\000e\000n\000c\000e}{section.6}% 297
\BOOKMARK [3][-]{subsubsection.6.50.1}{\376\377\0006\000.\0005\0000\000.\0001\000\040\000D\000e\000t\000a\000i\000l\000e\000d\000\040\000D\000e\000s\000c\000r\000i\000p\000t\000i\000o\000n}{subsection.6.50}% 298
\BOOKMARK [2][-]{subsection.6.51}{\376\377\0006\000.\0005\0001\000\040\000D\000D\000S\000\137\000O\000f\000f\000e\000r\000e\000d\000D\000e\000a\000d\000l\000i\000n\000e\000M\000i\000s\000s\000e\000d\000S\000t\000a\000t\000u\000s\000\040\000S\000t\000r\000u\000c\000t\000\040\000R\000e\000f\000e\000r\000e\000n\000c\000e}{section.6}% 299
\BOOKMARK [3][-]{subsubsection.6.51.1}{\376\377\0006\000.\0005\0001\000.\0001\000\040\000D\000e\000t\000a\000i\000l\000e\000d\000\040\000D\000e\000s\000c\000r\000i\000p\000t\000i\000o\000n}{subsection.6.51}% 300
\BOOKMARK [3][-]{subsubsection.6.51.2}{\376\377\0006\000.\0005\0001\000.\0002\000\040\000F\000i\000e\000l\000d\000\040\000D\000o\000c\000u\000m\000e\000n\000t\000a\000t\000i\000o\000n}{subsection.6.51}% 301
\BOOKMARK [2][-]{subsection.6.52}{\376\377\0006\000.\0005\0002\000\040\000D\000D\000S\000\137\000O\000f\000f\000e\000r\000e\000d\000I\000n\000c\000o\000m\000p\000a\000t\000i\000b\000l\000e\000Q\000o\000s\000S\000t\000a\000t\000u\000s\000\040\000S\000t\000r\000u\000c\000t\000\040\000R\000e\000f\000e\000r\000e\000n\000c\000e}{section.6}% 302
\BOOKMARK [3][-]{subsubsection.6.52.1}{\376\377\0006\000.\0005\0002\000.\0001\000\040\000D\000e\000t\000a\000i\000l\000e\000d\000\040\000D\000e\000s\000c\000r\000i\000p\000t\000i\000o\000n}{subsection.6.52}% 303
\BOOKMARK [3][-]{subsubsection.6.52.2}{\376\377\0006\000.\0005\0002\000.\0002\000\040\000F\000i\000e\000l\000d\000\040\000D\000o\000c\000u\000m\000e\000n\000t\000a\000t\000i\000o\000n}{subsection.6.52}% 304
\BOOKMARK [2][-]{subsection.6.53}{\376\377\0006\000.\0005\0003\000\040\000D\000D\000S\000\137\000O\000w\000n\000e\000r\000s\000h\000i\000p\000Q\000o\000s\000P\000o\000l\000i\000c\000y\000\040\000S\000t\000r\000u\000c\000t\000\040\000R\000e\000f\000e\000r\000e\000n\000c\000e}{section.6}% 305
\BOOKMARK [3][-]{subsubsection.6.53.1}{\376\377\0006\000.\0005\0003\000.\0001\000\040\000D\000e\000t\000a\000i\000l\000e\000d\000\040\000D\000e\000s\000c\000r\000i\000p\000t\000i\000o\000n}{subsection.6.53}% 306
\BOOKMARK [3][-]{subsubsection.6.53.2}{\376\377\0006\000.\0005\0003\000.\0002\000\040\000U\000s\000a\000g\000e}{subsection.6.53}% 307
\BOOKMARK [3][-]{subsubsection.6.53.3}{\376\377\0006\000.\0005\0003\000.\0003\000\040\000C\000o\000m\000p\000a\000t\000i\000b\000i\000l\000i\000t\000y}{subsection.6.53}% 308
\BOOKMARK [3][-]{subsubsection.6.53.4}{\376\377\0006\000.\0005\0003\000.\0004\000\040\000F\000i\000e\000l\000d\000\040\000D\000o\000c\000u\000m\000e\000n\000t\000a\000t\000i\000o\000n}{subsection.6.53}% 309
\BOOKMARK [2][-]{subsection.6.54}{\376\377\0006\000.\0005\0004\000\040\000D\000D\000S\000\137\000O\000w\000n\000e\000r\000s\000h\000i\000p\000S\000t\000r\000e\000n\000g\000t\000h\000Q\000o\000s\000P\000o\000l\000i\000c\000y\000\040\000S\000t\000r\000u\000c\000t\000\040\000R\000e\000f\000e\000r\000e\000n\000c\000e}{section.6}% 310
\BOOKMARK [3][-]{subsubsection.6.54.1}{\376\377\0006\000.\0005\0004\000.\0001\000\040\000D\000e\000t\000a\000i\000l\000e\000d\000\040\000D\000e\000s\000c\000r\000i\000p\000t\000i\000o\000n}{subsection.6.54}% 311
\BOOKMARK [3][-]{subsubsection.6.54.2}{\376\377\0006\000.\0005\0004\000.\0002\000\040\000F\000i\000e\000l\000d\000\040\000D\000o\000c\000u\000m\000e\000n\000t\000a\000t\000i\000o\000n}{subsection.6.54}% 312
\BOOKMARK [2][-]{subsection.6.55}{\376\377\0006\000.\0005\0005\000\040\000D\000D\000S\000\137\000P\000a\000r\000t\000i\000c\000i\000p\000a\000n\000t\000B\000u\000i\000l\000t\000i\000n\000T\000o\000p\000i\000c\000D\000a\000t\000a\000\040\000S\000t\000r\000u\000c\000t\000\040\000R\000e\000f\000e\000r\000e\000n\000c\000e}{section.6}% 313
\BOOKMARK [3][-]{subsubsection.6.55.1}{\376\377\0006\000.\0005\0005\000.\0001\000\040\000D\000e\000t\000a\000i\000l\000e\000d\000\040\000D\000e\000s\000c\000r\000i\000p\000t\000i\000o\000n}{subsection.6.55}% 314
\BOOKMARK [3][-]{subsubsection.6.55.2}{\376\377\0006\000.\0005\0005\000.\0002\000\040\000F\000i\000e\000l\000d\000\040\000D\000o\000c\000u\000m\000e\000n\000t\000a\000t\000i\000o\000n}{subsection.6.55}% 315
\BOOKMARK [2][-]{subsection.6.56}{\376\377\0006\000.\0005\0006\000\040\000D\000D\000S\000\137\000P\000a\000r\000t\000i\000t\000i\000o\000n\000Q\000o\000s\000P\000o\000l\000i\000c\000y\000\040\000S\000t\000r\000u\000c\000t\000\040\000R\000e\000f\000e\000r\000e\000n\000c\000e}{section.6}% 316
\BOOKMARK [3][-]{subsubsection.6.56.1}{\376\377\0006\000.\0005\0006\000.\0001\000\040\000D\000e\000t\000a\000i\000l\000e\000d\000\040\000D\000e\000s\000c\000r\000i\000p\000t\000i\000o\000n}{subsection.6.56}% 317
\BOOKMARK [3][-]{subsubsection.6.56.2}{\376\377\0006\000.\0005\0006\000.\0002\000\040\000F\000i\000e\000l\000d\000\040\000D\000o\000c\000u\000m\000e\000n\000t\000a\000t\000i\000o\000n}{subsection.6.56}% 318
\BOOKMARK [2][-]{subsection.6.57}{\376\377\0006\000.\0005\0007\000\040\000D\000D\000S\000\137\000P\000r\000e\000s\000e\000n\000t\000a\000t\000i\000o\000n\000Q\000o\000s\000P\000o\000l\000i\000c\000y\000\040\000S\000t\000r\000u\000c\000t\000\040\000R\000e\000f\000e\000r\000e\000n\000c\000e}{section.6}% 319
\BOOKMARK [3][-]{subsubsection.6.57.1}{\376\377\0006\000.\0005\0007\000.\0001\000\040\000D\000e\000t\000a\000i\000l\000e\000d\000\040\000D\000e\000s\000c\000r\000i\000p\000t\000i\000o\000n}{subsection.6.57}% 320
\BOOKMARK [3][-]{subsubsection.6.57.2}{\376\377\0006\000.\0005\0007\000.\0002\000\040\000C\000o\000m\000p\000a\000t\000i\000b\000i\000l\000i\000t\000y}{subsection.6.57}% 321
\BOOKMARK [3][-]{subsubsection.6.57.3}{\376\377\0006\000.\0005\0007\000.\0003\000\040\000F\000i\000e\000l\000d\000\040\000D\000o\000c\000u\000m\000e\000n\000t\000a\000t\000i\000o\000n}{subsection.6.57}% 322
\BOOKMARK [2][-]{subsection.6.58}{\376\377\0006\000.\0005\0008\000\040\000D\000D\000S\000\137\000P\000r\000o\000d\000u\000c\000t\000V\000e\000r\000s\000i\000o\000n\000\137\000t\000\040\000S\000t\000r\000u\000c\000t\000\040\000R\000e\000f\000e\000r\000e\000n\000c\000e}{section.6}% 323
\BOOKMARK [3][-]{subsubsection.6.58.1}{\376\377\0006\000.\0005\0008\000.\0001\000\040\000D\000e\000t\000a\000i\000l\000e\000d\000\040\000D\000e\000s\000c\000r\000i\000p\000t\000i\000o\000n}{subsection.6.58}% 324
\BOOKMARK [3][-]{subsubsection.6.58.2}{\376\377\0006\000.\0005\0008\000.\0002\000\040\000F\000i\000e\000l\000d\000\040\000D\000o\000c\000u\000m\000e\000n\000t\000a\000t\000i\000o\000n}{subsection.6.58}% 325
\BOOKMARK [2][-]{subsection.6.59}{\376\377\0006\000.\0005\0009\000\040\000D\000D\000S\000\137\000P\000r\000o\000p\000e\000r\000t\000y\000\137\000t\000\040\000S\000t\000r\000u\000c\000t\000\040\000R\000e\000f\000e\000r\000e\000n\000c\000e}{section.6}% 326
\BOOKMARK [3][-]{subsubsection.6.59.1}{\376\377\0006\000.\0005\0009\000.\0001\000\040\000D\000e\000t\000a\000i\000l\000e\000d\000\040\000D\000e\000s\000c\000r\000i\000p\000t\000i\000o\000n}{subsection.6.59}% 327
\BOOKMARK [3][-]{subsubsection.6.59.2}{\376\377\0006\000.\0005\0009\000.\0002\000\040\000F\000i\000e\000l\000d\000\040\000D\000o\000c\000u\000m\000e\000n\000t\000a\000t\000i\000o\000n}{subsection.6.59}% 328
\BOOKMARK [2][-]{subsection.6.60}{\376\377\0006\000.\0006\0000\000\040\000D\000D\000S\000\137\000P\000r\000o\000p\000e\000r\000t\000y\000Q\000o\000s\000P\000o\000l\000i\000c\000y\000\040\000S\000t\000r\000u\000c\000t\000\040\000R\000e\000f\000e\000r\000e\000n\000c\000e}{section.6}% 329
\BOOKMARK [3][-]{subsubsection.6.60.1}{\376\377\0006\000.\0006\0000\000.\0001\000\040\000D\000e\000t\000a\000i\000l\000e\000d\000\040\000D\000e\000s\000c\000r\000i\000p\000t\000i\000o\000n}{subsection.6.60}% 330
\BOOKMARK [3][-]{subsubsection.6.60.2}{\376\377\0006\000.\0006\0000\000.\0002\000\040\000F\000i\000e\000l\000d\000\040\000D\000o\000c\000u\000m\000e\000n\000t\000a\000t\000i\000o\000n}{subsection.6.60}% 331
\BOOKMARK [2][-]{subsection.6.61}{\376\377\0006\000.\0006\0001\000\040\000D\000D\000S\000\137\000P\000r\000o\000p\000e\000r\000t\000y\000S\000e\000q\000\040\000S\000t\000r\000u\000c\000t\000\040\000R\000e\000f\000e\000r\000e\000n\000c\000e}{section.6}% 332
\BOOKMARK [3][-]{subsubsection.6.61.1}{\376\377\0006\000.\0006\0001\000.\0001\000\040\000D\000e\000t\000a\000i\000l\000e\000d\000\040\000D\000e\000s\000c\000r\000i\000p\000t\000i\000o\000n}{subsection.6.61}% 333
\BOOKMARK [2][-]{subsection.6.62}{\376\377\0006\000.\0006\0002\000\040\000D\000D\000S\000\137\000P\000r\000o\000t\000o\000c\000o\000l\000V\000e\000r\000s\000i\000o\000n\000\137\000t\000\040\000S\000t\000r\000u\000c\000t\000\040\000R\000e\000f\000e\000r\000e\000n\000c\000e}{section.6}% 334
\BOOKMARK [3][-]{subsubsection.6.62.1}{\376\377\0006\000.\0006\0002\000.\0001\000\040\000D\000e\000t\000a\000i\000l\000e\000d\000\040\000D\000e\000s\000c\000r\000i\000p\000t\000i\000o\000n}{subsection.6.62}% 335
\BOOKMARK [3][-]{subsubsection.6.62.2}{\376\377\0006\000.\0006\0002\000.\0002\000\040\000F\000i\000e\000l\000d\000\040\000D\000o\000c\000u\000m\000e\000n\000t\000a\000t\000i\000o\000n}{subsection.6.62}% 336
\BOOKMARK [2][-]{subsection.6.63}{\376\377\0006\000.\0006\0003\000\040\000D\000D\000S\000\137\000P\000s\000k\000P\000a\000s\000s\000T\000r\000a\000c\000k\000e\000r\000\137\000I\000n\000t\000e\000r\000f\000a\000c\000e\000I\000\040\000S\000t\000r\000u\000c\000t\000\040\000R\000e\000f\000e\000r\000e\000n\000c\000e}{section.6}% 337
\BOOKMARK [3][-]{subsubsection.6.63.1}{\376\377\0006\000.\0006\0003\000.\0001\000\040\000D\000e\000t\000a\000i\000l\000e\000d\000\040\000D\000e\000s\000c\000r\000i\000p\000t\000i\000o\000n}{subsection.6.63}% 338
\BOOKMARK [3][-]{subsubsection.6.63.2}{\376\377\0006\000.\0006\0003\000.\0002\000\040\000F\000i\000e\000l\000d\000\040\000D\000o\000c\000u\000m\000e\000n\000t\000a\000t\000i\000o\000n}{subsection.6.63}% 339
\BOOKMARK [2][-]{subsection.6.64}{\376\377\0006\000.\0006\0004\000\040\000D\000D\000S\000\137\000P\000s\000k\000S\000e\000r\000v\000i\000c\000e\000F\000a\000c\000t\000o\000r\000y\000P\000r\000o\000p\000e\000r\000t\000y\000\040\000S\000t\000r\000u\000c\000t\000\040\000R\000e\000f\000e\000r\000e\000n\000c\000e}{section.6}% 340
\BOOKMARK [3][-]{subsubsection.6.64.1}{\376\377\0006\000.\0006\0004\000.\0001\000\040\000D\000e\000t\000a\000i\000l\000e\000d\000\040\000D\000e\000s\000c\000r\000i\000p\000t\000i\000o\000n}{subsection.6.64}% 341
\BOOKMARK [3][-]{subsubsection.6.64.2}{\376\377\0006\000.\0006\0004\000.\0002\000\040\000F\000i\000e\000l\000d\000\040\000D\000o\000c\000u\000m\000e\000n\000t\000a\000t\000i\000o\000n}{subsection.6.64}% 342
\BOOKMARK [2][-]{subsection.6.65}{\376\377\0006\000.\0006\0005\000\040\000D\000D\000S\000\137\000P\000u\000b\000l\000i\000c\000a\000t\000i\000o\000n\000B\000u\000i\000l\000t\000i\000n\000T\000o\000p\000i\000c\000D\000a\000t\000a\000\040\000S\000t\000r\000u\000c\000t\000\040\000R\000e\000f\000e\000r\000e\000n\000c\000e}{section.6}% 343
\BOOKMARK [3][-]{subsubsection.6.65.1}{\376\377\0006\000.\0006\0005\000.\0001\000\040\000D\000e\000t\000a\000i\000l\000e\000d\000\040\000D\000e\000s\000c\000r\000i\000p\000t\000i\000o\000n}{subsection.6.65}% 344
\BOOKMARK [3][-]{subsubsection.6.65.2}{\376\377\0006\000.\0006\0005\000.\0002\000\040\000F\000i\000e\000l\000d\000\040\000D\000o\000c\000u\000m\000e\000n\000t\000a\000t\000i\000o\000n}{subsection.6.65}% 345
\BOOKMARK [2][-]{subsection.6.66}{\376\377\0006\000.\0006\0006\000\040\000D\000D\000S\000\137\000P\000u\000b\000l\000i\000c\000a\000t\000i\000o\000n\000M\000a\000t\000c\000h\000e\000d\000S\000t\000a\000t\000u\000s\000\040\000S\000t\000r\000u\000c\000t\000\040\000R\000e\000f\000e\000r\000e\000n\000c\000e}{section.6}% 346
\BOOKMARK [3][-]{subsubsection.6.66.1}{\376\377\0006\000.\0006\0006\000.\0001\000\040\000D\000e\000t\000a\000i\000l\000e\000d\000\040\000D\000e\000s\000c\000r\000i\000p\000t\000i\000o\000n}{subsection.6.66}% 347
\BOOKMARK [3][-]{subsubsection.6.66.2}{\376\377\0006\000.\0006\0006\000.\0002\000\040\000F\000i\000e\000l\000d\000\040\000D\000o\000c\000u\000m\000e\000n\000t\000a\000t\000i\000o\000n}{subsection.6.66}% 348
\BOOKMARK [2][-]{subsection.6.67}{\376\377\0006\000.\0006\0007\000\040\000D\000D\000S\000\137\000P\000u\000b\000l\000i\000s\000h\000e\000r\000L\000i\000s\000t\000e\000n\000e\000r\000\040\000S\000t\000r\000u\000c\000t\000\040\000R\000e\000f\000e\000r\000e\000n\000c\000e}{section.6}% 349
\BOOKMARK [3][-]{subsubsection.6.67.1}{\376\377\0006\000.\0006\0007\000.\0001\000\040\000D\000e\000t\000a\000i\000l\000e\000d\000\040\000D\000e\000s\000c\000r\000i\000p\000t\000i\000o\000n}{subsection.6.67}% 350
\BOOKMARK [3][-]{subsubsection.6.67.2}{\376\377\0006\000.\0006\0007\000.\0002\000\040\000F\000i\000e\000l\000d\000\040\000D\000o\000c\000u\000m\000e\000n\000t\000a\000t\000i\000o\000n}{subsection.6.67}% 351
\BOOKMARK [2][-]{subsection.6.68}{\376\377\0006\000.\0006\0008\000\040\000D\000D\000S\000\137\000P\000u\000b\000l\000i\000s\000h\000e\000r\000Q\000o\000s\000\040\000S\000t\000r\000u\000c\000t\000\040\000R\000e\000f\000e\000r\000e\000n\000c\000e}{section.6}% 352
\BOOKMARK [3][-]{subsubsection.6.68.1}{\376\377\0006\000.\0006\0008\000.\0001\000\040\000D\000e\000t\000a\000i\000l\000e\000d\000\040\000D\000e\000s\000c\000r\000i\000p\000t\000i\000o\000n}{subsection.6.68}% 353
\BOOKMARK [3][-]{subsubsection.6.68.2}{\376\377\0006\000.\0006\0008\000.\0002\000\040\000F\000i\000e\000l\000d\000\040\000D\000o\000c\000u\000m\000e\000n\000t\000a\000t\000i\000o\000n}{subsection.6.68}% 354
\BOOKMARK [2][-]{subsection.6.69}{\376\377\0006\000.\0006\0009\000\040\000D\000D\000S\000\137\000P\000u\000b\000l\000i\000s\000h\000M\000o\000d\000e\000Q\000o\000s\000P\000o\000l\000i\000c\000y\000\040\000S\000t\000r\000u\000c\000t\000\040\000R\000e\000f\000e\000r\000e\000n\000c\000e}{section.6}% 355
\BOOKMARK [3][-]{subsubsection.6.69.1}{\376\377\0006\000.\0006\0009\000.\0001\000\040\000D\000e\000t\000a\000i\000l\000e\000d\000\040\000D\000e\000s\000c\000r\000i\000p\000t\000i\000o\000n}{subsection.6.69}% 356
\BOOKMARK [3][-]{subsubsection.6.69.2}{\376\377\0006\000.\0006\0009\000.\0002\000\040\000U\000s\000a\000g\000e}{subsection.6.69}% 357
\BOOKMARK [3][-]{subsubsection.6.69.3}{\376\377\0006\000.\0006\0009\000.\0003\000\040\000F\000i\000e\000l\000d\000\040\000D\000o\000c\000u\000m\000e\000n\000t\000a\000t\000i\000o\000n}{subsection.6.69}% 358
\BOOKMARK [2][-]{subsection.6.70}{\376\377\0006\000.\0007\0000\000\040\000D\000D\000S\000\137\000Q\000o\000s\000P\000o\000l\000i\000c\000y\000C\000o\000u\000n\000t\000\040\000S\000t\000r\000u\000c\000t\000\040\000R\000e\000f\000e\000r\000e\000n\000c\000e}{section.6}% 359
\BOOKMARK [3][-]{subsubsection.6.70.1}{\376\377\0006\000.\0007\0000\000.\0001\000\040\000D\000e\000t\000a\000i\000l\000e\000d\000\040\000D\000e\000s\000c\000r\000i\000p\000t\000i\000o\000n}{subsection.6.70}% 360
\BOOKMARK [3][-]{subsubsection.6.70.2}{\376\377\0006\000.\0007\0000\000.\0002\000\040\000F\000i\000e\000l\000d\000\040\000D\000o\000c\000u\000m\000e\000n\000t\000a\000t\000i\000o\000n}{subsection.6.70}% 361
\BOOKMARK [2][-]{subsection.6.71}{\376\377\0006\000.\0007\0001\000\040\000D\000D\000S\000\137\000R\000e\000l\000i\000a\000b\000i\000l\000i\000t\000y\000Q\000o\000s\000P\000o\000l\000i\000c\000y\000\040\000S\000t\000r\000u\000c\000t\000\040\000R\000e\000f\000e\000r\000e\000n\000c\000e}{section.6}% 362
\BOOKMARK [3][-]{subsubsection.6.71.1}{\376\377\0006\000.\0007\0001\000.\0001\000\040\000D\000e\000t\000a\000i\000l\000e\000d\000\040\000D\000e\000s\000c\000r\000i\000p\000t\000i\000o\000n}{subsection.6.71}% 363
\BOOKMARK [3][-]{subsubsection.6.71.2}{\376\377\0006\000.\0007\0001\000.\0002\000\040\000U\000s\000a\000g\000e}{subsection.6.71}% 364
\BOOKMARK [3][-]{subsubsection.6.71.3}{\376\377\0006\000.\0007\0001\000.\0003\000\040\000C\000o\000m\000p\000a\000t\000i\000b\000i\000l\000i\000t\000y}{subsection.6.71}% 365
\BOOKMARK [3][-]{subsubsection.6.71.4}{\376\377\0006\000.\0007\0001\000.\0004\000\040\000F\000i\000e\000l\000d\000\040\000D\000o\000c\000u\000m\000e\000n\000t\000a\000t\000i\000o\000n}{subsection.6.71}% 366
\BOOKMARK [2][-]{subsection.6.72}{\376\377\0006\000.\0007\0002\000\040\000D\000D\000S\000\137\000R\000e\000l\000i\000a\000b\000l\000e\000R\000e\000a\000d\000e\000r\000A\000c\000t\000i\000v\000i\000t\000y\000C\000h\000a\000n\000g\000e\000d\000S\000t\000a\000t\000u\000s\000\040\000S\000t\000r\000u\000c\000t\000\040\000R\000e\000f\000e\000r\000e\000n\000c\000e}{section.6}% 367
\BOOKMARK [3][-]{subsubsection.6.72.1}{\376\377\0006\000.\0007\0002\000.\0001\000\040\000D\000e\000t\000a\000i\000l\000e\000d\000\040\000D\000e\000s\000c\000r\000i\000p\000t\000i\000o\000n}{subsection.6.72}% 368
\BOOKMARK [3][-]{subsubsection.6.72.2}{\376\377\0006\000.\0007\0002\000.\0002\000\040\000F\000i\000e\000l\000d\000\040\000D\000o\000c\000u\000m\000e\000n\000t\000a\000t\000i\000o\000n}{subsection.6.72}% 369
\BOOKMARK [2][-]{subsection.6.73}{\376\377\0006\000.\0007\0003\000\040\000D\000D\000S\000\137\000R\000e\000l\000i\000a\000b\000l\000e\000S\000a\000m\000p\000l\000e\000U\000n\000a\000c\000k\000n\000o\000w\000l\000e\000d\000g\000e\000d\000S\000t\000a\000t\000u\000s\000\040\000S\000t\000r\000u\000c\000t\000\040\000R\000e\000f\000e\000r\000e\000n\000c\000e}{section.6}% 370
\BOOKMARK [3][-]{subsubsection.6.73.1}{\376\377\0006\000.\0007\0003\000.\0001\000\040\000D\000e\000t\000a\000i\000l\000e\000d\000\040\000D\000e\000s\000c\000r\000i\000p\000t\000i\000o\000n}{subsection.6.73}% 371
\BOOKMARK [3][-]{subsubsection.6.73.2}{\376\377\0006\000.\0007\0003\000.\0002\000\040\000F\000i\000e\000l\000d\000\040\000D\000o\000c\000u\000m\000e\000n\000t\000a\000t\000i\000o\000n}{subsection.6.73}% 372
\BOOKMARK [2][-]{subsection.6.74}{\376\377\0006\000.\0007\0004\000\040\000D\000D\000S\000\137\000R\000e\000q\000u\000e\000s\000t\000e\000d\000D\000e\000a\000d\000l\000i\000n\000e\000M\000i\000s\000s\000e\000d\000S\000t\000a\000t\000u\000s\000\040\000S\000t\000r\000u\000c\000t\000\040\000R\000e\000f\000e\000r\000e\000n\000c\000e}{section.6}% 373
\BOOKMARK [3][-]{subsubsection.6.74.1}{\376\377\0006\000.\0007\0004\000.\0001\000\040\000D\000e\000t\000a\000i\000l\000e\000d\000\040\000D\000e\000s\000c\000r\000i\000p\000t\000i\000o\000n}{subsection.6.74}% 374
\BOOKMARK [3][-]{subsubsection.6.74.2}{\376\377\0006\000.\0007\0004\000.\0002\000\040\000F\000i\000e\000l\000d\000\040\000D\000o\000c\000u\000m\000e\000n\000t\000a\000t\000i\000o\000n}{subsection.6.74}% 375
\BOOKMARK [2][-]{subsection.6.75}{\376\377\0006\000.\0007\0005\000\040\000D\000D\000S\000\137\000R\000e\000q\000u\000e\000s\000t\000e\000d\000I\000n\000c\000o\000m\000p\000a\000t\000i\000b\000l\000e\000Q\000o\000s\000S\000t\000a\000t\000u\000s\000\040\000S\000t\000r\000u\000c\000t\000\040\000R\000e\000f\000e\000r\000e\000n\000c\000e}{section.6}% 376
\BOOKMARK [3][-]{subsubsection.6.75.1}{\376\377\0006\000.\0007\0005\000.\0001\000\040\000D\000e\000t\000a\000i\000l\000e\000d\000\040\000D\000e\000s\000c\000r\000i\000p\000t\000i\000o\000n}{subsection.6.75}% 377
\BOOKMARK [3][-]{subsubsection.6.75.2}{\376\377\0006\000.\0007\0005\000.\0002\000\040\000F\000i\000e\000l\000d\000\040\000D\000o\000c\000u\000m\000e\000n\000t\000a\000t\000i\000o\000n}{subsection.6.75}% 378
\BOOKMARK [2][-]{subsection.6.76}{\376\377\0006\000.\0007\0006\000\040\000D\000D\000S\000\137\000R\000e\000s\000o\000u\000r\000c\000e\000L\000i\000m\000i\000t\000s\000Q\000o\000s\000P\000o\000l\000i\000c\000y\000\040\000S\000t\000r\000u\000c\000t\000\040\000R\000e\000f\000e\000r\000e\000n\000c\000e}{section.6}% 379
\BOOKMARK [3][-]{subsubsection.6.76.1}{\376\377\0006\000.\0007\0006\000.\0001\000\040\000D\000e\000t\000a\000i\000l\000e\000d\000\040\000D\000e\000s\000c\000r\000i\000p\000t\000i\000o\000n}{subsection.6.76}% 380
\BOOKMARK [3][-]{subsubsection.6.76.2}{\376\377\0006\000.\0007\0006\000.\0002\000\040\000U\000s\000a\000g\000e}{subsection.6.76}% 381
\BOOKMARK [3][-]{subsubsection.6.76.3}{\376\377\0006\000.\0007\0006\000.\0003\000\040\000C\000o\000n\000s\000i\000s\000t\000e\000n\000c\000y}{subsection.6.76}% 382
\BOOKMARK [3][-]{subsubsection.6.76.4}{\376\377\0006\000.\0007\0006\000.\0004\000\040\000F\000i\000e\000l\000d\000\040\000D\000o\000c\000u\000m\000e\000n\000t\000a\000t\000i\000o\000n}{subsection.6.76}% 383
\BOOKMARK [2][-]{subsection.6.77}{\376\377\0006\000.\0007\0007\000\040\000D\000D\000S\000\137\000R\000t\000p\000s\000R\000e\000l\000i\000a\000b\000l\000e\000R\000e\000a\000d\000e\000r\000P\000r\000o\000t\000o\000c\000o\000l\000\137\000t\000\040\000S\000t\000r\000u\000c\000t\000\040\000R\000e\000f\000e\000r\000e\000n\000c\000e}{section.6}% 384
\BOOKMARK [3][-]{subsubsection.6.77.1}{\376\377\0006\000.\0007\0007\000.\0001\000\040\000D\000e\000t\000a\000i\000l\000e\000d\000\040\000D\000e\000s\000c\000r\000i\000p\000t\000i\000o\000n}{subsection.6.77}% 385
\BOOKMARK [3][-]{subsubsection.6.77.2}{\376\377\0006\000.\0007\0007\000.\0002\000\040\000F\000i\000e\000l\000d\000\040\000D\000o\000c\000u\000m\000e\000n\000t\000a\000t\000i\000o\000n}{subsection.6.77}% 386
\BOOKMARK [2][-]{subsection.6.78}{\376\377\0006\000.\0007\0008\000\040\000D\000D\000S\000\137\000R\000t\000p\000s\000R\000e\000l\000i\000a\000b\000l\000e\000W\000r\000i\000t\000e\000r\000P\000r\000o\000t\000o\000c\000o\000l\000\137\000t\000\040\000S\000t\000r\000u\000c\000t\000\040\000R\000e\000f\000e\000r\000e\000n\000c\000e}{section.6}% 387
\BOOKMARK [3][-]{subsubsection.6.78.1}{\376\377\0006\000.\0007\0008\000.\0001\000\040\000D\000e\000t\000a\000i\000l\000e\000d\000\040\000D\000e\000s\000c\000r\000i\000p\000t\000i\000o\000n}{subsection.6.78}% 388
\BOOKMARK [3][-]{subsubsection.6.78.2}{\376\377\0006\000.\0007\0008\000.\0002\000\040\000F\000i\000e\000l\000d\000\040\000D\000o\000c\000u\000m\000e\000n\000t\000a\000t\000i\000o\000n}{subsection.6.78}% 389
\BOOKMARK [2][-]{subsection.6.79}{\376\377\0006\000.\0007\0009\000\040\000D\000D\000S\000\137\000R\000t\000p\000s\000W\000e\000l\000l\000K\000n\000o\000w\000n\000P\000o\000r\000t\000s\000\137\000t\000\040\000S\000t\000r\000u\000c\000t\000\040\000R\000e\000f\000e\000r\000e\000n\000c\000e}{section.6}% 390
\BOOKMARK [3][-]{subsubsection.6.79.1}{\376\377\0006\000.\0007\0009\000.\0001\000\040\000D\000e\000t\000a\000i\000l\000e\000d\000\040\000D\000e\000s\000c\000r\000i\000p\000t\000i\000o\000n}{subsection.6.79}% 391
\BOOKMARK [3][-]{subsubsection.6.79.2}{\376\377\0006\000.\0007\0009\000.\0002\000\040\000F\000i\000e\000l\000d\000\040\000D\000o\000c\000u\000m\000e\000n\000t\000a\000t\000i\000o\000n}{subsection.6.79}% 392
\BOOKMARK [2][-]{subsection.6.80}{\376\377\0006\000.\0008\0000\000\040\000D\000D\000S\000\137\000S\000a\000m\000p\000l\000e\000I\000d\000e\000n\000t\000i\000t\000y\000\137\000t\000\040\000S\000t\000r\000u\000c\000t\000\040\000R\000e\000f\000e\000r\000e\000n\000c\000e}{section.6}% 393
\BOOKMARK [3][-]{subsubsection.6.80.1}{\376\377\0006\000.\0008\0000\000.\0001\000\040\000D\000e\000t\000a\000i\000l\000e\000d\000\040\000D\000e\000s\000c\000r\000i\000p\000t\000i\000o\000n}{subsection.6.80}% 394
\BOOKMARK [3][-]{subsubsection.6.80.2}{\376\377\0006\000.\0008\0000\000.\0002\000\040\000F\000i\000e\000l\000d\000\040\000D\000o\000c\000u\000m\000e\000n\000t\000a\000t\000i\000o\000n}{subsection.6.80}% 395
\BOOKMARK [2][-]{subsection.6.81}{\376\377\0006\000.\0008\0001\000\040\000D\000D\000S\000\137\000S\000a\000m\000p\000l\000e\000I\000n\000f\000o\000\040\000S\000t\000r\000u\000c\000t\000\040\000R\000e\000f\000e\000r\000e\000n\000c\000e}{section.6}% 396
\BOOKMARK [3][-]{subsubsection.6.81.1}{\376\377\0006\000.\0008\0001\000.\0001\000\040\000D\000e\000t\000a\000i\000l\000e\000d\000\040\000D\000e\000s\000c\000r\000i\000p\000t\000i\000o\000n}{subsection.6.81}% 397
\BOOKMARK [3][-]{subsubsection.6.81.2}{\376\377\0006\000.\0008\0001\000.\0002\000\040\000I\000n\000t\000e\000r\000p\000r\000e\000t\000a\000t\000i\000o\000n\000\040\000o\000f\000\040\000t\000h\000e\000\040\000S\000a\000m\000p\000l\000e\000I\000n\000f\000o}{subsection.6.81}% 398
\BOOKMARK [3][-]{subsubsection.6.81.3}{\376\377\0006\000.\0008\0001\000.\0003\000\040\000F\000i\000e\000l\000d\000\040\000D\000o\000c\000u\000m\000e\000n\000t\000a\000t\000i\000o\000n}{subsection.6.81}% 399
\BOOKMARK [2][-]{subsection.6.82}{\376\377\0006\000.\0008\0002\000\040\000D\000D\000S\000\137\000S\000a\000m\000p\000l\000e\000I\000n\000f\000o\000S\000e\000q\000\040\000S\000t\000r\000u\000c\000t\000\040\000R\000e\000f\000e\000r\000e\000n\000c\000e}{section.6}% 400
\BOOKMARK [3][-]{subsubsection.6.82.1}{\376\377\0006\000.\0008\0002\000.\0001\000\040\000D\000e\000t\000a\000i\000l\000e\000d\000\040\000D\000e\000s\000c\000r\000i\000p\000t\000i\000o\000n}{subsection.6.82}% 401
\BOOKMARK [2][-]{subsection.6.83}{\376\377\0006\000.\0008\0003\000\040\000D\000D\000S\000\137\000S\000a\000m\000p\000l\000e\000L\000o\000s\000t\000S\000t\000a\000t\000u\000s\000\040\000S\000t\000r\000u\000c\000t\000\040\000R\000e\000f\000e\000r\000e\000n\000c\000e}{section.6}% 402
\BOOKMARK [3][-]{subsubsection.6.83.1}{\376\377\0006\000.\0008\0003\000.\0001\000\040\000D\000e\000t\000a\000i\000l\000e\000d\000\040\000D\000e\000s\000c\000r\000i\000p\000t\000i\000o\000n}{subsection.6.83}% 403
\BOOKMARK [3][-]{subsubsection.6.83.2}{\376\377\0006\000.\0008\0003\000.\0002\000\040\000F\000i\000e\000l\000d\000\040\000D\000o\000c\000u\000m\000e\000n\000t\000a\000t\000i\000o\000n}{subsection.6.83}% 404
\BOOKMARK [2][-]{subsection.6.84}{\376\377\0006\000.\0008\0004\000\040\000D\000D\000S\000\137\000S\000a\000m\000p\000l\000e\000R\000e\000j\000e\000c\000t\000e\000d\000S\000t\000a\000t\000u\000s\000\040\000S\000t\000r\000u\000c\000t\000\040\000R\000e\000f\000e\000r\000e\000n\000c\000e}{section.6}% 405
\BOOKMARK [3][-]{subsubsection.6.84.1}{\376\377\0006\000.\0008\0004\000.\0001\000\040\000D\000e\000t\000a\000i\000l\000e\000d\000\040\000D\000e\000s\000c\000r\000i\000p\000t\000i\000o\000n}{subsection.6.84}% 406
\BOOKMARK [3][-]{subsubsection.6.84.2}{\376\377\0006\000.\0008\0004\000.\0002\000\040\000F\000i\000e\000l\000d\000\040\000D\000o\000c\000u\000m\000e\000n\000t\000a\000t\000i\000o\000n}{subsection.6.84}% 407
\BOOKMARK [2][-]{subsection.6.85}{\376\377\0006\000.\0008\0005\000\040\000D\000D\000S\000\137\000S\000e\000c\000T\000r\000a\000n\000s\000f\000o\000r\000m\000\137\000C\000o\000n\000f\000i\000g\000u\000r\000a\000t\000i\000o\000n\000\040\000S\000t\000r\000u\000c\000t\000\040\000R\000e\000f\000e\000r\000e\000n\000c\000e}{section.6}% 408
\BOOKMARK [3][-]{subsubsection.6.85.1}{\376\377\0006\000.\0008\0005\000.\0001\000\040\000D\000e\000t\000a\000i\000l\000e\000d\000\040\000D\000e\000s\000c\000r\000i\000p\000t\000i\000o\000n}{subsection.6.85}% 409
\BOOKMARK [3][-]{subsubsection.6.85.2}{\376\377\0006\000.\0008\0005\000.\0002\000\040\000F\000i\000e\000l\000d\000\040\000D\000o\000c\000u\000m\000e\000n\000t\000a\000t\000i\000o\000n}{subsection.6.85}% 410
\BOOKMARK [2][-]{subsection.6.86}{\376\377\0006\000.\0008\0006\000\040\000D\000D\000S\000\137\000S\000e\000q\000u\000e\000n\000c\000e\000N\000u\000m\000b\000e\000r\000\137\000t\000\040\000S\000t\000r\000u\000c\000t\000\040\000R\000e\000f\000e\000r\000e\000n\000c\000e}{section.6}% 411
\BOOKMARK [3][-]{subsubsection.6.86.1}{\376\377\0006\000.\0008\0006\000.\0001\000\040\000D\000e\000t\000a\000i\000l\000e\000d\000\040\000D\000e\000s\000c\000r\000i\000p\000t\000i\000o\000n}{subsection.6.86}% 412
\BOOKMARK [3][-]{subsubsection.6.86.2}{\376\377\0006\000.\0008\0006\000.\0002\000\040\000F\000i\000e\000l\000d\000\040\000D\000o\000c\000u\000m\000e\000n\000t\000a\000t\000i\000o\000n}{subsection.6.86}% 413
\BOOKMARK [2][-]{subsection.6.87}{\376\377\0006\000.\0008\0007\000\040\000D\000D\000S\000\137\000S\000u\000b\000s\000c\000r\000i\000b\000e\000r\000L\000i\000s\000t\000e\000n\000e\000r\000\040\000S\000t\000r\000u\000c\000t\000\040\000R\000e\000f\000e\000r\000e\000n\000c\000e}{section.6}% 414
\BOOKMARK [3][-]{subsubsection.6.87.1}{\376\377\0006\000.\0008\0007\000.\0001\000\040\000D\000e\000t\000a\000i\000l\000e\000d\000\040\000D\000e\000s\000c\000r\000i\000p\000t\000i\000o\000n}{subsection.6.87}% 415
\BOOKMARK [3][-]{subsubsection.6.87.2}{\376\377\0006\000.\0008\0007\000.\0002\000\040\000F\000i\000e\000l\000d\000\040\000D\000o\000c\000u\000m\000e\000n\000t\000a\000t\000i\000o\000n}{subsection.6.87}% 416
\BOOKMARK [2][-]{subsection.6.88}{\376\377\0006\000.\0008\0008\000\040\000D\000D\000S\000\137\000S\000u\000b\000s\000c\000r\000i\000b\000e\000r\000Q\000o\000s\000\040\000S\000t\000r\000u\000c\000t\000\040\000R\000e\000f\000e\000r\000e\000n\000c\000e}{section.6}% 417
\BOOKMARK [3][-]{subsubsection.6.88.1}{\376\377\0006\000.\0008\0008\000.\0001\000\040\000D\000e\000t\000a\000i\000l\000e\000d\000\040\000D\000e\000s\000c\000r\000i\000p\000t\000i\000o\000n}{subsection.6.88}% 418
\BOOKMARK [3][-]{subsubsection.6.88.2}{\376\377\0006\000.\0008\0008\000.\0002\000\040\000F\000i\000e\000l\000d\000\040\000D\000o\000c\000u\000m\000e\000n\000t\000a\000t\000i\000o\000n}{subsection.6.88}% 419
\BOOKMARK [2][-]{subsection.6.89}{\376\377\0006\000.\0008\0009\000\040\000D\000D\000S\000\137\000S\000u\000b\000s\000c\000r\000i\000p\000t\000i\000o\000n\000B\000u\000i\000l\000t\000i\000n\000T\000o\000p\000i\000c\000D\000a\000t\000a\000\040\000S\000t\000r\000u\000c\000t\000\040\000R\000e\000f\000e\000r\000e\000n\000c\000e}{section.6}% 420
\BOOKMARK [3][-]{subsubsection.6.89.1}{\376\377\0006\000.\0008\0009\000.\0001\000\040\000D\000e\000t\000a\000i\000l\000e\000d\000\040\000D\000e\000s\000c\000r\000i\000p\000t\000i\000o\000n}{subsection.6.89}% 421
\BOOKMARK [3][-]{subsubsection.6.89.2}{\376\377\0006\000.\0008\0009\000.\0002\000\040\000F\000i\000e\000l\000d\000\040\000D\000o\000c\000u\000m\000e\000n\000t\000a\000t\000i\000o\000n}{subsection.6.89}% 422
\BOOKMARK [2][-]{subsection.6.90}{\376\377\0006\000.\0009\0000\000\040\000D\000D\000S\000\137\000S\000u\000b\000s\000c\000r\000i\000p\000t\000i\000o\000n\000M\000a\000t\000c\000h\000e\000d\000S\000t\000a\000t\000u\000s\000\040\000S\000t\000r\000u\000c\000t\000\040\000R\000e\000f\000e\000r\000e\000n\000c\000e}{section.6}% 423
\BOOKMARK [3][-]{subsubsection.6.90.1}{\376\377\0006\000.\0009\0000\000.\0001\000\040\000D\000e\000t\000a\000i\000l\000e\000d\000\040\000D\000e\000s\000c\000r\000i\000p\000t\000i\000o\000n}{subsection.6.90}% 424
\BOOKMARK [3][-]{subsubsection.6.90.2}{\376\377\0006\000.\0009\0000\000.\0002\000\040\000F\000i\000e\000l\000d\000\040\000D\000o\000c\000u\000m\000e\000n\000t\000a\000t\000i\000o\000n}{subsection.6.90}% 425
\BOOKMARK [2][-]{subsection.6.91}{\376\377\0006\000.\0009\0001\000\040\000D\000D\000S\000\137\000S\000y\000s\000t\000e\000m\000R\000e\000s\000o\000u\000r\000c\000e\000L\000i\000m\000i\000t\000s\000Q\000o\000s\000P\000o\000l\000i\000c\000y\000\040\000S\000t\000r\000u\000c\000t\000\040\000R\000e\000f\000e\000r\000e\000n\000c\000e}{section.6}% 426
\BOOKMARK [3][-]{subsubsection.6.91.1}{\376\377\0006\000.\0009\0001\000.\0001\000\040\000D\000e\000t\000a\000i\000l\000e\000d\000\040\000D\000e\000s\000c\000r\000i\000p\000t\000i\000o\000n}{subsection.6.91}% 427
\BOOKMARK [3][-]{subsubsection.6.91.2}{\376\377\0006\000.\0009\0001\000.\0002\000\040\000F\000i\000e\000l\000d\000\040\000D\000o\000c\000u\000m\000e\000n\000t\000a\000t\000i\000o\000n}{subsection.6.91}% 428
\BOOKMARK [2][-]{subsection.6.92}{\376\377\0006\000.\0009\0002\000\040\000D\000D\000S\000\137\000T\000i\000m\000e\000\137\000t\000\040\000S\000t\000r\000u\000c\000t\000\040\000R\000e\000f\000e\000r\000e\000n\000c\000e}{section.6}% 429
\BOOKMARK [3][-]{subsubsection.6.92.1}{\376\377\0006\000.\0009\0002\000.\0001\000\040\000D\000e\000t\000a\000i\000l\000e\000d\000\040\000D\000e\000s\000c\000r\000i\000p\000t\000i\000o\000n}{subsection.6.92}% 430
\BOOKMARK [3][-]{subsubsection.6.92.2}{\376\377\0006\000.\0009\0002\000.\0002\000\040\000F\000i\000e\000l\000d\000\040\000D\000o\000c\000u\000m\000e\000n\000t\000a\000t\000i\000o\000n}{subsection.6.92}% 431
\BOOKMARK [2][-]{subsection.6.93}{\376\377\0006\000.\0009\0003\000\040\000D\000D\000S\000\137\000T\000o\000p\000i\000c\000D\000a\000t\000a\000Q\000o\000s\000P\000o\000l\000i\000c\000y\000\040\000S\000t\000r\000u\000c\000t\000\040\000R\000e\000f\000e\000r\000e\000n\000c\000e}{section.6}% 432
\BOOKMARK [3][-]{subsubsection.6.93.1}{\376\377\0006\000.\0009\0003\000.\0001\000\040\000D\000e\000t\000a\000i\000l\000e\000d\000\040\000D\000e\000s\000c\000r\000i\000p\000t\000i\000o\000n}{subsection.6.93}% 433
\BOOKMARK [3][-]{subsubsection.6.93.2}{\376\377\0006\000.\0009\0003\000.\0002\000\040\000U\000s\000a\000g\000e}{subsection.6.93}% 434
\BOOKMARK [3][-]{subsubsection.6.93.3}{\376\377\0006\000.\0009\0003\000.\0003\000\040\000F\000i\000e\000l\000d\000\040\000D\000o\000c\000u\000m\000e\000n\000t\000a\000t\000i\000o\000n}{subsection.6.93}% 435
\BOOKMARK [2][-]{subsection.6.94}{\376\377\0006\000.\0009\0004\000\040\000D\000D\000S\000\137\000T\000o\000p\000i\000c\000L\000i\000s\000t\000e\000n\000e\000r\000\040\000S\000t\000r\000u\000c\000t\000\040\000R\000e\000f\000e\000r\000e\000n\000c\000e}{section.6}% 436
\BOOKMARK [3][-]{subsubsection.6.94.1}{\376\377\0006\000.\0009\0004\000.\0001\000\040\000D\000e\000t\000a\000i\000l\000e\000d\000\040\000D\000e\000s\000c\000r\000i\000p\000t\000i\000o\000n}{subsection.6.94}% 437
\BOOKMARK [3][-]{subsubsection.6.94.2}{\376\377\0006\000.\0009\0004\000.\0002\000\040\000F\000i\000e\000l\000d\000\040\000D\000o\000c\000u\000m\000e\000n\000t\000a\000t\000i\000o\000n}{subsection.6.94}% 438
\BOOKMARK [2][-]{subsection.6.95}{\376\377\0006\000.\0009\0005\000\040\000D\000D\000S\000\137\000T\000o\000p\000i\000c\000Q\000o\000s\000\040\000S\000t\000r\000u\000c\000t\000\040\000R\000e\000f\000e\000r\000e\000n\000c\000e}{section.6}% 439
\BOOKMARK [3][-]{subsubsection.6.95.1}{\376\377\0006\000.\0009\0005\000.\0001\000\040\000D\000e\000t\000a\000i\000l\000e\000d\000\040\000D\000e\000s\000c\000r\000i\000p\000t\000i\000o\000n}{subsection.6.95}% 440
\BOOKMARK [3][-]{subsubsection.6.95.2}{\376\377\0006\000.\0009\0005\000.\0002\000\040\000F\000i\000e\000l\000d\000\040\000D\000o\000c\000u\000m\000e\000n\000t\000a\000t\000i\000o\000n}{subsection.6.95}% 441
\BOOKMARK [2][-]{subsection.6.96}{\376\377\0006\000.\0009\0006\000\040\000D\000D\000S\000\137\000T\000r\000a\000n\000s\000p\000o\000r\000t\000E\000n\000c\000a\000p\000s\000u\000l\000a\000t\000i\000o\000n\000Q\000o\000s\000P\000o\000l\000i\000c\000y\000\040\000S\000t\000r\000u\000c\000t\000\040\000R\000e\000f\000e\000r\000e\000n\000c\000e}{section.6}% 442
\BOOKMARK [3][-]{subsubsection.6.96.1}{\376\377\0006\000.\0009\0006\000.\0001\000\040\000D\000e\000t\000a\000i\000l\000e\000d\000\040\000D\000e\000s\000c\000r\000i\000p\000t\000i\000o\000n}{subsection.6.96}% 443
\BOOKMARK [3][-]{subsubsection.6.96.2}{\376\377\0006\000.\0009\0006\000.\0002\000\040\000F\000i\000e\000l\000d\000\040\000D\000o\000c\000u\000m\000e\000n\000t\000a\000t\000i\000o\000n}{subsection.6.96}% 444
\BOOKMARK [2][-]{subsection.6.97}{\376\377\0006\000.\0009\0007\000\040\000D\000D\000S\000\137\000T\000r\000a\000n\000s\000p\000o\000r\000t\000E\000n\000c\000a\000p\000s\000u\000l\000a\000t\000i\000o\000n\000S\000e\000t\000t\000i\000n\000g\000s\000\137\000t\000\040\000S\000t\000r\000u\000c\000t\000\040\000R\000e\000f\000e\000r\000e\000n\000c\000e}{section.6}% 445
\BOOKMARK [3][-]{subsubsection.6.97.1}{\376\377\0006\000.\0009\0007\000.\0001\000\040\000D\000e\000t\000a\000i\000l\000e\000d\000\040\000D\000e\000s\000c\000r\000i\000p\000t\000i\000o\000n}{subsection.6.97}% 446
\BOOKMARK [3][-]{subsubsection.6.97.2}{\376\377\0006\000.\0009\0007\000.\0002\000\040\000F\000i\000e\000l\000d\000\040\000D\000o\000c\000u\000m\000e\000n\000t\000a\000t\000i\000o\000n}{subsection.6.97}% 447
\BOOKMARK [2][-]{subsection.6.98}{\376\377\0006\000.\0009\0008\000\040\000D\000D\000S\000\137\000T\000r\000a\000n\000s\000p\000o\000r\000t\000E\000n\000c\000a\000p\000s\000u\000l\000a\000t\000i\000o\000n\000S\000e\000t\000t\000i\000n\000g\000s\000S\000e\000q\000\040\000S\000t\000r\000u\000c\000t\000\040\000R\000e\000f\000e\000r\000e\000n\000c\000e}{section.6}% 448
\BOOKMARK [3][-]{subsubsection.6.98.1}{\376\377\0006\000.\0009\0008\000.\0001\000\040\000D\000e\000t\000a\000i\000l\000e\000d\000\040\000D\000e\000s\000c\000r\000i\000p\000t\000i\000o\000n}{subsection.6.98}% 449
\BOOKMARK [2][-]{subsection.6.99}{\376\377\0006\000.\0009\0009\000\040\000D\000D\000S\000\137\000T\000r\000a\000n\000s\000p\000o\000r\000t\000P\000r\000i\000o\000r\000i\000t\000y\000Q\000o\000s\000P\000o\000l\000i\000c\000y\000\040\000S\000t\000r\000u\000c\000t\000\040\000R\000e\000f\000e\000r\000e\000n\000c\000e}{section.6}% 450
\BOOKMARK [3][-]{subsubsection.6.99.1}{\376\377\0006\000.\0009\0009\000.\0001\000\040\000D\000e\000t\000a\000i\000l\000e\000d\000\040\000D\000e\000s\000c\000r\000i\000p\000t\000i\000o\000n}{subsection.6.99}% 451
\BOOKMARK [3][-]{subsubsection.6.99.2}{\376\377\0006\000.\0009\0009\000.\0002\000\040\000F\000i\000e\000l\000d\000\040\000D\000o\000c\000u\000m\000e\000n\000t\000a\000t\000i\000o\000n}{subsection.6.99}% 452
\BOOKMARK [2][-]{subsection.6.100}{\376\377\0006\000.\0001\0000\0000\000\040\000D\000D\000S\000\137\000T\000r\000a\000n\000s\000p\000o\000r\000t\000Q\000o\000s\000P\000o\000l\000i\000c\000y\000\040\000S\000t\000r\000u\000c\000t\000\040\000R\000e\000f\000e\000r\000e\000n\000c\000e}{section.6}% 453
\BOOKMARK [3][-]{subsubsection.6.100.1}{\376\377\0006\000.\0001\0000\0000\000.\0001\000\040\000D\000e\000t\000a\000i\000l\000e\000d\000\040\000D\000e\000s\000c\000r\000i\000p\000t\000i\000o\000n}{subsection.6.100}% 454
\BOOKMARK [3][-]{subsubsection.6.100.2}{\376\377\0006\000.\0001\0000\0000\000.\0002\000\040\000F\000i\000e\000l\000d\000\040\000D\000o\000c\000u\000m\000e\000n\000t\000a\000t\000i\000o\000n}{subsection.6.100}% 455
\BOOKMARK [2][-]{subsection.6.101}{\376\377\0006\000.\0001\0000\0001\000\040\000D\000D\000S\000\137\000T\000r\000u\000s\000t\000Q\000o\000s\000P\000o\000l\000i\000c\000y\000\040\000S\000t\000r\000u\000c\000t\000\040\000R\000e\000f\000e\000r\000e\000n\000c\000e}{section.6}% 456
\BOOKMARK [3][-]{subsubsection.6.101.1}{\376\377\0006\000.\0001\0000\0001\000.\0001\000\040\000D\000e\000t\000a\000i\000l\000e\000d\000\040\000D\000e\000s\000c\000r\000i\000p\000t\000i\000o\000n}{subsection.6.101}% 457
\BOOKMARK [3][-]{subsubsection.6.101.2}{\376\377\0006\000.\0001\0000\0001\000.\0002\000\040\000F\000i\000e\000l\000d\000\040\000D\000o\000c\000u\000m\000e\000n\000t\000a\000t\000i\000o\000n}{subsection.6.101}% 458
\BOOKMARK [2][-]{subsection.6.102}{\376\377\0006\000.\0001\0000\0002\000\040\000D\000D\000S\000\137\000U\000s\000e\000r\000D\000a\000t\000a\000Q\000o\000s\000P\000o\000l\000i\000c\000y\000\040\000S\000t\000r\000u\000c\000t\000\040\000R\000e\000f\000e\000r\000e\000n\000c\000e}{section.6}% 459
\BOOKMARK [3][-]{subsubsection.6.102.1}{\376\377\0006\000.\0001\0000\0002\000.\0001\000\040\000D\000e\000t\000a\000i\000l\000e\000d\000\040\000D\000e\000s\000c\000r\000i\000p\000t\000i\000o\000n}{subsection.6.102}% 460
\BOOKMARK [3][-]{subsubsection.6.102.2}{\376\377\0006\000.\0001\0000\0002\000.\0002\000\040\000U\000s\000a\000g\000e}{subsection.6.102}% 461
\BOOKMARK [3][-]{subsubsection.6.102.3}{\376\377\0006\000.\0001\0000\0002\000.\0003\000\040\000F\000i\000e\000l\000d\000\040\000D\000o\000c\000u\000m\000e\000n\000t\000a\000t\000i\000o\000n}{subsection.6.102}% 462
\BOOKMARK [2][-]{subsection.6.103}{\376\377\0006\000.\0001\0000\0003\000\040\000D\000D\000S\000\137\000U\000s\000e\000r\000T\000r\000a\000f\000f\000i\000c\000Q\000o\000s\000P\000o\000l\000i\000c\000y\000\040\000S\000t\000r\000u\000c\000t\000\040\000R\000e\000f\000e\000r\000e\000n\000c\000e}{section.6}% 463
\BOOKMARK [3][-]{subsubsection.6.103.1}{\376\377\0006\000.\0001\0000\0003\000.\0001\000\040\000D\000e\000t\000a\000i\000l\000e\000d\000\040\000D\000e\000s\000c\000r\000i\000p\000t\000i\000o\000n}{subsection.6.103}% 464
\BOOKMARK [3][-]{subsubsection.6.103.2}{\376\377\0006\000.\0001\0000\0003\000.\0002\000\040\000F\000i\000e\000l\000d\000\040\000D\000o\000c\000u\000m\000e\000n\000t\000a\000t\000i\000o\000n}{subsection.6.103}% 465
\BOOKMARK [2][-]{subsection.6.104}{\376\377\0006\000.\0001\0000\0004\000\040\000D\000D\000S\000\137\000V\000e\000n\000d\000o\000r\000I\000d\000\137\000t\000\040\000S\000t\000r\000u\000c\000t\000\040\000R\000e\000f\000e\000r\000e\000n\000c\000e}{section.6}% 466
\BOOKMARK [3][-]{subsubsection.6.104.1}{\376\377\0006\000.\0001\0000\0004\000.\0001\000\040\000D\000e\000t\000a\000i\000l\000e\000d\000\040\000D\000e\000s\000c\000r\000i\000p\000t\000i\000o\000n}{subsection.6.104}% 467
\BOOKMARK [3][-]{subsubsection.6.104.2}{\376\377\0006\000.\0001\0000\0004\000.\0002\000\040\000F\000i\000e\000l\000d\000\040\000D\000o\000c\000u\000m\000e\000n\000t\000a\000t\000i\000o\000n}{subsection.6.104}% 468
\BOOKMARK [2][-]{subsection.6.105}{\376\377\0006\000.\0001\0000\0005\000\040\000D\000D\000S\000\137\000W\000i\000r\000e\000P\000r\000o\000t\000o\000c\000o\000l\000Q\000o\000s\000P\000o\000l\000i\000c\000y\000\040\000S\000t\000r\000u\000c\000t\000\040\000R\000e\000f\000e\000r\000e\000n\000c\000e}{section.6}% 469
\BOOKMARK [3][-]{subsubsection.6.105.1}{\376\377\0006\000.\0001\0000\0005\000.\0001\000\040\000D\000e\000t\000a\000i\000l\000e\000d\000\040\000D\000e\000s\000c\000r\000i\000p\000t\000i\000o\000n}{subsection.6.105}% 470
\BOOKMARK [3][-]{subsubsection.6.105.2}{\376\377\0006\000.\0001\0000\0005\000.\0002\000\040\000U\000s\000a\000g\000e}{subsection.6.105}% 471
\BOOKMARK [3][-]{subsubsection.6.105.3}{\376\377\0006\000.\0001\0000\0005\000.\0003\000\040\000F\000i\000e\000l\000d\000\040\000D\000o\000c\000u\000m\000e\000n\000t\000a\000t\000i\000o\000n}{subsection.6.105}% 472
\BOOKMARK [2][-]{subsection.6.106}{\376\377\0006\000.\0001\0000\0006\000\040\000D\000D\000S\000\137\000W\000r\000i\000t\000e\000P\000a\000r\000a\000m\000s\000\137\000t\000\040\000S\000t\000r\000u\000c\000t\000\040\000R\000e\000f\000e\000r\000e\000n\000c\000e}{section.6}% 473
\BOOKMARK [3][-]{subsubsection.6.106.1}{\376\377\0006\000.\0001\0000\0006\000.\0001\000\040\000D\000e\000t\000a\000i\000l\000e\000d\000\040\000D\000e\000s\000c\000r\000i\000p\000t\000i\000o\000n}{subsection.6.106}% 474
\BOOKMARK [3][-]{subsubsection.6.106.2}{\376\377\0006\000.\0001\0000\0006\000.\0002\000\040\000F\000i\000e\000l\000d\000\040\000D\000o\000c\000u\000m\000e\000n\000t\000a\000t\000i\000o\000n}{subsection.6.106}% 475
\BOOKMARK [2][-]{subsection.6.107}{\376\377\0006\000.\0001\0000\0007\000\040\000D\000P\000D\000E\000\137\000D\000i\000s\000c\000o\000v\000e\000r\000y\000P\000l\000u\000g\000i\000n\000P\000r\000o\000p\000e\000r\000t\000y\000\040\000S\000t\000r\000u\000c\000t\000\040\000R\000e\000f\000e\000r\000e\000n\000c\000e}{section.6}% 476
\BOOKMARK [3][-]{subsubsection.6.107.1}{\376\377\0006\000.\0001\0000\0007\000.\0001\000\040\000D\000e\000t\000a\000i\000l\000e\000d\000\040\000D\000e\000s\000c\000r\000i\000p\000t\000i\000o\000n}{subsection.6.107}% 477
\BOOKMARK [3][-]{subsubsection.6.107.2}{\376\377\0006\000.\0001\0000\0007\000.\0002\000\040\000F\000i\000e\000l\000d\000\040\000D\000o\000c\000u\000m\000e\000n\000t\000a\000t\000i\000o\000n}{subsection.6.107}% 478
\BOOKMARK [2][-]{subsection.6.108}{\376\377\0006\000.\0001\0000\0008\000\040\000D\000P\000S\000E\000\137\000D\000i\000s\000c\000o\000v\000e\000r\000y\000P\000l\000u\000g\000i\000n\000P\000r\000o\000p\000e\000r\000t\000y\000\040\000S\000t\000r\000u\000c\000t\000\040\000R\000e\000f\000e\000r\000e\000n\000c\000e}{section.6}% 479
\BOOKMARK [3][-]{subsubsection.6.108.1}{\376\377\0006\000.\0001\0000\0008\000.\0001\000\040\000D\000e\000t\000a\000i\000l\000e\000d\000\040\000D\000e\000s\000c\000r\000i\000p\000t\000i\000o\000n}{subsection.6.108}% 480
\BOOKMARK [3][-]{subsubsection.6.108.2}{\376\377\0006\000.\0001\0000\0008\000.\0002\000\040\000F\000i\000e\000l\000d\000\040\000D\000o\000c\000u\000m\000e\000n\000t\000a\000t\000i\000o\000n}{subsection.6.108}% 481
\BOOKMARK [2][-]{subsection.6.109}{\376\377\0006\000.\0001\0000\0009\000\040\000F\000o\000o\000D\000a\000t\000a\000R\000e\000a\000d\000e\000r\000\040\000S\000t\000r\000u\000c\000t\000\040\000R\000e\000f\000e\000r\000e\000n\000c\000e}{section.6}% 482
\BOOKMARK [3][-]{subsubsection.6.109.1}{\376\377\0006\000.\0001\0000\0009\000.\0001\000\040\000D\000e\000t\000a\000i\000l\000e\000d\000\040\000D\000e\000s\000c\000r\000i\000p\000t\000i\000o\000n}{subsection.6.109}% 483
\BOOKMARK [2][-]{subsection.6.110}{\376\377\0006\000.\0001\0001\0000\000\040\000F\000o\000o\000D\000a\000t\000a\000W\000r\000i\000t\000e\000r\000\040\000S\000t\000r\000u\000c\000t\000\040\000R\000e\000f\000e\000r\000e\000n\000c\000e}{section.6}% 484
\BOOKMARK [3][-]{subsubsection.6.110.1}{\376\377\0006\000.\0001\0001\0000\000.\0001\000\040\000D\000e\000t\000a\000i\000l\000e\000d\000\040\000D\000e\000s\000c\000r\000i\000p\000t\000i\000o\000n}{subsection.6.110}% 485
\BOOKMARK [2][-]{subsection.6.111}{\376\377\0006\000.\0001\0001\0001\000\040\000F\000o\000o\000S\000e\000q\000\040\000S\000t\000r\000u\000c\000t\000\040\000R\000e\000f\000e\000r\000e\000n\000c\000e}{section.6}% 486
\BOOKMARK [3][-]{subsubsection.6.111.1}{\376\377\0006\000.\0001\0001\0001\000.\0001\000\040\000D\000e\000t\000a\000i\000l\000e\000d\000\040\000D\000e\000s\000c\000r\000i\000p\000t\000i\000o\000n}{subsection.6.111}% 487
\BOOKMARK [3][-]{subsubsection.6.111.2}{\376\377\0006\000.\0001\0001\0001\000.\0002\000\040\000F\000i\000e\000l\000d\000\040\000D\000o\000c\000u\000m\000e\000n\000t\000a\000t\000i\000o\000n}{subsection.6.111}% 488
\BOOKMARK [2][-]{subsection.6.112}{\376\377\0006\000.\0001\0001\0002\000\040\000F\000o\000o\000T\000y\000p\000e\000S\000u\000p\000p\000o\000r\000t\000\040\000S\000t\000r\000u\000c\000t\000\040\000R\000e\000f\000e\000r\000e\000n\000c\000e}{section.6}% 489
\BOOKMARK [3][-]{subsubsection.6.112.1}{\376\377\0006\000.\0001\0001\0002\000.\0001\000\040\000D\000e\000t\000a\000i\000l\000e\000d\000\040\000D\000e\000s\000c\000r\000i\000p\000t\000i\000o\000n}{subsection.6.112}% 490
\BOOKMARK [2][-]{subsection.6.113}{\376\377\0006\000.\0001\0001\0003\000\040\000N\000D\000D\000S\000\137\000D\000i\000s\000c\000o\000v\000e\000r\000y\000\137\000P\000r\000o\000p\000e\000r\000t\000y\000\040\000S\000t\000r\000u\000c\000t\000\040\000R\000e\000f\000e\000r\000e\000n\000c\000e}{section.6}% 491
\BOOKMARK [3][-]{subsubsection.6.113.1}{\376\377\0006\000.\0001\0001\0003\000.\0001\000\040\000D\000e\000t\000a\000i\000l\000e\000d\000\040\000D\000e\000s\000c\000r\000i\000p\000t\000i\000o\000n}{subsection.6.113}% 492
\BOOKMARK [2][-]{subsection.6.114}{\376\377\0006\000.\0001\0001\0004\000\040\000N\000D\000D\000S\000\137\000T\000y\000p\000e\000\137\000P\000l\000u\000g\000i\000n\000V\000e\000r\000s\000i\000o\000n\000\040\000S\000t\000r\000u\000c\000t\000\040\000R\000e\000f\000e\000r\000e\000n\000c\000e}{section.6}% 493
\BOOKMARK [3][-]{subsubsection.6.114.1}{\376\377\0006\000.\0001\0001\0004\000.\0001\000\040\000D\000e\000t\000a\000i\000l\000e\000d\000\040\000D\000e\000s\000c\000r\000i\000p\000t\000i\000o\000n}{subsection.6.114}% 494
\BOOKMARK [3][-]{subsubsection.6.114.2}{\376\377\0006\000.\0001\0001\0004\000.\0002\000\040\000F\000i\000e\000l\000d\000\040\000D\000o\000c\000u\000m\000e\000n\000t\000a\000t\000i\000o\000n}{subsection.6.114}% 495
\BOOKMARK [2][-]{subsection.6.115}{\376\377\0006\000.\0001\0001\0005\000\040\000N\000E\000T\000I\000O\000\137\000A\000d\000d\000r\000e\000s\000s\000\040\000S\000t\000r\000u\000c\000t\000\040\000R\000e\000f\000e\000r\000e\000n\000c\000e}{section.6}% 496
\BOOKMARK [3][-]{subsubsection.6.115.1}{\376\377\0006\000.\0001\0001\0005\000.\0001\000\040\000D\000e\000t\000a\000i\000l\000e\000d\000\040\000D\000e\000s\000c\000r\000i\000p\000t\000i\000o\000n}{subsection.6.115}% 497
\BOOKMARK [3][-]{subsubsection.6.115.2}{\376\377\0006\000.\0001\0001\0005\000.\0002\000\040\000F\000i\000e\000l\000d\000\040\000D\000o\000c\000u\000m\000e\000n\000t\000a\000t\000i\000o\000n}{subsection.6.115}% 498
\BOOKMARK [2][-]{subsection.6.116}{\376\377\0006\000.\0001\0001\0006\000\040\000N\000E\000T\000I\000O\000\137\000A\000d\000d\000r\000e\000s\000s\000E\000x\000\040\000S\000t\000r\000u\000c\000t\000\040\000R\000e\000f\000e\000r\000e\000n\000c\000e}{section.6}% 499
\BOOKMARK [3][-]{subsubsection.6.116.1}{\376\377\0006\000.\0001\0001\0006\000.\0001\000\040\000D\000e\000t\000a\000i\000l\000e\000d\000\040\000D\000e\000s\000c\000r\000i\000p\000t\000i\000o\000n}{subsection.6.116}% 500
\BOOKMARK [3][-]{subsubsection.6.116.2}{\376\377\0006\000.\0001\0001\0006\000.\0002\000\040\000F\000i\000e\000l\000d\000\040\000D\000o\000c\000u\000m\000e\000n\000t\000a\000t\000i\000o\000n}{subsection.6.116}% 501
\BOOKMARK [2][-]{subsection.6.117}{\376\377\0006\000.\0001\0001\0007\000\040\000N\000E\000T\000I\000O\000\137\000A\000d\000d\000r\000e\000s\000s\000S\000e\000q\000\040\000S\000t\000r\000u\000c\000t\000\040\000R\000e\000f\000e\000r\000e\000n\000c\000e}{section.6}% 502
\BOOKMARK [3][-]{subsubsection.6.117.1}{\376\377\0006\000.\0001\0001\0007\000.\0001\000\040\000D\000e\000t\000a\000i\000l\000e\000d\000\040\000D\000e\000s\000c\000r\000i\000p\000t\000i\000o\000n}{subsection.6.117}% 503
\BOOKMARK [2][-]{subsection.6.118}{\376\377\0006\000.\0001\0001\0008\000\040\000N\000E\000T\000I\000O\000\137\000A\000d\000d\000r\000e\000s\000s\000U\000I\000n\000t\0003\0002\000\040\000S\000t\000r\000u\000c\000t\000\040\000R\000e\000f\000e\000r\000e\000n\000c\000e}{section.6}% 504
\BOOKMARK [3][-]{subsubsection.6.118.1}{\376\377\0006\000.\0001\0001\0008\000.\0001\000\040\000D\000e\000t\000a\000i\000l\000e\000d\000\040\000D\000e\000s\000c\000r\000i\000p\000t\000i\000o\000n}{subsection.6.118}% 505
\BOOKMARK [3][-]{subsubsection.6.118.2}{\376\377\0006\000.\0001\0001\0008\000.\0002\000\040\000F\000i\000e\000l\000d\000\040\000D\000o\000c\000u\000m\000e\000n\000t\000a\000t\000i\000o\000n}{subsection.6.118}% 506
\BOOKMARK [2][-]{subsection.6.119}{\376\377\0006\000.\0001\0001\0009\000\040\000N\000E\000T\000I\000O\000\137\000A\000d\000d\000r\000e\000s\000s\000V\000a\000l\000u\000e\000\040\000U\000n\000i\000o\000n\000\040\000R\000e\000f\000e\000r\000e\000n\000c\000e}{section.6}% 507
\BOOKMARK [3][-]{subsubsection.6.119.1}{\376\377\0006\000.\0001\0001\0009\000.\0001\000\040\000D\000e\000t\000a\000i\000l\000e\000d\000\040\000D\000e\000s\000c\000r\000i\000p\000t\000i\000o\000n}{subsection.6.119}% 508
\BOOKMARK [3][-]{subsubsection.6.119.2}{\376\377\0006\000.\0001\0001\0009\000.\0002\000\040\000F\000i\000e\000l\000d\000\040\000D\000o\000c\000u\000m\000e\000n\000t\000a\000t\000i\000o\000n}{subsection.6.119}% 509
\BOOKMARK [2][-]{subsection.6.120}{\376\377\0006\000.\0001\0002\0000\000\040\000N\000E\000T\000I\000O\000\137\000D\000G\000R\000A\000M\000\137\000I\000n\000t\000e\000r\000f\000a\000c\000e\000I\000\040\000S\000t\000r\000u\000c\000t\000\040\000R\000e\000f\000e\000r\000e\000n\000c\000e}{section.6}% 510
\BOOKMARK [3][-]{subsubsection.6.120.1}{\376\377\0006\000.\0001\0002\0000\000.\0001\000\040\000D\000e\000t\000a\000i\000l\000e\000d\000\040\000D\000e\000s\000c\000r\000i\000p\000t\000i\000o\000n}{subsection.6.120}% 511
\BOOKMARK [3][-]{subsubsection.6.120.2}{\376\377\0006\000.\0001\0002\0000\000.\0002\000\040\000F\000i\000e\000l\000d\000\040\000D\000o\000c\000u\000m\000e\000n\000t\000a\000t\000i\000o\000n}{subsection.6.120}% 512
\BOOKMARK [2][-]{subsection.6.121}{\376\377\0006\000.\0001\0002\0001\000\040\000N\000E\000T\000I\000O\000\137\000D\000G\000R\000A\000M\000\137\000I\000n\000t\000e\000r\000f\000a\000c\000e\000M\000u\000l\000t\000i\000C\000a\000s\000t\000G\000r\000o\000u\000p\000\040\000S\000t\000r\000u\000c\000t\000\040\000R\000e\000f\000e\000r\000e\000n\000c\000e}{section.6}% 513
\BOOKMARK [3][-]{subsubsection.6.121.1}{\376\377\0006\000.\0001\0002\0001\000.\0001\000\040\000D\000e\000t\000a\000i\000l\000e\000d\000\040\000D\000e\000s\000c\000r\000i\000p\000t\000i\000o\000n}{subsection.6.121}% 514
\BOOKMARK [3][-]{subsubsection.6.121.2}{\376\377\0006\000.\0001\0002\0001\000.\0002\000\040\000F\000i\000e\000l\000d\000\040\000D\000o\000c\000u\000m\000e\000n\000t\000a\000t\000i\000o\000n}{subsection.6.121}% 515
\BOOKMARK [2][-]{subsection.6.122}{\376\377\0006\000.\0001\0002\0002\000\040\000N\000E\000T\000I\000O\000\137\000D\000G\000R\000A\000M\000\137\000I\000n\000t\000e\000r\000f\000a\000c\000e\000R\000o\000u\000t\000e\000E\000n\000t\000r\000y\000\040\000S\000t\000r\000u\000c\000t\000\040\000R\000e\000f\000e\000r\000e\000n\000c\000e}{section.6}% 516
\BOOKMARK [3][-]{subsubsection.6.122.1}{\376\377\0006\000.\0001\0002\0002\000.\0001\000\040\000D\000e\000t\000a\000i\000l\000e\000d\000\040\000D\000e\000s\000c\000r\000i\000p\000t\000i\000o\000n}{subsection.6.122}% 517
\BOOKMARK [3][-]{subsubsection.6.122.2}{\376\377\0006\000.\0001\0002\0002\000.\0002\000\040\000F\000i\000e\000l\000d\000\040\000D\000o\000c\000u\000m\000e\000n\000t\000a\000t\000i\000o\000n}{subsection.6.122}% 518
\BOOKMARK [2][-]{subsection.6.123}{\376\377\0006\000.\0001\0002\0003\000\040\000N\000E\000T\000I\000O\000\137\000D\000G\000R\000A\000M\000\137\000I\000n\000t\000e\000r\000f\000a\000c\000e\000T\000a\000b\000l\000e\000E\000n\000t\000r\000y\000\040\000S\000t\000r\000u\000c\000t\000\040\000R\000e\000f\000e\000r\000e\000n\000c\000e}{section.6}% 519
\BOOKMARK [3][-]{subsubsection.6.123.1}{\376\377\0006\000.\0001\0002\0003\000.\0001\000\040\000D\000e\000t\000a\000i\000l\000e\000d\000\040\000D\000e\000s\000c\000r\000i\000p\000t\000i\000o\000n}{subsection.6.123}% 520
\BOOKMARK [3][-]{subsubsection.6.123.2}{\376\377\0006\000.\0001\0002\0003\000.\0002\000\040\000F\000i\000e\000l\000d\000\040\000D\000o\000c\000u\000m\000e\000n\000t\000a\000t\000i\000o\000n}{subsection.6.123}% 521
\BOOKMARK [2][-]{subsection.6.124}{\376\377\0006\000.\0001\0002\0004\000\040\000N\000E\000T\000I\000O\000\137\000D\000G\000R\000A\000M\000\137\000I\000n\000t\000e\000r\000f\000a\000c\000e\000T\000a\000b\000l\000e\000E\000n\000t\000r\000y\000S\000e\000q\000\040\000S\000t\000r\000u\000c\000t\000\040\000R\000e\000f\000e\000r\000e\000n\000c\000e}{section.6}% 522
\BOOKMARK [3][-]{subsubsection.6.124.1}{\376\377\0006\000.\0001\0002\0004\000.\0001\000\040\000D\000e\000t\000a\000i\000l\000e\000d\000\040\000D\000e\000s\000c\000r\000i\000p\000t\000i\000o\000n}{subsection.6.124}% 523
\BOOKMARK [2][-]{subsection.6.125}{\376\377\0006\000.\0001\0002\0005\000\040\000N\000E\000T\000I\000O\000\137\000I\000n\000t\000e\000r\000f\000a\000c\000e\000\040\000S\000t\000r\000u\000c\000t\000\040\000R\000e\000f\000e\000r\000e\000n\000c\000e}{section.6}% 524
\BOOKMARK [3][-]{subsubsection.6.125.1}{\376\377\0006\000.\0001\0002\0005\000.\0001\000\040\000D\000e\000t\000a\000i\000l\000e\000d\000\040\000D\000e\000s\000c\000r\000i\000p\000t\000i\000o\000n}{subsection.6.125}% 525
\BOOKMARK [2][-]{subsection.6.126}{\376\377\0006\000.\0001\0002\0006\000\040\000N\000E\000T\000I\000O\000\137\000I\000n\000t\000e\000r\000f\000a\000c\000e\000I\000\040\000S\000t\000r\000u\000c\000t\000\040\000R\000e\000f\000e\000r\000e\000n\000c\000e}{section.6}% 526
\BOOKMARK [3][-]{subsubsection.6.126.1}{\376\377\0006\000.\0001\0002\0006\000.\0001\000\040\000D\000e\000t\000a\000i\000l\000e\000d\000\040\000D\000e\000s\000c\000r\000i\000p\000t\000i\000o\000n}{subsection.6.126}% 527
\BOOKMARK [2][-]{subsection.6.127}{\376\377\0006\000.\0001\0002\0007\000\040\000N\000E\000T\000I\000O\000\137\000N\000e\000t\000m\000a\000s\000k\000\040\000S\000t\000r\000u\000c\000t\000\040\000R\000e\000f\000e\000r\000e\000n\000c\000e}{section.6}% 528
\BOOKMARK [3][-]{subsubsection.6.127.1}{\376\377\0006\000.\0001\0002\0007\000.\0001\000\040\000D\000e\000t\000a\000i\000l\000e\000d\000\040\000D\000e\000s\000c\000r\000i\000p\000t\000i\000o\000n}{subsection.6.127}% 529
\BOOKMARK [3][-]{subsubsection.6.127.2}{\376\377\0006\000.\0001\0002\0007\000.\0002\000\040\000F\000i\000e\000l\000d\000\040\000D\000o\000c\000u\000m\000e\000n\000t\000a\000t\000i\000o\000n}{subsection.6.127}% 530
\BOOKMARK [2][-]{subsection.6.128}{\376\377\0006\000.\0001\0002\0008\000\040\000N\000E\000T\000I\000O\000\137\000N\000e\000t\000m\000a\000s\000k\000S\000e\000q\000\040\000S\000t\000r\000u\000c\000t\000\040\000R\000e\000f\000e\000r\000e\000n\000c\000e}{section.6}% 531
\BOOKMARK [3][-]{subsubsection.6.128.1}{\376\377\0006\000.\0001\0002\0008\000.\0001\000\040\000D\000e\000t\000a\000i\000l\000e\000d\000\040\000D\000e\000s\000c\000r\000i\000p\000t\000i\000o\000n}{subsection.6.128}% 532
\BOOKMARK [2][-]{subsection.6.129}{\376\377\0006\000.\0001\0002\0009\000\040\000N\000E\000T\000I\000O\000\137\000P\000a\000c\000k\000e\000t\000\040\000S\000t\000r\000u\000c\000t\000\040\000R\000e\000f\000e\000r\000e\000n\000c\000e}{section.6}% 533
\BOOKMARK [3][-]{subsubsection.6.129.1}{\376\377\0006\000.\0001\0002\0009\000.\0001\000\040\000D\000e\000t\000a\000i\000l\000e\000d\000\040\000D\000e\000s\000c\000r\000i\000p\000t\000i\000o\000n}{subsection.6.129}% 534
\BOOKMARK [2][-]{subsection.6.130}{\376\377\0006\000.\0001\0003\0000\000\040\000N\000E\000T\000I\000O\000\137\000S\000h\000a\000r\000e\000d\000M\000e\000m\000o\000r\000y\000S\000e\000g\000m\000e\000n\000t\000H\000e\000a\000d\000e\000r\000\040\000S\000t\000r\000u\000c\000t\000\040\000R\000e\000f\000e\000r\000e\000n\000c\000e}{section.6}% 535
\BOOKMARK [3][-]{subsubsection.6.130.1}{\376\377\0006\000.\0001\0003\0000\000.\0001\000\040\000D\000e\000t\000a\000i\000l\000e\000d\000\040\000D\000e\000s\000c\000r\000i\000p\000t\000i\000o\000n}{subsection.6.130}% 536
\BOOKMARK [2][-]{subsection.6.131}{\376\377\0006\000.\0001\0003\0001\000\040\000N\000E\000T\000I\000O\000\137\000S\000H\000M\000E\000M\000I\000n\000t\000e\000r\000f\000a\000c\000e\000F\000a\000c\000t\000o\000r\000y\000P\000r\000o\000p\000e\000r\000t\000y\000\040\000S\000t\000r\000u\000c\000t\000\040\000R\000e\000f\000e\000r\000e\000n\000c\000e}{section.6}% 537
\BOOKMARK [3][-]{subsubsection.6.131.1}{\376\377\0006\000.\0001\0003\0001\000.\0001\000\040\000D\000e\000t\000a\000i\000l\000e\000d\000\040\000D\000e\000s\000c\000r\000i\000p\000t\000i\000o\000n}{subsection.6.131}% 538
\BOOKMARK [3][-]{subsubsection.6.131.2}{\376\377\0006\000.\0001\0003\0001\000.\0002\000\040\000F\000i\000e\000l\000d\000\040\000D\000o\000c\000u\000m\000e\000n\000t\000a\000t\000i\000o\000n}{subsection.6.131}% 539
\BOOKMARK [2][-]{subsection.6.132}{\376\377\0006\000.\0001\0003\0002\000\040\000O\000S\000A\000P\000I\000\137\000L\000o\000g\000E\000n\000t\000r\000y\000\040\000S\000t\000r\000u\000c\000t\000\040\000R\000e\000f\000e\000r\000e\000n\000c\000e}{section.6}% 540
\BOOKMARK [3][-]{subsubsection.6.132.1}{\376\377\0006\000.\0001\0003\0002\000.\0001\000\040\000D\000e\000t\000a\000i\000l\000e\000d\000\040\000D\000e\000s\000c\000r\000i\000p\000t\000i\000o\000n}{subsection.6.132}% 541
\BOOKMARK [2][-]{subsection.6.133}{\376\377\0006\000.\0001\0003\0003\000\040\000O\000S\000A\000P\000I\000\137\000L\000o\000g\000P\000r\000o\000p\000e\000r\000t\000y\000\040\000S\000t\000r\000u\000c\000t\000\040\000R\000e\000f\000e\000r\000e\000n\000c\000e}{section.6}% 542
\BOOKMARK [3][-]{subsubsection.6.133.1}{\376\377\0006\000.\0001\0003\0003\000.\0001\000\040\000D\000e\000t\000a\000i\000l\000e\000d\000\040\000D\000e\000s\000c\000r\000i\000p\000t\000i\000o\000n}{subsection.6.133}% 543
\BOOKMARK [3][-]{subsubsection.6.133.2}{\376\377\0006\000.\0001\0003\0003\000.\0002\000\040\000F\000i\000e\000l\000d\000\040\000D\000o\000c\000u\000m\000e\000n\000t\000a\000t\000i\000o\000n}{subsection.6.133}% 544
\BOOKMARK [2][-]{subsection.6.134}{\376\377\0006\000.\0001\0003\0004\000\040\000O\000S\000A\000P\000I\000\137\000S\000h\000a\000r\000e\000d\000M\000e\000m\000o\000r\000y\000S\000e\000g\000m\000e\000n\000t\000H\000a\000n\000d\000l\000e\000\040\000S\000t\000r\000u\000c\000t\000\040\000R\000e\000f\000e\000r\000e\000n\000c\000e}{section.6}% 545
\BOOKMARK [3][-]{subsubsection.6.134.1}{\376\377\0006\000.\0001\0003\0004\000.\0001\000\040\000D\000e\000t\000a\000i\000l\000e\000d\000\040\000D\000e\000s\000c\000r\000i\000p\000t\000i\000o\000n}{subsection.6.134}% 546
\BOOKMARK [3][-]{subsubsection.6.134.2}{\376\377\0006\000.\0001\0003\0004\000.\0002\000\040\000F\000i\000e\000l\000d\000\040\000D\000o\000c\000u\000m\000e\000n\000t\000a\000t\000i\000o\000n}{subsection.6.134}% 547
\BOOKMARK [2][-]{subsection.6.135}{\376\377\0006\000.\0001\0003\0005\000\040\000O\000S\000A\000P\000I\000\137\000S\000h\000a\000r\000e\000d\000M\000e\000m\000o\000r\000y\000S\000e\000g\000m\000e\000n\000t\000H\000e\000a\000d\000e\000r\000\040\000S\000t\000r\000u\000c\000t\000\040\000R\000e\000f\000e\000r\000e\000n\000c\000e}{section.6}% 548
\BOOKMARK [3][-]{subsubsection.6.135.1}{\376\377\0006\000.\0001\0003\0005\000.\0001\000\040\000D\000e\000t\000a\000i\000l\000e\000d\000\040\000D\000e\000s\000c\000r\000i\000p\000t\000i\000o\000n}{subsection.6.135}% 549
\BOOKMARK [3][-]{subsubsection.6.135.2}{\376\377\0006\000.\0001\0003\0005\000.\0002\000\040\000F\000i\000e\000l\000d\000\040\000D\000o\000c\000u\000m\000e\000n\000t\000a\000t\000i\000o\000n}{subsection.6.135}% 550
\BOOKMARK [2][-]{subsection.6.136}{\376\377\0006\000.\0001\0003\0006\000\040\000O\000S\000A\000P\000I\000\137\000S\000y\000s\000t\000e\000m\000I\000\040\000S\000t\000r\000u\000c\000t\000\040\000R\000e\000f\000e\000r\000e\000n\000c\000e}{section.6}% 551
\BOOKMARK [3][-]{subsubsection.6.136.1}{\376\377\0006\000.\0001\0003\0006\000.\0001\000\040\000D\000e\000t\000a\000i\000l\000e\000d\000\040\000D\000e\000s\000c\000r\000i\000p\000t\000i\000o\000n}{subsection.6.136}% 552
\BOOKMARK [3][-]{subsubsection.6.136.2}{\376\377\0006\000.\0001\0003\0006\000.\0002\000\040\000F\000i\000e\000l\000d\000\040\000D\000o\000c\000u\000m\000e\000n\000t\000a\000t\000i\000o\000n}{subsection.6.136}% 553
\BOOKMARK [2][-]{subsection.6.137}{\376\377\0006\000.\0001\0003\0007\000\040\000O\000S\000A\000P\000I\000\137\000S\000y\000s\000t\000e\000m\000P\000r\000o\000p\000e\000r\000t\000y\000\040\000S\000t\000r\000u\000c\000t\000\040\000R\000e\000f\000e\000r\000e\000n\000c\000e}{section.6}% 554
\BOOKMARK [3][-]{subsubsection.6.137.1}{\376\377\0006\000.\0001\0003\0007\000.\0001\000\040\000D\000e\000t\000a\000i\000l\000e\000d\000\040\000D\000e\000s\000c\000r\000i\000p\000t\000i\000o\000n}{subsection.6.137}% 555
\BOOKMARK [3][-]{subsubsection.6.137.2}{\376\377\0006\000.\0001\0003\0007\000.\0002\000\040\000F\000i\000e\000l\000d\000\040\000D\000o\000c\000u\000m\000e\000n\000t\000a\000t\000i\000o\000n}{subsection.6.137}% 556
\BOOKMARK [2][-]{subsection.6.138}{\376\377\0006\000.\0001\0003\0008\000\040\000O\000S\000A\000P\000I\000\137\000S\000y\000s\000t\000e\000m\000T\000i\000m\000e\000\040\000S\000t\000r\000u\000c\000t\000\040\000R\000e\000f\000e\000r\000e\000n\000c\000e}{section.6}% 557
\BOOKMARK [3][-]{subsubsection.6.138.1}{\376\377\0006\000.\0001\0003\0008\000.\0001\000\040\000D\000e\000t\000a\000i\000l\000e\000d\000\040\000D\000e\000s\000c\000r\000i\000p\000t\000i\000o\000n}{subsection.6.138}% 558
\BOOKMARK [3][-]{subsubsection.6.138.2}{\376\377\0006\000.\0001\0003\0008\000.\0002\000\040\000F\000i\000e\000l\000d\000\040\000D\000o\000c\000u\000m\000e\000n\000t\000a\000t\000i\000o\000n}{subsection.6.138}% 559
\BOOKMARK [2][-]{subsection.6.139}{\376\377\0006\000.\0001\0003\0009\000\040\000O\000S\000A\000P\000I\000\137\000T\000a\000s\000k\000P\000r\000o\000p\000e\000r\000t\000y\000\040\000S\000t\000r\000u\000c\000t\000\040\000R\000e\000f\000e\000r\000e\000n\000c\000e}{section.6}% 560
\BOOKMARK [3][-]{subsubsection.6.139.1}{\376\377\0006\000.\0001\0003\0009\000.\0001\000\040\000D\000e\000t\000a\000i\000l\000e\000d\000\040\000D\000e\000s\000c\000r\000i\000p\000t\000i\000o\000n}{subsection.6.139}% 561
\BOOKMARK [3][-]{subsubsection.6.139.2}{\376\377\0006\000.\0001\0003\0009\000.\0002\000\040\000F\000i\000e\000l\000d\000\040\000D\000o\000c\000u\000m\000e\000n\000t\000a\000t\000i\000o\000n}{subsection.6.139}% 562
\BOOKMARK [2][-]{subsection.6.140}{\376\377\0006\000.\0001\0004\0000\000\040\000O\000S\000A\000P\000I\000\137\000T\000h\000r\000e\000a\000d\000P\000r\000o\000p\000e\000r\000t\000y\000\040\000S\000t\000r\000u\000c\000t\000\040\000R\000e\000f\000e\000r\000e\000n\000c\000e}{section.6}% 563
\BOOKMARK [3][-]{subsubsection.6.140.1}{\376\377\0006\000.\0001\0004\0000\000.\0001\000\040\000D\000e\000t\000a\000i\000l\000e\000d\000\040\000D\000e\000s\000c\000r\000i\000p\000t\000i\000o\000n}{subsection.6.140}% 564
\BOOKMARK [3][-]{subsubsection.6.140.2}{\376\377\0006\000.\0001\0004\0000\000.\0002\000\040\000F\000i\000e\000l\000d\000\040\000D\000o\000c\000u\000m\000e\000n\000t\000a\000t\000i\000o\000n}{subsection.6.140}% 565
\BOOKMARK [2][-]{subsection.6.141}{\376\377\0006\000.\0001\0004\0001\000\040\000O\000S\000A\000P\000I\000\137\000T\000i\000m\000e\000r\000P\000r\000o\000p\000e\000r\000t\000y\000\040\000S\000t\000r\000u\000c\000t\000\040\000R\000e\000f\000e\000r\000e\000n\000c\000e}{section.6}% 566
\BOOKMARK [3][-]{subsubsection.6.141.1}{\376\377\0006\000.\0001\0004\0001\000.\0001\000\040\000D\000e\000t\000a\000i\000l\000e\000d\000\040\000D\000e\000s\000c\000r\000i\000p\000t\000i\000o\000n}{subsection.6.141}% 567
\BOOKMARK [3][-]{subsubsection.6.141.2}{\376\377\0006\000.\0001\0004\0001\000.\0002\000\040\000F\000i\000e\000l\000d\000\040\000D\000o\000c\000u\000m\000e\000n\000t\000a\000t\000i\000o\000n}{subsection.6.141}% 568
\BOOKMARK [2][-]{subsection.6.142}{\376\377\0006\000.\0001\0004\0002\000\040\000P\000S\000K\000\137\000E\000r\000r\000L\000i\000s\000t\000e\000n\000e\000r\000\040\000S\000t\000r\000u\000c\000t\000\040\000R\000e\000f\000e\000r\000e\000n\000c\000e}{section.6}% 569
\BOOKMARK [3][-]{subsubsection.6.142.1}{\376\377\0006\000.\0001\0004\0002\000.\0001\000\040\000D\000e\000t\000a\000i\000l\000e\000d\000\040\000D\000e\000s\000c\000r\000i\000p\000t\000i\000o\000n}{subsection.6.142}% 570
\BOOKMARK [3][-]{subsubsection.6.142.2}{\376\377\0006\000.\0001\0004\0002\000.\0002\000\040\000F\000i\000e\000l\000d\000\040\000D\000o\000c\000u\000m\000e\000n\000t\000a\000t\000i\000o\000n}{subsection.6.142}% 571
\BOOKMARK [2][-]{subsection.6.143}{\376\377\0006\000.\0001\0004\0003\000\040\000P\000S\000K\000\137\000F\000i\000l\000e\000P\000a\000s\000s\000T\000r\000a\000c\000k\000e\000r\000E\000r\000r\000L\000i\000s\000t\000e\000n\000e\000r\000\040\000S\000t\000r\000u\000c\000t\000\040\000R\000e\000f\000e\000r\000e\000n\000c\000e}{section.6}% 572
\BOOKMARK [3][-]{subsubsection.6.143.1}{\376\377\0006\000.\0001\0004\0003\000.\0001\000\040\000D\000e\000t\000a\000i\000l\000e\000d\000\040\000D\000e\000s\000c\000r\000i\000p\000t\000i\000o\000n}{subsection.6.143}% 573
\BOOKMARK [3][-]{subsubsection.6.143.2}{\376\377\0006\000.\0001\0004\0003\000.\0002\000\040\000F\000i\000e\000l\000d\000\040\000D\000o\000c\000u\000m\000e\000n\000t\000a\000t\000i\000o\000n}{subsection.6.143}% 574
\BOOKMARK [2][-]{subsection.6.144}{\376\377\0006\000.\0001\0004\0004\000\040\000P\000S\000K\000\137\000P\000a\000s\000s\000T\000r\000a\000c\000k\000e\000r\000C\000o\000n\000f\000i\000g\000u\000r\000a\000t\000i\000o\000n\000\040\000S\000t\000r\000u\000c\000t\000\040\000R\000e\000f\000e\000r\000e\000n\000c\000e}{section.6}% 575
\BOOKMARK [3][-]{subsubsection.6.144.1}{\376\377\0006\000.\0001\0004\0004\000.\0001\000\040\000D\000e\000t\000a\000i\000l\000e\000d\000\040\000D\000e\000s\000c\000r\000i\000p\000t\000i\000o\000n}{subsection.6.144}% 576
\BOOKMARK [3][-]{subsubsection.6.144.2}{\376\377\0006\000.\0001\0004\0004\000.\0002\000\040\000F\000i\000e\000l\000d\000\040\000D\000o\000c\000u\000m\000e\000n\000t\000a\000t\000i\000o\000n}{subsection.6.144}% 577
\BOOKMARK [2][-]{subsection.6.145}{\376\377\0006\000.\0001\0004\0005\000\040\000R\000T\000P\000S\000\137\000C\000h\000e\000c\000k\000s\000u\000m\000\040\000U\000n\000i\000o\000n\000\040\000R\000e\000f\000e\000r\000e\000n\000c\000e}{section.6}% 578
\BOOKMARK [3][-]{subsubsection.6.145.1}{\376\377\0006\000.\0001\0004\0005\000.\0001\000\040\000D\000e\000t\000a\000i\000l\000e\000d\000\040\000D\000e\000s\000c\000r\000i\000p\000t\000i\000o\000n}{subsection.6.145}% 579
\BOOKMARK [2][-]{subsection.6.146}{\376\377\0006\000.\0001\0004\0006\000\040\000R\000T\000P\000S\000\137\000C\000h\000e\000c\000k\000s\000u\000m\000C\000l\000a\000s\000s\000\040\000S\000t\000r\000u\000c\000t\000\040\000R\000e\000f\000e\000r\000e\000n\000c\000e}{section.6}% 580
\BOOKMARK [3][-]{subsubsection.6.146.1}{\376\377\0006\000.\0001\0004\0006\000.\0001\000\040\000D\000e\000t\000a\000i\000l\000e\000d\000\040\000D\000e\000s\000c\000r\000i\000p\000t\000i\000o\000n}{subsection.6.146}% 581
\BOOKMARK [2][-]{subsection.6.147}{\376\377\0006\000.\0001\0004\0007\000\040\000R\000T\000P\000S\000\137\000C\000h\000e\000c\000k\000s\000u\000m\000P\000r\000o\000p\000e\000r\000t\000y\000\040\000S\000t\000r\000u\000c\000t\000\040\000R\000e\000f\000e\000r\000e\000n\000c\000e}{section.6}% 582
\BOOKMARK [3][-]{subsubsection.6.147.1}{\376\377\0006\000.\0001\0004\0007\000.\0001\000\040\000D\000e\000t\000a\000i\000l\000e\000d\000\040\000D\000e\000s\000c\000r\000i\000p\000t\000i\000o\000n}{subsection.6.147}% 583
\BOOKMARK [2][-]{subsection.6.148}{\376\377\0006\000.\0001\0004\0008\000\040\000R\000T\000P\000S\000\137\000I\000n\000t\000e\000r\000f\000a\000c\000e\000F\000a\000c\000t\000o\000r\000y\000P\000r\000o\000p\000e\000r\000t\000y\000\040\000S\000t\000r\000u\000c\000t\000\040\000R\000e\000f\000e\000r\000e\000n\000c\000e}{section.6}% 584
\BOOKMARK [3][-]{subsubsection.6.148.1}{\376\377\0006\000.\0001\0004\0008\000.\0001\000\040\000D\000e\000t\000a\000i\000l\000e\000d\000\040\000D\000e\000s\000c\000r\000i\000p\000t\000i\000o\000n}{subsection.6.148}% 585
\BOOKMARK [2][-]{subsection.6.149}{\376\377\0006\000.\0001\0004\0009\000\040\000U\000D\000P\000\137\000I\000n\000t\000e\000r\000f\000a\000c\000e\000F\000a\000c\000t\000o\000r\000y\000P\000r\000o\000p\000e\000r\000t\000y\000\040\000S\000t\000r\000u\000c\000t\000\040\000R\000e\000f\000e\000r\000e\000n\000c\000e}{section.6}% 586
\BOOKMARK [3][-]{subsubsection.6.149.1}{\376\377\0006\000.\0001\0004\0009\000.\0001\000\040\000D\000e\000t\000a\000i\000l\000e\000d\000\040\000D\000e\000s\000c\000r\000i\000p\000t\000i\000o\000n}{subsection.6.149}% 587
\BOOKMARK [3][-]{subsubsection.6.149.2}{\376\377\0006\000.\0001\0004\0009\000.\0002\000\040\000F\000i\000e\000l\000d\000\040\000D\000o\000c\000u\000m\000e\000n\000t\000a\000t\000i\000o\000n}{subsection.6.149}% 588
\BOOKMARK [2][-]{subsection.6.150}{\376\377\0006\000.\0001\0005\0000\000\040\000U\000D\000P\000\137\000I\000n\000t\000e\000r\000f\000a\000c\000e\000T\000a\000b\000l\000e\000E\000n\000t\000r\000y\000\040\000S\000t\000r\000u\000c\000t\000\040\000R\000e\000f\000e\000r\000e\000n\000c\000e}{section.6}% 589
\BOOKMARK [3][-]{subsubsection.6.150.1}{\376\377\0006\000.\0001\0005\0000\000.\0001\000\040\000D\000e\000t\000a\000i\000l\000e\000d\000\040\000D\000e\000s\000c\000r\000i\000p\000t\000i\000o\000n}{subsection.6.150}% 590
\BOOKMARK [3][-]{subsubsection.6.150.2}{\376\377\0006\000.\0001\0005\0000\000.\0002\000\040\000F\000i\000e\000l\000d\000\040\000D\000o\000c\000u\000m\000e\000n\000t\000a\000t\000i\000o\000n}{subsection.6.150}% 591
\BOOKMARK [2][-]{subsection.6.151}{\376\377\0006\000.\0001\0005\0001\000\040\000U\000D\000P\000\137\000I\000n\000t\000e\000r\000f\000a\000c\000e\000T\000a\000b\000l\000e\000E\000n\000t\000r\000y\000S\000e\000q\000\040\000S\000t\000r\000u\000c\000t\000\040\000R\000e\000f\000e\000r\000e\000n\000c\000e}{section.6}% 592
\BOOKMARK [3][-]{subsubsection.6.151.1}{\376\377\0006\000.\0001\0005\0001\000.\0001\000\040\000D\000e\000t\000a\000i\000l\000e\000d\000\040\000D\000e\000s\000c\000r\000i\000p\000t\000i\000o\000n}{subsection.6.151}% 593
\BOOKMARK [2][-]{subsection.6.152}{\376\377\0006\000.\0001\0005\0002\000\040\000U\000D\000P\000\137\000N\000a\000t\000E\000n\000t\000r\000y\000\040\000S\000t\000r\000u\000c\000t\000\040\000R\000e\000f\000e\000r\000e\000n\000c\000e}{section.6}% 594
\BOOKMARK [3][-]{subsubsection.6.152.1}{\376\377\0006\000.\0001\0005\0002\000.\0001\000\040\000D\000e\000t\000a\000i\000l\000e\000d\000\040\000D\000e\000s\000c\000r\000i\000p\000t\000i\000o\000n}{subsection.6.152}% 595
\BOOKMARK [3][-]{subsubsection.6.152.2}{\376\377\0006\000.\0001\0005\0002\000.\0002\000\040\000F\000i\000e\000l\000d\000\040\000D\000o\000c\000u\000m\000e\000n\000t\000a\000t\000i\000o\000n}{subsection.6.152}% 596
\BOOKMARK [2][-]{subsection.6.153}{\376\377\0006\000.\0001\0005\0003\000\040\000U\000D\000P\000\137\000N\000a\000t\000E\000n\000t\000r\000y\000S\000e\000q\000\040\000S\000t\000r\000u\000c\000t\000\040\000R\000e\000f\000e\000r\000e\000n\000c\000e}{section.6}% 597
\BOOKMARK [3][-]{subsubsection.6.153.1}{\376\377\0006\000.\0001\0005\0003\000.\0001\000\040\000D\000e\000t\000a\000i\000l\000e\000d\000\040\000D\000e\000s\000c\000r\000i\000p\000t\000i\000o\000n}{subsection.6.153}% 598
\BOOKMARK [2][-]{subsection.6.154}{\376\377\0006\000.\0001\0005\0004\000\040\000U\000D\000P\000\137\000T\000r\000a\000n\000s\000f\000o\000r\000m\000\040\000S\000t\000r\000u\000c\000t\000\040\000R\000e\000f\000e\000r\000e\000n\000c\000e}{section.6}% 599
\BOOKMARK [3][-]{subsubsection.6.154.1}{\376\377\0006\000.\0001\0005\0004\000.\0001\000\040\000D\000e\000t\000a\000i\000l\000e\000d\000\040\000D\000e\000s\000c\000r\000i\000p\000t\000i\000o\000n}{subsection.6.154}% 600
\BOOKMARK [2][-]{subsection.6.155}{\376\377\0006\000.\0001\0005\0005\000\040\000U\000D\000P\000\137\000T\000r\000a\000n\000s\000f\000o\000r\000m\000P\000r\000o\000p\000e\000r\000t\000y\000\040\000S\000t\000r\000u\000c\000t\000\040\000R\000e\000f\000e\000r\000e\000n\000c\000e}{section.6}% 601
\BOOKMARK [3][-]{subsubsection.6.155.1}{\376\377\0006\000.\0001\0005\0005\000.\0001\000\040\000D\000e\000t\000a\000i\000l\000e\000d\000\040\000D\000e\000s\000c\000r\000i\000p\000t\000i\000o\000n}{subsection.6.155}% 602
\BOOKMARK [2][-]{subsection.6.156}{\376\377\0006\000.\0001\0005\0006\000\040\000U\000D\000P\000\137\000T\000r\000a\000n\000s\000f\000o\000r\000m\000R\000u\000l\000e\000\040\000S\000t\000r\000u\000c\000t\000\040\000R\000e\000f\000e\000r\000e\000n\000c\000e}{section.6}% 603
\BOOKMARK [3][-]{subsubsection.6.156.1}{\376\377\0006\000.\0001\0005\0006\000.\0001\000\040\000D\000e\000t\000a\000i\000l\000e\000d\000\040\000D\000e\000s\000c\000r\000i\000p\000t\000i\000o\000n}{subsection.6.156}% 604
\BOOKMARK [2][-]{subsection.6.157}{\376\377\0006\000.\0001\0005\0007\000\040\000U\000D\000P\000\137\000T\000r\000a\000n\000s\000f\000o\000r\000m\000R\000u\000l\000e\000S\000e\000q\000\040\000S\000t\000r\000u\000c\000t\000\040\000R\000e\000f\000e\000r\000e\000n\000c\000e}{section.6}% 605
\BOOKMARK [3][-]{subsubsection.6.157.1}{\376\377\0006\000.\0001\0005\0007\000.\0001\000\040\000D\000e\000t\000a\000i\000l\000e\000d\000\040\000D\000e\000s\000c\000r\000i\000p\000t\000i\000o\000n}{subsection.6.157}% 606
\BOOKMARK [2][-]{subsection.6.158}{\376\377\0006\000.\0001\0005\0008\000\040\000U\000D\000P\000I\000n\000t\000e\000r\000f\000a\000c\000e\000F\000a\000c\000t\000o\000r\000y\000\040\000C\000l\000a\000s\000s\000\040\000R\000e\000f\000e\000r\000e\000n\000c\000e}{section.6}% 607
\BOOKMARK [3][-]{subsubsection.6.158.1}{\376\377\0006\000.\0001\0005\0008\000.\0001\000\040\000D\000e\000t\000a\000i\000l\000e\000d\000\040\000D\000e\000s\000c\000r\000i\000p\000t\000i\000o\000n}{subsection.6.158}% 608
\BOOKMARK [2][-]{subsection.6.159}{\376\377\0006\000.\0001\0005\0009\000\040\000U\000D\000P\000I\000n\000t\000e\000r\000f\000a\000c\000e\000T\000a\000b\000l\000e\000\040\000C\000l\000a\000s\000s\000\040\000R\000e\000f\000e\000r\000e\000n\000c\000e}{section.6}% 609
\BOOKMARK [3][-]{subsubsection.6.159.1}{\376\377\0006\000.\0001\0005\0009\000.\0001\000\040\000D\000e\000t\000a\000i\000l\000e\000d\000\040\000D\000e\000s\000c\000r\000i\000p\000t\000i\000o\000n}{subsection.6.159}% 610
\BOOKMARK [2][-]{subsection.6.160}{\376\377\0006\000.\0001\0006\0000\000\040\000Z\000C\000O\000P\000Y\000\137\000N\000o\000t\000i\000f\000I\000n\000t\000e\000r\000f\000a\000c\000e\000F\000a\000c\000t\000o\000r\000y\000P\000r\000o\000p\000e\000r\000t\000y\000\040\000S\000t\000r\000u\000c\000t\000\040\000R\000e\000f\000e\000r\000e\000n\000c\000e}{section.6}% 611
\BOOKMARK [3][-]{subsubsection.6.160.1}{\376\377\0006\000.\0001\0006\0000\000.\0001\000\040\000D\000e\000t\000a\000i\000l\000e\000d\000\040\000D\000e\000s\000c\000r\000i\000p\000t\000i\000o\000n}{subsection.6.160}% 612
\BOOKMARK [3][-]{subsubsection.6.160.2}{\376\377\0006\000.\0001\0006\0000\000.\0002\000\040\000F\000i\000e\000l\000d\000\040\000D\000o\000c\000u\000m\000e\000n\000t\000a\000t\000i\000o\000n}{subsection.6.160}% 613
\BOOKMARK [2][-]{subsection.6.161}{\376\377\0006\000.\0001\0006\0001\000\040\000Z\000C\000O\000P\000Y\000\137\000N\000o\000t\000i\000f\000M\000e\000c\000h\000a\000n\000i\000s\000m\000P\000r\000o\000p\000e\000r\000t\000y\000\040\000S\000t\000r\000u\000c\000t\000\040\000R\000e\000f\000e\000r\000e\000n\000c\000e}{section.6}% 614
\BOOKMARK [3][-]{subsubsection.6.161.1}{\376\377\0006\000.\0001\0006\0001\000.\0001\000\040\000D\000e\000t\000a\000i\000l\000e\000d\000\040\000D\000e\000s\000c\000r\000i\000p\000t\000i\000o\000n}{subsection.6.161}% 615
\BOOKMARK [3][-]{subsubsection.6.161.2}{\376\377\0006\000.\0001\0006\0001\000.\0002\000\040\000F\000i\000e\000l\000d\000\040\000D\000o\000c\000u\000m\000e\000n\000t\000a\000t\000i\000o\000n}{subsection.6.161}% 616
\BOOKMARK [2][-]{subsection.6.162}{\376\377\0006\000.\0001\0006\0002\000\040\000Z\000C\000O\000P\000Y\000\137\000N\000o\000t\000i\000f\000U\000s\000e\000r\000I\000n\000t\000e\000r\000f\000a\000c\000e\000I\000\040\000S\000t\000r\000u\000c\000t\000\040\000R\000e\000f\000e\000r\000e\000n\000c\000e}{section.6}% 617
\BOOKMARK [3][-]{subsubsection.6.162.1}{\376\377\0006\000.\0001\0006\0002\000.\0001\000\040\000D\000e\000t\000a\000i\000l\000e\000d\000\040\000D\000e\000s\000c\000r\000i\000p\000t\000i\000o\000n}{subsection.6.162}% 618
\BOOKMARK [3][-]{subsubsection.6.162.2}{\376\377\0006\000.\0001\0006\0002\000.\0002\000\040\000F\000i\000e\000l\000d\000\040\000D\000o\000c\000u\000m\000e\000n\000t\000a\000t\000i\000o\000n}{subsection.6.162}% 619
\BOOKMARK [1][-]{section.7}{\376\377\0007\000\040\000F\000i\000l\000e\000\040\000D\000o\000c\000u\000m\000e\000n\000t\000a\000t\000i\000o\000n}{}% 620
\BOOKMARK [2][-]{subsection.7.1}{\376\377\0007\000.\0001\000\040\000a\000p\000p\000\137\000g\000e\000n\000\137\000d\000l\000l\000.\000h\000\040\000F\000i\000l\000e\000\040\000R\000e\000f\000e\000r\000e\000n\000c\000e}{section.7}% 621
\BOOKMARK [3][-]{subsubsection.7.1.1}{\376\377\0007\000.\0001\000.\0001\000\040\000D\000e\000t\000a\000i\000l\000e\000d\000\040\000D\000e\000s\000c\000r\000i\000p\000t\000i\000o\000n}{subsection.7.1}% 622
\BOOKMARK [2][-]{subsection.7.2}{\376\377\0007\000.\0002\000\040\000a\000p\000p\000\137\000g\000e\000n\000\137\000l\000o\000g\000.\000h\000\040\000F\000i\000l\000e\000\040\000R\000e\000f\000e\000r\000e\000n\000c\000e}{section.7}% 623
\BOOKMARK [2][-]{subsection.7.3}{\376\377\0007\000.\0003\000\040\000c\000d\000r\000\137\000l\000o\000g\000.\000h\000\040\000F\000i\000l\000e\000\040\000R\000e\000f\000e\000r\000e\000n\000c\000e}{section.7}% 624
\BOOKMARK [2][-]{subsection.7.4}{\376\377\0007\000.\0004\000\040\000d\000b\000\137\000d\000l\000l\000.\000h\000\040\000F\000i\000l\000e\000\040\000R\000e\000f\000e\000r\000e\000n\000c\000e}{section.7}% 625
\BOOKMARK [3][-]{subsubsection.7.4.1}{\376\377\0007\000.\0004\000.\0001\000\040\000D\000e\000t\000a\000i\000l\000e\000d\000\040\000D\000e\000s\000c\000r\000i\000p\000t\000i\000o\000n}{subsection.7.4}% 626
\BOOKMARK [2][-]{subsection.7.5}{\376\377\0007\000.\0005\000\040\000d\000b\000\137\000l\000o\000g\000.\000h\000\040\000F\000i\000l\000e\000\040\000R\000e\000f\000e\000r\000e\000n\000c\000e}{section.7}% 627
\BOOKMARK [3][-]{subsubsection.7.5.1}{\376\377\0007\000.\0005\000.\0001\000\040\000D\000e\000t\000a\000i\000l\000e\000d\000\040\000D\000e\000s\000c\000r\000i\000p\000t\000i\000o\000n}{subsection.7.5}% 628
\BOOKMARK [2][-]{subsection.7.6}{\376\377\0007\000.\0006\000\040\000d\000d\000s\000\137\000c\000\137\000c\000o\000m\000m\000o\000n\000.\000h\000\040\000F\000i\000l\000e\000\040\000R\000e\000f\000e\000r\000e\000n\000c\000e}{section.7}% 629
\BOOKMARK [3][-]{subsubsection.7.6.1}{\376\377\0007\000.\0006\000.\0001\000\040\000D\000e\000t\000a\000i\000l\000e\000d\000\040\000D\000e\000s\000c\000r\000i\000p\000t\000i\000o\000n}{subsection.7.6}% 630
\BOOKMARK [2][-]{subsection.7.7}{\376\377\0007\000.\0007\000\040\000d\000d\000s\000\137\000c\000\137\000c\000o\000m\000m\000o\000n\000\137\000i\000m\000p\000l\000.\000h\000\040\000F\000i\000l\000e\000\040\000R\000e\000f\000e\000r\000e\000n\000c\000e}{section.7}% 631
\BOOKMARK [3][-]{subsubsection.7.7.1}{\376\377\0007\000.\0007\000.\0001\000\040\000D\000e\000t\000a\000i\000l\000e\000d\000\040\000D\000e\000s\000c\000r\000i\000p\000t\000i\000o\000n}{subsection.7.7}% 632
\BOOKMARK [2][-]{subsection.7.8}{\376\377\0007\000.\0008\000\040\000d\000d\000s\000\137\000c\000\137\000c\000o\000n\000f\000i\000g\000.\000h\000\040\000F\000i\000l\000e\000\040\000R\000e\000f\000e\000r\000e\000n\000c\000e}{section.7}% 633
\BOOKMARK [3][-]{subsubsection.7.8.1}{\376\377\0007\000.\0008\000.\0001\000\040\000D\000e\000t\000a\000i\000l\000e\000d\000\040\000D\000e\000s\000c\000r\000i\000p\000t\000i\000o\000n}{subsection.7.8}% 634
\BOOKMARK [2][-]{subsection.7.9}{\376\377\0007\000.\0009\000\040\000d\000d\000s\000\137\000c\000\137\000c\000o\000n\000t\000e\000n\000t\000\137\000f\000i\000l\000t\000e\000r\000.\000h\000\040\000F\000i\000l\000e\000\040\000R\000e\000f\000e\000r\000e\000n\000c\000e}{section.7}% 635
\BOOKMARK [3][-]{subsubsection.7.9.1}{\376\377\0007\000.\0009\000.\0001\000\040\000D\000e\000t\000a\000i\000l\000e\000d\000\040\000D\000e\000s\000c\000r\000i\000p\000t\000i\000o\000n}{subsection.7.9}% 636
\BOOKMARK [2][-]{subsection.7.10}{\376\377\0007\000.\0001\0000\000\040\000d\000d\000s\000\137\000c\000\137\000d\000i\000s\000c\000o\000v\000e\000r\000y\000.\000h\000\040\000F\000i\000l\000e\000\040\000R\000e\000f\000e\000r\000e\000n\000c\000e}{section.7}% 637
\BOOKMARK [3][-]{subsubsection.7.10.1}{\376\377\0007\000.\0001\0000\000.\0001\000\040\000D\000e\000t\000a\000i\000l\000e\000d\000\040\000D\000e\000s\000c\000r\000i\000p\000t\000i\000o\000n}{subsection.7.10}% 638
\BOOKMARK [2][-]{subsection.7.11}{\376\377\0007\000.\0001\0001\000\040\000d\000d\000s\000\137\000c\000\137\000d\000i\000s\000c\000o\000v\000e\000r\000y\000\137\000p\000l\000u\000g\000i\000n\000.\000h\000\040\000F\000i\000l\000e\000\040\000R\000e\000f\000e\000r\000e\000n\000c\000e}{section.7}% 639
\BOOKMARK [3][-]{subsubsection.7.11.1}{\376\377\0007\000.\0001\0001\000.\0001\000\040\000D\000e\000t\000a\000i\000l\000e\000d\000\040\000D\000e\000s\000c\000r\000i\000p\000t\000i\000o\000n}{subsection.7.11}% 640
\BOOKMARK [2][-]{subsection.7.12}{\376\377\0007\000.\0001\0002\000\040\000d\000d\000s\000\137\000c\000\137\000d\000l\000l\000.\000h\000\040\000F\000i\000l\000e\000\040\000R\000e\000f\000e\000r\000e\000n\000c\000e}{section.7}% 641
\BOOKMARK [3][-]{subsubsection.7.12.1}{\376\377\0007\000.\0001\0002\000.\0001\000\040\000D\000e\000t\000a\000i\000l\000e\000d\000\040\000D\000e\000s\000c\000r\000i\000p\000t\000i\000o\000n}{subsection.7.12}% 642
\BOOKMARK [2][-]{subsection.7.13}{\376\377\0007\000.\0001\0003\000\040\000d\000d\000s\000\137\000c\000\137\000d\000o\000m\000a\000i\000n\000.\000h\000\040\000F\000i\000l\000e\000\040\000R\000e\000f\000e\000r\000e\000n\000c\000e}{section.7}% 643
\BOOKMARK [3][-]{subsubsection.7.13.1}{\376\377\0007\000.\0001\0003\000.\0001\000\040\000D\000e\000t\000a\000i\000l\000e\000d\000\040\000D\000e\000s\000c\000r\000i\000p\000t\000i\000o\000n}{subsection.7.13}% 644
\BOOKMARK [3][-]{subsubsection.7.13.2}{\376\377\0007\000.\0001\0003\000.\0002\000\040\000M\000a\000c\000r\000o\000\040\000D\000e\000f\000i\000n\000i\000t\000i\000o\000n\000\040\000D\000o\000c\000u\000m\000e\000n\000t\000a\000t\000i\000o\000n}{subsection.7.13}% 645
\BOOKMARK [2][-]{subsection.7.14}{\376\377\0007\000.\0001\0004\000\040\000d\000d\000s\000\137\000c\000\137\000f\000l\000o\000w\000c\000o\000n\000t\000r\000o\000l\000l\000e\000r\000.\000h\000\040\000F\000i\000l\000e\000\040\000R\000e\000f\000e\000r\000e\000n\000c\000e}{section.7}% 646
\BOOKMARK [3][-]{subsubsection.7.14.1}{\376\377\0007\000.\0001\0004\000.\0001\000\040\000D\000e\000t\000a\000i\000l\000e\000d\000\040\000D\000e\000s\000c\000r\000i\000p\000t\000i\000o\000n}{subsection.7.14}% 647
\BOOKMARK [2][-]{subsection.7.15}{\376\377\0007\000.\0001\0005\000\040\000d\000d\000s\000\137\000c\000\137\000i\000n\000f\000r\000a\000s\000t\000r\000u\000c\000t\000u\000r\000e\000.\000h\000\040\000F\000i\000l\000e\000\040\000R\000e\000f\000e\000r\000e\000n\000c\000e}{section.7}% 648
\BOOKMARK [3][-]{subsubsection.7.15.1}{\376\377\0007\000.\0001\0005\000.\0001\000\040\000D\000e\000t\000a\000i\000l\000e\000d\000\040\000D\000e\000s\000c\000r\000i\000p\000t\000i\000o\000n}{subsection.7.15}% 649
\BOOKMARK [3][-]{subsubsection.7.15.2}{\376\377\0007\000.\0001\0005\000.\0002\000\040\000E\000n\000u\000m\000e\000r\000a\000t\000i\000o\000n\000\040\000T\000y\000p\000e\000\040\000D\000o\000c\000u\000m\000e\000n\000t\000a\000t\000i\000o\000n}{subsection.7.15}% 650
\BOOKMARK [3][-]{subsubsection.7.15.3}{\376\377\0007\000.\0001\0005\000.\0003\000\040\000V\000a\000r\000i\000a\000b\000l\000e\000\040\000D\000o\000c\000u\000m\000e\000n\000t\000a\000t\000i\000o\000n}{subsection.7.15}% 651
\BOOKMARK [2][-]{subsection.7.16}{\376\377\0007\000.\0001\0006\000\040\000d\000d\000s\000\137\000c\000\137\000l\000o\000g\000.\000h\000\040\000F\000i\000l\000e\000\040\000R\000e\000f\000e\000r\000e\000n\000c\000e}{section.7}% 652
\BOOKMARK [3][-]{subsubsection.7.16.1}{\376\377\0007\000.\0001\0006\000.\0001\000\040\000D\000e\000t\000a\000i\000l\000e\000d\000\040\000D\000e\000s\000c\000r\000i\000p\000t\000i\000o\000n}{subsection.7.16}% 653
\BOOKMARK [3][-]{subsubsection.7.16.2}{\376\377\0007\000.\0001\0006\000.\0002\000\040\000E\000n\000u\000m\000e\000r\000a\000t\000i\000o\000n\000\040\000T\000y\000p\000e\000\040\000D\000o\000c\000u\000m\000e\000n\000t\000a\000t\000i\000o\000n}{subsection.7.16}% 654
\BOOKMARK [2][-]{subsection.7.17}{\376\377\0007\000.\0001\0007\000\040\000d\000d\000s\000\137\000c\000\137\000p\000a\000r\000t\000i\000t\000i\000o\000n\000\137\000q\000o\000s\000.\000h\000\040\000F\000i\000l\000e\000\040\000R\000e\000f\000e\000r\000e\000n\000c\000e}{section.7}% 655
\BOOKMARK [3][-]{subsubsection.7.17.1}{\376\377\0007\000.\0001\0007\000.\0001\000\040\000D\000e\000t\000a\000i\000l\000e\000d\000\040\000D\000e\000s\000c\000r\000i\000p\000t\000i\000o\000n}{subsection.7.17}% 656
\BOOKMARK [2][-]{subsection.7.18}{\376\377\0007\000.\0001\0008\000\040\000d\000d\000s\000\137\000c\000\137\000p\000r\000o\000f\000i\000l\000e\000.\000h\000\040\000F\000i\000l\000e\000\040\000R\000e\000f\000e\000r\000e\000n\000c\000e}{section.7}% 657
\BOOKMARK [3][-]{subsubsection.7.18.1}{\376\377\0007\000.\0001\0008\000.\0001\000\040\000D\000e\000t\000a\000i\000l\000e\000d\000\040\000D\000e\000s\000c\000r\000i\000p\000t\000i\000o\000n}{subsection.7.18}% 658
\BOOKMARK [2][-]{subsection.7.19}{\376\377\0007\000.\0001\0009\000\040\000d\000d\000s\000\137\000c\000\137\000p\000r\000o\000p\000e\000r\000t\000y\000\137\000q\000o\000s\000.\000h\000\040\000F\000i\000l\000e\000\040\000R\000e\000f\000e\000r\000e\000n\000c\000e}{section.7}% 659
\BOOKMARK [3][-]{subsubsection.7.19.1}{\376\377\0007\000.\0001\0009\000.\0001\000\040\000D\000e\000t\000a\000i\000l\000e\000d\000\040\000D\000e\000s\000c\000r\000i\000p\000t\000i\000o\000n}{subsection.7.19}% 660
\BOOKMARK [2][-]{subsection.7.20}{\376\377\0007\000.\0002\0000\000\040\000d\000d\000s\000\137\000c\000\137\000p\000u\000b\000l\000i\000c\000a\000t\000i\000o\000n\000.\000h\000\040\000F\000i\000l\000e\000\040\000R\000e\000f\000e\000r\000e\000n\000c\000e}{section.7}% 661
\BOOKMARK [3][-]{subsubsection.7.20.1}{\376\377\0007\000.\0002\0000\000.\0001\000\040\000D\000e\000t\000a\000i\000l\000e\000d\000\040\000D\000e\000s\000c\000r\000i\000p\000t\000i\000o\000n}{subsection.7.20}% 662
\BOOKMARK [2][-]{subsection.7.21}{\376\377\0007\000.\0002\0001\000\040\000d\000d\000s\000\137\000c\000\137\000r\000h\000\137\000p\000l\000u\000g\000i\000n\000.\000h\000\040\000F\000i\000l\000e\000\040\000R\000e\000f\000e\000r\000e\000n\000c\000e}{section.7}% 663
\BOOKMARK [3][-]{subsubsection.7.21.1}{\376\377\0007\000.\0002\0001\000.\0001\000\040\000D\000e\000t\000a\000i\000l\000e\000d\000\040\000D\000e\000s\000c\000r\000i\000p\000t\000i\000o\000n}{subsection.7.21}% 664
\BOOKMARK [3][-]{subsubsection.7.21.2}{\376\377\0007\000.\0002\0001\000.\0002\000\040\000V\000a\000r\000i\000a\000b\000l\000e\000\040\000D\000o\000c\000u\000m\000e\000n\000t\000a\000t\000i\000o\000n}{subsection.7.21}% 665
\BOOKMARK [2][-]{subsection.7.22}{\376\377\0007\000.\0002\0002\000\040\000d\000d\000s\000\137\000c\000\137\000s\000e\000q\000u\000e\000n\000c\000e\000.\000h\000\040\000F\000i\000l\000e\000\040\000R\000e\000f\000e\000r\000e\000n\000c\000e}{section.7}% 666
\BOOKMARK [3][-]{subsubsection.7.22.1}{\376\377\0007\000.\0002\0002\000.\0001\000\040\000D\000e\000t\000a\000i\000l\000e\000d\000\040\000D\000e\000s\000c\000r\000i\000p\000t\000i\000o\000n}{subsection.7.22}% 667
\BOOKMARK [2][-]{subsection.7.23}{\376\377\0007\000.\0002\0003\000\040\000d\000d\000s\000\137\000c\000\137\000s\000t\000r\000i\000n\000g\000.\000h\000\040\000F\000i\000l\000e\000\040\000R\000e\000f\000e\000r\000e\000n\000c\000e}{section.7}% 668
\BOOKMARK [3][-]{subsubsection.7.23.1}{\376\377\0007\000.\0002\0003\000.\0001\000\040\000D\000e\000t\000a\000i\000l\000e\000d\000\040\000D\000e\000s\000c\000r\000i\000p\000t\000i\000o\000n}{subsection.7.23}% 669
\BOOKMARK [2][-]{subsection.7.24}{\376\377\0007\000.\0002\0004\000\040\000d\000d\000s\000\137\000c\000\137\000s\000t\000r\000i\000n\000g\000\137\000m\000a\000n\000a\000g\000e\000r\000.\000h\000\040\000F\000i\000l\000e\000\040\000R\000e\000f\000e\000r\000e\000n\000c\000e}{section.7}% 670
\BOOKMARK [3][-]{subsubsection.7.24.1}{\376\377\0007\000.\0002\0004\000.\0001\000\040\000D\000e\000t\000a\000i\000l\000e\000d\000\040\000D\000e\000s\000c\000r\000i\000p\000t\000i\000o\000n}{subsection.7.24}% 671
\BOOKMARK [2][-]{subsection.7.25}{\376\377\0007\000.\0002\0005\000\040\000d\000d\000s\000\137\000c\000\137\000s\000u\000b\000s\000c\000r\000i\000p\000t\000i\000o\000n\000.\000h\000\040\000F\000i\000l\000e\000\040\000R\000e\000f\000e\000r\000e\000n\000c\000e}{section.7}% 672
\BOOKMARK [3][-]{subsubsection.7.25.1}{\376\377\0007\000.\0002\0005\000.\0001\000\040\000D\000e\000t\000a\000i\000l\000e\000d\000\040\000D\000e\000s\000c\000r\000i\000p\000t\000i\000o\000n}{subsection.7.25}% 673
\BOOKMARK [2][-]{subsection.7.26}{\376\377\0007\000.\0002\0006\000\040\000d\000d\000s\000\137\000c\000\137\000t\000o\000p\000i\000c\000.\000h\000\040\000F\000i\000l\000e\000\040\000R\000e\000f\000e\000r\000e\000n\000c\000e}{section.7}% 674
\BOOKMARK [3][-]{subsubsection.7.26.1}{\376\377\0007\000.\0002\0006\000.\0001\000\040\000D\000e\000t\000a\000i\000l\000e\000d\000\040\000D\000e\000s\000c\000r\000i\000p\000t\000i\000o\000n}{subsection.7.26}% 675
\BOOKMARK [2][-]{subsection.7.27}{\376\377\0007\000.\0002\0007\000\040\000d\000d\000s\000\137\000c\000\137\000t\000r\000a\000n\000s\000p\000o\000r\000t\000\137\000p\000r\000i\000o\000r\000i\000t\000y\000\137\000q\000o\000s\000.\000h\000\040\000F\000i\000l\000e\000\040\000R\000e\000f\000e\000r\000e\000n\000c\000e}{section.7}% 676
\BOOKMARK [3][-]{subsubsection.7.27.1}{\376\377\0007\000.\0002\0007\000.\0001\000\040\000D\000e\000t\000a\000i\000l\000e\000d\000\040\000D\000e\000s\000c\000r\000i\000p\000t\000i\000o\000n}{subsection.7.27}% 677
\BOOKMARK [2][-]{subsection.7.28}{\376\377\0007\000.\0002\0008\000\040\000d\000d\000s\000\137\000c\000\137\000t\000y\000p\000e\000.\000h\000\040\000F\000i\000l\000e\000\040\000R\000e\000f\000e\000r\000e\000n\000c\000e}{section.7}% 678
\BOOKMARK [3][-]{subsubsection.7.28.1}{\376\377\0007\000.\0002\0008\000.\0001\000\040\000D\000e\000t\000a\000i\000l\000e\000d\000\040\000D\000e\000s\000c\000r\000i\000p\000t\000i\000o\000n}{subsection.7.28}% 679
\BOOKMARK [2][-]{subsection.7.29}{\376\377\0007\000.\0002\0009\000\040\000d\000d\000s\000\137\000c\000\137\000u\000s\000e\000r\000\137\000d\000a\000t\000a\000\137\000m\000a\000n\000a\000g\000e\000r\000.\000h\000\040\000F\000i\000l\000e\000\040\000R\000e\000f\000e\000r\000e\000n\000c\000e}{section.7}% 680
\BOOKMARK [3][-]{subsubsection.7.29.1}{\376\377\0007\000.\0002\0009\000.\0001\000\040\000D\000e\000t\000a\000i\000l\000e\000d\000\040\000D\000e\000s\000c\000r\000i\000p\000t\000i\000o\000n}{subsection.7.29}% 681
\BOOKMARK [2][-]{subsection.7.30}{\376\377\0007\000.\0003\0000\000\040\000d\000d\000s\000\137\000c\000\137\000u\000s\000e\000r\000\137\000d\000a\000t\000a\000\137\000q\000o\000s\000.\000h\000\040\000F\000i\000l\000e\000\040\000R\000e\000f\000e\000r\000e\000n\000c\000e}{section.7}% 682
\BOOKMARK [3][-]{subsubsection.7.30.1}{\376\377\0007\000.\0003\0000\000.\0001\000\040\000D\000e\000t\000a\000i\000l\000e\000d\000\040\000D\000e\000s\000c\000r\000i\000p\000t\000i\000o\000n}{subsection.7.30}% 683
\BOOKMARK [2][-]{subsection.7.31}{\376\377\0007\000.\0003\0001\000\040\000d\000d\000s\000\137\000c\000\137\000w\000h\000\137\000p\000l\000u\000g\000i\000n\000.\000h\000\040\000F\000i\000l\000e\000\040\000R\000e\000f\000e\000r\000e\000n\000c\000e}{section.7}% 684
\BOOKMARK [3][-]{subsubsection.7.31.1}{\376\377\0007\000.\0003\0001\000.\0001\000\040\000D\000e\000t\000a\000i\000l\000e\000d\000\040\000D\000e\000s\000c\000r\000i\000p\000t\000i\000o\000n}{subsection.7.31}% 685
\BOOKMARK [3][-]{subsubsection.7.31.2}{\376\377\0007\000.\0003\0001\000.\0002\000\040\000V\000a\000r\000i\000a\000b\000l\000e\000\040\000D\000o\000c\000u\000m\000e\000n\000t\000a\000t\000i\000o\000n}{subsection.7.31}% 686
\BOOKMARK [2][-]{subsection.7.32}{\376\377\0007\000.\0003\0002\000\040\000d\000d\000s\000\137\000f\000i\000l\000t\000e\000r\000.\000h\000\040\000F\000i\000l\000e\000\040\000R\000e\000f\000e\000r\000e\000n\000c\000e}{section.7}% 687
\BOOKMARK [3][-]{subsubsection.7.32.1}{\376\377\0007\000.\0003\0002\000.\0001\000\040\000D\000e\000t\000a\000i\000l\000e\000d\000\040\000D\000e\000s\000c\000r\000i\000p\000t\000i\000o\000n}{subsection.7.32}% 688
\BOOKMARK [2][-]{subsection.7.33}{\376\377\0007\000.\0003\0003\000\040\000d\000d\000s\000\137\000f\000i\000l\000t\000e\000r\000\137\000c\000o\000n\000t\000e\000n\000t\000\137\000f\000i\000l\000t\000e\000r\000.\000h\000\040\000F\000i\000l\000e\000\040\000R\000e\000f\000e\000r\000e\000n\000c\000e}{section.7}% 689
\BOOKMARK [3][-]{subsubsection.7.33.1}{\376\377\0007\000.\0003\0003\000.\0001\000\040\000D\000e\000t\000a\000i\000l\000e\000d\000\040\000D\000e\000s\000c\000r\000i\000p\000t\000i\000o\000n}{subsection.7.33}% 690
\BOOKMARK [2][-]{subsection.7.34}{\376\377\0007\000.\0003\0004\000\040\000d\000d\000s\000\137\000f\000i\000l\000t\000e\000r\000\137\000d\000l\000l\000.\000h\000\040\000F\000i\000l\000e\000\040\000R\000e\000f\000e\000r\000e\000n\000c\000e}{section.7}% 691
\BOOKMARK [3][-]{subsubsection.7.34.1}{\376\377\0007\000.\0003\0004\000.\0001\000\040\000D\000e\000t\000a\000i\000l\000e\000d\000\040\000D\000e\000s\000c\000r\000i\000p\000t\000i\000o\000n}{subsection.7.34}% 692
\BOOKMARK [2][-]{subsection.7.35}{\376\377\0007\000.\0003\0005\000\040\000d\000d\000s\000\137\000f\000i\000l\000t\000e\000r\000\137\000l\000o\000g\000.\000h\000\040\000F\000i\000l\000e\000\040\000R\000e\000f\000e\000r\000e\000n\000c\000e}{section.7}% 693
\BOOKMARK [3][-]{subsubsection.7.35.1}{\376\377\0007\000.\0003\0005\000.\0001\000\040\000D\000e\000t\000a\000i\000l\000e\000d\000\040\000D\000e\000s\000c\000r\000i\000p\000t\000i\000o\000n}{subsection.7.35}% 694
\BOOKMARK [3][-]{subsubsection.7.35.2}{\376\377\0007\000.\0003\0005\000.\0002\000\040\000M\000a\000c\000r\000o\000\040\000D\000e\000f\000i\000n\000i\000t\000i\000o\000n\000\040\000D\000o\000c\000u\000m\000e\000n\000t\000a\000t\000i\000o\000n}{subsection.7.35}% 695
\BOOKMARK [2][-]{subsection.7.36}{\376\377\0007\000.\0003\0006\000\040\000d\000d\000s\000\137\000p\000s\000k\000\137\000l\000o\000g\000.\000h\000\040\000F\000i\000l\000e\000\040\000R\000e\000f\000e\000r\000e\000n\000c\000e}{section.7}% 696
\BOOKMARK [3][-]{subsubsection.7.36.1}{\376\377\0007\000.\0003\0006\000.\0001\000\040\000D\000e\000t\000a\000i\000l\000e\000d\000\040\000D\000e\000s\000c\000r\000i\000p\000t\000i\000o\000n}{subsection.7.36}% 697
\BOOKMARK [3][-]{subsubsection.7.36.2}{\376\377\0007\000.\0003\0006\000.\0002\000\040\000M\000a\000c\000r\000o\000\040\000D\000e\000f\000i\000n\000i\000t\000i\000o\000n\000\040\000D\000o\000c\000u\000m\000e\000n\000t\000a\000t\000i\000o\000n}{subsection.7.36}% 698
\BOOKMARK [2][-]{subsection.7.37}{\376\377\0007\000.\0003\0007\000\040\000d\000i\000s\000c\000\137\000d\000p\000d\000e\000\137\000d\000l\000l\000.\000h\000\040\000F\000i\000l\000e\000\040\000R\000e\000f\000e\000r\000e\000n\000c\000e}{section.7}% 699
\BOOKMARK [3][-]{subsubsection.7.37.1}{\376\377\0007\000.\0003\0007\000.\0001\000\040\000D\000e\000t\000a\000i\000l\000e\000d\000\040\000D\000e\000s\000c\000r\000i\000p\000t\000i\000o\000n}{subsection.7.37}% 700
\BOOKMARK [2][-]{subsection.7.38}{\376\377\0007\000.\0003\0008\000\040\000d\000i\000s\000c\000\137\000d\000p\000d\000e\000\137\000l\000o\000g\000.\000h\000\040\000F\000i\000l\000e\000\040\000R\000e\000f\000e\000r\000e\000n\000c\000e}{section.7}% 701
\BOOKMARK [2][-]{subsection.7.39}{\376\377\0007\000.\0003\0009\000\040\000d\000i\000s\000c\000\137\000d\000p\000s\000e\000\137\000d\000l\000l\000.\000h\000\040\000F\000i\000l\000e\000\040\000R\000e\000f\000e\000r\000e\000n\000c\000e}{section.7}% 702
\BOOKMARK [3][-]{subsubsection.7.39.1}{\376\377\0007\000.\0003\0009\000.\0001\000\040\000D\000e\000t\000a\000i\000l\000e\000d\000\040\000D\000e\000s\000c\000r\000i\000p\000t\000i\000o\000n}{subsection.7.39}% 703
\BOOKMARK [2][-]{subsection.7.40}{\376\377\0007\000.\0004\0000\000\040\000d\000i\000s\000c\000\137\000d\000p\000s\000e\000\137\000d\000p\000s\000e\000d\000i\000s\000c\000o\000v\000e\000r\000y\000.\000h\000\040\000F\000i\000l\000e\000\040\000R\000e\000f\000e\000r\000e\000n\000c\000e}{section.7}% 704
\BOOKMARK [3][-]{subsubsection.7.40.1}{\376\377\0007\000.\0004\0000\000.\0001\000\040\000D\000e\000t\000a\000i\000l\000e\000d\000\040\000D\000e\000s\000c\000r\000i\000p\000t\000i\000o\000n}{subsection.7.40}% 705
\BOOKMARK [2][-]{subsection.7.41}{\376\377\0007\000.\0004\0001\000\040\000d\000i\000s\000c\000\137\000d\000p\000s\000e\000\137\000l\000o\000g\000.\000h\000\040\000F\000i\000l\000e\000\040\000R\000e\000f\000e\000r\000e\000n\000c\000e}{section.7}% 706
\BOOKMARK [3][-]{subsubsection.7.41.1}{\376\377\0007\000.\0004\0001\000.\0001\000\040\000M\000a\000c\000r\000o\000\040\000D\000e\000f\000i\000n\000i\000t\000i\000o\000n\000\040\000D\000o\000c\000u\000m\000e\000n\000t\000a\000t\000i\000o\000n}{subsection.7.41}% 707
\BOOKMARK [2][-]{subsection.7.42}{\376\377\0007\000.\0004\0002\000\040\000n\000e\000t\000i\000o\000\137\000c\000o\000m\000m\000o\000n\000.\000h\000\040\000F\000i\000l\000e\000\040\000R\000e\000f\000e\000r\000e\000n\000c\000e}{section.7}% 708
\BOOKMARK [2][-]{subsection.7.43}{\376\377\0007\000.\0004\0003\000\040\000n\000e\000t\000i\000o\000\137\000c\000o\000n\000f\000i\000g\000.\000h\000\040\000F\000i\000l\000e\000\040\000R\000e\000f\000e\000r\000e\000n\000c\000e}{section.7}% 709
\BOOKMARK [2][-]{subsection.7.44}{\376\377\0007\000.\0004\0004\000\040\000n\000e\000t\000i\000o\000\137\000d\000l\000l\000.\000h\000\040\000F\000i\000l\000e\000\040\000R\000e\000f\000e\000r\000e\000n\000c\000e}{section.7}% 710
\BOOKMARK [2][-]{subsection.7.45}{\376\377\0007\000.\0004\0005\000\040\000n\000e\000t\000i\000o\000\137\000i\000n\000t\000e\000r\000f\000a\000c\000e\000.\000h\000\040\000F\000i\000l\000e\000\040\000R\000e\000f\000e\000r\000e\000n\000c\000e}{section.7}% 711
\BOOKMARK [3][-]{subsubsection.7.45.1}{\376\377\0007\000.\0004\0005\000.\0001\000\040\000D\000e\000t\000a\000i\000l\000e\000d\000\040\000D\000e\000s\000c\000r\000i\000p\000t\000i\000o\000n}{subsection.7.45}% 712
\BOOKMARK [3][-]{subsubsection.7.45.2}{\376\377\0007\000.\0004\0005\000.\0002\000\040\000V\000a\000r\000i\000a\000b\000l\000e\000\040\000D\000o\000c\000u\000m\000e\000n\000t\000a\000t\000i\000o\000n}{subsection.7.45}% 713
\BOOKMARK [2][-]{subsection.7.46}{\376\377\0007\000.\0004\0006\000\040\000n\000e\000t\000i\000o\000\137\000l\000o\000g\000.\000h\000\040\000F\000i\000l\000e\000\040\000R\000e\000f\000e\000r\000e\000n\000c\000e}{section.7}% 714
\BOOKMARK [3][-]{subsubsection.7.46.1}{\376\377\0007\000.\0004\0006\000.\0001\000\040\000D\000e\000t\000a\000i\000l\000e\000d\000\040\000D\000e\000s\000c\000r\000i\000p\000t\000i\000o\000n}{subsection.7.46}% 715
\BOOKMARK [3][-]{subsubsection.7.46.2}{\376\377\0007\000.\0004\0006\000.\0002\000\040\000M\000a\000c\000r\000o\000\040\000D\000e\000f\000i\000n\000i\000t\000i\000o\000n\000\040\000D\000o\000c\000u\000m\000e\000n\000t\000a\000t\000i\000o\000n}{subsection.7.46}% 716
\BOOKMARK [2][-]{subsection.7.47}{\376\377\0007\000.\0004\0007\000\040\000n\000e\000t\000i\000o\000\137\000r\000t\000p\000s\000.\000h\000\040\000F\000i\000l\000e\000\040\000R\000e\000f\000e\000r\000e\000n\000c\000e}{section.7}% 717
\BOOKMARK [3][-]{subsubsection.7.47.1}{\376\377\0007\000.\0004\0007\000.\0001\000\040\000D\000e\000t\000a\000i\000l\000e\000d\000\040\000D\000e\000s\000c\000r\000i\000p\000t\000i\000o\000n}{subsection.7.47}% 718
\BOOKMARK [2][-]{subsection.7.48}{\376\377\0007\000.\0004\0008\000\040\000n\000e\000t\000i\000o\000\137\000s\000h\000m\000e\000m\000\137\000l\000o\000g\000.\000h\000\040\000F\000i\000l\000e\000\040\000R\000e\000f\000e\000r\000e\000n\000c\000e}{section.7}% 719
\BOOKMARK [3][-]{subsubsection.7.48.1}{\376\377\0007\000.\0004\0008\000.\0001\000\040\000D\000e\000t\000a\000i\000l\000e\000d\000\040\000D\000e\000s\000c\000r\000i\000p\000t\000i\000o\000n}{subsection.7.48}% 720
\BOOKMARK [2][-]{subsection.7.49}{\376\377\0007\000.\0004\0009\000\040\000n\000e\000t\000i\000o\000\137\000z\000c\000o\000p\000y\000.\000h\000\040\000F\000i\000l\000e\000\040\000R\000e\000f\000e\000r\000e\000n\000c\000e}{section.7}% 721
\BOOKMARK [3][-]{subsubsection.7.49.1}{\376\377\0007\000.\0004\0009\000.\0001\000\040\000D\000e\000t\000a\000i\000l\000e\000d\000\040\000D\000e\000s\000c\000r\000i\000p\000t\000i\000o\000n}{subsection.7.49}% 722
\BOOKMARK [3][-]{subsubsection.7.49.2}{\376\377\0007\000.\0004\0009\000.\0002\000\040\000V\000a\000r\000i\000a\000b\000l\000e\000\040\000D\000o\000c\000u\000m\000e\000n\000t\000a\000t\000i\000o\000n}{subsection.7.49}% 723
\BOOKMARK [2][-]{subsection.7.50}{\376\377\0007\000.\0005\0000\000\040\000n\000e\000t\000i\000o\000\137\000z\000c\000o\000p\000y\000\137\000d\000l\000l\000.\000h\000\040\000F\000i\000l\000e\000\040\000R\000e\000f\000e\000r\000e\000n\000c\000e}{section.7}% 724
\BOOKMARK [3][-]{subsubsection.7.50.1}{\376\377\0007\000.\0005\0000\000.\0001\000\040\000D\000e\000t\000a\000i\000l\000e\000d\000\040\000D\000e\000s\000c\000r\000i\000p\000t\000i\000o\000n}{subsection.7.50}% 725
\BOOKMARK [2][-]{subsection.7.51}{\376\377\0007\000.\0005\0001\000\040\000n\000e\000t\000i\000o\000\137\000z\000c\000o\000p\000y\000\137\000l\000o\000a\000d\000e\000r\000.\000h\000\040\000F\000i\000l\000e\000\040\000R\000e\000f\000e\000r\000e\000n\000c\000e}{section.7}% 726
\BOOKMARK [3][-]{subsubsection.7.51.1}{\376\377\0007\000.\0005\0001\000.\0001\000\040\000D\000e\000t\000a\000i\000l\000e\000d\000\040\000D\000e\000s\000c\000r\000i\000p\000t\000i\000o\000n}{subsection.7.51}% 727
\BOOKMARK [2][-]{subsection.7.52}{\376\377\0007\000.\0005\0002\000\040\000n\000e\000t\000i\000o\000\137\000z\000c\000o\000p\000y\000\137\000l\000o\000g\000.\000h\000\040\000F\000i\000l\000e\000\040\000R\000e\000f\000e\000r\000e\000n\000c\000e}{section.7}% 728
\BOOKMARK [3][-]{subsubsection.7.52.1}{\376\377\0007\000.\0005\0002\000.\0001\000\040\000D\000e\000t\000a\000i\000l\000e\000d\000\040\000D\000e\000s\000c\000r\000i\000p\000t\000i\000o\000n}{subsection.7.52}% 729
\BOOKMARK [2][-]{subsection.7.53}{\376\377\0007\000.\0005\0003\000\040\000n\000e\000t\000i\000o\000\137\000z\000c\000o\000p\000y\000\137\000n\000o\000t\000i\000f\000\137\000i\000n\000t\000e\000r\000f\000a\000c\000e\000.\000h\000\040\000F\000i\000l\000e\000\040\000R\000e\000f\000e\000r\000e\000n\000c\000e}{section.7}% 730
\BOOKMARK [2][-]{subsection.7.54}{\376\377\0007\000.\0005\0004\000\040\000n\000e\000t\000i\000o\000\137\000z\000c\000o\000p\000y\000\137\000w\000h\000s\000q\000.\000h\000\040\000F\000i\000l\000e\000\040\000R\000e\000f\000e\000r\000e\000n\000c\000e}{section.7}% 731
\BOOKMARK [3][-]{subsubsection.7.54.1}{\376\377\0007\000.\0005\0004\000.\0001\000\040\000D\000e\000t\000a\000i\000l\000e\000d\000\040\000D\000e\000s\000c\000r\000i\000p\000t\000i\000o\000n}{subsection.7.54}% 732
\BOOKMARK [3][-]{subsubsection.7.54.2}{\376\377\0007\000.\0005\0004\000.\0002\000\040\000F\000u\000n\000c\000t\000i\000o\000n\000\040\000D\000o\000c\000u\000m\000e\000n\000t\000a\000t\000i\000o\000n}{subsection.7.54}% 733
\BOOKMARK [2][-]{subsection.7.55}{\376\377\0007\000.\0005\0005\000\040\000n\000e\000t\000i\000o\000\137\000z\000c\000o\000p\000y\000\137\000w\000h\000s\000q\000\137\000l\000o\000g\000.\000h\000\040\000F\000i\000l\000e\000\040\000R\000e\000f\000e\000r\000e\000n\000c\000e}{section.7}% 734
\BOOKMARK [3][-]{subsubsection.7.55.1}{\376\377\0007\000.\0005\0005\000.\0001\000\040\000D\000e\000t\000a\000i\000l\000e\000d\000\040\000D\000e\000s\000c\000r\000i\000p\000t\000i\000o\000n}{subsection.7.55}% 735
\BOOKMARK [3][-]{subsubsection.7.55.2}{\376\377\0007\000.\0005\0005\000.\0002\000\040\000M\000a\000c\000r\000o\000\040\000D\000e\000f\000i\000n\000i\000t\000i\000o\000n\000\040\000D\000o\000c\000u\000m\000e\000n\000t\000a\000t\000i\000o\000n}{subsection.7.55}% 736
\BOOKMARK [2][-]{subsection.7.56}{\376\377\0007\000.\0005\0006\000\040\000o\000s\000a\000p\000i\000\137\000c\000c\000.\000h\000\040\000F\000i\000l\000e\000\040\000R\000e\000f\000e\000r\000e\000n\000c\000e}{section.7}% 737
\BOOKMARK [3][-]{subsubsection.7.56.1}{\376\377\0007\000.\0005\0006\000.\0001\000\040\000D\000e\000t\000a\000i\000l\000e\000d\000\040\000D\000e\000s\000c\000r\000i\000p\000t\000i\000o\000n}{subsection.7.56}% 738
\BOOKMARK [3][-]{subsubsection.7.56.2}{\376\377\0007\000.\0005\0006\000.\0002\000\040\000M\000a\000c\000r\000o\000\040\000D\000e\000f\000i\000n\000i\000t\000i\000o\000n\000\040\000D\000o\000c\000u\000m\000e\000n\000t\000a\000t\000i\000o\000n}{subsection.7.56}% 739
\BOOKMARK [2][-]{subsection.7.57}{\376\377\0007\000.\0005\0007\000\040\000o\000s\000a\000p\000i\000\137\000c\000c\000\137\000a\000u\000t\000o\000s\000a\000r\000.\000h\000\040\000F\000i\000l\000e\000\040\000R\000e\000f\000e\000r\000e\000n\000c\000e}{section.7}% 740
\BOOKMARK [3][-]{subsubsection.7.57.1}{\376\377\0007\000.\0005\0007\000.\0001\000\040\000D\000e\000t\000a\000i\000l\000e\000d\000\040\000D\000e\000s\000c\000r\000i\000p\000t\000i\000o\000n}{subsection.7.57}% 741
\BOOKMARK [2][-]{subsection.7.58}{\376\377\0007\000.\0005\0008\000\040\000o\000s\000a\000p\000i\000\137\000c\000c\000\137\000c\000l\000a\000n\000g\000.\000h\000\040\000F\000i\000l\000e\000\040\000R\000e\000f\000e\000r\000e\000n\000c\000e}{section.7}% 742
\BOOKMARK [3][-]{subsubsection.7.58.1}{\376\377\0007\000.\0005\0008\000.\0001\000\040\000D\000e\000t\000a\000i\000l\000e\000d\000\040\000D\000e\000s\000c\000r\000i\000p\000t\000i\000o\000n}{subsection.7.58}% 743
\BOOKMARK [2][-]{subsection.7.59}{\376\377\0007\000.\0005\0009\000\040\000o\000s\000a\000p\000i\000\137\000c\000c\000\137\000g\000c\000c\000.\000h\000\040\000F\000i\000l\000e\000\040\000R\000e\000f\000e\000r\000e\000n\000c\000e}{section.7}% 744
\BOOKMARK [3][-]{subsubsection.7.59.1}{\376\377\0007\000.\0005\0009\000.\0001\000\040\000D\000e\000t\000a\000i\000l\000e\000d\000\040\000D\000e\000s\000c\000r\000i\000p\000t\000i\000o\000n}{subsection.7.59}% 745
\BOOKMARK [2][-]{subsection.7.60}{\376\377\0007\000.\0006\0000\000\040\000o\000s\000a\000p\000i\000\137\000c\000c\000\137\000m\000s\000v\000s\000c\000.\000h\000\040\000F\000i\000l\000e\000\040\000R\000e\000f\000e\000r\000e\000n\000c\000e}{section.7}% 746
\BOOKMARK [3][-]{subsubsection.7.60.1}{\376\377\0007\000.\0006\0000\000.\0001\000\040\000D\000e\000t\000a\000i\000l\000e\000d\000\040\000D\000e\000s\000c\000r\000i\000p\000t\000i\000o\000n}{subsection.7.60}% 747
\BOOKMARK [2][-]{subsection.7.61}{\376\377\0007\000.\0006\0001\000\040\000o\000s\000a\000p\000i\000\137\000c\000c\000\137\000q\000c\000c\000.\000h\000\040\000F\000i\000l\000e\000\040\000R\000e\000f\000e\000r\000e\000n\000c\000e}{section.7}% 748
\BOOKMARK [3][-]{subsubsection.7.61.1}{\376\377\0007\000.\0006\0001\000.\0001\000\040\000D\000e\000t\000a\000i\000l\000e\000d\000\040\000D\000e\000s\000c\000r\000i\000p\000t\000i\000o\000n}{subsection.7.61}% 749
\BOOKMARK [2][-]{subsection.7.62}{\376\377\0007\000.\0006\0002\000\040\000o\000s\000a\000p\000i\000\137\000c\000c\000\137\000s\000t\000d\000c\000.\000h\000\040\000F\000i\000l\000e\000\040\000R\000e\000f\000e\000r\000e\000n\000c\000e}{section.7}% 750
\BOOKMARK [3][-]{subsubsection.7.62.1}{\376\377\0007\000.\0006\0002\000.\0001\000\040\000D\000e\000t\000a\000i\000l\000e\000d\000\040\000D\000e\000s\000c\000r\000i\000p\000t\000i\000o\000n}{subsection.7.62}% 751
\BOOKMARK [2][-]{subsection.7.63}{\376\377\0007\000.\0006\0003\000\040\000o\000s\000a\000p\000i\000\137\000c\000c\000\137\000t\000a\000s\000k\000i\000n\000g\000.\000h\000\040\000F\000i\000l\000e\000\040\000R\000e\000f\000e\000r\000e\000n\000c\000e}{section.7}% 752
\BOOKMARK [3][-]{subsubsection.7.63.1}{\376\377\0007\000.\0006\0003\000.\0001\000\040\000D\000e\000t\000a\000i\000l\000e\000d\000\040\000D\000e\000s\000c\000r\000i\000p\000t\000i\000o\000n}{subsection.7.63}% 753
\BOOKMARK [2][-]{subsection.7.64}{\376\377\0007\000.\0006\0004\000\040\000o\000s\000a\000p\000i\000\137\000c\000o\000n\000f\000i\000g\000.\000h\000\040\000F\000i\000l\000e\000\040\000R\000e\000f\000e\000r\000e\000n\000c\000e}{section.7}% 754
\BOOKMARK [3][-]{subsubsection.7.64.1}{\376\377\0007\000.\0006\0004\000.\0001\000\040\000D\000e\000t\000a\000i\000l\000e\000d\000\040\000D\000e\000s\000c\000r\000i\000p\000t\000i\000o\000n}{subsection.7.64}% 755
\BOOKMARK [2][-]{subsection.7.65}{\376\377\0007\000.\0006\0005\000\040\000o\000s\000a\000p\000i\000\137\000f\000e\000a\000t\000u\000r\000e\000s\000.\000h\000\040\000F\000i\000l\000e\000\040\000R\000e\000f\000e\000r\000e\000n\000c\000e}{section.7}% 756
\BOOKMARK [3][-]{subsubsection.7.65.1}{\376\377\0007\000.\0006\0005\000.\0001\000\040\000D\000e\000t\000a\000i\000l\000e\000d\000\040\000D\000e\000s\000c\000r\000i\000p\000t\000i\000o\000n}{subsection.7.65}% 757
\BOOKMARK [2][-]{subsection.7.66}{\376\377\0007\000.\0006\0006\000\040\000o\000s\000a\000p\000i\000\137\000h\000e\000a\000p\000.\000h\000\040\000F\000i\000l\000e\000\040\000R\000e\000f\000e\000r\000e\000n\000c\000e}{section.7}% 758
\BOOKMARK [3][-]{subsubsection.7.66.1}{\376\377\0007\000.\0006\0006\000.\0001\000\040\000D\000e\000t\000a\000i\000l\000e\000d\000\040\000D\000e\000s\000c\000r\000i\000p\000t\000i\000o\000n}{subsection.7.66}% 759
\BOOKMARK [2][-]{subsection.7.67}{\376\377\0007\000.\0006\0007\000\040\000o\000s\000a\000p\000i\000\137\000h\000e\000a\000p\000\137\000i\000m\000p\000l\000.\000h\000\040\000F\000i\000l\000e\000\040\000R\000e\000f\000e\000r\000e\000n\000c\000e}{section.7}% 760
\BOOKMARK [3][-]{subsubsection.7.67.1}{\376\377\0007\000.\0006\0007\000.\0001\000\040\000D\000e\000t\000a\000i\000l\000e\000d\000\040\000D\000e\000s\000c\000r\000i\000p\000t\000i\000o\000n}{subsection.7.67}% 761
\BOOKMARK [2][-]{subsection.7.68}{\376\377\0007\000.\0006\0008\000\040\000o\000s\000a\000p\000i\000\137\000l\000o\000g\000.\000h\000\040\000F\000i\000l\000e\000\040\000R\000e\000f\000e\000r\000e\000n\000c\000e}{section.7}% 762
\BOOKMARK [3][-]{subsubsection.7.68.1}{\376\377\0007\000.\0006\0008\000.\0001\000\040\000D\000e\000t\000a\000i\000l\000e\000d\000\040\000D\000e\000s\000c\000r\000i\000p\000t\000i\000o\000n}{subsection.7.68}% 763
\BOOKMARK [3][-]{subsubsection.7.68.2}{\376\377\0007\000.\0006\0008\000.\0002\000\040\000M\000a\000c\000r\000o\000\040\000D\000e\000f\000i\000n\000i\000t\000i\000o\000n\000\040\000D\000o\000c\000u\000m\000e\000n\000t\000a\000t\000i\000o\000n}{subsection.7.68}% 764
\BOOKMARK [3][-]{subsubsection.7.68.3}{\376\377\0007\000.\0006\0008\000.\0003\000\040\000T\000y\000p\000e\000d\000e\000f\000\040\000D\000o\000c\000u\000m\000e\000n\000t\000a\000t\000i\000o\000n}{subsection.7.68}% 765
\BOOKMARK [2][-]{subsection.7.69}{\376\377\0007\000.\0006\0009\000\040\000o\000s\000a\000p\000i\000\137\000l\000o\000g\000\137\000i\000m\000p\000l\000.\000h\000\040\000F\000i\000l\000e\000\040\000R\000e\000f\000e\000r\000e\000n\000c\000e}{section.7}% 766
\BOOKMARK [3][-]{subsubsection.7.69.1}{\376\377\0007\000.\0006\0009\000.\0001\000\040\000D\000e\000t\000a\000i\000l\000e\000d\000\040\000D\000e\000s\000c\000r\000i\000p\000t\000i\000o\000n}{subsection.7.69}% 767
\BOOKMARK [2][-]{subsection.7.70}{\376\377\0007\000.\0007\0000\000\040\000o\000s\000a\000p\000i\000\137\000m\000u\000t\000e\000x\000.\000h\000\040\000F\000i\000l\000e\000\040\000R\000e\000f\000e\000r\000e\000n\000c\000e}{section.7}% 768
\BOOKMARK [3][-]{subsubsection.7.70.1}{\376\377\0007\000.\0007\0000\000.\0001\000\040\000D\000e\000t\000a\000i\000l\000e\000d\000\040\000D\000e\000s\000c\000r\000i\000p\000t\000i\000o\000n}{subsection.7.70}% 769
\BOOKMARK [2][-]{subsection.7.71}{\376\377\0007\000.\0007\0001\000\040\000o\000s\000a\000p\000i\000\137\000o\000s\000.\000h\000\040\000F\000i\000l\000e\000\040\000R\000e\000f\000e\000r\000e\000n\000c\000e}{section.7}% 770
\BOOKMARK [3][-]{subsubsection.7.71.1}{\376\377\0007\000.\0007\0001\000.\0001\000\040\000D\000e\000t\000a\000i\000l\000e\000d\000\040\000D\000e\000s\000c\000r\000i\000p\000t\000i\000o\000n}{subsection.7.71}% 771
\BOOKMARK [2][-]{subsection.7.72}{\376\377\0007\000.\0007\0002\000\040\000o\000s\000a\000p\000i\000\137\000o\000s\000\137\000t\000h\000r\000e\000a\000d\000x\000.\000h\000\040\000F\000i\000l\000e\000\040\000R\000e\000f\000e\000r\000e\000n\000c\000e}{section.7}% 772
\BOOKMARK [3][-]{subsubsection.7.72.1}{\376\377\0007\000.\0007\0002\000.\0001\000\040\000D\000e\000t\000a\000i\000l\000e\000d\000\040\000D\000e\000s\000c\000r\000i\000p\000t\000i\000o\000n}{subsection.7.72}% 773
\BOOKMARK [2][-]{subsection.7.73}{\376\377\0007\000.\0007\0003\000\040\000o\000s\000a\000p\000i\000\137\000o\000s\000\137\000v\000x\000w\000o\000r\000k\000s\000.\000h\000\040\000F\000i\000l\000e\000\040\000R\000e\000f\000e\000r\000e\000n\000c\000e}{section.7}% 774
\BOOKMARK [3][-]{subsubsection.7.73.1}{\376\377\0007\000.\0007\0003\000.\0001\000\040\000D\000e\000t\000a\000i\000l\000e\000d\000\040\000D\000e\000s\000c\000r\000i\000p\000t\000i\000o\000n}{subsection.7.73}% 775
\BOOKMARK [2][-]{subsection.7.74}{\376\377\0007\000.\0007\0004\000\040\000o\000s\000a\000p\000i\000\137\000p\000r\000o\000c\000e\000s\000s\000.\000h\000\040\000F\000i\000l\000e\000\040\000R\000e\000f\000e\000r\000e\000n\000c\000e}{section.7}% 776
\BOOKMARK [3][-]{subsubsection.7.74.1}{\376\377\0007\000.\0007\0004\000.\0001\000\040\000D\000e\000t\000a\000i\000l\000e\000d\000\040\000D\000e\000s\000c\000r\000i\000p\000t\000i\000o\000n}{subsection.7.74}% 777
\BOOKMARK [2][-]{subsection.7.75}{\376\377\0007\000.\0007\0005\000\040\000o\000s\000a\000p\000i\000\137\000s\000e\000m\000a\000p\000h\000o\000r\000e\000.\000h\000\040\000F\000i\000l\000e\000\040\000R\000e\000f\000e\000r\000e\000n\000c\000e}{section.7}% 778
\BOOKMARK [3][-]{subsubsection.7.75.1}{\376\377\0007\000.\0007\0005\000.\0001\000\040\000D\000e\000t\000a\000i\000l\000e\000d\000\040\000D\000e\000s\000c\000r\000i\000p\000t\000i\000o\000n}{subsection.7.75}% 779
\BOOKMARK [2][-]{subsection.7.76}{\376\377\0007\000.\0007\0006\000\040\000o\000s\000a\000p\000i\000\137\000s\000t\000d\000i\000o\000.\000h\000\040\000F\000i\000l\000e\000\040\000R\000e\000f\000e\000r\000e\000n\000c\000e}{section.7}% 780
\BOOKMARK [3][-]{subsubsection.7.76.1}{\376\377\0007\000.\0007\0006\000.\0001\000\040\000D\000e\000t\000a\000i\000l\000e\000d\000\040\000D\000e\000s\000c\000r\000i\000p\000t\000i\000o\000n}{subsection.7.76}% 781
\BOOKMARK [2][-]{subsection.7.77}{\376\377\0007\000.\0007\0007\000\040\000o\000s\000a\000p\000i\000\137\000s\000t\000r\000i\000n\000g\000.\000h\000\040\000F\000i\000l\000e\000\040\000R\000e\000f\000e\000r\000e\000n\000c\000e}{section.7}% 782
\BOOKMARK [3][-]{subsubsection.7.77.1}{\376\377\0007\000.\0007\0007\000.\0001\000\040\000D\000e\000t\000a\000i\000l\000e\000d\000\040\000D\000e\000s\000c\000r\000i\000p\000t\000i\000o\000n}{subsection.7.77}% 783
\BOOKMARK [2][-]{subsection.7.78}{\376\377\0007\000.\0007\0008\000\040\000o\000s\000a\000p\000i\000\137\000s\000y\000s\000t\000e\000m\000.\000h\000\040\000F\000i\000l\000e\000\040\000R\000e\000f\000e\000r\000e\000n\000c\000e}{section.7}% 784
\BOOKMARK [3][-]{subsubsection.7.78.1}{\376\377\0007\000.\0007\0008\000.\0001\000\040\000D\000e\000t\000a\000i\000l\000e\000d\000\040\000D\000e\000s\000c\000r\000i\000p\000t\000i\000o\000n}{subsection.7.78}% 785
\BOOKMARK [2][-]{subsection.7.79}{\376\377\0007\000.\0007\0009\000\040\000o\000s\000a\000p\000i\000\137\000t\000a\000s\000k\000.\000h\000\040\000F\000i\000l\000e\000\040\000R\000e\000f\000e\000r\000e\000n\000c\000e}{section.7}% 786
\BOOKMARK [3][-]{subsubsection.7.79.1}{\376\377\0007\000.\0007\0009\000.\0001\000\040\000D\000e\000t\000a\000i\000l\000e\000d\000\040\000D\000e\000s\000c\000r\000i\000p\000t\000i\000o\000n}{subsection.7.79}% 787
\BOOKMARK [2][-]{subsection.7.80}{\376\377\0007\000.\0008\0000\000\040\000o\000s\000a\000p\000i\000\137\000t\000i\000m\000e\000.\000h\000\040\000F\000i\000l\000e\000\040\000R\000e\000f\000e\000r\000e\000n\000c\000e}{section.7}% 788
\BOOKMARK [3][-]{subsubsection.7.80.1}{\376\377\0007\000.\0008\0000\000.\0001\000\040\000D\000e\000t\000a\000i\000l\000e\000d\000\040\000D\000e\000s\000c\000r\000i\000p\000t\000i\000o\000n}{subsection.7.80}% 789
\BOOKMARK [2][-]{subsection.7.81}{\376\377\0007\000.\0008\0001\000\040\000r\000e\000d\000a\000\137\000d\000l\000l\000.\000h\000\040\000F\000i\000l\000e\000\040\000R\000e\000f\000e\000r\000e\000n\000c\000e}{section.7}% 790
\BOOKMARK [2][-]{subsection.7.82}{\376\377\0007\000.\0008\0002\000\040\000r\000e\000d\000a\000\137\000e\000p\000o\000c\000h\000.\000h\000\040\000F\000i\000l\000e\000\040\000R\000e\000f\000e\000r\000e\000n\000c\000e}{section.7}% 791
\BOOKMARK [2][-]{subsection.7.83}{\376\377\0007\000.\0008\0003\000\040\000r\000e\000d\000a\000\137\000l\000o\000g\000.\000h\000\040\000F\000i\000l\000e\000\040\000R\000e\000f\000e\000r\000e\000n\000c\000e}{section.7}% 792
\BOOKMARK [3][-]{subsubsection.7.83.1}{\376\377\0007\000.\0008\0003\000.\0001\000\040\000D\000e\000t\000a\000i\000l\000e\000d\000\040\000D\000e\000s\000c\000r\000i\000p\000t\000i\000o\000n}{subsection.7.83}% 793
\BOOKMARK [2][-]{subsection.7.84}{\376\377\0007\000.\0008\0004\000\040\000r\000e\000d\000a\000\137\000s\000e\000q\000u\000e\000n\000c\000e\000\137\000d\000e\000f\000n\000.\000h\000\040\000F\000i\000l\000e\000\040\000R\000e\000f\000e\000r\000e\000n\000c\000e}{section.7}% 794
\BOOKMARK [2][-]{subsection.7.85}{\376\377\0007\000.\0008\0005\000\040\000r\000h\000\137\000s\000m\000\137\000d\000l\000l\000.\000h\000\040\000F\000i\000l\000e\000\040\000R\000e\000f\000e\000r\000e\000n\000c\000e}{section.7}% 795
\BOOKMARK [3][-]{subsubsection.7.85.1}{\376\377\0007\000.\0008\0005\000.\0001\000\040\000D\000e\000t\000a\000i\000l\000e\000d\000\040\000D\000e\000s\000c\000r\000i\000p\000t\000i\000o\000n}{subsection.7.85}% 796
\BOOKMARK [2][-]{subsection.7.86}{\376\377\0007\000.\0008\0006\000\040\000r\000h\000\137\000s\000m\000\137\000h\000i\000s\000t\000o\000r\000y\000.\000h\000\040\000F\000i\000l\000e\000\040\000R\000e\000f\000e\000r\000e\000n\000c\000e}{section.7}% 797
\BOOKMARK [3][-]{subsubsection.7.86.1}{\376\377\0007\000.\0008\0006\000.\0001\000\040\000D\000e\000t\000a\000i\000l\000e\000d\000\040\000D\000e\000s\000c\000r\000i\000p\000t\000i\000o\000n}{subsection.7.86}% 798
\BOOKMARK [2][-]{subsection.7.87}{\376\377\0007\000.\0008\0007\000\040\000r\000h\000\137\000s\000m\000\137\000l\000o\000g\000.\000h\000\040\000F\000i\000l\000e\000\040\000R\000e\000f\000e\000r\000e\000n\000c\000e}{section.7}% 799
\BOOKMARK [3][-]{subsubsection.7.87.1}{\376\377\0007\000.\0008\0007\000.\0001\000\040\000D\000e\000t\000a\000i\000l\000e\000d\000\040\000D\000e\000s\000c\000r\000i\000p\000t\000i\000o\000n}{subsection.7.87}% 800
\BOOKMARK [3][-]{subsubsection.7.87.2}{\376\377\0007\000.\0008\0007\000.\0002\000\040\000M\000a\000c\000r\000o\000\040\000D\000e\000f\000i\000n\000i\000t\000i\000o\000n\000\040\000D\000o\000c\000u\000m\000e\000n\000t\000a\000t\000i\000o\000n}{subsection.7.87}% 801
\BOOKMARK [2][-]{subsection.7.88}{\376\377\0007\000.\0008\0008\000\040\000r\000t\000\137\000d\000l\000l\000.\000h\000\040\000F\000i\000l\000e\000\040\000R\000e\000f\000e\000r\000e\000n\000c\000e}{section.7}% 802
\BOOKMARK [2][-]{subsection.7.89}{\376\377\0007\000.\0008\0009\000\040\000r\000t\000\137\000l\000o\000g\000.\000h\000\040\000F\000i\000l\000e\000\040\000R\000e\000f\000e\000r\000e\000n\000c\000e}{section.7}% 803
\BOOKMARK [2][-]{subsection.7.90}{\376\377\0007\000.\0009\0000\000\040\000o\000s\000a\000p\000i\000\137\000h\000e\000a\000p\000\137\000t\000e\000s\000t\000.\000h\000\040\000F\000i\000l\000e\000\040\000R\000e\000f\000e\000r\000e\000n\000c\000e}{section.7}% 804
\BOOKMARK [3][-]{subsubsection.7.90.1}{\376\377\0007\000.\0009\0000\000.\0001\000\040\000D\000e\000t\000a\000i\000l\000e\000d\000\040\000D\000e\000s\000c\000r\000i\000p\000t\000i\000o\000n}{subsection.7.90}% 805
\BOOKMARK [2][-]{subsection.7.91}{\376\377\0007\000.\0009\0001\000\040\000o\000s\000p\000s\000l\000\137\000o\000s\000\137\000f\000r\000e\000e\000r\000t\000o\000s\000.\000h\000\040\000F\000i\000l\000e\000\040\000R\000e\000f\000e\000r\000e\000n\000c\000e}{section.7}% 806
\BOOKMARK [3][-]{subsubsection.7.91.1}{\376\377\0007\000.\0009\0001\000.\0001\000\040\000D\000e\000t\000a\000i\000l\000e\000d\000\040\000D\000e\000s\000c\000r\000i\000p\000t\000i\000o\000n}{subsection.7.91}% 807
\BOOKMARK [2][-]{subsection.7.92}{\376\377\0007\000.\0009\0002\000\040\000o\000s\000p\000s\000l\000\137\000o\000s\000\137\000p\000o\000s\000i\000x\000.\000h\000\040\000F\000i\000l\000e\000\040\000R\000e\000f\000e\000r\000e\000n\000c\000e}{section.7}% 808
\BOOKMARK [3][-]{subsubsection.7.92.1}{\376\377\0007\000.\0009\0002\000.\0001\000\040\000D\000e\000t\000a\000i\000l\000e\000d\000\040\000D\000e\000s\000c\000r\000i\000p\000t\000i\000o\000n}{subsection.7.92}% 809
\BOOKMARK [2][-]{subsection.7.93}{\376\377\0007\000.\0009\0003\000\040\000o\000s\000p\000s\000l\000\137\000o\000s\000\137\000w\000i\000n\000d\000o\000w\000s\000.\000h\000\040\000F\000i\000l\000e\000\040\000R\000e\000f\000e\000r\000e\000n\000c\000e}{section.7}% 810
\BOOKMARK [3][-]{subsubsection.7.93.1}{\376\377\0007\000.\0009\0003\000.\0001\000\040\000D\000e\000t\000a\000i\000l\000e\000d\000\040\000D\000e\000s\000c\000r\000i\000p\000t\000i\000o\000n}{subsection.7.93}% 811
\BOOKMARK [2][-]{subsection.7.94}{\376\377\0007\000.\0009\0004\000\040\000r\000t\000i\000\137\000m\000e\000\137\000p\000s\000l\000\137\000d\000l\000l\000.\000h\000\040\000F\000i\000l\000e\000\040\000R\000e\000f\000e\000r\000e\000n\000c\000e}{section.7}% 812
\BOOKMARK [2][-]{subsection.7.95}{\376\377\0007\000.\0009\0005\000\040\000r\000t\000p\000s\000\137\000c\000o\000n\000f\000i\000g\000.\000h\000\040\000F\000i\000l\000e\000\040\000R\000e\000f\000e\000r\000e\000n\000c\000e}{section.7}% 813
\BOOKMARK [3][-]{subsubsection.7.95.1}{\376\377\0007\000.\0009\0005\000.\0001\000\040\000D\000e\000t\000a\000i\000l\000e\000d\000\040\000D\000e\000s\000c\000r\000i\000p\000t\000i\000o\000n}{subsection.7.95}% 814
\BOOKMARK [2][-]{subsection.7.96}{\376\377\0007\000.\0009\0006\000\040\000r\000t\000p\000s\000\137\000d\000l\000l\000.\000h\000\040\000F\000i\000l\000e\000\040\000R\000e\000f\000e\000r\000e\000n\000c\000e}{section.7}% 815
\BOOKMARK [3][-]{subsubsection.7.96.1}{\376\377\0007\000.\0009\0006\000.\0001\000\040\000D\000e\000t\000a\000i\000l\000e\000d\000\040\000D\000e\000s\000c\000r\000i\000p\000t\000i\000o\000n}{subsection.7.96}% 816
\BOOKMARK [2][-]{subsection.7.97}{\376\377\0007\000.\0009\0007\000\040\000r\000t\000p\000s\000\137\000l\000o\000g\000.\000h\000\040\000F\000i\000l\000e\000\040\000R\000e\000f\000e\000r\000e\000n\000c\000e}{section.7}% 817
\BOOKMARK [3][-]{subsubsection.7.97.1}{\376\377\0007\000.\0009\0007\000.\0001\000\040\000D\000e\000t\000a\000i\000l\000e\000d\000\040\000D\000e\000s\000c\000r\000i\000p\000t\000i\000o\000n}{subsection.7.97}% 818
\BOOKMARK [3][-]{subsubsection.7.97.2}{\376\377\0007\000.\0009\0007\000.\0002\000\040\000M\000a\000c\000r\000o\000\040\000D\000e\000f\000i\000n\000i\000t\000i\000o\000n\000\040\000D\000o\000c\000u\000m\000e\000n\000t\000a\000t\000i\000o\000n}{subsection.7.97}% 819
\BOOKMARK [2][-]{subsection.7.98}{\376\377\0007\000.\0009\0008\000\040\000r\000t\000p\000s\000\137\000r\000t\000p\000s\000\137\000i\000m\000p\000l\000.\000h\000\040\000F\000i\000l\000e\000\040\000R\000e\000f\000e\000r\000e\000n\000c\000e}{section.7}% 820
\BOOKMARK [3][-]{subsubsection.7.98.1}{\376\377\0007\000.\0009\0008\000.\0001\000\040\000D\000e\000t\000a\000i\000l\000e\000d\000\040\000D\000e\000s\000c\000r\000i\000p\000t\000i\000o\000n}{subsection.7.98}% 821
\BOOKMARK [2][-]{subsection.7.99}{\376\377\0007\000.\0009\0009\000\040\000w\000h\000\137\000s\000m\000\137\000d\000l\000l\000.\000h\000\040\000F\000i\000l\000e\000\040\000R\000e\000f\000e\000r\000e\000n\000c\000e}{section.7}% 822
\BOOKMARK [3][-]{subsubsection.7.99.1}{\376\377\0007\000.\0009\0009\000.\0001\000\040\000D\000e\000t\000a\000i\000l\000e\000d\000\040\000D\000e\000s\000c\000r\000i\000p\000t\000i\000o\000n}{subsection.7.99}% 823
\BOOKMARK [2][-]{subsection.7.100}{\376\377\0007\000.\0001\0000\0000\000\040\000w\000h\000\137\000s\000m\000\137\000h\000i\000s\000t\000o\000r\000y\000.\000h\000\040\000F\000i\000l\000e\000\040\000R\000e\000f\000e\000r\000e\000n\000c\000e}{section.7}% 824
\BOOKMARK [3][-]{subsubsection.7.100.1}{\376\377\0007\000.\0001\0000\0000\000.\0001\000\040\000D\000e\000t\000a\000i\000l\000e\000d\000\040\000D\000e\000s\000c\000r\000i\000p\000t\000i\000o\000n}{subsection.7.100}% 825
\BOOKMARK [2][-]{subsection.7.101}{\376\377\0007\000.\0001\0000\0001\000\040\000w\000h\000\137\000s\000m\000\137\000l\000o\000g\000.\000h\000\040\000F\000i\000l\000e\000\040\000R\000e\000f\000e\000r\000e\000n\000c\000e}{section.7}% 826
\BOOKMARK [3][-]{subsubsection.7.101.1}{\376\377\0007\000.\0001\0000\0001\000.\0001\000\040\000D\000e\000t\000a\000i\000l\000e\000d\000\040\000D\000e\000s\000c\000r\000i\000p\000t\000i\000o\000n}{subsection.7.101}% 827
\BOOKMARK [3][-]{subsubsection.7.101.2}{\376\377\0007\000.\0001\0000\0001\000.\0002\000\040\000M\000a\000c\000r\000o\000\040\000D\000e\000f\000i\000n\000i\000t\000i\000o\000n\000\040\000D\000o\000c\000u\000m\000e\000n\000t\000a\000t\000i\000o\000n}{subsection.7.101}% 828
\BOOKMARK [1][-]{section*.3457}{\376\377\000I\000n\000d\000e\000x}{}% 829
