\BOOKMARK [1][-]{section.1}{\376\377\0001\000\040\000R\000T\000I\000\040\000C\000o\000n\000n\000e\000x\000t\000\040\000M\000i\000c\000r\000o\000\040\000C\000+\000+\000\040\000A\000P\000I}{}% 1
\BOOKMARK [1][-]{section.2}{\376\377\0002\000\040\000T\000o\000p\000i\000c\000\040\000I\000n\000d\000e\000x}{}% 2
\BOOKMARK [2][-]{subsection.2.1}{\376\377\0002\000.\0001\000\040\000R\000e\000f\000e\000r\000e\000n\000c\000e\000\040\000M\000a\000n\000u\000a\000l}{section.2}% 3
\BOOKMARK [1][-]{section.3}{\376\377\0003\000\040\000H\000i\000e\000r\000a\000r\000c\000h\000i\000c\000a\000l\000\040\000I\000n\000d\000e\000x}{}% 4
\BOOKMARK [2][-]{subsection.3.1}{\376\377\0003\000.\0001\000\040\000C\000l\000a\000s\000s\000\040\000H\000i\000e\000r\000a\000r\000c\000h\000y}{section.3}% 5
\BOOKMARK [1][-]{section.4}{\376\377\0004\000\040\000C\000l\000a\000s\000s\000\040\000I\000n\000d\000e\000x}{}% 6
\BOOKMARK [2][-]{subsection.4.1}{\376\377\0004\000.\0001\000\040\000C\000l\000a\000s\000s\000\040\000L\000i\000s\000t}{section.4}% 7
\BOOKMARK [1][-]{section.5}{\376\377\0005\000\040\000F\000i\000l\000e\000\040\000I\000n\000d\000e\000x}{}% 8
\BOOKMARK [2][-]{subsection.5.1}{\376\377\0005\000.\0001\000\040\000F\000i\000l\000e\000\040\000L\000i\000s\000t}{section.5}% 9
\BOOKMARK [1][-]{section.6}{\376\377\0006\000\040\000T\000o\000p\000i\000c\000\040\000D\000o\000c\000u\000m\000e\000n\000t\000a\000t\000i\000o\000n}{}% 10
\BOOKMARK [2][-]{subsection.6.1}{\376\377\0006\000.\0001\000\040\000D\000o\000c\000u\000m\000e\000n\000t\000a\000t\000i\000o\000n\000\040\000G\000u\000i\000d\000e}{section.6}% 11
\BOOKMARK [3][-]{subsubsection.6.1.1}{\376\377\0006\000.\0001\000.\0001\000\040\000U\000n\000s\000u\000p\000p\000o\000r\000t\000e\000d\000\040\000F\000e\000a\000t\000u\000r\000e\000s}{subsection.6.1}% 12
\BOOKMARK [3][-]{subsubsection.6.1.2}{\376\377\0006\000.\0001\000.\0002\000\040\000A\000P\000I\000\040\000N\000a\000m\000i\000n\000g\000\040\000C\000o\000n\000v\000e\000n\000t\000i\000o\000n\000s}{subsection.6.1}% 13
\BOOKMARK [3][-]{subsubsection.6.1.3}{\376\377\0006\000.\0001\000.\0003\000\040\000A\000P\000I\000\040\000D\000o\000c\000u\000m\000e\000n\000t\000a\000t\000i\000o\000n\000\040\000T\000e\000r\000m\000s}{subsection.6.1}% 14
\BOOKMARK [3][-]{subsubsection.6.1.4}{\376\377\0006\000.\0001\000.\0004\000\040\000S\000t\000e\000r\000e\000o\000t\000y\000p\000e\000s}{subsection.6.1}% 15
\BOOKMARK [2][-]{subsection.6.2}{\376\377\0006\000.\0002\000\040\000D\000D\000S\000\040\000A\000P\000I}{section.6}% 16
\BOOKMARK [3][-]{subsubsection.6.2.1}{\376\377\0006\000.\0002\000.\0001\000\040\000D\000e\000t\000a\000i\000l\000e\000d\000\040\000D\000e\000s\000c\000r\000i\000p\000t\000i\000o\000n}{subsection.6.2}% 17
\BOOKMARK [3][-]{subsubsection.6.2.2}{\376\377\0006\000.\0002\000.\0002\000\040\000O\000v\000e\000r\000v\000i\000e\000w}{subsection.6.2}% 18
\BOOKMARK [3][-]{subsubsection.6.2.3}{\376\377\0006\000.\0002\000.\0003\000\040\000C\000o\000n\000c\000e\000p\000t\000u\000a\000l\000\040\000M\000o\000d\000e\000l}{subsection.6.2}% 19
\BOOKMARK [3][-]{subsubsection.6.2.4}{\376\377\0006\000.\0002\000.\0004\000\040\000M\000o\000d\000u\000l\000e\000s}{subsection.6.2}% 20
\BOOKMARK [3][-]{subsubsection.6.2.5}{\376\377\0006\000.\0002\000.\0005\000\040\000C\000o\000n\000t\000e\000n\000t\000\040\000F\000i\000l\000t\000e\000r\000\040\000P\000l\000u\000g\000i\000n}{subsection.6.2}% 21
\BOOKMARK [3][-]{subsubsection.6.2.6}{\376\377\0006\000.\0002\000.\0006\000\040\000D\000o\000m\000a\000i\000n\000\040\000M\000o\000d\000u\000l\000e}{subsection.6.2}% 22
\BOOKMARK [3][-]{subsubsection.6.2.7}{\376\377\0006\000.\0002\000.\0007\000\040\000T\000o\000p\000i\000c}{subsection.6.2}% 23
\BOOKMARK [3][-]{subsubsection.6.2.8}{\376\377\0006\000.\0002\000.\0008\000\040\000P\000u\000b\000l\000i\000c\000a\000t\000i\000o\000n\000\040\000M\000o\000d\000u\000l\000e}{subsection.6.2}% 24
\BOOKMARK [3][-]{subsubsection.6.2.9}{\376\377\0006\000.\0002\000.\0009\000\040\000S\000u\000b\000s\000c\000r\000i\000p\000t\000i\000o\000n\000\040\000M\000o\000d\000u\000l\000e}{subsection.6.2}% 25
\BOOKMARK [3][-]{subsubsection.6.2.10}{\376\377\0006\000.\0002\000.\0001\0000\000\040\000I\000n\000f\000r\000a\000s\000t\000r\000u\000c\000t\000u\000r\000e\000\040\000M\000o\000d\000u\000l\000e}{subsection.6.2}% 26
\BOOKMARK [3][-]{subsubsection.6.2.11}{\376\377\0006\000.\0002\000.\0001\0001\000\040\000G\000e\000n\000e\000r\000a\000l\000\040\000U\000t\000i\000l\000i\000t\000i\000e\000s\000\040\000a\000n\000d\000\040\000C\000o\000m\000p\000l\000i\000a\000n\000c\000e\000\040\000C\000o\000n\000f\000i\000g\000u\000r\000a\000t\000i\000o\000n}{subsection.6.2}% 27
\BOOKMARK [2][-]{subsection.6.3}{\376\377\0006\000.\0003\000\040\000D\000P\000S\000E\000\040\000S\000t\000a\000t\000i\000c\000\040\000D\000i\000s\000c\000o\000v\000e\000r\000y\000\040\000A\000P\000I}{section.6}% 28
\BOOKMARK [3][-]{subsubsection.6.3.1}{\376\377\0006\000.\0003\000.\0001\000\040\000D\000e\000t\000a\000i\000l\000e\000d\000\040\000D\000e\000s\000c\000r\000i\000p\000t\000i\000o\000n}{subsection.6.3}% 29
\BOOKMARK [3][-]{subsubsection.6.3.2}{\376\377\0006\000.\0003\000.\0002\000\040\000M\000a\000c\000r\000o\000\040\000D\000e\000f\000i\000n\000i\000t\000i\000o\000n\000\040\000D\000o\000c\000u\000m\000e\000n\000t\000a\000t\000i\000o\000n}{subsection.6.3}% 30
\BOOKMARK [2][-]{subsection.6.4}{\376\377\0006\000.\0004\000\040\000D\000P\000D\000E\000\040\000D\000y\000n\000a\000m\000i\000c\000\040\000D\000i\000s\000c\000o\000v\000e\000r\000y\000\040\000A\000P\000I}{section.6}% 31
\BOOKMARK [3][-]{subsubsection.6.4.1}{\376\377\0006\000.\0004\000.\0001\000\040\000D\000e\000t\000a\000i\000l\000e\000d\000\040\000D\000e\000s\000c\000r\000i\000p\000t\000i\000o\000n}{subsection.6.4}% 32
\BOOKMARK [3][-]{subsubsection.6.4.2}{\376\377\0006\000.\0004\000.\0002\000\040\000M\000a\000c\000r\000o\000\040\000D\000e\000f\000i\000n\000i\000t\000i\000o\000n\000\040\000D\000o\000c\000u\000m\000e\000n\000t\000a\000t\000i\000o\000n}{subsection.6.4}% 33
\BOOKMARK [2][-]{subsection.6.5}{\376\377\0006\000.\0005\000\040\000C\000D\000R\000\040\000S\000t\000r\000e\000a\000m\000\040\000A\000P\000I}{section.6}% 34
\BOOKMARK [3][-]{subsubsection.6.5.1}{\376\377\0006\000.\0005\000.\0001\000\040\000D\000e\000t\000a\000i\000l\000e\000d\000\040\000D\000e\000s\000c\000r\000i\000p\000t\000i\000o\000n}{subsection.6.5}% 35
\BOOKMARK [3][-]{subsubsection.6.5.2}{\376\377\0006\000.\0005\000.\0002\000\040\000F\000u\000n\000c\000t\000i\000o\000n\000\040\000D\000o\000c\000u\000m\000e\000n\000t\000a\000t\000i\000o\000n}{subsection.6.5}% 36
\BOOKMARK [2][-]{subsection.6.6}{\376\377\0006\000.\0006\000\040\000R\000T\000\040\000R\000u\000n\000-\000T\000i\000m\000e\000\040\000A\000P\000I}{section.6}% 37
\BOOKMARK [3][-]{subsubsection.6.6.1}{\376\377\0006\000.\0006\000.\0001\000\040\000D\000e\000t\000a\000i\000l\000e\000d\000\040\000D\000e\000s\000c\000r\000i\000p\000t\000i\000o\000n}{subsection.6.6}% 38
\BOOKMARK [2][-]{subsection.6.7}{\376\377\0006\000.\0007\000\040\000R\000H\000S\000M\000\040\000R\000e\000a\000d\000e\000r\000\040\000H\000i\000s\000t\000o\000r\000y\000\040\000A\000P\000I}{section.6}% 39
\BOOKMARK [3][-]{subsubsection.6.7.1}{\376\377\0006\000.\0007\000.\0001\000\040\000D\000e\000t\000a\000i\000l\000e\000d\000\040\000D\000e\000s\000c\000r\000i\000p\000t\000i\000o\000n}{subsection.6.7}% 40
\BOOKMARK [2][-]{subsection.6.8}{\376\377\0006\000.\0008\000\040\000W\000H\000S\000M\000\040\000W\000r\000i\000t\000e\000r\000\040\000H\000i\000s\000t\000o\000r\000y\000\040\000A\000P\000I}{section.6}% 41
\BOOKMARK [3][-]{subsubsection.6.8.1}{\376\377\0006\000.\0008\000.\0001\000\040\000D\000e\000t\000a\000i\000l\000e\000d\000\040\000D\000e\000s\000c\000r\000i\000p\000t\000i\000o\000n}{subsection.6.8}% 42
\BOOKMARK [2][-]{subsection.6.9}{\376\377\0006\000.\0009\000\040\000N\000E\000T\000I\000O\000\040\000A\000P\000I}{section.6}% 43
\BOOKMARK [3][-]{subsubsection.6.9.1}{\376\377\0006\000.\0009\000.\0001\000\040\000D\000e\000t\000a\000i\000l\000e\000d\000\040\000D\000e\000s\000c\000r\000i\000p\000t\000i\000o\000n}{subsection.6.9}% 44
\BOOKMARK [3][-]{subsubsection.6.9.2}{\376\377\0006\000.\0009\000.\0002\000\040\000N\000E\000T\000I\000O\000\040\000P\000a\000c\000k\000e\000t\000\040\000A\000P\000I}{subsection.6.9}% 45
\BOOKMARK [3][-]{subsubsection.6.9.3}{\376\377\0006\000.\0009\000.\0003\000\040\000N\000E\000T\000I\000O\000\040\000I\000n\000t\000e\000r\000f\000a\000c\000e\000\040\000A\000P\000I}{subsection.6.9}% 46
\BOOKMARK [3][-]{subsubsection.6.9.4}{\376\377\0006\000.\0009\000.\0004\000\040\000N\000E\000T\000I\000O\000\040\000A\000d\000d\000r\000e\000s\000s\000\040\000A\000P\000I}{subsection.6.9}% 47
\BOOKMARK [2][-]{subsection.6.10}{\376\377\0006\000.\0001\0000\000\040\000U\000D\000P\000\040\000T\000r\000a\000n\000s\000p\000o\000r\000t\000\040\000A\000P\000I}{section.6}% 48
\BOOKMARK [3][-]{subsubsection.6.10.1}{\376\377\0006\000.\0001\0000\000.\0001\000\040\000D\000e\000t\000a\000i\000l\000e\000d\000\040\000D\000e\000s\000c\000r\000i\000p\000t\000i\000o\000n}{subsection.6.10}% 49
\BOOKMARK [3][-]{subsubsection.6.10.2}{\376\377\0006\000.\0001\0000\000.\0002\000\040\000M\000a\000c\000r\000o\000\040\000D\000e\000f\000i\000n\000i\000t\000i\000o\000n\000\040\000D\000o\000c\000u\000m\000e\000n\000t\000a\000t\000i\000o\000n}{subsection.6.10}% 50
\BOOKMARK [3][-]{subsubsection.6.10.3}{\376\377\0006\000.\0001\0000\000.\0003\000\040\000F\000u\000n\000c\000t\000i\000o\000n\000\040\000D\000o\000c\000u\000m\000e\000n\000t\000a\000t\000i\000o\000n}{subsection.6.10}% 51
\BOOKMARK [2][-]{subsection.6.11}{\376\377\0006\000.\0001\0001\000\040\000U\000D\000P\000\040\000T\000r\000a\000n\000s\000f\000o\000r\000m\000\040\000A\000P\000I}{section.6}% 52
\BOOKMARK [2][-]{subsection.6.12}{\376\377\0006\000.\0001\0002\000\040\000R\000T\000P\000S\000\040\000T\000r\000a\000n\000s\000p\000o\000r\000t\000\040\000A\000P\000I}{section.6}% 53
\BOOKMARK [3][-]{subsubsection.6.12.1}{\376\377\0006\000.\0001\0002\000.\0001\000\040\000D\000e\000t\000a\000i\000l\000e\000d\000\040\000D\000e\000s\000c\000r\000i\000p\000t\000i\000o\000n}{subsection.6.12}% 54
\BOOKMARK [3][-]{subsubsection.6.12.2}{\376\377\0006\000.\0001\0002\000.\0002\000\040\000T\000y\000p\000e\000d\000e\000f\000\040\000D\000o\000c\000u\000m\000e\000n\000t\000a\000t\000i\000o\000n}{subsection.6.12}% 55
\BOOKMARK [3][-]{subsubsection.6.12.3}{\376\377\0006\000.\0001\0002\000.\0003\000\040\000E\000n\000u\000m\000e\000r\000a\000t\000i\000o\000n\000\040\000T\000y\000p\000e\000\040\000D\000o\000c\000u\000m\000e\000n\000t\000a\000t\000i\000o\000n}{subsection.6.12}% 56
\BOOKMARK [3][-]{subsubsection.6.12.4}{\376\377\0006\000.\0001\0002\000.\0004\000\040\000V\000a\000r\000i\000a\000b\000l\000e\000\040\000D\000o\000c\000u\000m\000e\000n\000t\000a\000t\000i\000o\000n}{subsection.6.12}% 57
\BOOKMARK [2][-]{subsection.6.13}{\376\377\0006\000.\0001\0003\000\040\000S\000h\000a\000r\000e\000d\000\040\000M\000e\000m\000o\000r\000y\000\040\000T\000r\000a\000n\000s\000p\000o\000r\000t\000\040\000A\000P\000I}{section.6}% 58
\BOOKMARK [3][-]{subsubsection.6.13.1}{\376\377\0006\000.\0001\0003\000.\0001\000\040\000D\000e\000t\000a\000i\000l\000e\000d\000\040\000D\000e\000s\000c\000r\000i\000p\000t\000i\000o\000n}{subsection.6.13}% 59
\BOOKMARK [3][-]{subsubsection.6.13.2}{\376\377\0006\000.\0001\0003\000.\0002\000\040\000N\000E\000T\000I\000O\000\040\000S\000h\000a\000r\000e\000d\000\040\000M\000e\000m\000o\000r\000y\000\040\000A\000P\000I}{subsection.6.13}% 60
\BOOKMARK [2][-]{subsection.6.14}{\376\377\0006\000.\0001\0004\000\040\000N\000E\000T\000I\000O\000\040\000D\000G\000R\000A\000M\000\040\000A\000P\000I}{section.6}% 61
\BOOKMARK [3][-]{subsubsection.6.14.1}{\376\377\0006\000.\0001\0004\000.\0001\000\040\000D\000e\000t\000a\000i\000l\000e\000d\000\040\000D\000e\000s\000c\000r\000i\000p\000t\000i\000o\000n}{subsection.6.14}% 62
\BOOKMARK [3][-]{subsubsection.6.14.2}{\376\377\0006\000.\0001\0004\000.\0002\000\040\000M\000a\000c\000r\000o\000\040\000D\000e\000f\000i\000n\000i\000t\000i\000o\000n\000\040\000D\000o\000c\000u\000m\000e\000n\000t\000a\000t\000i\000o\000n}{subsection.6.14}% 63
\BOOKMARK [3][-]{subsubsection.6.14.3}{\376\377\0006\000.\0001\0004\000.\0003\000\040\000T\000y\000p\000e\000d\000e\000f\000\040\000D\000o\000c\000u\000m\000e\000n\000t\000a\000t\000i\000o\000n}{subsection.6.14}% 64
\BOOKMARK [3][-]{subsubsection.6.14.4}{\376\377\0006\000.\0001\0004\000.\0004\000\040\000F\000u\000n\000c\000t\000i\000o\000n\000\040\000D\000o\000c\000u\000m\000e\000n\000t\000a\000t\000i\000o\000n}{subsection.6.14}% 65
\BOOKMARK [3][-]{subsubsection.6.14.5}{\376\377\0006\000.\0001\0004\000.\0005\000\040\000V\000a\000r\000i\000a\000b\000l\000e\000\040\000D\000o\000c\000u\000m\000e\000n\000t\000a\000t\000i\000o\000n}{subsection.6.14}% 66
\BOOKMARK [2][-]{subsection.6.15}{\376\377\0006\000.\0001\0005\000\040\000Z\000e\000r\000o\000\040\000C\000o\000p\000y\000\040\000v\0002\000\040\000A\000P\000I}{section.6}% 67
\BOOKMARK [3][-]{subsubsection.6.15.1}{\376\377\0006\000.\0001\0005\000.\0001\000\040\000D\000e\000t\000a\000i\000l\000e\000d\000\040\000D\000e\000s\000c\000r\000i\000p\000t\000i\000o\000n}{subsection.6.15}% 68
\BOOKMARK [3][-]{subsubsection.6.15.2}{\376\377\0006\000.\0001\0005\000.\0002\000\040\000M\000a\000c\000r\000o\000\040\000D\000e\000f\000i\000n\000i\000t\000i\000o\000n\000\040\000D\000o\000c\000u\000m\000e\000n\000t\000a\000t\000i\000o\000n}{subsection.6.15}% 69
\BOOKMARK [3][-]{subsubsection.6.15.3}{\376\377\0006\000.\0001\0005\000.\0003\000\040\000T\000y\000p\000e\000d\000e\000f\000\040\000D\000o\000c\000u\000m\000e\000n\000t\000a\000t\000i\000o\000n}{subsection.6.15}% 70
\BOOKMARK [3][-]{subsubsection.6.15.4}{\376\377\0006\000.\0001\0005\000.\0004\000\040\000N\000o\000t\000i\000f\000i\000c\000a\000t\000i\000o\000n\000\040\000I\000n\000t\000e\000r\000f\000a\000c\000e}{subsection.6.15}% 71
\BOOKMARK [2][-]{subsection.6.16}{\376\377\0006\000.\0001\0006\000\040\000O\000S\000\040\000A\000P\000I}{section.6}% 72
\BOOKMARK [3][-]{subsubsection.6.16.1}{\376\377\0006\000.\0001\0006\000.\0001\000\040\000D\000e\000t\000a\000i\000l\000e\000d\000\040\000D\000e\000s\000c\000r\000i\000p\000t\000i\000o\000n}{subsection.6.16}% 73
\BOOKMARK [3][-]{subsubsection.6.16.2}{\376\377\0006\000.\0001\0006\000.\0002\000\040\000O\000S\000A\000P\000I\000\040\000H\000e\000a\000p\000\040\000A\000P\000I}{subsection.6.16}% 74
\BOOKMARK [3][-]{subsubsection.6.16.3}{\376\377\0006\000.\0001\0006\000.\0003\000\040\000T\000r\000a\000c\000e\000\040\000A\000P\000I}{subsection.6.16}% 75
\BOOKMARK [3][-]{subsubsection.6.16.4}{\376\377\0006\000.\0001\0006\000.\0004\000\040\000O\000S\000A\000P\000I\000\040\000M\000u\000t\000e\000x\000\040\000A\000P\000I}{subsection.6.16}% 76
\BOOKMARK [3][-]{subsubsection.6.16.5}{\376\377\0006\000.\0001\0006\000.\0005\000\040\000O\000S\000A\000P\000I\000\040\000P\000r\000o\000c\000e\000s\000s\000\040\000A\000P\000I}{subsection.6.16}% 77
\BOOKMARK [3][-]{subsubsection.6.16.6}{\376\377\0006\000.\0001\0006\000.\0006\000\040\000O\000S\000A\000P\000I\000\040\000S\000e\000m\000a\000p\000h\000o\000r\000e\000\040\000A\000P\000I}{subsection.6.16}% 78
\BOOKMARK [3][-]{subsubsection.6.16.7}{\376\377\0006\000.\0001\0006\000.\0007\000\040\000O\000S\000A\000P\000I\000\040\000M\000e\000m\000o\000r\000y\000\040\000A\000P\000I}{subsection.6.16}% 79
\BOOKMARK [3][-]{subsubsection.6.16.8}{\376\377\0006\000.\0001\0006\000.\0008\000\040\000O\000S\000A\000P\000I\000\040\000S\000t\000r\000i\000n\000g\000\040\000A\000P\000I}{subsection.6.16}% 80
\BOOKMARK [3][-]{subsubsection.6.16.9}{\376\377\0006\000.\0001\0006\000.\0009\000\040\000O\000S\000A\000P\000I\000\040\000S\000y\000s\000t\000e\000m\000\040\000A\000P\000I}{subsection.6.16}% 81
\BOOKMARK [3][-]{subsubsection.6.16.10}{\376\377\0006\000.\0001\0006\000.\0001\0000\000\040\000O\000S\000A\000P\000I\000\040\000T\000h\000r\000e\000a\000d\000\040\000A\000P\000I}{subsection.6.16}% 82
\BOOKMARK [3][-]{subsubsection.6.16.11}{\376\377\0006\000.\0001\0006\000.\0001\0001\000\040\000O\000S\000A\000P\000I\000\040\000t\000i\000m\000e\000\040\000A\000P\000I}{subsection.6.16}% 83
\BOOKMARK [3][-]{subsubsection.6.16.12}{\376\377\0006\000.\0001\0006\000.\0001\0002\000\040\000O\000S\000A\000P\000I\000\040\000T\000i\000m\000e\000r\000\040\000A\000P\000I}{subsection.6.16}% 84
\BOOKMARK [3][-]{subsubsection.6.16.13}{\376\377\0006\000.\0001\0006\000.\0001\0003\000\040\000O\000S\000A\000P\000I\000\040\000T\000y\000p\000e\000s}{subsection.6.16}% 85
\BOOKMARK [3][-]{subsubsection.6.16.14}{\376\377\0006\000.\0001\0006\000.\0001\0004\000\040\000O\000S\000A\000P\000I\000\137\000S\000h\000a\000r\000e\000d\000M\000e\000m\000o\000r\000y\000M\000o\000n\000i\000t\000o\000r}{subsection.6.16}% 86
\BOOKMARK [3][-]{subsubsection.6.16.15}{\376\377\0006\000.\0001\0006\000.\0001\0005\000\040\000O\000S\000A\000P\000I\000\137\000S\000h\000a\000r\000e\000d\000M\000e\000m\000o\000r\000y\000S\000e\000g\000m\000e\000n\000t}{subsection.6.16}% 87
\BOOKMARK [3][-]{subsubsection.6.16.16}{\376\377\0006\000.\0001\0006\000.\0001\0006\000\040\000L\000o\000g\000\040\000A\000P\000I}{subsection.6.16}% 88
\BOOKMARK [2][-]{subsection.6.17}{\376\377\0006\000.\0001\0007\000\040\000A\000p\000p\000l\000i\000c\000a\000t\000i\000o\000n\000\040\000G\000e\000n\000e\000r\000a\000t\000i\000o\000n\000\040\000A\000P\000I}{section.6}% 89
\BOOKMARK [3][-]{subsubsection.6.17.1}{\376\377\0006\000.\0001\0007\000.\0001\000\040\000D\000e\000t\000a\000i\000l\000e\000d\000\040\000D\000e\000s\000c\000r\000i\000p\000t\000i\000o\000n}{subsection.6.17}% 90
\BOOKMARK [3][-]{subsubsection.6.17.2}{\376\377\0006\000.\0001\0007\000.\0002\000\040\000F\000u\000n\000c\000t\000i\000o\000n\000\040\000D\000o\000c\000u\000m\000e\000n\000t\000a\000t\000i\000o\000n}{subsection.6.17}% 91
\BOOKMARK [2][-]{subsection.6.18}{\376\377\0006\000.\0001\0008\000\040\000L\000i\000g\000h\000t\000w\000e\000i\000g\000h\000t\000\040\000S\000e\000c\000u\000r\000i\000t\000y\000\040\000A\000P\000I}{section.6}% 92
\BOOKMARK [3][-]{subsubsection.6.18.1}{\376\377\0006\000.\0001\0008\000.\0001\000\040\000D\000e\000t\000a\000i\000l\000e\000d\000\040\000D\000e\000s\000c\000r\000i\000p\000t\000i\000o\000n}{subsection.6.18}% 93
\BOOKMARK [3][-]{subsubsection.6.18.2}{\376\377\0006\000.\0001\0008\000.\0002\000\040\000M\000a\000c\000r\000o\000\040\000D\000e\000f\000i\000n\000i\000t\000i\000o\000n\000\040\000D\000o\000c\000u\000m\000e\000n\000t\000a\000t\000i\000o\000n}{subsection.6.18}% 94
\BOOKMARK [3][-]{subsubsection.6.18.3}{\376\377\0006\000.\0001\0008\000.\0003\000\040\000V\000a\000r\000i\000a\000b\000l\000e\000\040\000D\000o\000c\000u\000m\000e\000n\000t\000a\000t\000i\000o\000n}{subsection.6.18}% 95
\BOOKMARK [2][-]{subsection.6.19}{\376\377\0006\000.\0001\0009\000\040\000R\000e\000s\000o\000u\000r\000c\000e\000\040\000L\000i\000m\000i\000t\000s}{section.6}% 96
\BOOKMARK [3][-]{subsubsection.6.19.1}{\376\377\0006\000.\0001\0009\000.\0001\000\040\000D\000e\000t\000a\000i\000l\000e\000d\000\040\000D\000e\000s\000c\000r\000i\000p\000t\000i\000o\000n}{subsection.6.19}% 97
\BOOKMARK [3][-]{subsubsection.6.19.2}{\376\377\0006\000.\0001\0009\000.\0002\000\040\000I\000n\000t\000r\000o\000d\000u\000c\000t\000i\000o\000n}{subsection.6.19}% 98
\BOOKMARK [3][-]{subsubsection.6.19.3}{\376\377\0006\000.\0001\0009\000.\0003\000\040\000D\000y\000n\000a\000m\000i\000c\000\040\000M\000e\000m\000o\000r\000y\000\040\000A\000l\000l\000o\000c\000a\000t\000i\000o\000n}{subsection.6.19}% 99
\BOOKMARK [3][-]{subsubsection.6.19.4}{\376\377\0006\000.\0001\0009\000.\0004\000\040\000D\000o\000m\000a\000i\000n\000P\000a\000r\000t\000i\000c\000i\000p\000a\000n\000t\000F\000a\000c\000t\000o\000r\000y\000Q\000o\000s}{subsection.6.19}% 100
\BOOKMARK [3][-]{subsubsection.6.19.5}{\376\377\0006\000.\0001\0009\000.\0005\000\040\000D\000o\000m\000a\000i\000n\000P\000a\000r\000t\000i\000c\000i\000p\000a\000n\000t\000Q\000o\000s}{subsection.6.19}% 101
\BOOKMARK [3][-]{subsubsection.6.19.6}{\376\377\0006\000.\0001\0009\000.\0006\000\040\000D\000a\000t\000a\000R\000e\000a\000d\000e\000r\000Q\000o\000s}{subsection.6.19}% 102
\BOOKMARK [3][-]{subsubsection.6.19.7}{\376\377\0006\000.\0001\0009\000.\0007\000\040\000D\000a\000t\000a\000W\000r\000i\000t\000e\000r\000Q\000o\000s}{subsection.6.19}% 103
\BOOKMARK [3][-]{subsubsection.6.19.8}{\376\377\0006\000.\0001\0009\000.\0008\000\040\000O\000S\000A\000P\000I}{subsection.6.19}% 104
\BOOKMARK [3][-]{subsubsection.6.19.9}{\376\377\0006\000.\0001\0009\000.\0009\000\040\000U\000D\000P\000\040\000T\000r\000a\000n\000s\000p\000o\000r\000t}{subsection.6.19}% 105
\BOOKMARK [3][-]{subsubsection.6.19.10}{\376\377\0006\000.\0001\0009\000.\0001\0000\000\040\000D\000y\000n\000a\000m\000i\000c\000\040\000P\000a\000r\000t\000i\000c\000i\000p\000a\000n\000t\000\040\000S\000t\000a\000t\000i\000c\000\040\000E\000n\000d\000p\000o\000i\000n\000t\000\040\000\050\000D\000P\000S\000E\000\051}{subsection.6.19}% 106
\BOOKMARK [3][-]{subsubsection.6.19.11}{\376\377\0006\000.\0001\0009\000.\0001\0001\000\040\000D\000y\000n\000a\000m\000i\000c\000\040\000P\000a\000r\000t\000i\000c\000i\000p\000a\000n\000t\000\040\000D\000y\000n\000a\000m\000i\000c\000\040\000E\000n\000d\000p\000o\000i\000n\000t\000\040\000\050\000D\000P\000D\000E\000\051}{subsection.6.19}% 107
\BOOKMARK [2][-]{subsection.6.20}{\376\377\0006\000.\0002\0000\000\040\000L\000o\000g\000\040\000C\000o\000d\000e\000s}{section.6}% 108
\BOOKMARK [3][-]{subsubsection.6.20.1}{\376\377\0006\000.\0002\0000\000.\0001\000\040\000D\000e\000t\000a\000i\000l\000e\000d\000\040\000D\000e\000s\000c\000r\000i\000p\000t\000i\000o\000n}{subsection.6.20}% 109
\BOOKMARK [3][-]{subsubsection.6.20.2}{\376\377\0006\000.\0002\0000\000.\0002\000\040\000O\000S\000A\000P\000I}{subsection.6.20}% 110
\BOOKMARK [3][-]{subsubsection.6.20.3}{\376\377\0006\000.\0002\0000\000.\0003\000\040\000R\000E\000D\000A}{subsection.6.20}% 111
\BOOKMARK [3][-]{subsubsection.6.20.4}{\376\377\0006\000.\0002\0000\000.\0004\000\040\000D\000B}{subsection.6.20}% 112
\BOOKMARK [3][-]{subsubsection.6.20.5}{\376\377\0006\000.\0002\0000\000.\0005\000\040\000R\000T}{subsection.6.20}% 113
\BOOKMARK [3][-]{subsubsection.6.20.6}{\376\377\0006\000.\0002\0000\000.\0006\000\040\000C\000D\000R}{subsection.6.20}% 114
\BOOKMARK [3][-]{subsubsection.6.20.7}{\376\377\0006\000.\0002\0000\000.\0007\000\040\000N\000E\000T\000I\000O}{subsection.6.20}% 115
\BOOKMARK [3][-]{subsubsection.6.20.8}{\376\377\0006\000.\0002\0000\000.\0008\000\040\000R\000T\000P\000S}{subsection.6.20}% 116
\BOOKMARK [3][-]{subsubsection.6.20.9}{\376\377\0006\000.\0002\0000\000.\0009\000\040\000D\000D\000S\000\137\000C}{subsection.6.20}% 117
\BOOKMARK [3][-]{subsubsection.6.20.10}{\376\377\0006\000.\0002\0000\000.\0001\0000\000\040\000Z\000e\000r\000o\000C\000o\000p\000y}{subsection.6.20}% 118
\BOOKMARK [3][-]{subsubsection.6.20.11}{\376\377\0006\000.\0002\0000\000.\0001\0001\000\040\000W\000H\000S\000Q}{subsection.6.20}% 119
\BOOKMARK [3][-]{subsubsection.6.20.12}{\376\377\0006\000.\0002\0000\000.\0001\0002\000\040\000R\000H}{subsection.6.20}% 120
\BOOKMARK [3][-]{subsubsection.6.20.13}{\376\377\0006\000.\0002\0000\000.\0001\0003\000\040\000W\000H}{subsection.6.20}% 121
\BOOKMARK [3][-]{subsubsection.6.20.14}{\376\377\0006\000.\0002\0000\000.\0001\0004\000\040\000D\000P\000S\000E}{subsection.6.20}% 122
\BOOKMARK [3][-]{subsubsection.6.20.15}{\376\377\0006\000.\0002\0000\000.\0001\0005\000\040\000D\000P\000D\000E}{subsection.6.20}% 123
\BOOKMARK [3][-]{subsubsection.6.20.16}{\376\377\0006\000.\0002\0000\000.\0001\0006\000\040\000A\000P\000P\000G\000E\000N}{subsection.6.20}% 124
\BOOKMARK [3][-]{subsubsection.6.20.17}{\376\377\0006\000.\0002\0000\000.\0001\0007\000\040\000D\000D\000S\000\137\000F\000I\000L\000T\000E\000R}{subsection.6.20}% 125
\BOOKMARK [1][-]{section.7}{\376\377\0007\000\040\000C\000l\000a\000s\000s\000\040\000D\000o\000c\000u\000m\000e\000n\000t\000a\000t\000i\000o\000n}{}% 126
\BOOKMARK [2][-]{subsection.7.1}{\376\377\0007\000.\0001\000\040\000C\000D\000R\000\137\000S\000t\000r\000e\000a\000m\000\137\000t\000\040\000S\000t\000r\000u\000c\000t\000\040\000R\000e\000f\000e\000r\000e\000n\000c\000e}{section.7}% 127
\BOOKMARK [3][-]{subsubsection.7.1.1}{\376\377\0007\000.\0001\000.\0001\000\040\000D\000e\000t\000a\000i\000l\000e\000d\000\040\000D\000e\000s\000c\000r\000i\000p\000t\000i\000o\000n}{subsection.7.1}% 128
\BOOKMARK [2][-]{subsection.7.2}{\376\377\0007\000.\0002\000\040\000D\000D\000S\000\137\000B\000u\000i\000l\000t\000i\000n\000T\000o\000p\000i\000c\000K\000e\000y\000\137\000t\000\040\000S\000t\000r\000u\000c\000t\000\040\000R\000e\000f\000e\000r\000e\000n\000c\000e}{section.7}% 129
\BOOKMARK [3][-]{subsubsection.7.2.1}{\376\377\0007\000.\0002\000.\0001\000\040\000D\000e\000t\000a\000i\000l\000e\000d\000\040\000D\000e\000s\000c\000r\000i\000p\000t\000i\000o\000n}{subsection.7.2}% 130
\BOOKMARK [3][-]{subsubsection.7.2.2}{\376\377\0007\000.\0002\000.\0002\000\040\000M\000e\000m\000b\000e\000r\000\040\000D\000a\000t\000a\000\040\000D\000o\000c\000u\000m\000e\000n\000t\000a\000t\000i\000o\000n}{subsection.7.2}% 131
\BOOKMARK [2][-]{subsection.7.3}{\376\377\0007\000.\0003\000\040\000D\000D\000S\000\137\000C\000h\000e\000c\000k\000s\000u\000m\000P\000r\000o\000p\000e\000r\000t\000y\000\137\000t\000\040\000S\000t\000r\000u\000c\000t\000\040\000R\000e\000f\000e\000r\000e\000n\000c\000e}{section.7}% 132
\BOOKMARK [3][-]{subsubsection.7.3.1}{\376\377\0007\000.\0003\000.\0001\000\040\000D\000e\000t\000a\000i\000l\000e\000d\000\040\000D\000e\000s\000c\000r\000i\000p\000t\000i\000o\000n}{subsection.7.3}% 133
\BOOKMARK [3][-]{subsubsection.7.3.2}{\376\377\0007\000.\0003\000.\0002\000\040\000M\000e\000m\000b\000e\000r\000\040\000D\000a\000t\000a\000\040\000D\000o\000c\000u\000m\000e\000n\000t\000a\000t\000i\000o\000n}{subsection.7.3}% 134
\BOOKMARK [2][-]{subsection.7.4}{\376\377\0007\000.\0004\000\040\000D\000D\000S\000\137\000C\000o\000n\000t\000e\000n\000t\000F\000i\000l\000t\000e\000r\000I\000\040\000S\000t\000r\000u\000c\000t\000\040\000R\000e\000f\000e\000r\000e\000n\000c\000e}{section.7}% 135
\BOOKMARK [3][-]{subsubsection.7.4.1}{\376\377\0007\000.\0004\000.\0001\000\040\000D\000e\000t\000a\000i\000l\000e\000d\000\040\000D\000e\000s\000c\000r\000i\000p\000t\000i\000o\000n}{subsection.7.4}% 136
\BOOKMARK [3][-]{subsubsection.7.4.2}{\376\377\0007\000.\0004\000.\0002\000\040\000M\000e\000m\000b\000e\000r\000\040\000D\000a\000t\000a\000\040\000D\000o\000c\000u\000m\000e\000n\000t\000a\000t\000i\000o\000n}{subsection.7.4}% 137
\BOOKMARK [2][-]{subsection.7.5}{\376\377\0007\000.\0005\000\040\000D\000D\000S\000\137\000C\000o\000n\000t\000e\000n\000t\000F\000i\000l\000t\000e\000r\000P\000r\000o\000p\000e\000r\000t\000y\000\040\000S\000t\000r\000u\000c\000t\000\040\000R\000e\000f\000e\000r\000e\000n\000c\000e}{section.7}% 138
\BOOKMARK [3][-]{subsubsection.7.5.1}{\376\377\0007\000.\0005\000.\0001\000\040\000D\000e\000t\000a\000i\000l\000e\000d\000\040\000D\000e\000s\000c\000r\000i\000p\000t\000i\000o\000n}{subsection.7.5}% 139
\BOOKMARK [3][-]{subsubsection.7.5.2}{\376\377\0007\000.\0005\000.\0002\000\040\000M\000e\000m\000b\000e\000r\000\040\000D\000a\000t\000a\000\040\000D\000o\000c\000u\000m\000e\000n\000t\000a\000t\000i\000o\000n}{subsection.7.5}% 140
\BOOKMARK [2][-]{subsection.7.6}{\376\377\0007\000.\0006\000\040\000D\000D\000S\000\137\000C\000o\000n\000t\000e\000n\000t\000F\000i\000l\000t\000e\000r\000Q\000o\000s\000P\000o\000l\000i\000c\000y\000\040\000S\000t\000r\000u\000c\000t\000\040\000R\000e\000f\000e\000r\000e\000n\000c\000e}{section.7}% 141
\BOOKMARK [3][-]{subsubsection.7.6.1}{\376\377\0007\000.\0006\000.\0001\000\040\000D\000e\000t\000a\000i\000l\000e\000d\000\040\000D\000e\000s\000c\000r\000i\000p\000t\000i\000o\000n}{subsection.7.6}% 142
\BOOKMARK [3][-]{subsubsection.7.6.2}{\376\377\0007\000.\0006\000.\0002\000\040\000U\000s\000a\000g\000e}{subsection.7.6}% 143
\BOOKMARK [3][-]{subsubsection.7.6.3}{\376\377\0007\000.\0006\000.\0003\000\040\000M\000e\000m\000b\000e\000r\000\040\000D\000a\000t\000a\000\040\000D\000o\000c\000u\000m\000e\000n\000t\000a\000t\000i\000o\000n}{subsection.7.6}% 144
\BOOKMARK [2][-]{subsection.7.7}{\376\377\0007\000.\0007\000\040\000D\000D\000S\000\137\000D\000a\000t\000a\000R\000e\000a\000d\000e\000r\000I\000n\000s\000t\000a\000n\000c\000e\000R\000e\000p\000l\000a\000c\000e\000d\000S\000t\000a\000t\000u\000s\000\040\000S\000t\000r\000u\000c\000t\000\040\000R\000e\000f\000e\000r\000e\000n\000c\000e}{section.7}% 145
\BOOKMARK [3][-]{subsubsection.7.7.1}{\376\377\0007\000.\0007\000.\0001\000\040\000D\000e\000t\000a\000i\000l\000e\000d\000\040\000D\000e\000s\000c\000r\000i\000p\000t\000i\000o\000n}{subsection.7.7}% 146
\BOOKMARK [3][-]{subsubsection.7.7.2}{\376\377\0007\000.\0007\000.\0002\000\040\000M\000e\000m\000b\000e\000r\000\040\000D\000a\000t\000a\000\040\000D\000o\000c\000u\000m\000e\000n\000t\000a\000t\000i\000o\000n}{subsection.7.7}% 147
\BOOKMARK [2][-]{subsection.7.8}{\376\377\0007\000.\0008\000\040\000D\000D\000S\000\137\000D\000a\000t\000a\000R\000e\000a\000d\000e\000r\000P\000r\000o\000t\000o\000c\000o\000l\000Q\000o\000s\000P\000o\000l\000i\000c\000y\000\040\000S\000t\000r\000u\000c\000t\000\040\000R\000e\000f\000e\000r\000e\000n\000c\000e}{section.7}% 148
\BOOKMARK [3][-]{subsubsection.7.8.1}{\376\377\0007\000.\0008\000.\0001\000\040\000D\000e\000t\000a\000i\000l\000e\000d\000\040\000D\000e\000s\000c\000r\000i\000p\000t\000i\000o\000n}{subsection.7.8}% 149
\BOOKMARK [3][-]{subsubsection.7.8.2}{\376\377\0007\000.\0008\000.\0002\000\040\000M\000e\000m\000b\000e\000r\000\040\000D\000a\000t\000a\000\040\000D\000o\000c\000u\000m\000e\000n\000t\000a\000t\000i\000o\000n}{subsection.7.8}% 150
\BOOKMARK [2][-]{subsection.7.9}{\376\377\0007\000.\0009\000\040\000D\000D\000S\000\137\000D\000a\000t\000a\000R\000e\000a\000d\000e\000r\000Q\000o\000s\000\040\000S\000t\000r\000u\000c\000t\000\040\000R\000e\000f\000e\000r\000e\000n\000c\000e}{section.7}% 151
\BOOKMARK [3][-]{subsubsection.7.9.1}{\376\377\0007\000.\0009\000.\0001\000\040\000D\000e\000t\000a\000i\000l\000e\000d\000\040\000D\000e\000s\000c\000r\000i\000p\000t\000i\000o\000n}{subsection.7.9}% 152
\BOOKMARK [3][-]{subsubsection.7.9.2}{\376\377\0007\000.\0009\000.\0002\000\040\000M\000e\000m\000b\000e\000r\000\040\000D\000a\000t\000a\000\040\000D\000o\000c\000u\000m\000e\000n\000t\000a\000t\000i\000o\000n}{subsection.7.9}% 153
\BOOKMARK [2][-]{subsection.7.10}{\376\377\0007\000.\0001\0000\000\040\000D\000D\000S\000\137\000D\000a\000t\000a\000R\000e\000a\000d\000e\000r\000R\000e\000s\000o\000u\000r\000c\000e\000L\000i\000m\000i\000t\000s\000Q\000o\000s\000P\000o\000l\000i\000c\000y\000\040\000S\000t\000r\000u\000c\000t\000\040\000R\000e\000f\000e\000r\000e\000n\000c\000e}{section.7}% 154
\BOOKMARK [3][-]{subsubsection.7.10.1}{\376\377\0007\000.\0001\0000\000.\0001\000\040\000D\000e\000t\000a\000i\000l\000e\000d\000\040\000D\000e\000s\000c\000r\000i\000p\000t\000i\000o\000n}{subsection.7.10}% 155
\BOOKMARK [3][-]{subsubsection.7.10.2}{\376\377\0007\000.\0001\0000\000.\0002\000\040\000M\000e\000m\000b\000e\000r\000\040\000D\000a\000t\000a\000\040\000D\000o\000c\000u\000m\000e\000n\000t\000a\000t\000i\000o\000n}{subsection.7.10}% 156
\BOOKMARK [2][-]{subsection.7.11}{\376\377\0007\000.\0001\0001\000\040\000D\000D\000S\000\137\000D\000a\000t\000a\000R\000e\000p\000r\000e\000s\000e\000n\000t\000a\000t\000i\000o\000n\000I\000d\000S\000e\000q\000\040\000S\000t\000r\000u\000c\000t\000\040\000R\000e\000f\000e\000r\000e\000n\000c\000e}{section.7}% 157
\BOOKMARK [3][-]{subsubsection.7.11.1}{\376\377\0007\000.\0001\0001\000.\0001\000\040\000D\000e\000t\000a\000i\000l\000e\000d\000\040\000D\000e\000s\000c\000r\000i\000p\000t\000i\000o\000n}{subsection.7.11}% 158
\BOOKMARK [2][-]{subsection.7.12}{\376\377\0007\000.\0001\0002\000\040\000D\000D\000S\000\137\000D\000a\000t\000a\000R\000e\000p\000r\000e\000s\000e\000n\000t\000a\000t\000i\000o\000n\000Q\000o\000s\000P\000o\000l\000i\000c\000y\000\040\000S\000t\000r\000u\000c\000t\000\040\000R\000e\000f\000e\000r\000e\000n\000c\000e}{section.7}% 159
\BOOKMARK [3][-]{subsubsection.7.12.1}{\376\377\0007\000.\0001\0002\000.\0001\000\040\000D\000e\000t\000a\000i\000l\000e\000d\000\040\000D\000e\000s\000c\000r\000i\000p\000t\000i\000o\000n}{subsection.7.12}% 160
\BOOKMARK [3][-]{subsubsection.7.12.2}{\376\377\0007\000.\0001\0002\000.\0002\000\040\000M\000e\000m\000b\000e\000r\000\040\000D\000a\000t\000a\000\040\000D\000o\000c\000u\000m\000e\000n\000t\000a\000t\000i\000o\000n}{subsection.7.12}% 161
\BOOKMARK [2][-]{subsection.7.13}{\376\377\0007\000.\0001\0003\000\040\000D\000D\000S\000\137\000D\000a\000t\000a\000W\000r\000i\000t\000e\000r\000P\000r\000o\000t\000o\000c\000o\000l\000Q\000o\000s\000P\000o\000l\000i\000c\000y\000\040\000S\000t\000r\000u\000c\000t\000\040\000R\000e\000f\000e\000r\000e\000n\000c\000e}{section.7}% 162
\BOOKMARK [3][-]{subsubsection.7.13.1}{\376\377\0007\000.\0001\0003\000.\0001\000\040\000D\000e\000t\000a\000i\000l\000e\000d\000\040\000D\000e\000s\000c\000r\000i\000p\000t\000i\000o\000n}{subsection.7.13}% 163
\BOOKMARK [3][-]{subsubsection.7.13.2}{\376\377\0007\000.\0001\0003\000.\0002\000\040\000M\000e\000m\000b\000e\000r\000\040\000D\000a\000t\000a\000\040\000D\000o\000c\000u\000m\000e\000n\000t\000a\000t\000i\000o\000n}{subsection.7.13}% 164
\BOOKMARK [2][-]{subsection.7.14}{\376\377\0007\000.\0001\0004\000\040\000D\000D\000S\000\137\000D\000a\000t\000a\000W\000r\000i\000t\000e\000r\000Q\000o\000s\000\040\000S\000t\000r\000u\000c\000t\000\040\000R\000e\000f\000e\000r\000e\000n\000c\000e}{section.7}% 165
\BOOKMARK [3][-]{subsubsection.7.14.1}{\376\377\0007\000.\0001\0004\000.\0001\000\040\000D\000e\000t\000a\000i\000l\000e\000d\000\040\000D\000e\000s\000c\000r\000i\000p\000t\000i\000o\000n}{subsection.7.14}% 166
\BOOKMARK [3][-]{subsubsection.7.14.2}{\376\377\0007\000.\0001\0004\000.\0002\000\040\000M\000e\000m\000b\000e\000r\000\040\000D\000a\000t\000a\000\040\000D\000o\000c\000u\000m\000e\000n\000t\000a\000t\000i\000o\000n}{subsection.7.14}% 167
\BOOKMARK [2][-]{subsection.7.15}{\376\377\0007\000.\0001\0005\000\040\000D\000D\000S\000\137\000D\000a\000t\000a\000W\000r\000i\000t\000e\000r\000R\000e\000s\000o\000u\000r\000c\000e\000L\000i\000m\000i\000t\000s\000Q\000o\000s\000P\000o\000l\000i\000c\000y\000\040\000S\000t\000r\000u\000c\000t\000\040\000R\000e\000f\000e\000r\000e\000n\000c\000e}{section.7}% 168
\BOOKMARK [3][-]{subsubsection.7.15.1}{\376\377\0007\000.\0001\0005\000.\0001\000\040\000D\000e\000t\000a\000i\000l\000e\000d\000\040\000D\000e\000s\000c\000r\000i\000p\000t\000i\000o\000n}{subsection.7.15}% 169
\BOOKMARK [3][-]{subsubsection.7.15.2}{\376\377\0007\000.\0001\0005\000.\0002\000\040\000M\000e\000m\000b\000e\000r\000\040\000D\000a\000t\000a\000\040\000D\000o\000c\000u\000m\000e\000n\000t\000a\000t\000i\000o\000n}{subsection.7.15}% 170
\BOOKMARK [2][-]{subsection.7.16}{\376\377\0007\000.\0001\0006\000\040\000D\000D\000S\000\137\000D\000a\000t\000a\000W\000r\000i\000t\000e\000r\000S\000h\000m\000e\000m\000R\000e\000f\000T\000r\000a\000n\000s\000f\000e\000r\000M\000o\000d\000e\000S\000e\000t\000t\000i\000n\000g\000s\000\040\000S\000t\000r\000u\000c\000t\000\040\000R\000e\000f\000e\000r\000e\000n\000c\000e}{section.7}% 171
\BOOKMARK [3][-]{subsubsection.7.16.1}{\376\377\0007\000.\0001\0006\000.\0001\000\040\000D\000e\000t\000a\000i\000l\000e\000d\000\040\000D\000e\000s\000c\000r\000i\000p\000t\000i\000o\000n}{subsection.7.16}% 172
\BOOKMARK [3][-]{subsubsection.7.16.2}{\376\377\0007\000.\0001\0006\000.\0002\000\040\000M\000e\000m\000b\000e\000r\000\040\000D\000a\000t\000a\000\040\000D\000o\000c\000u\000m\000e\000n\000t\000a\000t\000i\000o\000n}{subsection.7.16}% 173
\BOOKMARK [2][-]{subsection.7.17}{\376\377\0007\000.\0001\0007\000\040\000D\000D\000S\000\137\000D\000a\000t\000a\000W\000r\000i\000t\000e\000r\000T\000r\000a\000n\000s\000f\000e\000r\000M\000o\000d\000e\000Q\000o\000s\000P\000o\000l\000i\000c\000y\000\040\000S\000t\000r\000u\000c\000t\000\040\000R\000e\000f\000e\000r\000e\000n\000c\000e}{section.7}% 174
\BOOKMARK [3][-]{subsubsection.7.17.1}{\376\377\0007\000.\0001\0007\000.\0001\000\040\000D\000e\000t\000a\000i\000l\000e\000d\000\040\000D\000e\000s\000c\000r\000i\000p\000t\000i\000o\000n}{subsection.7.17}% 175
\BOOKMARK [3][-]{subsubsection.7.17.2}{\376\377\0007\000.\0001\0007\000.\0002\000\040\000M\000e\000m\000b\000e\000r\000\040\000D\000a\000t\000a\000\040\000D\000o\000c\000u\000m\000e\000n\000t\000a\000t\000i\000o\000n}{subsection.7.17}% 176
\BOOKMARK [2][-]{subsection.7.18}{\376\377\0007\000.\0001\0008\000\040\000D\000D\000S\000\137\000D\000e\000a\000d\000l\000i\000n\000e\000Q\000o\000s\000P\000o\000l\000i\000c\000y\000\040\000S\000t\000r\000u\000c\000t\000\040\000R\000e\000f\000e\000r\000e\000n\000c\000e}{section.7}% 177
\BOOKMARK [3][-]{subsubsection.7.18.1}{\376\377\0007\000.\0001\0008\000.\0001\000\040\000D\000e\000t\000a\000i\000l\000e\000d\000\040\000D\000e\000s\000c\000r\000i\000p\000t\000i\000o\000n}{subsection.7.18}% 178
\BOOKMARK [3][-]{subsubsection.7.18.2}{\376\377\0007\000.\0001\0008\000.\0002\000\040\000U\000s\000a\000g\000e}{subsection.7.18}% 179
\BOOKMARK [3][-]{subsubsection.7.18.3}{\376\377\0007\000.\0001\0008\000.\0003\000\040\000C\000o\000m\000p\000a\000t\000i\000b\000i\000l\000i\000t\000y}{subsection.7.18}% 180
\BOOKMARK [3][-]{subsubsection.7.18.4}{\376\377\0007\000.\0001\0008\000.\0004\000\040\000M\000e\000m\000b\000e\000r\000\040\000D\000a\000t\000a\000\040\000D\000o\000c\000u\000m\000e\000n\000t\000a\000t\000i\000o\000n}{subsection.7.18}% 181
\BOOKMARK [2][-]{subsection.7.19}{\376\377\0007\000.\0001\0009\000\040\000D\000D\000S\000\137\000D\000e\000s\000t\000i\000n\000a\000t\000i\000o\000n\000O\000r\000d\000e\000r\000Q\000o\000s\000P\000o\000l\000i\000c\000y\000\040\000S\000t\000r\000u\000c\000t\000\040\000R\000e\000f\000e\000r\000e\000n\000c\000e}{section.7}% 182
\BOOKMARK [3][-]{subsubsection.7.19.1}{\376\377\0007\000.\0001\0009\000.\0001\000\040\000D\000e\000t\000a\000i\000l\000e\000d\000\040\000D\000e\000s\000c\000r\000i\000p\000t\000i\000o\000n}{subsection.7.19}% 183
\BOOKMARK [3][-]{subsubsection.7.19.2}{\376\377\0007\000.\0001\0009\000.\0002\000\040\000M\000e\000m\000b\000e\000r\000\040\000D\000a\000t\000a\000\040\000D\000o\000c\000u\000m\000e\000n\000t\000a\000t\000i\000o\000n}{subsection.7.19}% 184
\BOOKMARK [2][-]{subsection.7.20}{\376\377\0007\000.\0002\0000\000\040\000D\000D\000S\000\137\000D\000i\000s\000c\000o\000v\000e\000r\000y\000C\000o\000m\000p\000o\000n\000e\000n\000t\000\040\000S\000t\000r\000u\000c\000t\000\040\000R\000e\000f\000e\000r\000e\000n\000c\000e}{section.7}% 185
\BOOKMARK [3][-]{subsubsection.7.20.1}{\376\377\0007\000.\0002\0000\000.\0001\000\040\000D\000e\000t\000a\000i\000l\000e\000d\000\040\000D\000e\000s\000c\000r\000i\000p\000t\000i\000o\000n}{subsection.7.20}% 186
\BOOKMARK [3][-]{subsubsection.7.20.2}{\376\377\0007\000.\0002\0000\000.\0002\000\040\000M\000e\000m\000b\000e\000r\000\040\000D\000a\000t\000a\000\040\000D\000o\000c\000u\000m\000e\000n\000t\000a\000t\000i\000o\000n}{subsection.7.20}% 187
\BOOKMARK [2][-]{subsection.7.21}{\376\377\0007\000.\0002\0001\000\040\000D\000D\000S\000\137\000D\000i\000s\000c\000o\000v\000e\000r\000y\000Q\000o\000s\000P\000o\000l\000i\000c\000y\000\040\000S\000t\000r\000u\000c\000t\000\040\000R\000e\000f\000e\000r\000e\000n\000c\000e}{section.7}% 188
\BOOKMARK [3][-]{subsubsection.7.21.1}{\376\377\0007\000.\0002\0001\000.\0001\000\040\000D\000e\000t\000a\000i\000l\000e\000d\000\040\000D\000e\000s\000c\000r\000i\000p\000t\000i\000o\000n}{subsection.7.21}% 189
\BOOKMARK [3][-]{subsubsection.7.21.2}{\376\377\0007\000.\0002\0001\000.\0002\000\040\000U\000s\000a\000g\000e}{subsection.7.21}% 190
\BOOKMARK [3][-]{subsubsection.7.21.3}{\376\377\0007\000.\0002\0001\000.\0003\000\040\000M\000e\000m\000b\000e\000r\000\040\000D\000a\000t\000a\000\040\000D\000o\000c\000u\000m\000e\000n\000t\000a\000t\000i\000o\000n}{subsection.7.21}% 191
\BOOKMARK [2][-]{subsection.7.22}{\376\377\0007\000.\0002\0002\000\040\000D\000D\000S\000\137\000D\000o\000m\000a\000i\000n\000P\000a\000r\000t\000i\000c\000i\000p\000a\000n\000t\000F\000a\000c\000t\000o\000r\000y\000Q\000o\000s\000\040\000S\000t\000r\000u\000c\000t\000\040\000R\000e\000f\000e\000r\000e\000n\000c\000e}{section.7}% 192
\BOOKMARK [3][-]{subsubsection.7.22.1}{\376\377\0007\000.\0002\0002\000.\0001\000\040\000D\000e\000t\000a\000i\000l\000e\000d\000\040\000D\000e\000s\000c\000r\000i\000p\000t\000i\000o\000n}{subsection.7.22}% 193
\BOOKMARK [3][-]{subsubsection.7.22.2}{\376\377\0007\000.\0002\0002\000.\0002\000\040\000M\000e\000m\000b\000e\000r\000\040\000D\000a\000t\000a\000\040\000D\000o\000c\000u\000m\000e\000n\000t\000a\000t\000i\000o\000n}{subsection.7.22}% 194
\BOOKMARK [2][-]{subsection.7.23}{\376\377\0007\000.\0002\0003\000\040\000D\000D\000S\000\137\000D\000o\000m\000a\000i\000n\000P\000a\000r\000t\000i\000c\000i\000p\000a\000n\000t\000Q\000o\000s\000\040\000S\000t\000r\000u\000c\000t\000\040\000R\000e\000f\000e\000r\000e\000n\000c\000e}{section.7}% 195
\BOOKMARK [3][-]{subsubsection.7.23.1}{\376\377\0007\000.\0002\0003\000.\0001\000\040\000D\000e\000t\000a\000i\000l\000e\000d\000\040\000D\000e\000s\000c\000r\000i\000p\000t\000i\000o\000n}{subsection.7.23}% 196
\BOOKMARK [3][-]{subsubsection.7.23.2}{\376\377\0007\000.\0002\0003\000.\0002\000\040\000M\000e\000m\000b\000e\000r\000\040\000D\000a\000t\000a\000\040\000D\000o\000c\000u\000m\000e\000n\000t\000a\000t\000i\000o\000n}{subsection.7.23}% 197
\BOOKMARK [2][-]{subsection.7.24}{\376\377\0007\000.\0002\0004\000\040\000D\000D\000S\000\137\000D\000o\000m\000a\000i\000n\000P\000a\000r\000t\000i\000c\000i\000p\000a\000n\000t\000R\000e\000s\000o\000u\000r\000c\000e\000L\000i\000m\000i\000t\000s\000Q\000o\000s\000P\000o\000l\000i\000c\000y\000\040\000S\000t\000r\000u\000c\000t\000\040\000R\000e\000f\000e\000r\000e\000n\000c\000e}{section.7}% 198
\BOOKMARK [3][-]{subsubsection.7.24.1}{\376\377\0007\000.\0002\0004\000.\0001\000\040\000D\000e\000t\000a\000i\000l\000e\000d\000\040\000D\000e\000s\000c\000r\000i\000p\000t\000i\000o\000n}{subsection.7.24}% 199
\BOOKMARK [3][-]{subsubsection.7.24.2}{\376\377\0007\000.\0002\0004\000.\0002\000\040\000M\000e\000m\000b\000e\000r\000\040\000D\000a\000t\000a\000\040\000D\000o\000c\000u\000m\000e\000n\000t\000a\000t\000i\000o\000n}{subsection.7.24}% 200
\BOOKMARK [2][-]{subsection.7.25}{\376\377\0007\000.\0002\0005\000\040\000D\000D\000S\000\137\000D\000u\000r\000a\000b\000i\000l\000i\000t\000y\000Q\000o\000s\000P\000o\000l\000i\000c\000y\000\040\000S\000t\000r\000u\000c\000t\000\040\000R\000e\000f\000e\000r\000e\000n\000c\000e}{section.7}% 201
\BOOKMARK [3][-]{subsubsection.7.25.1}{\376\377\0007\000.\0002\0005\000.\0001\000\040\000D\000e\000t\000a\000i\000l\000e\000d\000\040\000D\000e\000s\000c\000r\000i\000p\000t\000i\000o\000n}{subsection.7.25}% 202
\BOOKMARK [3][-]{subsubsection.7.25.2}{\376\377\0007\000.\0002\0005\000.\0002\000\040\000M\000e\000m\000b\000e\000r\000\040\000D\000a\000t\000a\000\040\000D\000o\000c\000u\000m\000e\000n\000t\000a\000t\000i\000o\000n}{subsection.7.25}% 203
\BOOKMARK [2][-]{subsection.7.26}{\376\377\0007\000.\0002\0006\000\040\000D\000D\000S\000\137\000D\000u\000r\000a\000t\000i\000o\000n\000\137\000t\000\040\000S\000t\000r\000u\000c\000t\000\040\000R\000e\000f\000e\000r\000e\000n\000c\000e}{section.7}% 204
\BOOKMARK [3][-]{subsubsection.7.26.1}{\376\377\0007\000.\0002\0006\000.\0001\000\040\000D\000e\000t\000a\000i\000l\000e\000d\000\040\000D\000e\000s\000c\000r\000i\000p\000t\000i\000o\000n}{subsection.7.26}% 205
\BOOKMARK [3][-]{subsubsection.7.26.2}{\376\377\0007\000.\0002\0006\000.\0002\000\040\000M\000e\000m\000b\000e\000r\000\040\000D\000a\000t\000a\000\040\000D\000o\000c\000u\000m\000e\000n\000t\000a\000t\000i\000o\000n}{subsection.7.26}% 206
\BOOKMARK [2][-]{subsection.7.27}{\376\377\0007\000.\0002\0007\000\040\000D\000D\000S\000\137\000E\000n\000c\000a\000p\000s\000u\000l\000a\000t\000i\000o\000n\000I\000d\000S\000e\000q\000\040\000S\000t\000r\000u\000c\000t\000\040\000R\000e\000f\000e\000r\000e\000n\000c\000e}{section.7}% 207
\BOOKMARK [3][-]{subsubsection.7.27.1}{\376\377\0007\000.\0002\0007\000.\0001\000\040\000D\000e\000t\000a\000i\000l\000e\000d\000\040\000D\000e\000s\000c\000r\000i\000p\000t\000i\000o\000n}{subsection.7.27}% 208
\BOOKMARK [2][-]{subsection.7.28}{\376\377\0007\000.\0002\0008\000\040\000D\000D\000S\000\137\000E\000n\000t\000i\000t\000y\000F\000a\000c\000t\000o\000r\000y\000Q\000o\000s\000P\000o\000l\000i\000c\000y\000\040\000S\000t\000r\000u\000c\000t\000\040\000R\000e\000f\000e\000r\000e\000n\000c\000e}{section.7}% 209
\BOOKMARK [3][-]{subsubsection.7.28.1}{\376\377\0007\000.\0002\0008\000.\0001\000\040\000D\000e\000t\000a\000i\000l\000e\000d\000\040\000D\000e\000s\000c\000r\000i\000p\000t\000i\000o\000n}{subsection.7.28}% 210
\BOOKMARK [3][-]{subsubsection.7.28.2}{\376\377\0007\000.\0002\0008\000.\0002\000\040\000U\000s\000a\000g\000e}{subsection.7.28}% 211
\BOOKMARK [3][-]{subsubsection.7.28.3}{\376\377\0007\000.\0002\0008\000.\0003\000\040\000M\000e\000m\000b\000e\000r\000\040\000D\000a\000t\000a\000\040\000D\000o\000c\000u\000m\000e\000n\000t\000a\000t\000i\000o\000n}{subsection.7.28}% 212
\BOOKMARK [2][-]{subsection.7.29}{\376\377\0007\000.\0002\0009\000\040\000D\000D\000S\000\137\000E\000n\000t\000i\000t\000y\000N\000a\000m\000e\000Q\000o\000s\000P\000o\000l\000i\000c\000y\000\040\000S\000t\000r\000u\000c\000t\000\040\000R\000e\000f\000e\000r\000e\000n\000c\000e}{section.7}% 213
\BOOKMARK [3][-]{subsubsection.7.29.1}{\376\377\0007\000.\0002\0009\000.\0001\000\040\000D\000e\000t\000a\000i\000l\000e\000d\000\040\000D\000e\000s\000c\000r\000i\000p\000t\000i\000o\000n}{subsection.7.29}% 214
\BOOKMARK [3][-]{subsubsection.7.29.2}{\376\377\0007\000.\0002\0009\000.\0002\000\040\000U\000s\000a\000g\000e}{subsection.7.29}% 215
\BOOKMARK [3][-]{subsubsection.7.29.3}{\376\377\0007\000.\0002\0009\000.\0003\000\040\000M\000e\000m\000b\000e\000r\000\040\000D\000a\000t\000a\000\040\000D\000o\000c\000u\000m\000e\000n\000t\000a\000t\000i\000o\000n}{subsection.7.29}% 216
\BOOKMARK [2][-]{subsection.7.30}{\376\377\0007\000.\0003\0000\000\040\000D\000D\000S\000\137\000F\000i\000l\000t\000e\000r\000Q\000o\000s\000P\000o\000l\000i\000c\000y\000\040\000S\000t\000r\000u\000c\000t\000\040\000R\000e\000f\000e\000r\000e\000n\000c\000e}{section.7}% 217
\BOOKMARK [3][-]{subsubsection.7.30.1}{\376\377\0007\000.\0003\0000\000.\0001\000\040\000D\000e\000t\000a\000i\000l\000e\000d\000\040\000D\000e\000s\000c\000r\000i\000p\000t\000i\000o\000n}{subsection.7.30}% 218
\BOOKMARK [3][-]{subsubsection.7.30.2}{\376\377\0007\000.\0003\0000\000.\0002\000\040\000U\000s\000a\000g\000e}{subsection.7.30}% 219
\BOOKMARK [3][-]{subsubsection.7.30.3}{\376\377\0007\000.\0003\0000\000.\0003\000\040\000M\000e\000m\000b\000e\000r\000\040\000D\000a\000t\000a\000\040\000D\000o\000c\000u\000m\000e\000n\000t\000a\000t\000i\000o\000n}{subsection.7.30}% 220
\BOOKMARK [2][-]{subsection.7.31}{\376\377\0007\000.\0003\0001\000\040\000D\000D\000S\000\137\000F\000i\000l\000t\000e\000r\000R\000e\000s\000o\000u\000r\000c\000e\000L\000i\000m\000i\000t\000s\000\040\000S\000t\000r\000u\000c\000t\000\040\000R\000e\000f\000e\000r\000e\000n\000c\000e}{section.7}% 221
\BOOKMARK [3][-]{subsubsection.7.31.1}{\376\377\0007\000.\0003\0001\000.\0001\000\040\000D\000e\000t\000a\000i\000l\000e\000d\000\040\000D\000e\000s\000c\000r\000i\000p\000t\000i\000o\000n}{subsection.7.31}% 222
\BOOKMARK [3][-]{subsubsection.7.31.2}{\376\377\0007\000.\0003\0001\000.\0002\000\040\000M\000e\000m\000b\000e\000r\000\040\000D\000a\000t\000a\000\040\000D\000o\000c\000u\000m\000e\000n\000t\000a\000t\000i\000o\000n}{subsection.7.31}% 223
\BOOKMARK [2][-]{subsection.7.32}{\376\377\0007\000.\0003\0002\000\040\000D\000D\000S\000\137\000F\000l\000o\000w\000C\000o\000n\000t\000r\000o\000l\000l\000e\000r\000P\000r\000o\000p\000e\000r\000t\000y\000\137\000t\000\040\000S\000t\000r\000u\000c\000t\000\040\000R\000e\000f\000e\000r\000e\000n\000c\000e}{section.7}% 224
\BOOKMARK [3][-]{subsubsection.7.32.1}{\376\377\0007\000.\0003\0002\000.\0001\000\040\000D\000e\000t\000a\000i\000l\000e\000d\000\040\000D\000e\000s\000c\000r\000i\000p\000t\000i\000o\000n}{subsection.7.32}% 225
\BOOKMARK [3][-]{subsubsection.7.32.2}{\376\377\0007\000.\0003\0002\000.\0002\000\040\000M\000e\000m\000b\000e\000r\000\040\000D\000a\000t\000a\000\040\000D\000o\000c\000u\000m\000e\000n\000t\000a\000t\000i\000o\000n}{subsection.7.32}% 226
\BOOKMARK [2][-]{subsection.7.33}{\376\377\0007\000.\0003\0003\000\040\000D\000D\000S\000\137\000F\000l\000o\000w\000C\000o\000n\000t\000r\000o\000l\000l\000e\000r\000T\000o\000k\000e\000n\000B\000u\000c\000k\000e\000t\000P\000r\000o\000p\000e\000r\000t\000y\000\137\000t\000\040\000S\000t\000r\000u\000c\000t\000\040\000R\000e\000f\000e\000r\000e\000n\000c\000e}{section.7}% 227
\BOOKMARK [3][-]{subsubsection.7.33.1}{\376\377\0007\000.\0003\0003\000.\0001\000\040\000D\000e\000t\000a\000i\000l\000e\000d\000\040\000D\000e\000s\000c\000r\000i\000p\000t\000i\000o\000n}{subsection.7.33}% 228
\BOOKMARK [3][-]{subsubsection.7.33.2}{\376\377\0007\000.\0003\0003\000.\0002\000\040\000M\000e\000m\000b\000e\000r\000\040\000D\000a\000t\000a\000\040\000D\000o\000c\000u\000m\000e\000n\000t\000a\000t\000i\000o\000n}{subsection.7.33}% 229
\BOOKMARK [2][-]{subsection.7.34}{\376\377\0007\000.\0003\0004\000\040\000D\000D\000S\000\137\000G\000r\000o\000u\000p\000D\000a\000t\000a\000Q\000o\000s\000P\000o\000l\000i\000c\000y\000\040\000S\000t\000r\000u\000c\000t\000\040\000R\000e\000f\000e\000r\000e\000n\000c\000e}{section.7}% 230
\BOOKMARK [3][-]{subsubsection.7.34.1}{\376\377\0007\000.\0003\0004\000.\0001\000\040\000D\000e\000t\000a\000i\000l\000e\000d\000\040\000D\000e\000s\000c\000r\000i\000p\000t\000i\000o\000n}{subsection.7.34}% 231
\BOOKMARK [3][-]{subsubsection.7.34.2}{\376\377\0007\000.\0003\0004\000.\0002\000\040\000U\000s\000a\000g\000e}{subsection.7.34}% 232
\BOOKMARK [3][-]{subsubsection.7.34.3}{\376\377\0007\000.\0003\0004\000.\0003\000\040\000M\000e\000m\000b\000e\000r\000\040\000D\000a\000t\000a\000\040\000D\000o\000c\000u\000m\000e\000n\000t\000a\000t\000i\000o\000n}{subsection.7.34}% 233
\BOOKMARK [2][-]{subsection.7.35}{\376\377\0007\000.\0003\0005\000\040\000D\000D\000S\000\137\000G\000U\000I\000D\000\137\000t\000\040\000S\000t\000r\000u\000c\000t\000\040\000R\000e\000f\000e\000r\000e\000n\000c\000e}{section.7}% 234
\BOOKMARK [3][-]{subsubsection.7.35.1}{\376\377\0007\000.\0003\0005\000.\0001\000\040\000D\000e\000t\000a\000i\000l\000e\000d\000\040\000D\000e\000s\000c\000r\000i\000p\000t\000i\000o\000n}{subsection.7.35}% 235
\BOOKMARK [3][-]{subsubsection.7.35.2}{\376\377\0007\000.\0003\0005\000.\0002\000\040\000M\000e\000m\000b\000e\000r\000\040\000D\000a\000t\000a\000\040\000D\000o\000c\000u\000m\000e\000n\000t\000a\000t\000i\000o\000n}{subsection.7.35}% 236
\BOOKMARK [2][-]{subsection.7.36}{\376\377\0007\000.\0003\0006\000\040\000D\000D\000S\000\137\000H\000i\000s\000t\000o\000r\000y\000Q\000o\000s\000P\000o\000l\000i\000c\000y\000\040\000S\000t\000r\000u\000c\000t\000\040\000R\000e\000f\000e\000r\000e\000n\000c\000e}{section.7}% 237
\BOOKMARK [3][-]{subsubsection.7.36.1}{\376\377\0007\000.\0003\0006\000.\0001\000\040\000D\000e\000t\000a\000i\000l\000e\000d\000\040\000D\000e\000s\000c\000r\000i\000p\000t\000i\000o\000n}{subsection.7.36}% 238
\BOOKMARK [3][-]{subsubsection.7.36.2}{\376\377\0007\000.\0003\0006\000.\0002\000\040\000U\000s\000a\000g\000e}{subsection.7.36}% 239
\BOOKMARK [3][-]{subsubsection.7.36.3}{\376\377\0007\000.\0003\0006\000.\0003\000\040\000C\000o\000n\000s\000i\000s\000t\000e\000n\000c\000y}{subsection.7.36}% 240
\BOOKMARK [3][-]{subsubsection.7.36.4}{\376\377\0007\000.\0003\0006\000.\0004\000\040\000M\000e\000m\000b\000e\000r\000\040\000D\000a\000t\000a\000\040\000D\000o\000c\000u\000m\000e\000n\000t\000a\000t\000i\000o\000n}{subsection.7.36}% 241
\BOOKMARK [2][-]{subsection.7.37}{\376\377\0007\000.\0003\0007\000\040\000D\000D\000S\000\137\000I\000n\000c\000o\000n\000s\000i\000s\000t\000e\000n\000t\000T\000o\000p\000i\000c\000S\000t\000a\000t\000u\000s\000\040\000S\000t\000r\000u\000c\000t\000\040\000R\000e\000f\000e\000r\000e\000n\000c\000e}{section.7}% 242
\BOOKMARK [3][-]{subsubsection.7.37.1}{\376\377\0007\000.\0003\0007\000.\0001\000\040\000D\000e\000t\000a\000i\000l\000e\000d\000\040\000D\000e\000s\000c\000r\000i\000p\000t\000i\000o\000n}{subsection.7.37}% 243
\BOOKMARK [2][-]{subsection.7.38}{\376\377\0007\000.\0003\0008\000\040\000D\000D\000S\000\137\000I\000n\000s\000t\000a\000n\000c\000e\000H\000a\000n\000d\000l\000e\000S\000e\000q\000\040\000S\000t\000r\000u\000c\000t\000\040\000R\000e\000f\000e\000r\000e\000n\000c\000e}{section.7}% 244
\BOOKMARK [3][-]{subsubsection.7.38.1}{\376\377\0007\000.\0003\0008\000.\0001\000\040\000D\000e\000t\000a\000i\000l\000e\000d\000\040\000D\000e\000s\000c\000r\000i\000p\000t\000i\000o\000n}{subsection.7.38}% 245
\BOOKMARK [2][-]{subsection.7.39}{\376\377\0007\000.\0003\0009\000\040\000D\000D\000S\000\137\000L\000a\000t\000e\000n\000c\000y\000B\000u\000d\000g\000e\000t\000Q\000o\000s\000P\000o\000l\000i\000c\000y\000\040\000S\000t\000r\000u\000c\000t\000\040\000R\000e\000f\000e\000r\000e\000n\000c\000e}{section.7}% 246
\BOOKMARK [3][-]{subsubsection.7.39.1}{\376\377\0007\000.\0003\0009\000.\0001\000\040\000D\000e\000t\000a\000i\000l\000e\000d\000\040\000D\000e\000s\000c\000r\000i\000p\000t\000i\000o\000n}{subsection.7.39}% 247
\BOOKMARK [3][-]{subsubsection.7.39.2}{\376\377\0007\000.\0003\0009\000.\0002\000\040\000U\000s\000a\000g\000e}{subsection.7.39}% 248
\BOOKMARK [3][-]{subsubsection.7.39.3}{\376\377\0007\000.\0003\0009\000.\0003\000\040\000C\000o\000m\000p\000a\000t\000i\000b\000i\000l\000i\000t\000y}{subsection.7.39}% 249
\BOOKMARK [3][-]{subsubsection.7.39.4}{\376\377\0007\000.\0003\0009\000.\0004\000\040\000M\000e\000m\000b\000e\000r\000\040\000D\000a\000t\000a\000\040\000D\000o\000c\000u\000m\000e\000n\000t\000a\000t\000i\000o\000n}{subsection.7.39}% 250
\BOOKMARK [2][-]{subsection.7.40}{\376\377\0007\000.\0004\0000\000\040\000D\000D\000S\000\137\000L\000i\000v\000e\000l\000i\000n\000e\000s\000s\000C\000h\000a\000n\000g\000e\000d\000S\000t\000a\000t\000u\000s\000\040\000S\000t\000r\000u\000c\000t\000\040\000R\000e\000f\000e\000r\000e\000n\000c\000e}{section.7}% 251
\BOOKMARK [3][-]{subsubsection.7.40.1}{\376\377\0007\000.\0004\0000\000.\0001\000\040\000D\000e\000t\000a\000i\000l\000e\000d\000\040\000D\000e\000s\000c\000r\000i\000p\000t\000i\000o\000n}{subsection.7.40}% 252
\BOOKMARK [3][-]{subsubsection.7.40.2}{\376\377\0007\000.\0004\0000\000.\0002\000\040\000M\000e\000m\000b\000e\000r\000\040\000D\000a\000t\000a\000\040\000D\000o\000c\000u\000m\000e\000n\000t\000a\000t\000i\000o\000n}{subsection.7.40}% 253
\BOOKMARK [2][-]{subsection.7.41}{\376\377\0007\000.\0004\0001\000\040\000D\000D\000S\000\137\000L\000i\000v\000e\000l\000i\000n\000e\000s\000s\000L\000o\000s\000t\000S\000t\000a\000t\000u\000s\000\040\000S\000t\000r\000u\000c\000t\000\040\000R\000e\000f\000e\000r\000e\000n\000c\000e}{section.7}% 254
\BOOKMARK [3][-]{subsubsection.7.41.1}{\376\377\0007\000.\0004\0001\000.\0001\000\040\000D\000e\000t\000a\000i\000l\000e\000d\000\040\000D\000e\000s\000c\000r\000i\000p\000t\000i\000o\000n}{subsection.7.41}% 255
\BOOKMARK [3][-]{subsubsection.7.41.2}{\376\377\0007\000.\0004\0001\000.\0002\000\040\000M\000e\000m\000b\000e\000r\000\040\000D\000a\000t\000a\000\040\000D\000o\000c\000u\000m\000e\000n\000t\000a\000t\000i\000o\000n}{subsection.7.41}% 256
\BOOKMARK [2][-]{subsection.7.42}{\376\377\0007\000.\0004\0002\000\040\000D\000D\000S\000\137\000L\000i\000v\000e\000l\000i\000n\000e\000s\000s\000Q\000o\000s\000P\000o\000l\000i\000c\000y\000\040\000S\000t\000r\000u\000c\000t\000\040\000R\000e\000f\000e\000r\000e\000n\000c\000e}{section.7}% 257
\BOOKMARK [3][-]{subsubsection.7.42.1}{\376\377\0007\000.\0004\0002\000.\0001\000\040\000D\000e\000t\000a\000i\000l\000e\000d\000\040\000D\000e\000s\000c\000r\000i\000p\000t\000i\000o\000n}{subsection.7.42}% 258
\BOOKMARK [3][-]{subsubsection.7.42.2}{\376\377\0007\000.\0004\0002\000.\0002\000\040\000U\000s\000a\000g\000e}{subsection.7.42}% 259
\BOOKMARK [3][-]{subsubsection.7.42.3}{\376\377\0007\000.\0004\0002\000.\0003\000\040\000C\000o\000m\000p\000a\000t\000i\000b\000i\000l\000i\000t\000y}{subsection.7.42}% 260
\BOOKMARK [3][-]{subsubsection.7.42.4}{\376\377\0007\000.\0004\0002\000.\0004\000\040\000M\000e\000m\000b\000e\000r\000\040\000D\000a\000t\000a\000\040\000D\000o\000c\000u\000m\000e\000n\000t\000a\000t\000i\000o\000n}{subsection.7.42}% 261
\BOOKMARK [2][-]{subsection.7.43}{\376\377\0007\000.\0004\0003\000\040\000D\000D\000S\000\137\000L\000o\000c\000a\000t\000o\000r\000\137\000t\000\040\000S\000t\000r\000u\000c\000t\000\040\000R\000e\000f\000e\000r\000e\000n\000c\000e}{section.7}% 262
\BOOKMARK [3][-]{subsubsection.7.43.1}{\376\377\0007\000.\0004\0003\000.\0001\000\040\000D\000e\000t\000a\000i\000l\000e\000d\000\040\000D\000e\000s\000c\000r\000i\000p\000t\000i\000o\000n}{subsection.7.43}% 263
\BOOKMARK [3][-]{subsubsection.7.43.2}{\376\377\0007\000.\0004\0003\000.\0002\000\040\000M\000e\000m\000b\000e\000r\000\040\000D\000a\000t\000a\000\040\000D\000o\000c\000u\000m\000e\000n\000t\000a\000t\000i\000o\000n}{subsection.7.43}% 264
\BOOKMARK [2][-]{subsection.7.44}{\376\377\0007\000.\0004\0004\000\040\000D\000D\000S\000\137\000L\000o\000c\000a\000t\000o\000r\000E\000x\000\040\000S\000t\000r\000u\000c\000t\000\040\000R\000e\000f\000e\000r\000e\000n\000c\000e}{section.7}% 265
\BOOKMARK [3][-]{subsubsection.7.44.1}{\376\377\0007\000.\0004\0004\000.\0001\000\040\000D\000e\000t\000a\000i\000l\000e\000d\000\040\000D\000e\000s\000c\000r\000i\000p\000t\000i\000o\000n}{subsection.7.44}% 266
\BOOKMARK [3][-]{subsubsection.7.44.2}{\376\377\0007\000.\0004\0004\000.\0002\000\040\000M\000e\000m\000b\000e\000r\000\040\000D\000a\000t\000a\000\040\000D\000o\000c\000u\000m\000e\000n\000t\000a\000t\000i\000o\000n}{subsection.7.44}% 267
\BOOKMARK [2][-]{subsection.7.45}{\376\377\0007\000.\0004\0005\000\040\000D\000D\000S\000\137\000L\000o\000c\000a\000t\000o\000r\000S\000e\000q\000\040\000S\000t\000r\000u\000c\000t\000\040\000R\000e\000f\000e\000r\000e\000n\000c\000e}{section.7}% 268
\BOOKMARK [3][-]{subsubsection.7.45.1}{\376\377\0007\000.\0004\0005\000.\0001\000\040\000D\000e\000t\000a\000i\000l\000e\000d\000\040\000D\000e\000s\000c\000r\000i\000p\000t\000i\000o\000n}{subsection.7.45}% 269
\BOOKMARK [2][-]{subsection.7.46}{\376\377\0007\000.\0004\0006\000\040\000D\000D\000S\000\137\000O\000f\000f\000e\000r\000e\000d\000D\000e\000a\000d\000l\000i\000n\000e\000M\000i\000s\000s\000e\000d\000S\000t\000a\000t\000u\000s\000\040\000S\000t\000r\000u\000c\000t\000\040\000R\000e\000f\000e\000r\000e\000n\000c\000e}{section.7}% 270
\BOOKMARK [3][-]{subsubsection.7.46.1}{\376\377\0007\000.\0004\0006\000.\0001\000\040\000D\000e\000t\000a\000i\000l\000e\000d\000\040\000D\000e\000s\000c\000r\000i\000p\000t\000i\000o\000n}{subsection.7.46}% 271
\BOOKMARK [3][-]{subsubsection.7.46.2}{\376\377\0007\000.\0004\0006\000.\0002\000\040\000M\000e\000m\000b\000e\000r\000\040\000D\000a\000t\000a\000\040\000D\000o\000c\000u\000m\000e\000n\000t\000a\000t\000i\000o\000n}{subsection.7.46}% 272
\BOOKMARK [2][-]{subsection.7.47}{\376\377\0007\000.\0004\0007\000\040\000D\000D\000S\000\137\000O\000f\000f\000e\000r\000e\000d\000I\000n\000c\000o\000m\000p\000a\000t\000i\000b\000l\000e\000Q\000o\000s\000S\000t\000a\000t\000u\000s\000\040\000S\000t\000r\000u\000c\000t\000\040\000R\000e\000f\000e\000r\000e\000n\000c\000e}{section.7}% 273
\BOOKMARK [3][-]{subsubsection.7.47.1}{\376\377\0007\000.\0004\0007\000.\0001\000\040\000D\000e\000t\000a\000i\000l\000e\000d\000\040\000D\000e\000s\000c\000r\000i\000p\000t\000i\000o\000n}{subsection.7.47}% 274
\BOOKMARK [3][-]{subsubsection.7.47.2}{\376\377\0007\000.\0004\0007\000.\0002\000\040\000M\000e\000m\000b\000e\000r\000\040\000D\000a\000t\000a\000\040\000D\000o\000c\000u\000m\000e\000n\000t\000a\000t\000i\000o\000n}{subsection.7.47}% 275
\BOOKMARK [2][-]{subsection.7.48}{\376\377\0007\000.\0004\0008\000\040\000D\000D\000S\000\137\000O\000w\000n\000e\000r\000s\000h\000i\000p\000Q\000o\000s\000P\000o\000l\000i\000c\000y\000\040\000S\000t\000r\000u\000c\000t\000\040\000R\000e\000f\000e\000r\000e\000n\000c\000e}{section.7}% 276
\BOOKMARK [3][-]{subsubsection.7.48.1}{\376\377\0007\000.\0004\0008\000.\0001\000\040\000D\000e\000t\000a\000i\000l\000e\000d\000\040\000D\000e\000s\000c\000r\000i\000p\000t\000i\000o\000n}{subsection.7.48}% 277
\BOOKMARK [3][-]{subsubsection.7.48.2}{\376\377\0007\000.\0004\0008\000.\0002\000\040\000U\000s\000a\000g\000e}{subsection.7.48}% 278
\BOOKMARK [3][-]{subsubsection.7.48.3}{\376\377\0007\000.\0004\0008\000.\0003\000\040\000C\000o\000m\000p\000a\000t\000i\000b\000i\000l\000i\000t\000y}{subsection.7.48}% 279
\BOOKMARK [3][-]{subsubsection.7.48.4}{\376\377\0007\000.\0004\0008\000.\0004\000\040\000M\000e\000m\000b\000e\000r\000\040\000D\000a\000t\000a\000\040\000D\000o\000c\000u\000m\000e\000n\000t\000a\000t\000i\000o\000n}{subsection.7.48}% 280
\BOOKMARK [2][-]{subsection.7.49}{\376\377\0007\000.\0004\0009\000\040\000D\000D\000S\000\137\000O\000w\000n\000e\000r\000s\000h\000i\000p\000S\000t\000r\000e\000n\000g\000t\000h\000Q\000o\000s\000P\000o\000l\000i\000c\000y\000\040\000S\000t\000r\000u\000c\000t\000\040\000R\000e\000f\000e\000r\000e\000n\000c\000e}{section.7}% 281
\BOOKMARK [3][-]{subsubsection.7.49.1}{\376\377\0007\000.\0004\0009\000.\0001\000\040\000D\000e\000t\000a\000i\000l\000e\000d\000\040\000D\000e\000s\000c\000r\000i\000p\000t\000i\000o\000n}{subsection.7.49}% 282
\BOOKMARK [3][-]{subsubsection.7.49.2}{\376\377\0007\000.\0004\0009\000.\0002\000\040\000M\000e\000m\000b\000e\000r\000\040\000D\000a\000t\000a\000\040\000D\000o\000c\000u\000m\000e\000n\000t\000a\000t\000i\000o\000n}{subsection.7.49}% 283
\BOOKMARK [2][-]{subsection.7.50}{\376\377\0007\000.\0005\0000\000\040\000D\000D\000S\000\137\000P\000a\000r\000t\000i\000c\000i\000p\000a\000n\000t\000B\000u\000i\000l\000t\000i\000n\000T\000o\000p\000i\000c\000D\000a\000t\000a\000\040\000S\000t\000r\000u\000c\000t\000\040\000R\000e\000f\000e\000r\000e\000n\000c\000e}{section.7}% 284
\BOOKMARK [3][-]{subsubsection.7.50.1}{\376\377\0007\000.\0005\0000\000.\0001\000\040\000D\000e\000t\000a\000i\000l\000e\000d\000\040\000D\000e\000s\000c\000r\000i\000p\000t\000i\000o\000n}{subsection.7.50}% 285
\BOOKMARK [3][-]{subsubsection.7.50.2}{\376\377\0007\000.\0005\0000\000.\0002\000\040\000M\000e\000m\000b\000e\000r\000\040\000D\000a\000t\000a\000\040\000D\000o\000c\000u\000m\000e\000n\000t\000a\000t\000i\000o\000n}{subsection.7.50}% 286
\BOOKMARK [2][-]{subsection.7.51}{\376\377\0007\000.\0005\0001\000\040\000D\000D\000S\000\137\000P\000a\000r\000t\000i\000t\000i\000o\000n\000Q\000o\000s\000P\000o\000l\000i\000c\000y\000\040\000S\000t\000r\000u\000c\000t\000\040\000R\000e\000f\000e\000r\000e\000n\000c\000e}{section.7}% 287
\BOOKMARK [3][-]{subsubsection.7.51.1}{\376\377\0007\000.\0005\0001\000.\0001\000\040\000D\000e\000t\000a\000i\000l\000e\000d\000\040\000D\000e\000s\000c\000r\000i\000p\000t\000i\000o\000n}{subsection.7.51}% 288
\BOOKMARK [3][-]{subsubsection.7.51.2}{\376\377\0007\000.\0005\0001\000.\0002\000\040\000M\000e\000m\000b\000e\000r\000\040\000D\000a\000t\000a\000\040\000D\000o\000c\000u\000m\000e\000n\000t\000a\000t\000i\000o\000n}{subsection.7.51}% 289
\BOOKMARK [2][-]{subsection.7.52}{\376\377\0007\000.\0005\0002\000\040\000D\000D\000S\000\137\000P\000r\000e\000s\000e\000n\000t\000a\000t\000i\000o\000n\000Q\000o\000s\000P\000o\000l\000i\000c\000y\000\040\000S\000t\000r\000u\000c\000t\000\040\000R\000e\000f\000e\000r\000e\000n\000c\000e}{section.7}% 290
\BOOKMARK [3][-]{subsubsection.7.52.1}{\376\377\0007\000.\0005\0002\000.\0001\000\040\000D\000e\000t\000a\000i\000l\000e\000d\000\040\000D\000e\000s\000c\000r\000i\000p\000t\000i\000o\000n}{subsection.7.52}% 291
\BOOKMARK [3][-]{subsubsection.7.52.2}{\376\377\0007\000.\0005\0002\000.\0002\000\040\000C\000o\000m\000p\000a\000t\000i\000b\000i\000l\000i\000t\000y}{subsection.7.52}% 292
\BOOKMARK [3][-]{subsubsection.7.52.3}{\376\377\0007\000.\0005\0002\000.\0003\000\040\000M\000e\000m\000b\000e\000r\000\040\000D\000a\000t\000a\000\040\000D\000o\000c\000u\000m\000e\000n\000t\000a\000t\000i\000o\000n}{subsection.7.52}% 293
\BOOKMARK [2][-]{subsection.7.53}{\376\377\0007\000.\0005\0003\000\040\000D\000D\000S\000\137\000P\000r\000o\000d\000u\000c\000t\000V\000e\000r\000s\000i\000o\000n\000\137\000t\000\040\000S\000t\000r\000u\000c\000t\000\040\000R\000e\000f\000e\000r\000e\000n\000c\000e}{section.7}% 294
\BOOKMARK [3][-]{subsubsection.7.53.1}{\376\377\0007\000.\0005\0003\000.\0001\000\040\000D\000e\000t\000a\000i\000l\000e\000d\000\040\000D\000e\000s\000c\000r\000i\000p\000t\000i\000o\000n}{subsection.7.53}% 295
\BOOKMARK [3][-]{subsubsection.7.53.2}{\376\377\0007\000.\0005\0003\000.\0002\000\040\000M\000e\000m\000b\000e\000r\000\040\000D\000a\000t\000a\000\040\000D\000o\000c\000u\000m\000e\000n\000t\000a\000t\000i\000o\000n}{subsection.7.53}% 296
\BOOKMARK [2][-]{subsection.7.54}{\376\377\0007\000.\0005\0004\000\040\000D\000D\000S\000\137\000P\000r\000o\000p\000e\000r\000t\000y\000\137\000t\000\040\000S\000t\000r\000u\000c\000t\000\040\000R\000e\000f\000e\000r\000e\000n\000c\000e}{section.7}% 297
\BOOKMARK [3][-]{subsubsection.7.54.1}{\376\377\0007\000.\0005\0004\000.\0001\000\040\000D\000e\000t\000a\000i\000l\000e\000d\000\040\000D\000e\000s\000c\000r\000i\000p\000t\000i\000o\000n}{subsection.7.54}% 298
\BOOKMARK [3][-]{subsubsection.7.54.2}{\376\377\0007\000.\0005\0004\000.\0002\000\040\000M\000e\000m\000b\000e\000r\000\040\000D\000a\000t\000a\000\040\000D\000o\000c\000u\000m\000e\000n\000t\000a\000t\000i\000o\000n}{subsection.7.54}% 299
\BOOKMARK [2][-]{subsection.7.55}{\376\377\0007\000.\0005\0005\000\040\000D\000D\000S\000\137\000P\000r\000o\000p\000e\000r\000t\000y\000Q\000o\000s\000P\000o\000l\000i\000c\000y\000\040\000S\000t\000r\000u\000c\000t\000\040\000R\000e\000f\000e\000r\000e\000n\000c\000e}{section.7}% 300
\BOOKMARK [3][-]{subsubsection.7.55.1}{\376\377\0007\000.\0005\0005\000.\0001\000\040\000D\000e\000t\000a\000i\000l\000e\000d\000\040\000D\000e\000s\000c\000r\000i\000p\000t\000i\000o\000n}{subsection.7.55}% 301
\BOOKMARK [3][-]{subsubsection.7.55.2}{\376\377\0007\000.\0005\0005\000.\0002\000\040\000M\000e\000m\000b\000e\000r\000\040\000D\000a\000t\000a\000\040\000D\000o\000c\000u\000m\000e\000n\000t\000a\000t\000i\000o\000n}{subsection.7.55}% 302
\BOOKMARK [2][-]{subsection.7.56}{\376\377\0007\000.\0005\0006\000\040\000D\000D\000S\000\137\000P\000r\000o\000p\000e\000r\000t\000y\000S\000e\000q\000\040\000S\000t\000r\000u\000c\000t\000\040\000R\000e\000f\000e\000r\000e\000n\000c\000e}{section.7}% 303
\BOOKMARK [3][-]{subsubsection.7.56.1}{\376\377\0007\000.\0005\0006\000.\0001\000\040\000D\000e\000t\000a\000i\000l\000e\000d\000\040\000D\000e\000s\000c\000r\000i\000p\000t\000i\000o\000n}{subsection.7.56}% 304
\BOOKMARK [2][-]{subsection.7.57}{\376\377\0007\000.\0005\0007\000\040\000D\000D\000S\000\137\000P\000r\000o\000t\000o\000c\000o\000l\000V\000e\000r\000s\000i\000o\000n\000\137\000t\000\040\000S\000t\000r\000u\000c\000t\000\040\000R\000e\000f\000e\000r\000e\000n\000c\000e}{section.7}% 305
\BOOKMARK [3][-]{subsubsection.7.57.1}{\376\377\0007\000.\0005\0007\000.\0001\000\040\000D\000e\000t\000a\000i\000l\000e\000d\000\040\000D\000e\000s\000c\000r\000i\000p\000t\000i\000o\000n}{subsection.7.57}% 306
\BOOKMARK [3][-]{subsubsection.7.57.2}{\376\377\0007\000.\0005\0007\000.\0002\000\040\000M\000e\000m\000b\000e\000r\000\040\000D\000a\000t\000a\000\040\000D\000o\000c\000u\000m\000e\000n\000t\000a\000t\000i\000o\000n}{subsection.7.57}% 307
\BOOKMARK [2][-]{subsection.7.58}{\376\377\0007\000.\0005\0008\000\040\000D\000D\000S\000\137\000P\000s\000k\000P\000a\000s\000s\000T\000r\000a\000c\000k\000e\000r\000\137\000I\000n\000t\000e\000r\000f\000a\000c\000e\000I\000\040\000S\000t\000r\000u\000c\000t\000\040\000R\000e\000f\000e\000r\000e\000n\000c\000e}{section.7}% 308
\BOOKMARK [3][-]{subsubsection.7.58.1}{\376\377\0007\000.\0005\0008\000.\0001\000\040\000D\000e\000t\000a\000i\000l\000e\000d\000\040\000D\000e\000s\000c\000r\000i\000p\000t\000i\000o\000n}{subsection.7.58}% 309
\BOOKMARK [3][-]{subsubsection.7.58.2}{\376\377\0007\000.\0005\0008\000.\0002\000\040\000M\000e\000m\000b\000e\000r\000\040\000D\000a\000t\000a\000\040\000D\000o\000c\000u\000m\000e\000n\000t\000a\000t\000i\000o\000n}{subsection.7.58}% 310
\BOOKMARK [2][-]{subsection.7.59}{\376\377\0007\000.\0005\0009\000\040\000D\000D\000S\000\137\000P\000s\000k\000S\000e\000r\000v\000i\000c\000e\000F\000a\000c\000t\000o\000r\000y\000P\000r\000o\000p\000e\000r\000t\000y\000\040\000S\000t\000r\000u\000c\000t\000\040\000R\000e\000f\000e\000r\000e\000n\000c\000e}{section.7}% 311
\BOOKMARK [3][-]{subsubsection.7.59.1}{\376\377\0007\000.\0005\0009\000.\0001\000\040\000D\000e\000t\000a\000i\000l\000e\000d\000\040\000D\000e\000s\000c\000r\000i\000p\000t\000i\000o\000n}{subsection.7.59}% 312
\BOOKMARK [3][-]{subsubsection.7.59.2}{\376\377\0007\000.\0005\0009\000.\0002\000\040\000M\000e\000m\000b\000e\000r\000\040\000D\000a\000t\000a\000\040\000D\000o\000c\000u\000m\000e\000n\000t\000a\000t\000i\000o\000n}{subsection.7.59}% 313
\BOOKMARK [2][-]{subsection.7.60}{\376\377\0007\000.\0006\0000\000\040\000D\000D\000S\000\137\000P\000u\000b\000l\000i\000c\000a\000t\000i\000o\000n\000B\000u\000i\000l\000t\000i\000n\000T\000o\000p\000i\000c\000D\000a\000t\000a\000\040\000S\000t\000r\000u\000c\000t\000\040\000R\000e\000f\000e\000r\000e\000n\000c\000e}{section.7}% 314
\BOOKMARK [3][-]{subsubsection.7.60.1}{\376\377\0007\000.\0006\0000\000.\0001\000\040\000D\000e\000t\000a\000i\000l\000e\000d\000\040\000D\000e\000s\000c\000r\000i\000p\000t\000i\000o\000n}{subsection.7.60}% 315
\BOOKMARK [3][-]{subsubsection.7.60.2}{\376\377\0007\000.\0006\0000\000.\0002\000\040\000M\000e\000m\000b\000e\000r\000\040\000D\000a\000t\000a\000\040\000D\000o\000c\000u\000m\000e\000n\000t\000a\000t\000i\000o\000n}{subsection.7.60}% 316
\BOOKMARK [2][-]{subsection.7.61}{\376\377\0007\000.\0006\0001\000\040\000D\000D\000S\000\137\000P\000u\000b\000l\000i\000c\000a\000t\000i\000o\000n\000M\000a\000t\000c\000h\000e\000d\000S\000t\000a\000t\000u\000s\000\040\000S\000t\000r\000u\000c\000t\000\040\000R\000e\000f\000e\000r\000e\000n\000c\000e}{section.7}% 317
\BOOKMARK [3][-]{subsubsection.7.61.1}{\376\377\0007\000.\0006\0001\000.\0001\000\040\000D\000e\000t\000a\000i\000l\000e\000d\000\040\000D\000e\000s\000c\000r\000i\000p\000t\000i\000o\000n}{subsection.7.61}% 318
\BOOKMARK [3][-]{subsubsection.7.61.2}{\376\377\0007\000.\0006\0001\000.\0002\000\040\000M\000e\000m\000b\000e\000r\000\040\000D\000a\000t\000a\000\040\000D\000o\000c\000u\000m\000e\000n\000t\000a\000t\000i\000o\000n}{subsection.7.61}% 319
\BOOKMARK [2][-]{subsection.7.62}{\376\377\0007\000.\0006\0002\000\040\000D\000D\000S\000\137\000P\000u\000b\000l\000i\000s\000h\000e\000r\000Q\000o\000s\000\040\000S\000t\000r\000u\000c\000t\000\040\000R\000e\000f\000e\000r\000e\000n\000c\000e}{section.7}% 320
\BOOKMARK [3][-]{subsubsection.7.62.1}{\376\377\0007\000.\0006\0002\000.\0001\000\040\000D\000e\000t\000a\000i\000l\000e\000d\000\040\000D\000e\000s\000c\000r\000i\000p\000t\000i\000o\000n}{subsection.7.62}% 321
\BOOKMARK [3][-]{subsubsection.7.62.2}{\376\377\0007\000.\0006\0002\000.\0002\000\040\000M\000e\000m\000b\000e\000r\000\040\000D\000a\000t\000a\000\040\000D\000o\000c\000u\000m\000e\000n\000t\000a\000t\000i\000o\000n}{subsection.7.62}% 322
\BOOKMARK [2][-]{subsection.7.63}{\376\377\0007\000.\0006\0003\000\040\000D\000D\000S\000\137\000P\000u\000b\000l\000i\000s\000h\000M\000o\000d\000e\000Q\000o\000s\000P\000o\000l\000i\000c\000y\000\040\000S\000t\000r\000u\000c\000t\000\040\000R\000e\000f\000e\000r\000e\000n\000c\000e}{section.7}% 323
\BOOKMARK [3][-]{subsubsection.7.63.1}{\376\377\0007\000.\0006\0003\000.\0001\000\040\000D\000e\000t\000a\000i\000l\000e\000d\000\040\000D\000e\000s\000c\000r\000i\000p\000t\000i\000o\000n}{subsection.7.63}% 324
\BOOKMARK [3][-]{subsubsection.7.63.2}{\376\377\0007\000.\0006\0003\000.\0002\000\040\000U\000s\000a\000g\000e}{subsection.7.63}% 325
\BOOKMARK [3][-]{subsubsection.7.63.3}{\376\377\0007\000.\0006\0003\000.\0003\000\040\000M\000e\000m\000b\000e\000r\000\040\000D\000a\000t\000a\000\040\000D\000o\000c\000u\000m\000e\000n\000t\000a\000t\000i\000o\000n}{subsection.7.63}% 326
\BOOKMARK [2][-]{subsection.7.64}{\376\377\0007\000.\0006\0004\000\040\000D\000D\000S\000\137\000Q\000o\000s\000P\000o\000l\000i\000c\000y\000C\000o\000u\000n\000t\000\040\000S\000t\000r\000u\000c\000t\000\040\000R\000e\000f\000e\000r\000e\000n\000c\000e}{section.7}% 327
\BOOKMARK [3][-]{subsubsection.7.64.1}{\376\377\0007\000.\0006\0004\000.\0001\000\040\000D\000e\000t\000a\000i\000l\000e\000d\000\040\000D\000e\000s\000c\000r\000i\000p\000t\000i\000o\000n}{subsection.7.64}% 328
\BOOKMARK [3][-]{subsubsection.7.64.2}{\376\377\0007\000.\0006\0004\000.\0002\000\040\000M\000e\000m\000b\000e\000r\000\040\000D\000a\000t\000a\000\040\000D\000o\000c\000u\000m\000e\000n\000t\000a\000t\000i\000o\000n}{subsection.7.64}% 329
\BOOKMARK [2][-]{subsection.7.65}{\376\377\0007\000.\0006\0005\000\040\000D\000D\000S\000\137\000R\000e\000l\000i\000a\000b\000i\000l\000i\000t\000y\000Q\000o\000s\000P\000o\000l\000i\000c\000y\000\040\000S\000t\000r\000u\000c\000t\000\040\000R\000e\000f\000e\000r\000e\000n\000c\000e}{section.7}% 330
\BOOKMARK [3][-]{subsubsection.7.65.1}{\376\377\0007\000.\0006\0005\000.\0001\000\040\000D\000e\000t\000a\000i\000l\000e\000d\000\040\000D\000e\000s\000c\000r\000i\000p\000t\000i\000o\000n}{subsection.7.65}% 331
\BOOKMARK [3][-]{subsubsection.7.65.2}{\376\377\0007\000.\0006\0005\000.\0002\000\040\000U\000s\000a\000g\000e}{subsection.7.65}% 332
\BOOKMARK [3][-]{subsubsection.7.65.3}{\376\377\0007\000.\0006\0005\000.\0003\000\040\000C\000o\000m\000p\000a\000t\000i\000b\000i\000l\000i\000t\000y}{subsection.7.65}% 333
\BOOKMARK [3][-]{subsubsection.7.65.4}{\376\377\0007\000.\0006\0005\000.\0004\000\040\000M\000e\000m\000b\000e\000r\000\040\000D\000a\000t\000a\000\040\000D\000o\000c\000u\000m\000e\000n\000t\000a\000t\000i\000o\000n}{subsection.7.65}% 334
\BOOKMARK [2][-]{subsection.7.66}{\376\377\0007\000.\0006\0006\000\040\000D\000D\000S\000\137\000R\000e\000l\000i\000a\000b\000l\000e\000R\000e\000a\000d\000e\000r\000A\000c\000t\000i\000v\000i\000t\000y\000C\000h\000a\000n\000g\000e\000d\000S\000t\000a\000t\000u\000s\000\040\000S\000t\000r\000u\000c\000t\000\040\000R\000e\000f\000e\000r\000e\000n\000c\000e}{section.7}% 335
\BOOKMARK [3][-]{subsubsection.7.66.1}{\376\377\0007\000.\0006\0006\000.\0001\000\040\000D\000e\000t\000a\000i\000l\000e\000d\000\040\000D\000e\000s\000c\000r\000i\000p\000t\000i\000o\000n}{subsection.7.66}% 336
\BOOKMARK [3][-]{subsubsection.7.66.2}{\376\377\0007\000.\0006\0006\000.\0002\000\040\000M\000e\000m\000b\000e\000r\000\040\000D\000a\000t\000a\000\040\000D\000o\000c\000u\000m\000e\000n\000t\000a\000t\000i\000o\000n}{subsection.7.66}% 337
\BOOKMARK [2][-]{subsection.7.67}{\376\377\0007\000.\0006\0007\000\040\000D\000D\000S\000\137\000R\000e\000l\000i\000a\000b\000l\000e\000S\000a\000m\000p\000l\000e\000U\000n\000a\000c\000k\000n\000o\000w\000l\000e\000d\000g\000e\000d\000S\000t\000a\000t\000u\000s\000\040\000S\000t\000r\000u\000c\000t\000\040\000R\000e\000f\000e\000r\000e\000n\000c\000e}{section.7}% 338
\BOOKMARK [3][-]{subsubsection.7.67.1}{\376\377\0007\000.\0006\0007\000.\0001\000\040\000D\000e\000t\000a\000i\000l\000e\000d\000\040\000D\000e\000s\000c\000r\000i\000p\000t\000i\000o\000n}{subsection.7.67}% 339
\BOOKMARK [3][-]{subsubsection.7.67.2}{\376\377\0007\000.\0006\0007\000.\0002\000\040\000M\000e\000m\000b\000e\000r\000\040\000D\000a\000t\000a\000\040\000D\000o\000c\000u\000m\000e\000n\000t\000a\000t\000i\000o\000n}{subsection.7.67}% 340
\BOOKMARK [2][-]{subsection.7.68}{\376\377\0007\000.\0006\0008\000\040\000D\000D\000S\000\137\000R\000e\000q\000u\000e\000s\000t\000e\000d\000D\000e\000a\000d\000l\000i\000n\000e\000M\000i\000s\000s\000e\000d\000S\000t\000a\000t\000u\000s\000\040\000S\000t\000r\000u\000c\000t\000\040\000R\000e\000f\000e\000r\000e\000n\000c\000e}{section.7}% 341
\BOOKMARK [3][-]{subsubsection.7.68.1}{\376\377\0007\000.\0006\0008\000.\0001\000\040\000D\000e\000t\000a\000i\000l\000e\000d\000\040\000D\000e\000s\000c\000r\000i\000p\000t\000i\000o\000n}{subsection.7.68}% 342
\BOOKMARK [3][-]{subsubsection.7.68.2}{\376\377\0007\000.\0006\0008\000.\0002\000\040\000M\000e\000m\000b\000e\000r\000\040\000D\000a\000t\000a\000\040\000D\000o\000c\000u\000m\000e\000n\000t\000a\000t\000i\000o\000n}{subsection.7.68}% 343
\BOOKMARK [2][-]{subsection.7.69}{\376\377\0007\000.\0006\0009\000\040\000D\000D\000S\000\137\000R\000e\000q\000u\000e\000s\000t\000e\000d\000I\000n\000c\000o\000m\000p\000a\000t\000i\000b\000l\000e\000Q\000o\000s\000S\000t\000a\000t\000u\000s\000\040\000S\000t\000r\000u\000c\000t\000\040\000R\000e\000f\000e\000r\000e\000n\000c\000e}{section.7}% 344
\BOOKMARK [3][-]{subsubsection.7.69.1}{\376\377\0007\000.\0006\0009\000.\0001\000\040\000D\000e\000t\000a\000i\000l\000e\000d\000\040\000D\000e\000s\000c\000r\000i\000p\000t\000i\000o\000n}{subsection.7.69}% 345
\BOOKMARK [3][-]{subsubsection.7.69.2}{\376\377\0007\000.\0006\0009\000.\0002\000\040\000M\000e\000m\000b\000e\000r\000\040\000D\000a\000t\000a\000\040\000D\000o\000c\000u\000m\000e\000n\000t\000a\000t\000i\000o\000n}{subsection.7.69}% 346
\BOOKMARK [2][-]{subsection.7.70}{\376\377\0007\000.\0007\0000\000\040\000D\000D\000S\000\137\000R\000e\000s\000o\000u\000r\000c\000e\000L\000i\000m\000i\000t\000s\000Q\000o\000s\000P\000o\000l\000i\000c\000y\000\040\000S\000t\000r\000u\000c\000t\000\040\000R\000e\000f\000e\000r\000e\000n\000c\000e}{section.7}% 347
\BOOKMARK [3][-]{subsubsection.7.70.1}{\376\377\0007\000.\0007\0000\000.\0001\000\040\000D\000e\000t\000a\000i\000l\000e\000d\000\040\000D\000e\000s\000c\000r\000i\000p\000t\000i\000o\000n}{subsection.7.70}% 348
\BOOKMARK [3][-]{subsubsection.7.70.2}{\376\377\0007\000.\0007\0000\000.\0002\000\040\000U\000s\000a\000g\000e}{subsection.7.70}% 349
\BOOKMARK [3][-]{subsubsection.7.70.3}{\376\377\0007\000.\0007\0000\000.\0003\000\040\000C\000o\000n\000s\000i\000s\000t\000e\000n\000c\000y}{subsection.7.70}% 350
\BOOKMARK [3][-]{subsubsection.7.70.4}{\376\377\0007\000.\0007\0000\000.\0004\000\040\000M\000e\000m\000b\000e\000r\000\040\000D\000a\000t\000a\000\040\000D\000o\000c\000u\000m\000e\000n\000t\000a\000t\000i\000o\000n}{subsection.7.70}% 351
\BOOKMARK [2][-]{subsection.7.71}{\376\377\0007\000.\0007\0001\000\040\000D\000D\000S\000\137\000R\000t\000p\000s\000R\000e\000l\000i\000a\000b\000l\000e\000R\000e\000a\000d\000e\000r\000P\000r\000o\000t\000o\000c\000o\000l\000\137\000t\000\040\000S\000t\000r\000u\000c\000t\000\040\000R\000e\000f\000e\000r\000e\000n\000c\000e}{section.7}% 352
\BOOKMARK [3][-]{subsubsection.7.71.1}{\376\377\0007\000.\0007\0001\000.\0001\000\040\000D\000e\000t\000a\000i\000l\000e\000d\000\040\000D\000e\000s\000c\000r\000i\000p\000t\000i\000o\000n}{subsection.7.71}% 353
\BOOKMARK [3][-]{subsubsection.7.71.2}{\376\377\0007\000.\0007\0001\000.\0002\000\040\000M\000e\000m\000b\000e\000r\000\040\000D\000a\000t\000a\000\040\000D\000o\000c\000u\000m\000e\000n\000t\000a\000t\000i\000o\000n}{subsection.7.71}% 354
\BOOKMARK [2][-]{subsection.7.72}{\376\377\0007\000.\0007\0002\000\040\000D\000D\000S\000\137\000R\000t\000p\000s\000R\000e\000l\000i\000a\000b\000l\000e\000W\000r\000i\000t\000e\000r\000P\000r\000o\000t\000o\000c\000o\000l\000\137\000t\000\040\000S\000t\000r\000u\000c\000t\000\040\000R\000e\000f\000e\000r\000e\000n\000c\000e}{section.7}% 355
\BOOKMARK [3][-]{subsubsection.7.72.1}{\376\377\0007\000.\0007\0002\000.\0001\000\040\000D\000e\000t\000a\000i\000l\000e\000d\000\040\000D\000e\000s\000c\000r\000i\000p\000t\000i\000o\000n}{subsection.7.72}% 356
\BOOKMARK [3][-]{subsubsection.7.72.2}{\376\377\0007\000.\0007\0002\000.\0002\000\040\000M\000e\000m\000b\000e\000r\000\040\000D\000a\000t\000a\000\040\000D\000o\000c\000u\000m\000e\000n\000t\000a\000t\000i\000o\000n}{subsection.7.72}% 357
\BOOKMARK [2][-]{subsection.7.73}{\376\377\0007\000.\0007\0003\000\040\000D\000D\000S\000\137\000R\000t\000p\000s\000W\000e\000l\000l\000K\000n\000o\000w\000n\000P\000o\000r\000t\000s\000\137\000t\000\040\000S\000t\000r\000u\000c\000t\000\040\000R\000e\000f\000e\000r\000e\000n\000c\000e}{section.7}% 358
\BOOKMARK [3][-]{subsubsection.7.73.1}{\376\377\0007\000.\0007\0003\000.\0001\000\040\000D\000e\000t\000a\000i\000l\000e\000d\000\040\000D\000e\000s\000c\000r\000i\000p\000t\000i\000o\000n}{subsection.7.73}% 359
\BOOKMARK [3][-]{subsubsection.7.73.2}{\376\377\0007\000.\0007\0003\000.\0002\000\040\000M\000e\000m\000b\000e\000r\000\040\000D\000a\000t\000a\000\040\000D\000o\000c\000u\000m\000e\000n\000t\000a\000t\000i\000o\000n}{subsection.7.73}% 360
\BOOKMARK [2][-]{subsection.7.74}{\376\377\0007\000.\0007\0004\000\040\000D\000D\000S\000\137\000S\000a\000m\000p\000l\000e\000I\000d\000e\000n\000t\000i\000t\000y\000\137\000t\000\040\000S\000t\000r\000u\000c\000t\000\040\000R\000e\000f\000e\000r\000e\000n\000c\000e}{section.7}% 361
\BOOKMARK [3][-]{subsubsection.7.74.1}{\376\377\0007\000.\0007\0004\000.\0001\000\040\000D\000e\000t\000a\000i\000l\000e\000d\000\040\000D\000e\000s\000c\000r\000i\000p\000t\000i\000o\000n}{subsection.7.74}% 362
\BOOKMARK [3][-]{subsubsection.7.74.2}{\376\377\0007\000.\0007\0004\000.\0002\000\040\000M\000e\000m\000b\000e\000r\000\040\000D\000a\000t\000a\000\040\000D\000o\000c\000u\000m\000e\000n\000t\000a\000t\000i\000o\000n}{subsection.7.74}% 363
\BOOKMARK [2][-]{subsection.7.75}{\376\377\0007\000.\0007\0005\000\040\000D\000D\000S\000\137\000S\000a\000m\000p\000l\000e\000I\000n\000f\000o\000\040\000S\000t\000r\000u\000c\000t\000\040\000R\000e\000f\000e\000r\000e\000n\000c\000e}{section.7}% 364
\BOOKMARK [3][-]{subsubsection.7.75.1}{\376\377\0007\000.\0007\0005\000.\0001\000\040\000D\000e\000t\000a\000i\000l\000e\000d\000\040\000D\000e\000s\000c\000r\000i\000p\000t\000i\000o\000n}{subsection.7.75}% 365
\BOOKMARK [3][-]{subsubsection.7.75.2}{\376\377\0007\000.\0007\0005\000.\0002\000\040\000I\000n\000t\000e\000r\000p\000r\000e\000t\000a\000t\000i\000o\000n\000\040\000o\000f\000\040\000t\000h\000e\000\040\000S\000a\000m\000p\000l\000e\000I\000n\000f\000o}{subsection.7.75}% 366
\BOOKMARK [3][-]{subsubsection.7.75.3}{\376\377\0007\000.\0007\0005\000.\0003\000\040\000M\000e\000m\000b\000e\000r\000\040\000D\000a\000t\000a\000\040\000D\000o\000c\000u\000m\000e\000n\000t\000a\000t\000i\000o\000n}{subsection.7.75}% 367
\BOOKMARK [2][-]{subsection.7.76}{\376\377\0007\000.\0007\0006\000\040\000D\000D\000S\000\137\000S\000a\000m\000p\000l\000e\000I\000n\000f\000o\000S\000e\000q\000\040\000S\000t\000r\000u\000c\000t\000\040\000R\000e\000f\000e\000r\000e\000n\000c\000e}{section.7}% 368
\BOOKMARK [3][-]{subsubsection.7.76.1}{\376\377\0007\000.\0007\0006\000.\0001\000\040\000D\000e\000t\000a\000i\000l\000e\000d\000\040\000D\000e\000s\000c\000r\000i\000p\000t\000i\000o\000n}{subsection.7.76}% 369
\BOOKMARK [2][-]{subsection.7.77}{\376\377\0007\000.\0007\0007\000\040\000D\000D\000S\000\137\000S\000a\000m\000p\000l\000e\000L\000o\000s\000t\000S\000t\000a\000t\000u\000s\000\040\000S\000t\000r\000u\000c\000t\000\040\000R\000e\000f\000e\000r\000e\000n\000c\000e}{section.7}% 370
\BOOKMARK [3][-]{subsubsection.7.77.1}{\376\377\0007\000.\0007\0007\000.\0001\000\040\000D\000e\000t\000a\000i\000l\000e\000d\000\040\000D\000e\000s\000c\000r\000i\000p\000t\000i\000o\000n}{subsection.7.77}% 371
\BOOKMARK [3][-]{subsubsection.7.77.2}{\376\377\0007\000.\0007\0007\000.\0002\000\040\000M\000e\000m\000b\000e\000r\000\040\000D\000a\000t\000a\000\040\000D\000o\000c\000u\000m\000e\000n\000t\000a\000t\000i\000o\000n}{subsection.7.77}% 372
\BOOKMARK [2][-]{subsection.7.78}{\376\377\0007\000.\0007\0008\000\040\000D\000D\000S\000\137\000S\000a\000m\000p\000l\000e\000R\000e\000j\000e\000c\000t\000e\000d\000S\000t\000a\000t\000u\000s\000\040\000S\000t\000r\000u\000c\000t\000\040\000R\000e\000f\000e\000r\000e\000n\000c\000e}{section.7}% 373
\BOOKMARK [3][-]{subsubsection.7.78.1}{\376\377\0007\000.\0007\0008\000.\0001\000\040\000D\000e\000t\000a\000i\000l\000e\000d\000\040\000D\000e\000s\000c\000r\000i\000p\000t\000i\000o\000n}{subsection.7.78}% 374
\BOOKMARK [3][-]{subsubsection.7.78.2}{\376\377\0007\000.\0007\0008\000.\0002\000\040\000M\000e\000m\000b\000e\000r\000\040\000D\000a\000t\000a\000\040\000D\000o\000c\000u\000m\000e\000n\000t\000a\000t\000i\000o\000n}{subsection.7.78}% 375
\BOOKMARK [2][-]{subsection.7.79}{\376\377\0007\000.\0007\0009\000\040\000D\000D\000S\000\137\000S\000e\000c\000T\000r\000a\000n\000s\000f\000o\000r\000m\000\137\000C\000o\000n\000f\000i\000g\000u\000r\000a\000t\000i\000o\000n\000\040\000S\000t\000r\000u\000c\000t\000\040\000R\000e\000f\000e\000r\000e\000n\000c\000e}{section.7}% 376
\BOOKMARK [3][-]{subsubsection.7.79.1}{\376\377\0007\000.\0007\0009\000.\0001\000\040\000D\000e\000t\000a\000i\000l\000e\000d\000\040\000D\000e\000s\000c\000r\000i\000p\000t\000i\000o\000n}{subsection.7.79}% 377
\BOOKMARK [3][-]{subsubsection.7.79.2}{\376\377\0007\000.\0007\0009\000.\0002\000\040\000M\000e\000m\000b\000e\000r\000\040\000D\000a\000t\000a\000\040\000D\000o\000c\000u\000m\000e\000n\000t\000a\000t\000i\000o\000n}{subsection.7.79}% 378
\BOOKMARK [2][-]{subsection.7.80}{\376\377\0007\000.\0008\0000\000\040\000D\000D\000S\000\137\000S\000e\000q\000u\000e\000n\000c\000e\000N\000u\000m\000b\000e\000r\000\137\000t\000\040\000S\000t\000r\000u\000c\000t\000\040\000R\000e\000f\000e\000r\000e\000n\000c\000e}{section.7}% 379
\BOOKMARK [3][-]{subsubsection.7.80.1}{\376\377\0007\000.\0008\0000\000.\0001\000\040\000D\000e\000t\000a\000i\000l\000e\000d\000\040\000D\000e\000s\000c\000r\000i\000p\000t\000i\000o\000n}{subsection.7.80}% 380
\BOOKMARK [3][-]{subsubsection.7.80.2}{\376\377\0007\000.\0008\0000\000.\0002\000\040\000M\000e\000m\000b\000e\000r\000\040\000D\000a\000t\000a\000\040\000D\000o\000c\000u\000m\000e\000n\000t\000a\000t\000i\000o\000n}{subsection.7.80}% 381
\BOOKMARK [2][-]{subsection.7.81}{\376\377\0007\000.\0008\0001\000\040\000D\000D\000S\000\137\000S\000u\000b\000s\000c\000r\000i\000b\000e\000r\000Q\000o\000s\000\040\000S\000t\000r\000u\000c\000t\000\040\000R\000e\000f\000e\000r\000e\000n\000c\000e}{section.7}% 382
\BOOKMARK [3][-]{subsubsection.7.81.1}{\376\377\0007\000.\0008\0001\000.\0001\000\040\000D\000e\000t\000a\000i\000l\000e\000d\000\040\000D\000e\000s\000c\000r\000i\000p\000t\000i\000o\000n}{subsection.7.81}% 383
\BOOKMARK [3][-]{subsubsection.7.81.2}{\376\377\0007\000.\0008\0001\000.\0002\000\040\000M\000e\000m\000b\000e\000r\000\040\000D\000a\000t\000a\000\040\000D\000o\000c\000u\000m\000e\000n\000t\000a\000t\000i\000o\000n}{subsection.7.81}% 384
\BOOKMARK [2][-]{subsection.7.82}{\376\377\0007\000.\0008\0002\000\040\000D\000D\000S\000\137\000S\000u\000b\000s\000c\000r\000i\000p\000t\000i\000o\000n\000B\000u\000i\000l\000t\000i\000n\000T\000o\000p\000i\000c\000D\000a\000t\000a\000\040\000S\000t\000r\000u\000c\000t\000\040\000R\000e\000f\000e\000r\000e\000n\000c\000e}{section.7}% 385
\BOOKMARK [3][-]{subsubsection.7.82.1}{\376\377\0007\000.\0008\0002\000.\0001\000\040\000D\000e\000t\000a\000i\000l\000e\000d\000\040\000D\000e\000s\000c\000r\000i\000p\000t\000i\000o\000n}{subsection.7.82}% 386
\BOOKMARK [3][-]{subsubsection.7.82.2}{\376\377\0007\000.\0008\0002\000.\0002\000\040\000M\000e\000m\000b\000e\000r\000\040\000D\000a\000t\000a\000\040\000D\000o\000c\000u\000m\000e\000n\000t\000a\000t\000i\000o\000n}{subsection.7.82}% 387
\BOOKMARK [2][-]{subsection.7.83}{\376\377\0007\000.\0008\0003\000\040\000D\000D\000S\000\137\000S\000u\000b\000s\000c\000r\000i\000p\000t\000i\000o\000n\000M\000a\000t\000c\000h\000e\000d\000S\000t\000a\000t\000u\000s\000\040\000S\000t\000r\000u\000c\000t\000\040\000R\000e\000f\000e\000r\000e\000n\000c\000e}{section.7}% 388
\BOOKMARK [3][-]{subsubsection.7.83.1}{\376\377\0007\000.\0008\0003\000.\0001\000\040\000D\000e\000t\000a\000i\000l\000e\000d\000\040\000D\000e\000s\000c\000r\000i\000p\000t\000i\000o\000n}{subsection.7.83}% 389
\BOOKMARK [3][-]{subsubsection.7.83.2}{\376\377\0007\000.\0008\0003\000.\0002\000\040\000M\000e\000m\000b\000e\000r\000\040\000D\000a\000t\000a\000\040\000D\000o\000c\000u\000m\000e\000n\000t\000a\000t\000i\000o\000n}{subsection.7.83}% 390
\BOOKMARK [2][-]{subsection.7.84}{\376\377\0007\000.\0008\0004\000\040\000D\000D\000S\000\137\000S\000y\000s\000t\000e\000m\000R\000e\000s\000o\000u\000r\000c\000e\000L\000i\000m\000i\000t\000s\000Q\000o\000s\000P\000o\000l\000i\000c\000y\000\040\000S\000t\000r\000u\000c\000t\000\040\000R\000e\000f\000e\000r\000e\000n\000c\000e}{section.7}% 391
\BOOKMARK [3][-]{subsubsection.7.84.1}{\376\377\0007\000.\0008\0004\000.\0001\000\040\000D\000e\000t\000a\000i\000l\000e\000d\000\040\000D\000e\000s\000c\000r\000i\000p\000t\000i\000o\000n}{subsection.7.84}% 392
\BOOKMARK [3][-]{subsubsection.7.84.2}{\376\377\0007\000.\0008\0004\000.\0002\000\040\000M\000e\000m\000b\000e\000r\000\040\000D\000a\000t\000a\000\040\000D\000o\000c\000u\000m\000e\000n\000t\000a\000t\000i\000o\000n}{subsection.7.84}% 393
\BOOKMARK [2][-]{subsection.7.85}{\376\377\0007\000.\0008\0005\000\040\000D\000D\000S\000\137\000T\000i\000m\000e\000\137\000t\000\040\000S\000t\000r\000u\000c\000t\000\040\000R\000e\000f\000e\000r\000e\000n\000c\000e}{section.7}% 394
\BOOKMARK [3][-]{subsubsection.7.85.1}{\376\377\0007\000.\0008\0005\000.\0001\000\040\000D\000e\000t\000a\000i\000l\000e\000d\000\040\000D\000e\000s\000c\000r\000i\000p\000t\000i\000o\000n}{subsection.7.85}% 395
\BOOKMARK [3][-]{subsubsection.7.85.2}{\376\377\0007\000.\0008\0005\000.\0002\000\040\000M\000e\000m\000b\000e\000r\000\040\000D\000a\000t\000a\000\040\000D\000o\000c\000u\000m\000e\000n\000t\000a\000t\000i\000o\000n}{subsection.7.85}% 396
\BOOKMARK [2][-]{subsection.7.86}{\376\377\0007\000.\0008\0006\000\040\000D\000D\000S\000\137\000T\000o\000p\000i\000c\000D\000a\000t\000a\000Q\000o\000s\000P\000o\000l\000i\000c\000y\000\040\000S\000t\000r\000u\000c\000t\000\040\000R\000e\000f\000e\000r\000e\000n\000c\000e}{section.7}% 397
\BOOKMARK [3][-]{subsubsection.7.86.1}{\376\377\0007\000.\0008\0006\000.\0001\000\040\000D\000e\000t\000a\000i\000l\000e\000d\000\040\000D\000e\000s\000c\000r\000i\000p\000t\000i\000o\000n}{subsection.7.86}% 398
\BOOKMARK [3][-]{subsubsection.7.86.2}{\376\377\0007\000.\0008\0006\000.\0002\000\040\000U\000s\000a\000g\000e}{subsection.7.86}% 399
\BOOKMARK [3][-]{subsubsection.7.86.3}{\376\377\0007\000.\0008\0006\000.\0003\000\040\000M\000e\000m\000b\000e\000r\000\040\000D\000a\000t\000a\000\040\000D\000o\000c\000u\000m\000e\000n\000t\000a\000t\000i\000o\000n}{subsection.7.86}% 400
\BOOKMARK [2][-]{subsection.7.87}{\376\377\0007\000.\0008\0007\000\040\000D\000D\000S\000\137\000T\000o\000p\000i\000c\000Q\000o\000s\000\040\000S\000t\000r\000u\000c\000t\000\040\000R\000e\000f\000e\000r\000e\000n\000c\000e}{section.7}% 401
\BOOKMARK [3][-]{subsubsection.7.87.1}{\376\377\0007\000.\0008\0007\000.\0001\000\040\000D\000e\000t\000a\000i\000l\000e\000d\000\040\000D\000e\000s\000c\000r\000i\000p\000t\000i\000o\000n}{subsection.7.87}% 402
\BOOKMARK [3][-]{subsubsection.7.87.2}{\376\377\0007\000.\0008\0007\000.\0002\000\040\000M\000e\000m\000b\000e\000r\000\040\000D\000a\000t\000a\000\040\000D\000o\000c\000u\000m\000e\000n\000t\000a\000t\000i\000o\000n}{subsection.7.87}% 403
\BOOKMARK [2][-]{subsection.7.88}{\376\377\0007\000.\0008\0008\000\040\000D\000D\000S\000\137\000T\000r\000a\000n\000s\000p\000o\000r\000t\000E\000n\000c\000a\000p\000s\000u\000l\000a\000t\000i\000o\000n\000Q\000o\000s\000P\000o\000l\000i\000c\000y\000\040\000S\000t\000r\000u\000c\000t\000\040\000R\000e\000f\000e\000r\000e\000n\000c\000e}{section.7}% 404
\BOOKMARK [3][-]{subsubsection.7.88.1}{\376\377\0007\000.\0008\0008\000.\0001\000\040\000D\000e\000t\000a\000i\000l\000e\000d\000\040\000D\000e\000s\000c\000r\000i\000p\000t\000i\000o\000n}{subsection.7.88}% 405
\BOOKMARK [3][-]{subsubsection.7.88.2}{\376\377\0007\000.\0008\0008\000.\0002\000\040\000M\000e\000m\000b\000e\000r\000\040\000D\000a\000t\000a\000\040\000D\000o\000c\000u\000m\000e\000n\000t\000a\000t\000i\000o\000n}{subsection.7.88}% 406
\BOOKMARK [2][-]{subsection.7.89}{\376\377\0007\000.\0008\0009\000\040\000D\000D\000S\000\137\000T\000r\000a\000n\000s\000p\000o\000r\000t\000E\000n\000c\000a\000p\000s\000u\000l\000a\000t\000i\000o\000n\000S\000e\000t\000t\000i\000n\000g\000s\000\137\000t\000\040\000S\000t\000r\000u\000c\000t\000\040\000R\000e\000f\000e\000r\000e\000n\000c\000e}{section.7}% 407
\BOOKMARK [3][-]{subsubsection.7.89.1}{\376\377\0007\000.\0008\0009\000.\0001\000\040\000D\000e\000t\000a\000i\000l\000e\000d\000\040\000D\000e\000s\000c\000r\000i\000p\000t\000i\000o\000n}{subsection.7.89}% 408
\BOOKMARK [3][-]{subsubsection.7.89.2}{\376\377\0007\000.\0008\0009\000.\0002\000\040\000M\000e\000m\000b\000e\000r\000\040\000D\000a\000t\000a\000\040\000D\000o\000c\000u\000m\000e\000n\000t\000a\000t\000i\000o\000n}{subsection.7.89}% 409
\BOOKMARK [2][-]{subsection.7.90}{\376\377\0007\000.\0009\0000\000\040\000D\000D\000S\000\137\000T\000r\000a\000n\000s\000p\000o\000r\000t\000E\000n\000c\000a\000p\000s\000u\000l\000a\000t\000i\000o\000n\000S\000e\000t\000t\000i\000n\000g\000s\000S\000e\000q\000\040\000S\000t\000r\000u\000c\000t\000\040\000R\000e\000f\000e\000r\000e\000n\000c\000e}{section.7}% 410
\BOOKMARK [3][-]{subsubsection.7.90.1}{\376\377\0007\000.\0009\0000\000.\0001\000\040\000D\000e\000t\000a\000i\000l\000e\000d\000\040\000D\000e\000s\000c\000r\000i\000p\000t\000i\000o\000n}{subsection.7.90}% 411
\BOOKMARK [2][-]{subsection.7.91}{\376\377\0007\000.\0009\0001\000\040\000D\000D\000S\000\137\000T\000r\000a\000n\000s\000p\000o\000r\000t\000P\000r\000i\000o\000r\000i\000t\000y\000Q\000o\000s\000P\000o\000l\000i\000c\000y\000\040\000S\000t\000r\000u\000c\000t\000\040\000R\000e\000f\000e\000r\000e\000n\000c\000e}{section.7}% 412
\BOOKMARK [3][-]{subsubsection.7.91.1}{\376\377\0007\000.\0009\0001\000.\0001\000\040\000D\000e\000t\000a\000i\000l\000e\000d\000\040\000D\000e\000s\000c\000r\000i\000p\000t\000i\000o\000n}{subsection.7.91}% 413
\BOOKMARK [3][-]{subsubsection.7.91.2}{\376\377\0007\000.\0009\0001\000.\0002\000\040\000M\000e\000m\000b\000e\000r\000\040\000D\000a\000t\000a\000\040\000D\000o\000c\000u\000m\000e\000n\000t\000a\000t\000i\000o\000n}{subsection.7.91}% 414
\BOOKMARK [2][-]{subsection.7.92}{\376\377\0007\000.\0009\0002\000\040\000D\000D\000S\000\137\000T\000r\000a\000n\000s\000p\000o\000r\000t\000Q\000o\000s\000P\000o\000l\000i\000c\000y\000\040\000S\000t\000r\000u\000c\000t\000\040\000R\000e\000f\000e\000r\000e\000n\000c\000e}{section.7}% 415
\BOOKMARK [3][-]{subsubsection.7.92.1}{\376\377\0007\000.\0009\0002\000.\0001\000\040\000D\000e\000t\000a\000i\000l\000e\000d\000\040\000D\000e\000s\000c\000r\000i\000p\000t\000i\000o\000n}{subsection.7.92}% 416
\BOOKMARK [3][-]{subsubsection.7.92.2}{\376\377\0007\000.\0009\0002\000.\0002\000\040\000M\000e\000m\000b\000e\000r\000\040\000D\000a\000t\000a\000\040\000D\000o\000c\000u\000m\000e\000n\000t\000a\000t\000i\000o\000n}{subsection.7.92}% 417
\BOOKMARK [2][-]{subsection.7.93}{\376\377\0007\000.\0009\0003\000\040\000D\000D\000S\000\137\000T\000r\000u\000s\000t\000Q\000o\000s\000P\000o\000l\000i\000c\000y\000\040\000S\000t\000r\000u\000c\000t\000\040\000R\000e\000f\000e\000r\000e\000n\000c\000e}{section.7}% 418
\BOOKMARK [3][-]{subsubsection.7.93.1}{\376\377\0007\000.\0009\0003\000.\0001\000\040\000D\000e\000t\000a\000i\000l\000e\000d\000\040\000D\000e\000s\000c\000r\000i\000p\000t\000i\000o\000n}{subsection.7.93}% 419
\BOOKMARK [3][-]{subsubsection.7.93.2}{\376\377\0007\000.\0009\0003\000.\0002\000\040\000M\000e\000m\000b\000e\000r\000\040\000D\000a\000t\000a\000\040\000D\000o\000c\000u\000m\000e\000n\000t\000a\000t\000i\000o\000n}{subsection.7.93}% 420
\BOOKMARK [2][-]{subsection.7.94}{\376\377\0007\000.\0009\0004\000\040\000D\000D\000S\000\137\000U\000s\000e\000r\000D\000a\000t\000a\000Q\000o\000s\000P\000o\000l\000i\000c\000y\000\040\000S\000t\000r\000u\000c\000t\000\040\000R\000e\000f\000e\000r\000e\000n\000c\000e}{section.7}% 421
\BOOKMARK [3][-]{subsubsection.7.94.1}{\376\377\0007\000.\0009\0004\000.\0001\000\040\000D\000e\000t\000a\000i\000l\000e\000d\000\040\000D\000e\000s\000c\000r\000i\000p\000t\000i\000o\000n}{subsection.7.94}% 422
\BOOKMARK [3][-]{subsubsection.7.94.2}{\376\377\0007\000.\0009\0004\000.\0002\000\040\000U\000s\000a\000g\000e}{subsection.7.94}% 423
\BOOKMARK [3][-]{subsubsection.7.94.3}{\376\377\0007\000.\0009\0004\000.\0003\000\040\000M\000e\000m\000b\000e\000r\000\040\000D\000a\000t\000a\000\040\000D\000o\000c\000u\000m\000e\000n\000t\000a\000t\000i\000o\000n}{subsection.7.94}% 424
\BOOKMARK [2][-]{subsection.7.95}{\376\377\0007\000.\0009\0005\000\040\000D\000D\000S\000\137\000U\000s\000e\000r\000T\000r\000a\000f\000f\000i\000c\000Q\000o\000s\000P\000o\000l\000i\000c\000y\000\040\000S\000t\000r\000u\000c\000t\000\040\000R\000e\000f\000e\000r\000e\000n\000c\000e}{section.7}% 425
\BOOKMARK [3][-]{subsubsection.7.95.1}{\376\377\0007\000.\0009\0005\000.\0001\000\040\000D\000e\000t\000a\000i\000l\000e\000d\000\040\000D\000e\000s\000c\000r\000i\000p\000t\000i\000o\000n}{subsection.7.95}% 426
\BOOKMARK [3][-]{subsubsection.7.95.2}{\376\377\0007\000.\0009\0005\000.\0002\000\040\000M\000e\000m\000b\000e\000r\000\040\000D\000a\000t\000a\000\040\000D\000o\000c\000u\000m\000e\000n\000t\000a\000t\000i\000o\000n}{subsection.7.95}% 427
\BOOKMARK [2][-]{subsection.7.96}{\376\377\0007\000.\0009\0006\000\040\000D\000D\000S\000\137\000V\000e\000n\000d\000o\000r\000I\000d\000\137\000t\000\040\000S\000t\000r\000u\000c\000t\000\040\000R\000e\000f\000e\000r\000e\000n\000c\000e}{section.7}% 428
\BOOKMARK [3][-]{subsubsection.7.96.1}{\376\377\0007\000.\0009\0006\000.\0001\000\040\000D\000e\000t\000a\000i\000l\000e\000d\000\040\000D\000e\000s\000c\000r\000i\000p\000t\000i\000o\000n}{subsection.7.96}% 429
\BOOKMARK [3][-]{subsubsection.7.96.2}{\376\377\0007\000.\0009\0006\000.\0002\000\040\000M\000e\000m\000b\000e\000r\000\040\000D\000a\000t\000a\000\040\000D\000o\000c\000u\000m\000e\000n\000t\000a\000t\000i\000o\000n}{subsection.7.96}% 430
\BOOKMARK [2][-]{subsection.7.97}{\376\377\0007\000.\0009\0007\000\040\000D\000D\000S\000\137\000W\000i\000r\000e\000P\000r\000o\000t\000o\000c\000o\000l\000Q\000o\000s\000P\000o\000l\000i\000c\000y\000\040\000S\000t\000r\000u\000c\000t\000\040\000R\000e\000f\000e\000r\000e\000n\000c\000e}{section.7}% 431
\BOOKMARK [3][-]{subsubsection.7.97.1}{\376\377\0007\000.\0009\0007\000.\0001\000\040\000D\000e\000t\000a\000i\000l\000e\000d\000\040\000D\000e\000s\000c\000r\000i\000p\000t\000i\000o\000n}{subsection.7.97}% 432
\BOOKMARK [3][-]{subsubsection.7.97.2}{\376\377\0007\000.\0009\0007\000.\0002\000\040\000U\000s\000a\000g\000e}{subsection.7.97}% 433
\BOOKMARK [3][-]{subsubsection.7.97.3}{\376\377\0007\000.\0009\0007\000.\0003\000\040\000M\000e\000m\000b\000e\000r\000\040\000D\000a\000t\000a\000\040\000D\000o\000c\000u\000m\000e\000n\000t\000a\000t\000i\000o\000n}{subsection.7.97}% 434
\BOOKMARK [2][-]{subsection.7.98}{\376\377\0007\000.\0009\0008\000\040\000D\000D\000S\000\137\000W\000r\000i\000t\000e\000P\000a\000r\000a\000m\000s\000\137\000t\000\040\000S\000t\000r\000u\000c\000t\000\040\000R\000e\000f\000e\000r\000e\000n\000c\000e}{section.7}% 435
\BOOKMARK [3][-]{subsubsection.7.98.1}{\376\377\0007\000.\0009\0008\000.\0001\000\040\000D\000e\000t\000a\000i\000l\000e\000d\000\040\000D\000e\000s\000c\000r\000i\000p\000t\000i\000o\000n}{subsection.7.98}% 436
\BOOKMARK [3][-]{subsubsection.7.98.2}{\376\377\0007\000.\0009\0008\000.\0002\000\040\000M\000e\000m\000b\000e\000r\000\040\000D\000a\000t\000a\000\040\000D\000o\000c\000u\000m\000e\000n\000t\000a\000t\000i\000o\000n}{subsection.7.98}% 437
\BOOKMARK [2][-]{subsection.7.99}{\376\377\0007\000.\0009\0009\000\040\000D\000D\000S\000C\000o\000n\000d\000i\000t\000i\000o\000n\000\040\000C\000l\000a\000s\000s\000\040\000R\000e\000f\000e\000r\000e\000n\000c\000e}{section.7}% 438
\BOOKMARK [3][-]{subsubsection.7.99.1}{\376\377\0007\000.\0009\0009\000.\0001\000\040\000D\000e\000t\000a\000i\000l\000e\000d\000\040\000D\000e\000s\000c\000r\000i\000p\000t\000i\000o\000n}{subsection.7.99}% 439
\BOOKMARK [2][-]{subsection.7.100}{\376\377\0007\000.\0001\0000\0000\000\040\000D\000D\000S\000C\000o\000n\000d\000i\000t\000i\000o\000n\000S\000e\000q\000\040\000C\000l\000a\000s\000s\000\040\000R\000e\000f\000e\000r\000e\000n\000c\000e}{section.7}% 440
\BOOKMARK [3][-]{subsubsection.7.100.1}{\376\377\0007\000.\0001\0000\0000\000.\0001\000\040\000D\000e\000t\000a\000i\000l\000e\000d\000\040\000D\000e\000s\000c\000r\000i\000p\000t\000i\000o\000n}{subsection.7.100}% 441
\BOOKMARK [2][-]{subsection.7.101}{\376\377\0007\000.\0001\0000\0001\000\040\000D\000D\000S\000D\000a\000t\000a\000R\000e\000a\000d\000e\000r\000\040\000C\000l\000a\000s\000s\000\040\000R\000e\000f\000e\000r\000e\000n\000c\000e}{section.7}% 442
\BOOKMARK [3][-]{subsubsection.7.101.1}{\376\377\0007\000.\0001\0000\0001\000.\0001\000\040\000D\000e\000t\000a\000i\000l\000e\000d\000\040\000D\000e\000s\000c\000r\000i\000p\000t\000i\000o\000n}{subsection.7.101}% 443
\BOOKMARK [3][-]{subsubsection.7.101.2}{\376\377\0007\000.\0001\0000\0001\000.\0002\000\040\000M\000e\000m\000b\000e\000r\000\040\000F\000u\000n\000c\000t\000i\000o\000n\000\040\000D\000o\000c\000u\000m\000e\000n\000t\000a\000t\000i\000o\000n}{subsection.7.101}% 444
\BOOKMARK [3][-]{subsubsection.7.101.3}{\376\377\0007\000.\0001\0000\0001\000.\0003\000\040\000S\000E\000Q\000U\000E\000N\000C\000E\000S\000\040\000U\000S\000A\000G\000E\000\040\000I\000N\000\040\000T\000A\000K\000E\000\040\000A\000N\000D\000\040\000R\000E\000A\000D}{subsection.7.101}% 445
\BOOKMARK [2][-]{subsection.7.102}{\376\377\0007\000.\0001\0000\0002\000\040\000D\000D\000S\000D\000a\000t\000a\000R\000e\000a\000d\000e\000r\000L\000i\000s\000t\000e\000n\000e\000r\000\040\000C\000l\000a\000s\000s\000\040\000R\000e\000f\000e\000r\000e\000n\000c\000e}{section.7}% 446
\BOOKMARK [3][-]{subsubsection.7.102.1}{\376\377\0007\000.\0001\0000\0002\000.\0001\000\040\000D\000e\000t\000a\000i\000l\000e\000d\000\040\000D\000e\000s\000c\000r\000i\000p\000t\000i\000o\000n}{subsection.7.102}% 447
\BOOKMARK [3][-]{subsubsection.7.102.2}{\376\377\0007\000.\0001\0000\0002\000.\0002\000\040\000M\000e\000m\000b\000e\000r\000\040\000F\000u\000n\000c\000t\000i\000o\000n\000\040\000D\000o\000c\000u\000m\000e\000n\000t\000a\000t\000i\000o\000n}{subsection.7.102}% 448
\BOOKMARK [2][-]{subsection.7.103}{\376\377\0007\000.\0001\0000\0003\000\040\000D\000D\000S\000D\000a\000t\000a\000W\000r\000i\000t\000e\000r\000\040\000C\000l\000a\000s\000s\000\040\000R\000e\000f\000e\000r\000e\000n\000c\000e}{section.7}% 449
\BOOKMARK [3][-]{subsubsection.7.103.1}{\376\377\0007\000.\0001\0000\0003\000.\0001\000\040\000D\000e\000t\000a\000i\000l\000e\000d\000\040\000D\000e\000s\000c\000r\000i\000p\000t\000i\000o\000n}{subsection.7.103}% 450
\BOOKMARK [3][-]{subsubsection.7.103.2}{\376\377\0007\000.\0001\0000\0003\000.\0002\000\040\000M\000e\000m\000b\000e\000r\000\040\000F\000u\000n\000c\000t\000i\000o\000n\000\040\000D\000o\000c\000u\000m\000e\000n\000t\000a\000t\000i\000o\000n}{subsection.7.103}% 451
\BOOKMARK [2][-]{subsection.7.104}{\376\377\0007\000.\0001\0000\0004\000\040\000D\000D\000S\000D\000a\000t\000a\000W\000r\000i\000t\000e\000r\000L\000i\000s\000t\000e\000n\000e\000r\000\040\000C\000l\000a\000s\000s\000\040\000R\000e\000f\000e\000r\000e\000n\000c\000e}{section.7}% 452
\BOOKMARK [3][-]{subsubsection.7.104.1}{\376\377\0007\000.\0001\0000\0004\000.\0001\000\040\000D\000e\000t\000a\000i\000l\000e\000d\000\040\000D\000e\000s\000c\000r\000i\000p\000t\000i\000o\000n}{subsection.7.104}% 453
\BOOKMARK [3][-]{subsubsection.7.104.2}{\376\377\0007\000.\0001\0000\0004\000.\0002\000\040\000M\000e\000m\000b\000e\000r\000\040\000F\000u\000n\000c\000t\000i\000o\000n\000\040\000D\000o\000c\000u\000m\000e\000n\000t\000a\000t\000i\000o\000n}{subsection.7.104}% 454
\BOOKMARK [2][-]{subsection.7.105}{\376\377\0007\000.\0001\0000\0005\000\040\000D\000D\000S\000D\000o\000m\000a\000i\000n\000E\000n\000t\000i\000t\000y\000\040\000C\000l\000a\000s\000s\000\040\000R\000e\000f\000e\000r\000e\000n\000c\000e}{section.7}% 455
\BOOKMARK [3][-]{subsubsection.7.105.1}{\376\377\0007\000.\0001\0000\0005\000.\0001\000\040\000D\000e\000t\000a\000i\000l\000e\000d\000\040\000D\000e\000s\000c\000r\000i\000p\000t\000i\000o\000n}{subsection.7.105}% 456
\BOOKMARK [2][-]{subsection.7.106}{\376\377\0007\000.\0001\0000\0006\000\040\000D\000D\000S\000D\000o\000m\000a\000i\000n\000P\000a\000r\000t\000i\000c\000i\000p\000a\000n\000t\000\040\000C\000l\000a\000s\000s\000\040\000R\000e\000f\000e\000r\000e\000n\000c\000e}{section.7}% 457
\BOOKMARK [3][-]{subsubsection.7.106.1}{\376\377\0007\000.\0001\0000\0006\000.\0001\000\040\000D\000e\000t\000a\000i\000l\000e\000d\000\040\000D\000e\000s\000c\000r\000i\000p\000t\000i\000o\000n}{subsection.7.106}% 458
\BOOKMARK [3][-]{subsubsection.7.106.2}{\376\377\0007\000.\0001\0000\0006\000.\0002\000\040\000M\000e\000m\000b\000e\000r\000\040\000F\000u\000n\000c\000t\000i\000o\000n\000\040\000D\000o\000c\000u\000m\000e\000n\000t\000a\000t\000i\000o\000n}{subsection.7.106}% 459
\BOOKMARK [2][-]{subsection.7.107}{\376\377\0007\000.\0001\0000\0007\000\040\000D\000D\000S\000D\000o\000m\000a\000i\000n\000P\000a\000r\000t\000i\000c\000i\000p\000a\000n\000t\000F\000a\000c\000t\000o\000r\000y\000\040\000C\000l\000a\000s\000s\000\040\000R\000e\000f\000e\000r\000e\000n\000c\000e}{section.7}% 460
\BOOKMARK [3][-]{subsubsection.7.107.1}{\376\377\0007\000.\0001\0000\0007\000.\0001\000\040\000D\000e\000t\000a\000i\000l\000e\000d\000\040\000D\000e\000s\000c\000r\000i\000p\000t\000i\000o\000n}{subsection.7.107}% 461
\BOOKMARK [3][-]{subsubsection.7.107.2}{\376\377\0007\000.\0001\0000\0007\000.\0002\000\040\000M\000e\000m\000b\000e\000r\000\040\000F\000u\000n\000c\000t\000i\000o\000n\000\040\000D\000o\000c\000u\000m\000e\000n\000t\000a\000t\000i\000o\000n}{subsection.7.107}% 462
\BOOKMARK [2][-]{subsection.7.108}{\376\377\0007\000.\0001\0000\0008\000\040\000D\000D\000S\000D\000o\000m\000a\000i\000n\000P\000a\000r\000t\000i\000c\000i\000p\000a\000n\000t\000L\000i\000s\000t\000e\000n\000e\000r\000\040\000C\000l\000a\000s\000s\000\040\000R\000e\000f\000e\000r\000e\000n\000c\000e}{section.7}% 463
\BOOKMARK [3][-]{subsubsection.7.108.1}{\376\377\0007\000.\0001\0000\0008\000.\0001\000\040\000D\000e\000t\000a\000i\000l\000e\000d\000\040\000D\000e\000s\000c\000r\000i\000p\000t\000i\000o\000n}{subsection.7.108}% 464
\BOOKMARK [3][-]{subsubsection.7.108.2}{\376\377\0007\000.\0001\0000\0008\000.\0002\000\040\000M\000e\000m\000b\000e\000r\000\040\000F\000u\000n\000c\000t\000i\000o\000n\000\040\000D\000o\000c\000u\000m\000e\000n\000t\000a\000t\000i\000o\000n}{subsection.7.108}% 465
\BOOKMARK [2][-]{subsection.7.109}{\376\377\0007\000.\0001\0000\0009\000\040\000D\000D\000S\000E\000n\000t\000i\000t\000y\000\040\000C\000l\000a\000s\000s\000\040\000R\000e\000f\000e\000r\000e\000n\000c\000e}{section.7}% 466
\BOOKMARK [3][-]{subsubsection.7.109.1}{\376\377\0007\000.\0001\0000\0009\000.\0001\000\040\000D\000e\000t\000a\000i\000l\000e\000d\000\040\000D\000e\000s\000c\000r\000i\000p\000t\000i\000o\000n}{subsection.7.109}% 467
\BOOKMARK [3][-]{subsubsection.7.109.2}{\376\377\0007\000.\0001\0000\0009\000.\0002\000\040\000A\000b\000s\000t\000r\000a\000c\000t\000\040\000o\000p\000e\000r\000a\000t\000i\000o\000n\000s}{subsection.7.109}% 468
\BOOKMARK [3][-]{subsubsection.7.109.3}{\376\377\0007\000.\0001\0000\0009\000.\0003\000\040\000M\000e\000m\000b\000e\000r\000\040\000F\000u\000n\000c\000t\000i\000o\000n\000\040\000D\000o\000c\000u\000m\000e\000n\000t\000a\000t\000i\000o\000n}{subsection.7.109}% 469
\BOOKMARK [2][-]{subsection.7.110}{\376\377\0007\000.\0001\0001\0000\000\040\000D\000D\000S\000F\000l\000o\000w\000C\000o\000n\000t\000r\000o\000l\000l\000e\000r\000\040\000C\000l\000a\000s\000s\000\040\000R\000e\000f\000e\000r\000e\000n\000c\000e}{section.7}% 470
\BOOKMARK [3][-]{subsubsection.7.110.1}{\376\377\0007\000.\0001\0001\0000\000.\0001\000\040\000D\000e\000t\000a\000i\000l\000e\000d\000\040\000D\000e\000s\000c\000r\000i\000p\000t\000i\000o\000n}{subsection.7.110}% 471
\BOOKMARK [3][-]{subsubsection.7.110.2}{\376\377\0007\000.\0001\0001\0000\000.\0002\000\040\000M\000e\000m\000b\000e\000r\000\040\000F\000u\000n\000c\000t\000i\000o\000n\000\040\000D\000o\000c\000u\000m\000e\000n\000t\000a\000t\000i\000o\000n}{subsection.7.110}% 472
\BOOKMARK [2][-]{subsection.7.111}{\376\377\0007\000.\0001\0001\0001\000\040\000D\000D\000S\000G\000u\000a\000r\000d\000C\000o\000n\000d\000i\000t\000i\000o\000n\000\040\000C\000l\000a\000s\000s\000\040\000R\000e\000f\000e\000r\000e\000n\000c\000e}{section.7}% 473
\BOOKMARK [3][-]{subsubsection.7.111.1}{\376\377\0007\000.\0001\0001\0001\000.\0001\000\040\000D\000e\000t\000a\000i\000l\000e\000d\000\040\000D\000e\000s\000c\000r\000i\000p\000t\000i\000o\000n}{subsection.7.111}% 474
\BOOKMARK [3][-]{subsubsection.7.111.2}{\376\377\0007\000.\0001\0001\0001\000.\0002\000\040\000M\000e\000m\000b\000e\000r\000\040\000F\000u\000n\000c\000t\000i\000o\000n\000\040\000D\000o\000c\000u\000m\000e\000n\000t\000a\000t\000i\000o\000n}{subsection.7.111}% 475
\BOOKMARK [2][-]{subsection.7.112}{\376\377\0007\000.\0001\0001\0002\000\040\000D\000D\000S\000L\000i\000s\000t\000e\000n\000e\000r\000\040\000C\000l\000a\000s\000s\000\040\000R\000e\000f\000e\000r\000e\000n\000c\000e}{section.7}% 476
\BOOKMARK [3][-]{subsubsection.7.112.1}{\376\377\0007\000.\0001\0001\0002\000.\0001\000\040\000D\000e\000t\000a\000i\000l\000e\000d\000\040\000D\000e\000s\000c\000r\000i\000p\000t\000i\000o\000n}{subsection.7.112}% 477
\BOOKMARK [3][-]{subsubsection.7.112.2}{\376\377\0007\000.\0001\0001\0002\000.\0002\000\040\000A\000c\000c\000e\000s\000s\000\040\000t\000o\000\040\000P\000l\000a\000i\000n\000\040\000C\000o\000m\000m\000u\000n\000i\000c\000a\000t\000i\000o\000n\000\040\000S\000t\000a\000t\000u\000s}{subsection.7.112}% 478
\BOOKMARK [3][-]{subsubsection.7.112.3}{\376\377\0007\000.\0001\0001\0002\000.\0003\000\040\000A\000c\000c\000e\000s\000s\000\040\000t\000o\000\040\000R\000e\000a\000d\000\040\000C\000o\000m\000m\000u\000n\000i\000c\000a\000t\000i\000o\000n\000\040\000S\000t\000a\000t\000u\000s}{subsection.7.112}% 479
\BOOKMARK [2][-]{subsection.7.113}{\376\377\0007\000.\0001\0001\0003\000\040\000D\000D\000S\000P\000r\000o\000p\000e\000r\000t\000y\000Q\000o\000s\000P\000o\000l\000i\000c\000y\000H\000e\000l\000p\000e\000r\000\040\000C\000l\000a\000s\000s\000\040\000R\000e\000f\000e\000r\000e\000n\000c\000e}{section.7}% 480
\BOOKMARK [3][-]{subsubsection.7.113.1}{\376\377\0007\000.\0001\0001\0003\000.\0001\000\040\000D\000e\000t\000a\000i\000l\000e\000d\000\040\000D\000e\000s\000c\000r\000i\000p\000t\000i\000o\000n}{subsection.7.113}% 481
\BOOKMARK [3][-]{subsubsection.7.113.2}{\376\377\0007\000.\0001\0001\0003\000.\0002\000\040\000M\000e\000m\000b\000e\000r\000\040\000F\000u\000n\000c\000t\000i\000o\000n\000\040\000D\000o\000c\000u\000m\000e\000n\000t\000a\000t\000i\000o\000n}{subsection.7.113}% 482
\BOOKMARK [2][-]{subsection.7.114}{\376\377\0007\000.\0001\0001\0004\000\040\000D\000D\000S\000P\000u\000b\000l\000i\000s\000h\000e\000r\000\040\000C\000l\000a\000s\000s\000\040\000R\000e\000f\000e\000r\000e\000n\000c\000e}{section.7}% 483
\BOOKMARK [3][-]{subsubsection.7.114.1}{\376\377\0007\000.\0001\0001\0004\000.\0001\000\040\000D\000e\000t\000a\000i\000l\000e\000d\000\040\000D\000e\000s\000c\000r\000i\000p\000t\000i\000o\000n}{subsection.7.114}% 484
\BOOKMARK [3][-]{subsubsection.7.114.2}{\376\377\0007\000.\0001\0001\0004\000.\0002\000\040\000M\000e\000m\000b\000e\000r\000\040\000F\000u\000n\000c\000t\000i\000o\000n\000\040\000D\000o\000c\000u\000m\000e\000n\000t\000a\000t\000i\000o\000n}{subsection.7.114}% 485
\BOOKMARK [2][-]{subsection.7.115}{\376\377\0007\000.\0001\0001\0005\000\040\000D\000D\000S\000P\000u\000b\000l\000i\000s\000h\000e\000r\000L\000i\000s\000t\000e\000n\000e\000r\000\040\000C\000l\000a\000s\000s\000\040\000R\000e\000f\000e\000r\000e\000n\000c\000e}{section.7}% 486
\BOOKMARK [3][-]{subsubsection.7.115.1}{\376\377\0007\000.\0001\0001\0005\000.\0001\000\040\000D\000e\000t\000a\000i\000l\000e\000d\000\040\000D\000e\000s\000c\000r\000i\000p\000t\000i\000o\000n}{subsection.7.115}% 487
\BOOKMARK [2][-]{subsection.7.116}{\376\377\0007\000.\0001\0001\0006\000\040\000D\000D\000S\000S\000t\000a\000t\000u\000s\000C\000o\000n\000d\000i\000t\000i\000o\000n\000\040\000C\000l\000a\000s\000s\000\040\000R\000e\000f\000e\000r\000e\000n\000c\000e}{section.7}% 488
\BOOKMARK [3][-]{subsubsection.7.116.1}{\376\377\0007\000.\0001\0001\0006\000.\0001\000\040\000D\000e\000t\000a\000i\000l\000e\000d\000\040\000D\000e\000s\000c\000r\000i\000p\000t\000i\000o\000n}{subsection.7.116}% 489
\BOOKMARK [3][-]{subsubsection.7.116.2}{\376\377\0007\000.\0001\0001\0006\000.\0002\000\040\000M\000e\000m\000b\000e\000r\000\040\000F\000u\000n\000c\000t\000i\000o\000n\000\040\000D\000o\000c\000u\000m\000e\000n\000t\000a\000t\000i\000o\000n}{subsection.7.116}% 490
\BOOKMARK [2][-]{subsection.7.117}{\376\377\0007\000.\0001\0001\0007\000\040\000D\000D\000S\000S\000u\000b\000s\000c\000r\000i\000b\000e\000r\000\040\000C\000l\000a\000s\000s\000\040\000R\000e\000f\000e\000r\000e\000n\000c\000e}{section.7}% 491
\BOOKMARK [3][-]{subsubsection.7.117.1}{\376\377\0007\000.\0001\0001\0007\000.\0001\000\040\000D\000e\000t\000a\000i\000l\000e\000d\000\040\000D\000e\000s\000c\000r\000i\000p\000t\000i\000o\000n}{subsection.7.117}% 492
\BOOKMARK [3][-]{subsubsection.7.117.2}{\376\377\0007\000.\0001\0001\0007\000.\0002\000\040\000M\000e\000m\000b\000e\000r\000\040\000F\000u\000n\000c\000t\000i\000o\000n\000\040\000D\000o\000c\000u\000m\000e\000n\000t\000a\000t\000i\000o\000n}{subsection.7.117}% 493
\BOOKMARK [2][-]{subsection.7.118}{\376\377\0007\000.\0001\0001\0008\000\040\000D\000D\000S\000S\000u\000b\000s\000c\000r\000i\000b\000e\000r\000L\000i\000s\000t\000e\000n\000e\000r\000\040\000C\000l\000a\000s\000s\000\040\000R\000e\000f\000e\000r\000e\000n\000c\000e}{section.7}% 494
\BOOKMARK [3][-]{subsubsection.7.118.1}{\376\377\0007\000.\0001\0001\0008\000.\0001\000\040\000D\000e\000t\000a\000i\000l\000e\000d\000\040\000D\000e\000s\000c\000r\000i\000p\000t\000i\000o\000n}{subsection.7.118}% 495
\BOOKMARK [3][-]{subsubsection.7.118.2}{\376\377\0007\000.\0001\0001\0008\000.\0002\000\040\000M\000e\000m\000b\000e\000r\000\040\000F\000u\000n\000c\000t\000i\000o\000n\000\040\000D\000o\000c\000u\000m\000e\000n\000t\000a\000t\000i\000o\000n}{subsection.7.118}% 496
\BOOKMARK [2][-]{subsection.7.119}{\376\377\0007\000.\0001\0001\0009\000\040\000D\000D\000S\000T\000o\000p\000i\000c\000\040\000C\000l\000a\000s\000s\000\040\000R\000e\000f\000e\000r\000e\000n\000c\000e}{section.7}% 497
\BOOKMARK [3][-]{subsubsection.7.119.1}{\376\377\0007\000.\0001\0001\0009\000.\0001\000\040\000D\000e\000t\000a\000i\000l\000e\000d\000\040\000D\000e\000s\000c\000r\000i\000p\000t\000i\000o\000n}{subsection.7.119}% 498
\BOOKMARK [3][-]{subsubsection.7.119.2}{\376\377\0007\000.\0001\0001\0009\000.\0002\000\040\000M\000e\000m\000b\000e\000r\000\040\000F\000u\000n\000c\000t\000i\000o\000n\000\040\000D\000o\000c\000u\000m\000e\000n\000t\000a\000t\000i\000o\000n}{subsection.7.119}% 499
\BOOKMARK [2][-]{subsection.7.120}{\376\377\0007\000.\0001\0002\0000\000\040\000D\000D\000S\000T\000o\000p\000i\000c\000D\000e\000s\000c\000r\000i\000p\000t\000i\000o\000n\000\040\000C\000l\000a\000s\000s\000\040\000R\000e\000f\000e\000r\000e\000n\000c\000e}{section.7}% 500
\BOOKMARK [3][-]{subsubsection.7.120.1}{\376\377\0007\000.\0001\0002\0000\000.\0001\000\040\000D\000e\000t\000a\000i\000l\000e\000d\000\040\000D\000e\000s\000c\000r\000i\000p\000t\000i\000o\000n}{subsection.7.120}% 501
\BOOKMARK [3][-]{subsubsection.7.120.2}{\376\377\0007\000.\0001\0002\0000\000.\0002\000\040\000M\000e\000m\000b\000e\000r\000\040\000F\000u\000n\000c\000t\000i\000o\000n\000\040\000D\000o\000c\000u\000m\000e\000n\000t\000a\000t\000i\000o\000n}{subsection.7.120}% 502
\BOOKMARK [2][-]{subsection.7.121}{\376\377\0007\000.\0001\0002\0001\000\040\000D\000D\000S\000T\000o\000p\000i\000c\000L\000i\000s\000t\000e\000n\000e\000r\000\040\000C\000l\000a\000s\000s\000\040\000R\000e\000f\000e\000r\000e\000n\000c\000e}{section.7}% 503
\BOOKMARK [3][-]{subsubsection.7.121.1}{\376\377\0007\000.\0001\0002\0001\000.\0001\000\040\000D\000e\000t\000a\000i\000l\000e\000d\000\040\000D\000e\000s\000c\000r\000i\000p\000t\000i\000o\000n}{subsection.7.121}% 504
\BOOKMARK [3][-]{subsubsection.7.121.2}{\376\377\0007\000.\0001\0002\0001\000.\0002\000\040\000M\000e\000m\000b\000e\000r\000\040\000F\000u\000n\000c\000t\000i\000o\000n\000\040\000D\000o\000c\000u\000m\000e\000n\000t\000a\000t\000i\000o\000n}{subsection.7.121}% 505
\BOOKMARK [2][-]{subsection.7.122}{\376\377\0007\000.\0001\0002\0002\000\040\000D\000D\000S\000W\000a\000i\000t\000S\000e\000t\000\040\000C\000l\000a\000s\000s\000\040\000R\000e\000f\000e\000r\000e\000n\000c\000e}{section.7}% 506
\BOOKMARK [3][-]{subsubsection.7.122.1}{\376\377\0007\000.\0001\0002\0002\000.\0001\000\040\000D\000e\000t\000a\000i\000l\000e\000d\000\040\000D\000e\000s\000c\000r\000i\000p\000t\000i\000o\000n}{subsection.7.122}% 507
\BOOKMARK [3][-]{subsubsection.7.122.2}{\376\377\0007\000.\0001\0002\0002\000.\0002\000\040\000U\000s\000a\000g\000e}{subsection.7.122}% 508
\BOOKMARK [3][-]{subsubsection.7.122.3}{\376\377\0007\000.\0001\0002\0002\000.\0003\000\040\000T\000r\000i\000g\000g\000e\000r\000\040\000S\000t\000a\000t\000e\000\040\000o\000f\000\040\000a\000\040\000:\000:\000D\000D\000S\000S\000t\000a\000t\000u\000s\000C\000o\000n\000d\000i\000t\000i\000o\000n}{subsection.7.122}% 509
\BOOKMARK [3][-]{subsubsection.7.122.4}{\376\377\0007\000.\0001\0002\0002\000.\0004\000\040\000T\000r\000i\000g\000g\000e\000r\000\040\000S\000t\000a\000t\000e\000\040\000o\000f\000\040\000a\000\040\000:\000:\000D\000D\000S\000G\000u\000a\000r\000d\000C\000o\000n\000d\000i\000t\000i\000o\000n}{subsection.7.122}% 510
\BOOKMARK [3][-]{subsubsection.7.122.5}{\376\377\0007\000.\0001\0002\0002\000.\0005\000\040\000M\000e\000m\000b\000e\000r\000\040\000F\000u\000n\000c\000t\000i\000o\000n\000\040\000D\000o\000c\000u\000m\000e\000n\000t\000a\000t\000i\000o\000n}{subsection.7.122}% 511
\BOOKMARK [2][-]{subsection.7.123}{\376\377\0007\000.\0001\0002\0003\000\040\000D\000P\000D\000E\000\137\000D\000i\000s\000c\000o\000v\000e\000r\000y\000P\000l\000u\000g\000i\000n\000P\000r\000o\000p\000e\000r\000t\000y\000\040\000S\000t\000r\000u\000c\000t\000\040\000R\000e\000f\000e\000r\000e\000n\000c\000e}{section.7}% 512
\BOOKMARK [3][-]{subsubsection.7.123.1}{\376\377\0007\000.\0001\0002\0003\000.\0001\000\040\000D\000e\000t\000a\000i\000l\000e\000d\000\040\000D\000e\000s\000c\000r\000i\000p\000t\000i\000o\000n}{subsection.7.123}% 513
\BOOKMARK [3][-]{subsubsection.7.123.2}{\376\377\0007\000.\0001\0002\0003\000.\0002\000\040\000M\000e\000m\000b\000e\000r\000\040\000D\000a\000t\000a\000\040\000D\000o\000c\000u\000m\000e\000n\000t\000a\000t\000i\000o\000n}{subsection.7.123}% 514
\BOOKMARK [2][-]{subsection.7.124}{\376\377\0007\000.\0001\0002\0004\000\040\000D\000P\000D\000E\000D\000i\000s\000c\000o\000v\000e\000r\000y\000F\000a\000c\000t\000o\000r\000y\000\040\000C\000l\000a\000s\000s\000\040\000R\000e\000f\000e\000r\000e\000n\000c\000e}{section.7}% 515
\BOOKMARK [3][-]{subsubsection.7.124.1}{\376\377\0007\000.\0001\0002\0004\000.\0001\000\040\000D\000e\000t\000a\000i\000l\000e\000d\000\040\000D\000e\000s\000c\000r\000i\000p\000t\000i\000o\000n}{subsection.7.124}% 516
\BOOKMARK [3][-]{subsubsection.7.124.2}{\376\377\0007\000.\0001\0002\0004\000.\0002\000\040\000M\000e\000m\000b\000e\000r\000\040\000F\000u\000n\000c\000t\000i\000o\000n\000\040\000D\000o\000c\000u\000m\000e\000n\000t\000a\000t\000i\000o\000n}{subsection.7.124}% 517
\BOOKMARK [2][-]{subsection.7.125}{\376\377\0007\000.\0001\0002\0005\000\040\000D\000P\000S\000E\000\137\000D\000i\000s\000c\000o\000v\000e\000r\000y\000P\000l\000u\000g\000i\000n\000P\000r\000o\000p\000e\000r\000t\000y\000\040\000S\000t\000r\000u\000c\000t\000\040\000R\000e\000f\000e\000r\000e\000n\000c\000e}{section.7}% 518
\BOOKMARK [3][-]{subsubsection.7.125.1}{\376\377\0007\000.\0001\0002\0005\000.\0001\000\040\000D\000e\000t\000a\000i\000l\000e\000d\000\040\000D\000e\000s\000c\000r\000i\000p\000t\000i\000o\000n}{subsection.7.125}% 519
\BOOKMARK [3][-]{subsubsection.7.125.2}{\376\377\0007\000.\0001\0002\0005\000.\0002\000\040\000M\000e\000m\000b\000e\000r\000\040\000D\000a\000t\000a\000\040\000D\000o\000c\000u\000m\000e\000n\000t\000a\000t\000i\000o\000n}{subsection.7.125}% 520
\BOOKMARK [2][-]{subsection.7.126}{\376\377\0007\000.\0001\0002\0006\000\040\000D\000P\000S\000E\000D\000i\000s\000c\000o\000v\000e\000r\000y\000F\000a\000c\000t\000o\000r\000y\000\040\000C\000l\000a\000s\000s\000\040\000R\000e\000f\000e\000r\000e\000n\000c\000e}{section.7}% 521
\BOOKMARK [3][-]{subsubsection.7.126.1}{\376\377\0007\000.\0001\0002\0006\000.\0001\000\040\000D\000e\000t\000a\000i\000l\000e\000d\000\040\000D\000e\000s\000c\000r\000i\000p\000t\000i\000o\000n}{subsection.7.126}% 522
\BOOKMARK [3][-]{subsubsection.7.126.2}{\376\377\0007\000.\0001\0002\0006\000.\0002\000\040\000M\000e\000m\000b\000e\000r\000\040\000F\000u\000n\000c\000t\000i\000o\000n\000\040\000D\000o\000c\000u\000m\000e\000n\000t\000a\000t\000i\000o\000n}{subsection.7.126}% 523
\BOOKMARK [2][-]{subsection.7.127}{\376\377\0007\000.\0001\0002\0007\000\040\000D\000P\000S\000E\000D\000i\000s\000c\000o\000v\000e\000r\000y\000P\000l\000u\000g\000i\000n\000\040\000C\000l\000a\000s\000s\000\040\000R\000e\000f\000e\000r\000e\000n\000c\000e}{section.7}% 524
\BOOKMARK [3][-]{subsubsection.7.127.1}{\376\377\0007\000.\0001\0002\0007\000.\0001\000\040\000D\000e\000t\000a\000i\000l\000e\000d\000\040\000D\000e\000s\000c\000r\000i\000p\000t\000i\000o\000n}{subsection.7.127}% 525
\BOOKMARK [3][-]{subsubsection.7.127.2}{\376\377\0007\000.\0001\0002\0007\000.\0002\000\040\000M\000e\000m\000b\000e\000r\000\040\000F\000u\000n\000c\000t\000i\000o\000n\000\040\000D\000o\000c\000u\000m\000e\000n\000t\000a\000t\000i\000o\000n}{subsection.7.127}% 526
\BOOKMARK [2][-]{subsection.7.128}{\376\377\0007\000.\0001\0002\0008\000\040\000F\000o\000o\000D\000a\000t\000a\000R\000e\000a\000d\000e\000r\000\040\000C\000l\000a\000s\000s\000\040\000R\000e\000f\000e\000r\000e\000n\000c\000e}{section.7}% 527
\BOOKMARK [3][-]{subsubsection.7.128.1}{\376\377\0007\000.\0001\0002\0008\000.\0001\000\040\000D\000e\000t\000a\000i\000l\000e\000d\000\040\000D\000e\000s\000c\000r\000i\000p\000t\000i\000o\000n}{subsection.7.128}% 528
\BOOKMARK [3][-]{subsubsection.7.128.2}{\376\377\0007\000.\0001\0002\0008\000.\0002\000\040\000M\000e\000m\000b\000e\000r\000\040\000F\000u\000n\000c\000t\000i\000o\000n\000\040\000D\000o\000c\000u\000m\000e\000n\000t\000a\000t\000i\000o\000n}{subsection.7.128}% 529
\BOOKMARK [3][-]{subsubsection.7.128.3}{\376\377\0007\000.\0001\0002\0008\000.\0003\000\040\000S\000E\000Q\000U\000E\000N\000C\000E\000S\000\040\000U\000S\000A\000G\000E\000\040\000I\000N\000\040\000T\000A\000K\000E\000\040\000A\000N\000D\000\040\000R\000E\000A\000D}{subsection.7.128}% 530
\BOOKMARK [2][-]{subsection.7.129}{\376\377\0007\000.\0001\0002\0009\000\040\000F\000o\000o\000D\000a\000t\000a\000W\000r\000i\000t\000e\000r\000\040\000C\000l\000a\000s\000s\000\040\000R\000e\000f\000e\000r\000e\000n\000c\000e}{section.7}% 531
\BOOKMARK [3][-]{subsubsection.7.129.1}{\376\377\0007\000.\0001\0002\0009\000.\0001\000\040\000D\000e\000t\000a\000i\000l\000e\000d\000\040\000D\000e\000s\000c\000r\000i\000p\000t\000i\000o\000n}{subsection.7.129}% 532
\BOOKMARK [3][-]{subsubsection.7.129.2}{\376\377\0007\000.\0001\0002\0009\000.\0002\000\040\000M\000e\000m\000b\000e\000r\000\040\000F\000u\000n\000c\000t\000i\000o\000n\000\040\000D\000o\000c\000u\000m\000e\000n\000t\000a\000t\000i\000o\000n}{subsection.7.129}% 533
\BOOKMARK [2][-]{subsection.7.130}{\376\377\0007\000.\0001\0003\0000\000\040\000F\000o\000o\000S\000e\000q\000\040\000S\000t\000r\000u\000c\000t\000\040\000R\000e\000f\000e\000r\000e\000n\000c\000e}{section.7}% 534
\BOOKMARK [3][-]{subsubsection.7.130.1}{\376\377\0007\000.\0001\0003\0000\000.\0001\000\040\000D\000e\000t\000a\000i\000l\000e\000d\000\040\000D\000e\000s\000c\000r\000i\000p\000t\000i\000o\000n}{subsection.7.130}% 535
\BOOKMARK [3][-]{subsubsection.7.130.2}{\376\377\0007\000.\0001\0003\0000\000.\0002\000\040\000C\000o\000n\000s\000t\000r\000u\000c\000t\000o\000r\000\040\000\046\000\040\000D\000e\000s\000t\000r\000u\000c\000t\000o\000r\000\040\000D\000o\000c\000u\000m\000e\000n\000t\000a\000t\000i\000o\000n}{subsection.7.130}% 536
\BOOKMARK [3][-]{subsubsection.7.130.3}{\376\377\0007\000.\0001\0003\0000\000.\0003\000\040\000M\000e\000m\000b\000e\000r\000\040\000F\000u\000n\000c\000t\000i\000o\000n\000\040\000D\000o\000c\000u\000m\000e\000n\000t\000a\000t\000i\000o\000n}{subsection.7.130}% 537
\BOOKMARK [3][-]{subsubsection.7.130.4}{\376\377\0007\000.\0001\0003\0000\000.\0004\000\040\000M\000e\000m\000b\000e\000r\000\040\000D\000a\000t\000a\000\040\000D\000o\000c\000u\000m\000e\000n\000t\000a\000t\000i\000o\000n}{subsection.7.130}% 538
\BOOKMARK [2][-]{subsection.7.131}{\376\377\0007\000.\0001\0003\0001\000\040\000F\000o\000o\000T\000y\000p\000e\000S\000u\000p\000p\000o\000r\000t\000\040\000C\000l\000a\000s\000s\000\040\000R\000e\000f\000e\000r\000e\000n\000c\000e}{section.7}% 539
\BOOKMARK [3][-]{subsubsection.7.131.1}{\376\377\0007\000.\0001\0003\0001\000.\0001\000\040\000D\000e\000t\000a\000i\000l\000e\000d\000\040\000D\000e\000s\000c\000r\000i\000p\000t\000i\000o\000n}{subsection.7.131}% 540
\BOOKMARK [3][-]{subsubsection.7.131.2}{\376\377\0007\000.\0001\0003\0001\000.\0002\000\040\000M\000e\000m\000b\000e\000r\000\040\000F\000u\000n\000c\000t\000i\000o\000n\000\040\000D\000o\000c\000u\000m\000e\000n\000t\000a\000t\000i\000o\000n}{subsection.7.131}% 541
\BOOKMARK [2][-]{subsection.7.132}{\376\377\0007\000.\0001\0003\0002\000\040\000N\000D\000D\000S\000\137\000D\000i\000s\000c\000o\000v\000e\000r\000y\000\137\000P\000r\000o\000p\000e\000r\000t\000y\000\040\000S\000t\000r\000u\000c\000t\000\040\000R\000e\000f\000e\000r\000e\000n\000c\000e}{section.7}% 542
\BOOKMARK [3][-]{subsubsection.7.132.1}{\376\377\0007\000.\0001\0003\0002\000.\0001\000\040\000D\000e\000t\000a\000i\000l\000e\000d\000\040\000D\000e\000s\000c\000r\000i\000p\000t\000i\000o\000n}{subsection.7.132}% 543
\BOOKMARK [2][-]{subsection.7.133}{\376\377\0007\000.\0001\0003\0003\000\040\000N\000D\000D\000S\000\137\000T\000y\000p\000e\000\137\000P\000l\000u\000g\000i\000n\000V\000e\000r\000s\000i\000o\000n\000\040\000S\000t\000r\000u\000c\000t\000\040\000R\000e\000f\000e\000r\000e\000n\000c\000e}{section.7}% 544
\BOOKMARK [3][-]{subsubsection.7.133.1}{\376\377\0007\000.\0001\0003\0003\000.\0001\000\040\000D\000e\000t\000a\000i\000l\000e\000d\000\040\000D\000e\000s\000c\000r\000i\000p\000t\000i\000o\000n}{subsection.7.133}% 545
\BOOKMARK [3][-]{subsubsection.7.133.2}{\376\377\0007\000.\0001\0003\0003\000.\0002\000\040\000M\000e\000m\000b\000e\000r\000\040\000D\000a\000t\000a\000\040\000D\000o\000c\000u\000m\000e\000n\000t\000a\000t\000i\000o\000n}{subsection.7.133}% 546
\BOOKMARK [2][-]{subsection.7.134}{\376\377\0007\000.\0001\0003\0004\000\040\000N\000E\000T\000I\000O\000\137\000A\000d\000d\000r\000e\000s\000s\000\040\000S\000t\000r\000u\000c\000t\000\040\000R\000e\000f\000e\000r\000e\000n\000c\000e}{section.7}% 547
\BOOKMARK [3][-]{subsubsection.7.134.1}{\376\377\0007\000.\0001\0003\0004\000.\0001\000\040\000D\000e\000t\000a\000i\000l\000e\000d\000\040\000D\000e\000s\000c\000r\000i\000p\000t\000i\000o\000n}{subsection.7.134}% 548
\BOOKMARK [3][-]{subsubsection.7.134.2}{\376\377\0007\000.\0001\0003\0004\000.\0002\000\040\000M\000e\000m\000b\000e\000r\000\040\000D\000a\000t\000a\000\040\000D\000o\000c\000u\000m\000e\000n\000t\000a\000t\000i\000o\000n}{subsection.7.134}% 549
\BOOKMARK [2][-]{subsection.7.135}{\376\377\0007\000.\0001\0003\0005\000\040\000N\000E\000T\000I\000O\000\137\000A\000d\000d\000r\000e\000s\000s\000E\000x\000\040\000S\000t\000r\000u\000c\000t\000\040\000R\000e\000f\000e\000r\000e\000n\000c\000e}{section.7}% 550
\BOOKMARK [3][-]{subsubsection.7.135.1}{\376\377\0007\000.\0001\0003\0005\000.\0001\000\040\000D\000e\000t\000a\000i\000l\000e\000d\000\040\000D\000e\000s\000c\000r\000i\000p\000t\000i\000o\000n}{subsection.7.135}% 551
\BOOKMARK [3][-]{subsubsection.7.135.2}{\376\377\0007\000.\0001\0003\0005\000.\0002\000\040\000M\000e\000m\000b\000e\000r\000\040\000D\000a\000t\000a\000\040\000D\000o\000c\000u\000m\000e\000n\000t\000a\000t\000i\000o\000n}{subsection.7.135}% 552
\BOOKMARK [2][-]{subsection.7.136}{\376\377\0007\000.\0001\0003\0006\000\040\000N\000E\000T\000I\000O\000\137\000A\000d\000d\000r\000e\000s\000s\000S\000e\000q\000\040\000S\000t\000r\000u\000c\000t\000\040\000R\000e\000f\000e\000r\000e\000n\000c\000e}{section.7}% 553
\BOOKMARK [3][-]{subsubsection.7.136.1}{\376\377\0007\000.\0001\0003\0006\000.\0001\000\040\000D\000e\000t\000a\000i\000l\000e\000d\000\040\000D\000e\000s\000c\000r\000i\000p\000t\000i\000o\000n}{subsection.7.136}% 554
\BOOKMARK [2][-]{subsection.7.137}{\376\377\0007\000.\0001\0003\0007\000\040\000N\000E\000T\000I\000O\000\137\000A\000d\000d\000r\000e\000s\000s\000U\000I\000n\000t\0003\0002\000\040\000S\000t\000r\000u\000c\000t\000\040\000R\000e\000f\000e\000r\000e\000n\000c\000e}{section.7}% 555
\BOOKMARK [3][-]{subsubsection.7.137.1}{\376\377\0007\000.\0001\0003\0007\000.\0001\000\040\000D\000e\000t\000a\000i\000l\000e\000d\000\040\000D\000e\000s\000c\000r\000i\000p\000t\000i\000o\000n}{subsection.7.137}% 556
\BOOKMARK [3][-]{subsubsection.7.137.2}{\376\377\0007\000.\0001\0003\0007\000.\0002\000\040\000M\000e\000m\000b\000e\000r\000\040\000D\000a\000t\000a\000\040\000D\000o\000c\000u\000m\000e\000n\000t\000a\000t\000i\000o\000n}{subsection.7.137}% 557
\BOOKMARK [2][-]{subsection.7.138}{\376\377\0007\000.\0001\0003\0008\000\040\000N\000E\000T\000I\000O\000\137\000A\000d\000d\000r\000e\000s\000s\000V\000a\000l\000u\000e\000\040\000U\000n\000i\000o\000n\000\040\000R\000e\000f\000e\000r\000e\000n\000c\000e}{section.7}% 558
\BOOKMARK [3][-]{subsubsection.7.138.1}{\376\377\0007\000.\0001\0003\0008\000.\0001\000\040\000D\000e\000t\000a\000i\000l\000e\000d\000\040\000D\000e\000s\000c\000r\000i\000p\000t\000i\000o\000n}{subsection.7.138}% 559
\BOOKMARK [3][-]{subsubsection.7.138.2}{\376\377\0007\000.\0001\0003\0008\000.\0002\000\040\000M\000e\000m\000b\000e\000r\000\040\000D\000a\000t\000a\000\040\000D\000o\000c\000u\000m\000e\000n\000t\000a\000t\000i\000o\000n}{subsection.7.138}% 560
\BOOKMARK [2][-]{subsection.7.139}{\376\377\0007\000.\0001\0003\0009\000\040\000N\000E\000T\000I\000O\000\137\000D\000G\000R\000A\000M\000\137\000I\000n\000t\000e\000r\000f\000a\000c\000e\000I\000\040\000S\000t\000r\000u\000c\000t\000\040\000R\000e\000f\000e\000r\000e\000n\000c\000e}{section.7}% 561
\BOOKMARK [3][-]{subsubsection.7.139.1}{\376\377\0007\000.\0001\0003\0009\000.\0001\000\040\000D\000e\000t\000a\000i\000l\000e\000d\000\040\000D\000e\000s\000c\000r\000i\000p\000t\000i\000o\000n}{subsection.7.139}% 562
\BOOKMARK [3][-]{subsubsection.7.139.2}{\376\377\0007\000.\0001\0003\0009\000.\0002\000\040\000M\000e\000m\000b\000e\000r\000\040\000D\000a\000t\000a\000\040\000D\000o\000c\000u\000m\000e\000n\000t\000a\000t\000i\000o\000n}{subsection.7.139}% 563
\BOOKMARK [2][-]{subsection.7.140}{\376\377\0007\000.\0001\0004\0000\000\040\000N\000E\000T\000I\000O\000\137\000D\000G\000R\000A\000M\000\137\000I\000n\000t\000e\000r\000f\000a\000c\000e\000M\000u\000l\000t\000i\000C\000a\000s\000t\000G\000r\000o\000u\000p\000\040\000S\000t\000r\000u\000c\000t\000\040\000R\000e\000f\000e\000r\000e\000n\000c\000e}{section.7}% 564
\BOOKMARK [3][-]{subsubsection.7.140.1}{\376\377\0007\000.\0001\0004\0000\000.\0001\000\040\000D\000e\000t\000a\000i\000l\000e\000d\000\040\000D\000e\000s\000c\000r\000i\000p\000t\000i\000o\000n}{subsection.7.140}% 565
\BOOKMARK [3][-]{subsubsection.7.140.2}{\376\377\0007\000.\0001\0004\0000\000.\0002\000\040\000M\000e\000m\000b\000e\000r\000\040\000D\000a\000t\000a\000\040\000D\000o\000c\000u\000m\000e\000n\000t\000a\000t\000i\000o\000n}{subsection.7.140}% 566
\BOOKMARK [2][-]{subsection.7.141}{\376\377\0007\000.\0001\0004\0001\000\040\000N\000E\000T\000I\000O\000\137\000D\000G\000R\000A\000M\000\137\000I\000n\000t\000e\000r\000f\000a\000c\000e\000R\000o\000u\000t\000e\000E\000n\000t\000r\000y\000\040\000S\000t\000r\000u\000c\000t\000\040\000R\000e\000f\000e\000r\000e\000n\000c\000e}{section.7}% 567
\BOOKMARK [3][-]{subsubsection.7.141.1}{\376\377\0007\000.\0001\0004\0001\000.\0001\000\040\000D\000e\000t\000a\000i\000l\000e\000d\000\040\000D\000e\000s\000c\000r\000i\000p\000t\000i\000o\000n}{subsection.7.141}% 568
\BOOKMARK [3][-]{subsubsection.7.141.2}{\376\377\0007\000.\0001\0004\0001\000.\0002\000\040\000M\000e\000m\000b\000e\000r\000\040\000D\000a\000t\000a\000\040\000D\000o\000c\000u\000m\000e\000n\000t\000a\000t\000i\000o\000n}{subsection.7.141}% 569
\BOOKMARK [2][-]{subsection.7.142}{\376\377\0007\000.\0001\0004\0002\000\040\000N\000E\000T\000I\000O\000\137\000D\000G\000R\000A\000M\000\137\000I\000n\000t\000e\000r\000f\000a\000c\000e\000T\000a\000b\000l\000e\000E\000n\000t\000r\000y\000\040\000S\000t\000r\000u\000c\000t\000\040\000R\000e\000f\000e\000r\000e\000n\000c\000e}{section.7}% 570
\BOOKMARK [3][-]{subsubsection.7.142.1}{\376\377\0007\000.\0001\0004\0002\000.\0001\000\040\000D\000e\000t\000a\000i\000l\000e\000d\000\040\000D\000e\000s\000c\000r\000i\000p\000t\000i\000o\000n}{subsection.7.142}% 571
\BOOKMARK [3][-]{subsubsection.7.142.2}{\376\377\0007\000.\0001\0004\0002\000.\0002\000\040\000M\000e\000m\000b\000e\000r\000\040\000D\000a\000t\000a\000\040\000D\000o\000c\000u\000m\000e\000n\000t\000a\000t\000i\000o\000n}{subsection.7.142}% 572
\BOOKMARK [2][-]{subsection.7.143}{\376\377\0007\000.\0001\0004\0003\000\040\000N\000E\000T\000I\000O\000\137\000D\000G\000R\000A\000M\000\137\000I\000n\000t\000e\000r\000f\000a\000c\000e\000T\000a\000b\000l\000e\000E\000n\000t\000r\000y\000S\000e\000q\000\040\000S\000t\000r\000u\000c\000t\000\040\000R\000e\000f\000e\000r\000e\000n\000c\000e}{section.7}% 573
\BOOKMARK [3][-]{subsubsection.7.143.1}{\376\377\0007\000.\0001\0004\0003\000.\0001\000\040\000D\000e\000t\000a\000i\000l\000e\000d\000\040\000D\000e\000s\000c\000r\000i\000p\000t\000i\000o\000n}{subsection.7.143}% 574
\BOOKMARK [2][-]{subsection.7.144}{\376\377\0007\000.\0001\0004\0004\000\040\000N\000E\000T\000I\000O\000\137\000I\000n\000t\000e\000r\000f\000a\000c\000e\000\040\000S\000t\000r\000u\000c\000t\000\040\000R\000e\000f\000e\000r\000e\000n\000c\000e}{section.7}% 575
\BOOKMARK [3][-]{subsubsection.7.144.1}{\376\377\0007\000.\0001\0004\0004\000.\0001\000\040\000D\000e\000t\000a\000i\000l\000e\000d\000\040\000D\000e\000s\000c\000r\000i\000p\000t\000i\000o\000n}{subsection.7.144}% 576
\BOOKMARK [2][-]{subsection.7.145}{\376\377\0007\000.\0001\0004\0005\000\040\000N\000E\000T\000I\000O\000\137\000I\000n\000t\000e\000r\000f\000a\000c\000e\000I\000\040\000S\000t\000r\000u\000c\000t\000\040\000R\000e\000f\000e\000r\000e\000n\000c\000e}{section.7}% 577
\BOOKMARK [3][-]{subsubsection.7.145.1}{\376\377\0007\000.\0001\0004\0005\000.\0001\000\040\000D\000e\000t\000a\000i\000l\000e\000d\000\040\000D\000e\000s\000c\000r\000i\000p\000t\000i\000o\000n}{subsection.7.145}% 578
\BOOKMARK [2][-]{subsection.7.146}{\376\377\0007\000.\0001\0004\0006\000\040\000N\000E\000T\000I\000O\000\137\000N\000e\000t\000m\000a\000s\000k\000\040\000S\000t\000r\000u\000c\000t\000\040\000R\000e\000f\000e\000r\000e\000n\000c\000e}{section.7}% 579
\BOOKMARK [3][-]{subsubsection.7.146.1}{\376\377\0007\000.\0001\0004\0006\000.\0001\000\040\000D\000e\000t\000a\000i\000l\000e\000d\000\040\000D\000e\000s\000c\000r\000i\000p\000t\000i\000o\000n}{subsection.7.146}% 580
\BOOKMARK [3][-]{subsubsection.7.146.2}{\376\377\0007\000.\0001\0004\0006\000.\0002\000\040\000M\000e\000m\000b\000e\000r\000\040\000D\000a\000t\000a\000\040\000D\000o\000c\000u\000m\000e\000n\000t\000a\000t\000i\000o\000n}{subsection.7.146}% 581
\BOOKMARK [2][-]{subsection.7.147}{\376\377\0007\000.\0001\0004\0007\000\040\000N\000E\000T\000I\000O\000\137\000N\000e\000t\000m\000a\000s\000k\000S\000e\000q\000\040\000S\000t\000r\000u\000c\000t\000\040\000R\000e\000f\000e\000r\000e\000n\000c\000e}{section.7}% 582
\BOOKMARK [3][-]{subsubsection.7.147.1}{\376\377\0007\000.\0001\0004\0007\000.\0001\000\040\000D\000e\000t\000a\000i\000l\000e\000d\000\040\000D\000e\000s\000c\000r\000i\000p\000t\000i\000o\000n}{subsection.7.147}% 583
\BOOKMARK [2][-]{subsection.7.148}{\376\377\0007\000.\0001\0004\0008\000\040\000N\000E\000T\000I\000O\000\137\000P\000a\000c\000k\000e\000t\000\040\000S\000t\000r\000u\000c\000t\000\040\000R\000e\000f\000e\000r\000e\000n\000c\000e}{section.7}% 584
\BOOKMARK [3][-]{subsubsection.7.148.1}{\376\377\0007\000.\0001\0004\0008\000.\0001\000\040\000D\000e\000t\000a\000i\000l\000e\000d\000\040\000D\000e\000s\000c\000r\000i\000p\000t\000i\000o\000n}{subsection.7.148}% 585
\BOOKMARK [2][-]{subsection.7.149}{\376\377\0007\000.\0001\0004\0009\000\040\000N\000E\000T\000I\000O\000\137\000S\000h\000a\000r\000e\000d\000M\000e\000m\000o\000r\000y\000S\000e\000g\000m\000e\000n\000t\000H\000e\000a\000d\000e\000r\000\040\000S\000t\000r\000u\000c\000t\000\040\000R\000e\000f\000e\000r\000e\000n\000c\000e}{section.7}% 586
\BOOKMARK [3][-]{subsubsection.7.149.1}{\376\377\0007\000.\0001\0004\0009\000.\0001\000\040\000D\000e\000t\000a\000i\000l\000e\000d\000\040\000D\000e\000s\000c\000r\000i\000p\000t\000i\000o\000n}{subsection.7.149}% 587
\BOOKMARK [2][-]{subsection.7.150}{\376\377\0007\000.\0001\0005\0000\000\040\000N\000E\000T\000I\000O\000\137\000S\000H\000M\000E\000M\000I\000n\000t\000e\000r\000f\000a\000c\000e\000F\000a\000c\000t\000o\000r\000y\000P\000r\000o\000p\000e\000r\000t\000y\000\040\000S\000t\000r\000u\000c\000t\000\040\000R\000e\000f\000e\000r\000e\000n\000c\000e}{section.7}% 588
\BOOKMARK [3][-]{subsubsection.7.150.1}{\376\377\0007\000.\0001\0005\0000\000.\0001\000\040\000D\000e\000t\000a\000i\000l\000e\000d\000\040\000D\000e\000s\000c\000r\000i\000p\000t\000i\000o\000n}{subsection.7.150}% 589
\BOOKMARK [3][-]{subsubsection.7.150.2}{\376\377\0007\000.\0001\0005\0000\000.\0002\000\040\000M\000e\000m\000b\000e\000r\000\040\000D\000a\000t\000a\000\040\000D\000o\000c\000u\000m\000e\000n\000t\000a\000t\000i\000o\000n}{subsection.7.150}% 590
\BOOKMARK [2][-]{subsection.7.151}{\376\377\0007\000.\0001\0005\0001\000\040\000O\000S\000A\000P\000I\000\137\000L\000o\000g\000P\000r\000o\000p\000e\000r\000t\000y\000\040\000S\000t\000r\000u\000c\000t\000\040\000R\000e\000f\000e\000r\000e\000n\000c\000e}{section.7}% 591
\BOOKMARK [3][-]{subsubsection.7.151.1}{\376\377\0007\000.\0001\0005\0001\000.\0001\000\040\000D\000e\000t\000a\000i\000l\000e\000d\000\040\000D\000e\000s\000c\000r\000i\000p\000t\000i\000o\000n}{subsection.7.151}% 592
\BOOKMARK [3][-]{subsubsection.7.151.2}{\376\377\0007\000.\0001\0005\0001\000.\0002\000\040\000M\000e\000m\000b\000e\000r\000\040\000D\000a\000t\000a\000\040\000D\000o\000c\000u\000m\000e\000n\000t\000a\000t\000i\000o\000n}{subsection.7.151}% 593
\BOOKMARK [2][-]{subsection.7.152}{\376\377\0007\000.\0001\0005\0002\000\040\000O\000S\000A\000P\000I\000\137\000S\000h\000a\000r\000e\000d\000M\000e\000m\000o\000r\000y\000S\000e\000g\000m\000e\000n\000t\000H\000a\000n\000d\000l\000e\000\040\000S\000t\000r\000u\000c\000t\000\040\000R\000e\000f\000e\000r\000e\000n\000c\000e}{section.7}% 594
\BOOKMARK [3][-]{subsubsection.7.152.1}{\376\377\0007\000.\0001\0005\0002\000.\0001\000\040\000D\000e\000t\000a\000i\000l\000e\000d\000\040\000D\000e\000s\000c\000r\000i\000p\000t\000i\000o\000n}{subsection.7.152}% 595
\BOOKMARK [3][-]{subsubsection.7.152.2}{\376\377\0007\000.\0001\0005\0002\000.\0002\000\040\000M\000e\000m\000b\000e\000r\000\040\000D\000a\000t\000a\000\040\000D\000o\000c\000u\000m\000e\000n\000t\000a\000t\000i\000o\000n}{subsection.7.152}% 596
\BOOKMARK [2][-]{subsection.7.153}{\376\377\0007\000.\0001\0005\0003\000\040\000O\000S\000A\000P\000I\000\137\000S\000h\000a\000r\000e\000d\000M\000e\000m\000o\000r\000y\000S\000e\000g\000m\000e\000n\000t\000H\000e\000a\000d\000e\000r\000\040\000S\000t\000r\000u\000c\000t\000\040\000R\000e\000f\000e\000r\000e\000n\000c\000e}{section.7}% 597
\BOOKMARK [3][-]{subsubsection.7.153.1}{\376\377\0007\000.\0001\0005\0003\000.\0001\000\040\000D\000e\000t\000a\000i\000l\000e\000d\000\040\000D\000e\000s\000c\000r\000i\000p\000t\000i\000o\000n}{subsection.7.153}% 598
\BOOKMARK [3][-]{subsubsection.7.153.2}{\376\377\0007\000.\0001\0005\0003\000.\0002\000\040\000M\000e\000m\000b\000e\000r\000\040\000D\000a\000t\000a\000\040\000D\000o\000c\000u\000m\000e\000n\000t\000a\000t\000i\000o\000n}{subsection.7.153}% 599
\BOOKMARK [2][-]{subsection.7.154}{\376\377\0007\000.\0001\0005\0004\000\040\000O\000S\000A\000P\000I\000\137\000S\000y\000s\000t\000e\000m\000I\000\040\000S\000t\000r\000u\000c\000t\000\040\000R\000e\000f\000e\000r\000e\000n\000c\000e}{section.7}% 600
\BOOKMARK [3][-]{subsubsection.7.154.1}{\376\377\0007\000.\0001\0005\0004\000.\0001\000\040\000D\000e\000t\000a\000i\000l\000e\000d\000\040\000D\000e\000s\000c\000r\000i\000p\000t\000i\000o\000n}{subsection.7.154}% 601
\BOOKMARK [3][-]{subsubsection.7.154.2}{\376\377\0007\000.\0001\0005\0004\000.\0002\000\040\000M\000e\000m\000b\000e\000r\000\040\000D\000a\000t\000a\000\040\000D\000o\000c\000u\000m\000e\000n\000t\000a\000t\000i\000o\000n}{subsection.7.154}% 602
\BOOKMARK [2][-]{subsection.7.155}{\376\377\0007\000.\0001\0005\0005\000\040\000O\000S\000A\000P\000I\000\137\000S\000y\000s\000t\000e\000m\000P\000r\000o\000p\000e\000r\000t\000y\000\040\000S\000t\000r\000u\000c\000t\000\040\000R\000e\000f\000e\000r\000e\000n\000c\000e}{section.7}% 603
\BOOKMARK [3][-]{subsubsection.7.155.1}{\376\377\0007\000.\0001\0005\0005\000.\0001\000\040\000D\000e\000t\000a\000i\000l\000e\000d\000\040\000D\000e\000s\000c\000r\000i\000p\000t\000i\000o\000n}{subsection.7.155}% 604
\BOOKMARK [3][-]{subsubsection.7.155.2}{\376\377\0007\000.\0001\0005\0005\000.\0002\000\040\000M\000e\000m\000b\000e\000r\000\040\000D\000a\000t\000a\000\040\000D\000o\000c\000u\000m\000e\000n\000t\000a\000t\000i\000o\000n}{subsection.7.155}% 605
\BOOKMARK [2][-]{subsection.7.156}{\376\377\0007\000.\0001\0005\0006\000\040\000O\000S\000A\000P\000I\000\137\000S\000y\000s\000t\000e\000m\000T\000i\000m\000e\000\040\000S\000t\000r\000u\000c\000t\000\040\000R\000e\000f\000e\000r\000e\000n\000c\000e}{section.7}% 606
\BOOKMARK [3][-]{subsubsection.7.156.1}{\376\377\0007\000.\0001\0005\0006\000.\0001\000\040\000D\000e\000t\000a\000i\000l\000e\000d\000\040\000D\000e\000s\000c\000r\000i\000p\000t\000i\000o\000n}{subsection.7.156}% 607
\BOOKMARK [3][-]{subsubsection.7.156.2}{\376\377\0007\000.\0001\0005\0006\000.\0002\000\040\000M\000e\000m\000b\000e\000r\000\040\000D\000a\000t\000a\000\040\000D\000o\000c\000u\000m\000e\000n\000t\000a\000t\000i\000o\000n}{subsection.7.156}% 608
\BOOKMARK [2][-]{subsection.7.157}{\376\377\0007\000.\0001\0005\0007\000\040\000O\000S\000A\000P\000I\000\137\000T\000a\000s\000k\000P\000r\000o\000p\000e\000r\000t\000y\000\040\000S\000t\000r\000u\000c\000t\000\040\000R\000e\000f\000e\000r\000e\000n\000c\000e}{section.7}% 609
\BOOKMARK [3][-]{subsubsection.7.157.1}{\376\377\0007\000.\0001\0005\0007\000.\0001\000\040\000D\000e\000t\000a\000i\000l\000e\000d\000\040\000D\000e\000s\000c\000r\000i\000p\000t\000i\000o\000n}{subsection.7.157}% 610
\BOOKMARK [3][-]{subsubsection.7.157.2}{\376\377\0007\000.\0001\0005\0007\000.\0002\000\040\000M\000e\000m\000b\000e\000r\000\040\000D\000a\000t\000a\000\040\000D\000o\000c\000u\000m\000e\000n\000t\000a\000t\000i\000o\000n}{subsection.7.157}% 611
\BOOKMARK [2][-]{subsection.7.158}{\376\377\0007\000.\0001\0005\0008\000\040\000O\000S\000A\000P\000I\000\137\000T\000h\000r\000e\000a\000d\000P\000r\000o\000p\000e\000r\000t\000y\000\040\000S\000t\000r\000u\000c\000t\000\040\000R\000e\000f\000e\000r\000e\000n\000c\000e}{section.7}% 612
\BOOKMARK [3][-]{subsubsection.7.158.1}{\376\377\0007\000.\0001\0005\0008\000.\0001\000\040\000D\000e\000t\000a\000i\000l\000e\000d\000\040\000D\000e\000s\000c\000r\000i\000p\000t\000i\000o\000n}{subsection.7.158}% 613
\BOOKMARK [3][-]{subsubsection.7.158.2}{\376\377\0007\000.\0001\0005\0008\000.\0002\000\040\000M\000e\000m\000b\000e\000r\000\040\000D\000a\000t\000a\000\040\000D\000o\000c\000u\000m\000e\000n\000t\000a\000t\000i\000o\000n}{subsection.7.158}% 614
\BOOKMARK [2][-]{subsection.7.159}{\376\377\0007\000.\0001\0005\0009\000\040\000O\000S\000A\000P\000I\000\137\000T\000i\000m\000e\000r\000P\000r\000o\000p\000e\000r\000t\000y\000\040\000S\000t\000r\000u\000c\000t\000\040\000R\000e\000f\000e\000r\000e\000n\000c\000e}{section.7}% 615
\BOOKMARK [3][-]{subsubsection.7.159.1}{\376\377\0007\000.\0001\0005\0009\000.\0001\000\040\000D\000e\000t\000a\000i\000l\000e\000d\000\040\000D\000e\000s\000c\000r\000i\000p\000t\000i\000o\000n}{subsection.7.159}% 616
\BOOKMARK [3][-]{subsubsection.7.159.2}{\376\377\0007\000.\0001\0005\0009\000.\0002\000\040\000M\000e\000m\000b\000e\000r\000\040\000D\000a\000t\000a\000\040\000D\000o\000c\000u\000m\000e\000n\000t\000a\000t\000i\000o\000n}{subsection.7.159}% 617
\BOOKMARK [2][-]{subsection.7.160}{\376\377\0007\000.\0001\0006\0000\000\040\000P\000S\000K\000\137\000E\000r\000r\000L\000i\000s\000t\000e\000n\000e\000r\000\040\000S\000t\000r\000u\000c\000t\000\040\000R\000e\000f\000e\000r\000e\000n\000c\000e}{section.7}% 618
\BOOKMARK [3][-]{subsubsection.7.160.1}{\376\377\0007\000.\0001\0006\0000\000.\0001\000\040\000D\000e\000t\000a\000i\000l\000e\000d\000\040\000D\000e\000s\000c\000r\000i\000p\000t\000i\000o\000n}{subsection.7.160}% 619
\BOOKMARK [3][-]{subsubsection.7.160.2}{\376\377\0007\000.\0001\0006\0000\000.\0002\000\040\000M\000e\000m\000b\000e\000r\000\040\000D\000a\000t\000a\000\040\000D\000o\000c\000u\000m\000e\000n\000t\000a\000t\000i\000o\000n}{subsection.7.160}% 620
\BOOKMARK [2][-]{subsection.7.161}{\376\377\0007\000.\0001\0006\0001\000\040\000P\000S\000K\000\137\000F\000i\000l\000e\000P\000a\000s\000s\000T\000r\000a\000c\000k\000e\000r\000E\000r\000r\000L\000i\000s\000t\000e\000n\000e\000r\000\040\000S\000t\000r\000u\000c\000t\000\040\000R\000e\000f\000e\000r\000e\000n\000c\000e}{section.7}% 621
\BOOKMARK [3][-]{subsubsection.7.161.1}{\376\377\0007\000.\0001\0006\0001\000.\0001\000\040\000D\000e\000t\000a\000i\000l\000e\000d\000\040\000D\000e\000s\000c\000r\000i\000p\000t\000i\000o\000n}{subsection.7.161}% 622
\BOOKMARK [3][-]{subsubsection.7.161.2}{\376\377\0007\000.\0001\0006\0001\000.\0002\000\040\000M\000e\000m\000b\000e\000r\000\040\000D\000a\000t\000a\000\040\000D\000o\000c\000u\000m\000e\000n\000t\000a\000t\000i\000o\000n}{subsection.7.161}% 623
\BOOKMARK [2][-]{subsection.7.162}{\376\377\0007\000.\0001\0006\0002\000\040\000P\000S\000K\000\137\000P\000a\000s\000s\000T\000r\000a\000c\000k\000e\000r\000C\000o\000n\000f\000i\000g\000u\000r\000a\000t\000i\000o\000n\000\040\000S\000t\000r\000u\000c\000t\000\040\000R\000e\000f\000e\000r\000e\000n\000c\000e}{section.7}% 624
\BOOKMARK [3][-]{subsubsection.7.162.1}{\376\377\0007\000.\0001\0006\0002\000.\0001\000\040\000D\000e\000t\000a\000i\000l\000e\000d\000\040\000D\000e\000s\000c\000r\000i\000p\000t\000i\000o\000n}{subsection.7.162}% 625
\BOOKMARK [3][-]{subsubsection.7.162.2}{\376\377\0007\000.\0001\0006\0002\000.\0002\000\040\000M\000e\000m\000b\000e\000r\000\040\000D\000a\000t\000a\000\040\000D\000o\000c\000u\000m\000e\000n\000t\000a\000t\000i\000o\000n}{subsection.7.162}% 626
\BOOKMARK [2][-]{subsection.7.163}{\376\377\0007\000.\0001\0006\0003\000\040\000R\000H\000S\000M\000H\000i\000s\000t\000o\000r\000y\000F\000a\000c\000t\000o\000r\000y\000\040\000C\000l\000a\000s\000s\000\040\000R\000e\000f\000e\000r\000e\000n\000c\000e}{section.7}% 627
\BOOKMARK [3][-]{subsubsection.7.163.1}{\376\377\0007\000.\0001\0006\0003\000.\0001\000\040\000D\000e\000t\000a\000i\000l\000e\000d\000\040\000D\000e\000s\000c\000r\000i\000p\000t\000i\000o\000n}{subsection.7.163}% 628
\BOOKMARK [3][-]{subsubsection.7.163.2}{\376\377\0007\000.\0001\0006\0003\000.\0002\000\040\000M\000e\000m\000b\000e\000r\000\040\000F\000u\000n\000c\000t\000i\000o\000n\000\040\000D\000o\000c\000u\000m\000e\000n\000t\000a\000t\000i\000o\000n}{subsection.7.163}% 629
\BOOKMARK [2][-]{subsection.7.164}{\376\377\0007\000.\0001\0006\0004\000\040\000R\000T\000P\000S\000\137\000C\000h\000e\000c\000k\000s\000u\000m\000\040\000U\000n\000i\000o\000n\000\040\000R\000e\000f\000e\000r\000e\000n\000c\000e}{section.7}% 630
\BOOKMARK [3][-]{subsubsection.7.164.1}{\376\377\0007\000.\0001\0006\0004\000.\0001\000\040\000D\000e\000t\000a\000i\000l\000e\000d\000\040\000D\000e\000s\000c\000r\000i\000p\000t\000i\000o\000n}{subsection.7.164}% 631
\BOOKMARK [2][-]{subsection.7.165}{\376\377\0007\000.\0001\0006\0005\000\040\000R\000T\000P\000S\000\137\000C\000h\000e\000c\000k\000s\000u\000m\000C\000l\000a\000s\000s\000\040\000S\000t\000r\000u\000c\000t\000\040\000R\000e\000f\000e\000r\000e\000n\000c\000e}{section.7}% 632
\BOOKMARK [3][-]{subsubsection.7.165.1}{\376\377\0007\000.\0001\0006\0005\000.\0001\000\040\000D\000e\000t\000a\000i\000l\000e\000d\000\040\000D\000e\000s\000c\000r\000i\000p\000t\000i\000o\000n}{subsection.7.165}% 633
\BOOKMARK [2][-]{subsection.7.166}{\376\377\0007\000.\0001\0006\0006\000\040\000R\000T\000P\000S\000\137\000C\000h\000e\000c\000k\000s\000u\000m\000P\000r\000o\000p\000e\000r\000t\000y\000\040\000S\000t\000r\000u\000c\000t\000\040\000R\000e\000f\000e\000r\000e\000n\000c\000e}{section.7}% 634
\BOOKMARK [3][-]{subsubsection.7.166.1}{\376\377\0007\000.\0001\0006\0006\000.\0001\000\040\000D\000e\000t\000a\000i\000l\000e\000d\000\040\000D\000e\000s\000c\000r\000i\000p\000t\000i\000o\000n}{subsection.7.166}% 635
\BOOKMARK [2][-]{subsection.7.167}{\376\377\0007\000.\0001\0006\0007\000\040\000R\000T\000P\000S\000\137\000I\000n\000t\000e\000r\000f\000a\000c\000e\000F\000a\000c\000t\000o\000r\000y\000P\000r\000o\000p\000e\000r\000t\000y\000\040\000S\000t\000r\000u\000c\000t\000\040\000R\000e\000f\000e\000r\000e\000n\000c\000e}{section.7}% 636
\BOOKMARK [3][-]{subsubsection.7.167.1}{\376\377\0007\000.\0001\0006\0007\000.\0001\000\040\000D\000e\000t\000a\000i\000l\000e\000d\000\040\000D\000e\000s\000c\000r\000i\000p\000t\000i\000o\000n}{subsection.7.167}% 637
\BOOKMARK [2][-]{subsection.7.168}{\376\377\0007\000.\0001\0006\0008\000\040\000R\000T\000R\000e\000g\000i\000s\000t\000r\000y\000\040\000C\000l\000a\000s\000s\000\040\000R\000e\000f\000e\000r\000e\000n\000c\000e}{section.7}% 638
\BOOKMARK [3][-]{subsubsection.7.168.1}{\376\377\0007\000.\0001\0006\0008\000.\0001\000\040\000D\000e\000t\000a\000i\000l\000e\000d\000\040\000D\000e\000s\000c\000r\000i\000p\000t\000i\000o\000n}{subsection.7.168}% 639
\BOOKMARK [3][-]{subsubsection.7.168.2}{\376\377\0007\000.\0001\0006\0008\000.\0002\000\040\000M\000e\000m\000b\000e\000r\000\040\000F\000u\000n\000c\000t\000i\000o\000n\000\040\000D\000o\000c\000u\000m\000e\000n\000t\000a\000t\000i\000o\000n}{subsection.7.168}% 640
\BOOKMARK [2][-]{subsection.7.169}{\376\377\0007\000.\0001\0006\0009\000\040\000S\000H\000M\000E\000M\000I\000n\000t\000e\000r\000f\000a\000c\000e\000F\000a\000c\000t\000o\000r\000y\000\040\000C\000l\000a\000s\000s\000\040\000R\000e\000f\000e\000r\000e\000n\000c\000e}{section.7}% 641
\BOOKMARK [3][-]{subsubsection.7.169.1}{\376\377\0007\000.\0001\0006\0009\000.\0001\000\040\000D\000e\000t\000a\000i\000l\000e\000d\000\040\000D\000e\000s\000c\000r\000i\000p\000t\000i\000o\000n}{subsection.7.169}% 642
\BOOKMARK [3][-]{subsubsection.7.169.2}{\376\377\0007\000.\0001\0006\0009\000.\0002\000\040\000M\000e\000m\000b\000e\000r\000\040\000F\000u\000n\000c\000t\000i\000o\000n\000\040\000D\000o\000c\000u\000m\000e\000n\000t\000a\000t\000i\000o\000n}{subsection.7.169}% 643
\BOOKMARK [2][-]{subsection.7.170}{\376\377\0007\000.\0001\0007\0000\000\040\000U\000D\000P\000\137\000I\000n\000t\000e\000r\000f\000a\000c\000e\000F\000a\000c\000t\000o\000r\000y\000P\000r\000o\000p\000e\000r\000t\000y\000\040\000S\000t\000r\000u\000c\000t\000\040\000R\000e\000f\000e\000r\000e\000n\000c\000e}{section.7}% 644
\BOOKMARK [3][-]{subsubsection.7.170.1}{\376\377\0007\000.\0001\0007\0000\000.\0001\000\040\000D\000e\000t\000a\000i\000l\000e\000d\000\040\000D\000e\000s\000c\000r\000i\000p\000t\000i\000o\000n}{subsection.7.170}% 645
\BOOKMARK [3][-]{subsubsection.7.170.2}{\376\377\0007\000.\0001\0007\0000\000.\0002\000\040\000M\000e\000m\000b\000e\000r\000\040\000D\000a\000t\000a\000\040\000D\000o\000c\000u\000m\000e\000n\000t\000a\000t\000i\000o\000n}{subsection.7.170}% 646
\BOOKMARK [2][-]{subsection.7.171}{\376\377\0007\000.\0001\0007\0001\000\040\000U\000D\000P\000\137\000I\000n\000t\000e\000r\000f\000a\000c\000e\000T\000a\000b\000l\000e\000E\000n\000t\000r\000y\000\040\000S\000t\000r\000u\000c\000t\000\040\000R\000e\000f\000e\000r\000e\000n\000c\000e}{section.7}% 647
\BOOKMARK [3][-]{subsubsection.7.171.1}{\376\377\0007\000.\0001\0007\0001\000.\0001\000\040\000D\000e\000t\000a\000i\000l\000e\000d\000\040\000D\000e\000s\000c\000r\000i\000p\000t\000i\000o\000n}{subsection.7.171}% 648
\BOOKMARK [3][-]{subsubsection.7.171.2}{\376\377\0007\000.\0001\0007\0001\000.\0002\000\040\000M\000e\000m\000b\000e\000r\000\040\000D\000a\000t\000a\000\040\000D\000o\000c\000u\000m\000e\000n\000t\000a\000t\000i\000o\000n}{subsection.7.171}% 649
\BOOKMARK [2][-]{subsection.7.172}{\376\377\0007\000.\0001\0007\0002\000\040\000U\000D\000P\000\137\000I\000n\000t\000e\000r\000f\000a\000c\000e\000T\000a\000b\000l\000e\000E\000n\000t\000r\000y\000S\000e\000q\000\040\000S\000t\000r\000u\000c\000t\000\040\000R\000e\000f\000e\000r\000e\000n\000c\000e}{section.7}% 650
\BOOKMARK [3][-]{subsubsection.7.172.1}{\376\377\0007\000.\0001\0007\0002\000.\0001\000\040\000D\000e\000t\000a\000i\000l\000e\000d\000\040\000D\000e\000s\000c\000r\000i\000p\000t\000i\000o\000n}{subsection.7.172}% 651
\BOOKMARK [2][-]{subsection.7.173}{\376\377\0007\000.\0001\0007\0003\000\040\000U\000D\000P\000\137\000N\000a\000t\000E\000n\000t\000r\000y\000\040\000S\000t\000r\000u\000c\000t\000\040\000R\000e\000f\000e\000r\000e\000n\000c\000e}{section.7}% 652
\BOOKMARK [3][-]{subsubsection.7.173.1}{\376\377\0007\000.\0001\0007\0003\000.\0001\000\040\000D\000e\000t\000a\000i\000l\000e\000d\000\040\000D\000e\000s\000c\000r\000i\000p\000t\000i\000o\000n}{subsection.7.173}% 653
\BOOKMARK [2][-]{subsection.7.174}{\376\377\0007\000.\0001\0007\0004\000\040\000U\000D\000P\000\137\000N\000a\000t\000E\000n\000t\000r\000y\000S\000e\000q\000\040\000S\000t\000r\000u\000c\000t\000\040\000R\000e\000f\000e\000r\000e\000n\000c\000e}{section.7}% 654
\BOOKMARK [3][-]{subsubsection.7.174.1}{\376\377\0007\000.\0001\0007\0004\000.\0001\000\040\000D\000e\000t\000a\000i\000l\000e\000d\000\040\000D\000e\000s\000c\000r\000i\000p\000t\000i\000o\000n}{subsection.7.174}% 655
\BOOKMARK [2][-]{subsection.7.175}{\376\377\0007\000.\0001\0007\0005\000\040\000U\000D\000P\000I\000n\000t\000e\000r\000f\000a\000c\000e\000F\000a\000c\000t\000o\000r\000y\000\040\000C\000l\000a\000s\000s\000\040\000R\000e\000f\000e\000r\000e\000n\000c\000e}{section.7}% 656
\BOOKMARK [3][-]{subsubsection.7.175.1}{\376\377\0007\000.\0001\0007\0005\000.\0001\000\040\000D\000e\000t\000a\000i\000l\000e\000d\000\040\000D\000e\000s\000c\000r\000i\000p\000t\000i\000o\000n}{subsection.7.175}% 657
\BOOKMARK [3][-]{subsubsection.7.175.2}{\376\377\0007\000.\0001\0007\0005\000.\0002\000\040\000M\000e\000m\000b\000e\000r\000\040\000F\000u\000n\000c\000t\000i\000o\000n\000\040\000D\000o\000c\000u\000m\000e\000n\000t\000a\000t\000i\000o\000n}{subsection.7.175}% 658
\BOOKMARK [2][-]{subsection.7.176}{\376\377\0007\000.\0001\0007\0006\000\040\000U\000D\000P\000I\000n\000t\000e\000r\000f\000a\000c\000e\000T\000a\000b\000l\000e\000\040\000C\000l\000a\000s\000s\000\040\000R\000e\000f\000e\000r\000e\000n\000c\000e}{section.7}% 659
\BOOKMARK [3][-]{subsubsection.7.176.1}{\376\377\0007\000.\0001\0007\0006\000.\0001\000\040\000D\000e\000t\000a\000i\000l\000e\000d\000\040\000D\000e\000s\000c\000r\000i\000p\000t\000i\000o\000n}{subsection.7.176}% 660
\BOOKMARK [2][-]{subsection.7.177}{\376\377\0007\000.\0001\0007\0007\000\040\000W\000H\000S\000M\000H\000i\000s\000t\000o\000r\000y\000F\000a\000c\000t\000o\000r\000y\000\040\000C\000l\000a\000s\000s\000\040\000R\000e\000f\000e\000r\000e\000n\000c\000e}{section.7}% 661
\BOOKMARK [3][-]{subsubsection.7.177.1}{\376\377\0007\000.\0001\0007\0007\000.\0001\000\040\000D\000e\000t\000a\000i\000l\000e\000d\000\040\000D\000e\000s\000c\000r\000i\000p\000t\000i\000o\000n}{subsection.7.177}% 662
\BOOKMARK [3][-]{subsubsection.7.177.2}{\376\377\0007\000.\0001\0007\0007\000.\0002\000\040\000M\000e\000m\000b\000e\000r\000\040\000F\000u\000n\000c\000t\000i\000o\000n\000\040\000D\000o\000c\000u\000m\000e\000n\000t\000a\000t\000i\000o\000n}{subsection.7.177}% 663
\BOOKMARK [2][-]{subsection.7.178}{\376\377\0007\000.\0001\0007\0008\000\040\000Z\000C\000O\000P\000Y\000\137\000N\000o\000t\000i\000f\000I\000n\000t\000e\000r\000f\000a\000c\000e\000F\000a\000c\000t\000o\000r\000y\000P\000r\000o\000p\000e\000r\000t\000y\000\040\000S\000t\000r\000u\000c\000t\000\040\000R\000e\000f\000e\000r\000e\000n\000c\000e}{section.7}% 664
\BOOKMARK [3][-]{subsubsection.7.178.1}{\376\377\0007\000.\0001\0007\0008\000.\0001\000\040\000D\000e\000t\000a\000i\000l\000e\000d\000\040\000D\000e\000s\000c\000r\000i\000p\000t\000i\000o\000n}{subsection.7.178}% 665
\BOOKMARK [3][-]{subsubsection.7.178.2}{\376\377\0007\000.\0001\0007\0008\000.\0002\000\040\000M\000e\000m\000b\000e\000r\000\040\000D\000a\000t\000a\000\040\000D\000o\000c\000u\000m\000e\000n\000t\000a\000t\000i\000o\000n}{subsection.7.178}% 666
\BOOKMARK [2][-]{subsection.7.179}{\376\377\0007\000.\0001\0007\0009\000\040\000Z\000C\000O\000P\000Y\000\137\000N\000o\000t\000i\000f\000M\000e\000c\000h\000a\000n\000i\000s\000m\000P\000r\000o\000p\000e\000r\000t\000y\000\040\000S\000t\000r\000u\000c\000t\000\040\000R\000e\000f\000e\000r\000e\000n\000c\000e}{section.7}% 667
\BOOKMARK [3][-]{subsubsection.7.179.1}{\376\377\0007\000.\0001\0007\0009\000.\0001\000\040\000D\000e\000t\000a\000i\000l\000e\000d\000\040\000D\000e\000s\000c\000r\000i\000p\000t\000i\000o\000n}{subsection.7.179}% 668
\BOOKMARK [3][-]{subsubsection.7.179.2}{\376\377\0007\000.\0001\0007\0009\000.\0002\000\040\000M\000e\000m\000b\000e\000r\000\040\000D\000a\000t\000a\000\040\000D\000o\000c\000u\000m\000e\000n\000t\000a\000t\000i\000o\000n}{subsection.7.179}% 669
\BOOKMARK [2][-]{subsection.7.180}{\376\377\0007\000.\0001\0008\0000\000\040\000Z\000C\000O\000P\000Y\000\137\000N\000o\000t\000i\000f\000U\000s\000e\000r\000I\000n\000t\000e\000r\000f\000a\000c\000e\000I\000\040\000S\000t\000r\000u\000c\000t\000\040\000R\000e\000f\000e\000r\000e\000n\000c\000e}{section.7}% 670
\BOOKMARK [3][-]{subsubsection.7.180.1}{\376\377\0007\000.\0001\0008\0000\000.\0001\000\040\000D\000e\000t\000a\000i\000l\000e\000d\000\040\000D\000e\000s\000c\000r\000i\000p\000t\000i\000o\000n}{subsection.7.180}% 671
\BOOKMARK [3][-]{subsubsection.7.180.2}{\376\377\0007\000.\0001\0008\0000\000.\0002\000\040\000M\000e\000m\000b\000e\000r\000\040\000D\000a\000t\000a\000\040\000D\000o\000c\000u\000m\000e\000n\000t\000a\000t\000i\000o\000n}{subsection.7.180}% 672
\BOOKMARK [1][-]{section.8}{\376\377\0008\000\040\000F\000i\000l\000e\000\040\000D\000o\000c\000u\000m\000e\000n\000t\000a\000t\000i\000o\000n}{}% 673
\BOOKMARK [2][-]{subsection.8.1}{\376\377\0008\000.\0001\000\040\000a\000p\000p\000\137\000g\000e\000n\000\137\000l\000o\000g\000.\000h\000\040\000F\000i\000l\000e\000\040\000R\000e\000f\000e\000r\000e\000n\000c\000e}{section.8}% 674
\BOOKMARK [2][-]{subsection.8.2}{\376\377\0008\000.\0002\000\040\000c\000d\000r\000\137\000l\000o\000g\000.\000h\000\040\000F\000i\000l\000e\000\040\000R\000e\000f\000e\000r\000e\000n\000c\000e}{section.8}% 675
\BOOKMARK [2][-]{subsection.8.3}{\376\377\0008\000.\0003\000\040\000d\000b\000\137\000l\000o\000g\000.\000h\000\040\000F\000i\000l\000e\000\040\000R\000e\000f\000e\000r\000e\000n\000c\000e}{section.8}% 676
\BOOKMARK [3][-]{subsubsection.8.3.1}{\376\377\0008\000.\0003\000.\0001\000\040\000D\000e\000t\000a\000i\000l\000e\000d\000\040\000D\000e\000s\000c\000r\000i\000p\000t\000i\000o\000n}{subsection.8.3}% 677
\BOOKMARK [2][-]{subsection.8.4}{\376\377\0008\000.\0004\000\040\000d\000d\000s\000\137\000c\000\137\000c\000o\000n\000f\000i\000g\000.\000h\000\040\000F\000i\000l\000e\000\040\000R\000e\000f\000e\000r\000e\000n\000c\000e}{section.8}% 678
\BOOKMARK [3][-]{subsubsection.8.4.1}{\376\377\0008\000.\0004\000.\0001\000\040\000D\000e\000t\000a\000i\000l\000e\000d\000\040\000D\000e\000s\000c\000r\000i\000p\000t\000i\000o\000n}{subsection.8.4}% 679
\BOOKMARK [2][-]{subsection.8.5}{\376\377\0008\000.\0005\000\040\000d\000d\000s\000\137\000c\000\137\000f\000l\000o\000w\000c\000o\000n\000t\000r\000o\000l\000l\000e\000r\000.\000h\000\040\000F\000i\000l\000e\000\040\000R\000e\000f\000e\000r\000e\000n\000c\000e}{section.8}% 680
\BOOKMARK [3][-]{subsubsection.8.5.1}{\376\377\0008\000.\0005\000.\0001\000\040\000D\000e\000t\000a\000i\000l\000e\000d\000\040\000D\000e\000s\000c\000r\000i\000p\000t\000i\000o\000n}{subsection.8.5}% 681
\BOOKMARK [2][-]{subsection.8.6}{\376\377\0008\000.\0006\000\040\000d\000d\000s\000\137\000c\000\137\000l\000o\000g\000.\000h\000\040\000F\000i\000l\000e\000\040\000R\000e\000f\000e\000r\000e\000n\000c\000e}{section.8}% 682
\BOOKMARK [3][-]{subsubsection.8.6.1}{\376\377\0008\000.\0006\000.\0001\000\040\000D\000e\000t\000a\000i\000l\000e\000d\000\040\000D\000e\000s\000c\000r\000i\000p\000t\000i\000o\000n}{subsection.8.6}% 683
\BOOKMARK [3][-]{subsubsection.8.6.2}{\376\377\0008\000.\0006\000.\0002\000\040\000E\000n\000u\000m\000e\000r\000a\000t\000i\000o\000n\000\040\000T\000y\000p\000e\000\040\000D\000o\000c\000u\000m\000e\000n\000t\000a\000t\000i\000o\000n}{subsection.8.6}% 684
\BOOKMARK [2][-]{subsection.8.7}{\376\377\0008\000.\0007\000\040\000d\000d\000s\000\137\000f\000i\000l\000t\000e\000r\000\137\000l\000o\000g\000.\000h\000\040\000F\000i\000l\000e\000\040\000R\000e\000f\000e\000r\000e\000n\000c\000e}{section.8}% 685
\BOOKMARK [3][-]{subsubsection.8.7.1}{\376\377\0008\000.\0007\000.\0001\000\040\000D\000e\000t\000a\000i\000l\000e\000d\000\040\000D\000e\000s\000c\000r\000i\000p\000t\000i\000o\000n}{subsection.8.7}% 686
\BOOKMARK [3][-]{subsubsection.8.7.2}{\376\377\0008\000.\0007\000.\0002\000\040\000M\000a\000c\000r\000o\000\040\000D\000e\000f\000i\000n\000i\000t\000i\000o\000n\000\040\000D\000o\000c\000u\000m\000e\000n\000t\000a\000t\000i\000o\000n}{subsection.8.7}% 687
\BOOKMARK [2][-]{subsection.8.8}{\376\377\0008\000.\0008\000\040\000d\000d\000s\000\137\000p\000s\000k\000\137\000l\000o\000g\000.\000h\000\040\000F\000i\000l\000e\000\040\000R\000e\000f\000e\000r\000e\000n\000c\000e}{section.8}% 688
\BOOKMARK [3][-]{subsubsection.8.8.1}{\376\377\0008\000.\0008\000.\0001\000\040\000D\000e\000t\000a\000i\000l\000e\000d\000\040\000D\000e\000s\000c\000r\000i\000p\000t\000i\000o\000n}{subsection.8.8}% 689
\BOOKMARK [3][-]{subsubsection.8.8.2}{\376\377\0008\000.\0008\000.\0002\000\040\000M\000a\000c\000r\000o\000\040\000D\000e\000f\000i\000n\000i\000t\000i\000o\000n\000\040\000D\000o\000c\000u\000m\000e\000n\000t\000a\000t\000i\000o\000n}{subsection.8.8}% 690
\BOOKMARK [2][-]{subsection.8.9}{\376\377\0008\000.\0009\000\040\000d\000i\000s\000c\000\137\000d\000p\000d\000e\000\137\000l\000o\000g\000.\000h\000\040\000F\000i\000l\000e\000\040\000R\000e\000f\000e\000r\000e\000n\000c\000e}{section.8}% 691
\BOOKMARK [2][-]{subsection.8.10}{\376\377\0008\000.\0001\0000\000\040\000d\000i\000s\000c\000\137\000d\000p\000s\000e\000\137\000l\000o\000g\000.\000h\000\040\000F\000i\000l\000e\000\040\000R\000e\000f\000e\000r\000e\000n\000c\000e}{section.8}% 692
\BOOKMARK [3][-]{subsubsection.8.10.1}{\376\377\0008\000.\0001\0000\000.\0001\000\040\000M\000a\000c\000r\000o\000\040\000D\000e\000f\000i\000n\000i\000t\000i\000o\000n\000\040\000D\000o\000c\000u\000m\000e\000n\000t\000a\000t\000i\000o\000n}{subsection.8.10}% 693
\BOOKMARK [2][-]{subsection.8.11}{\376\377\0008\000.\0001\0001\000\040\000n\000e\000t\000i\000o\000\137\000l\000o\000g\000.\000h\000\040\000F\000i\000l\000e\000\040\000R\000e\000f\000e\000r\000e\000n\000c\000e}{section.8}% 694
\BOOKMARK [3][-]{subsubsection.8.11.1}{\376\377\0008\000.\0001\0001\000.\0001\000\040\000D\000e\000t\000a\000i\000l\000e\000d\000\040\000D\000e\000s\000c\000r\000i\000p\000t\000i\000o\000n}{subsection.8.11}% 695
\BOOKMARK [3][-]{subsubsection.8.11.2}{\376\377\0008\000.\0001\0001\000.\0002\000\040\000M\000a\000c\000r\000o\000\040\000D\000e\000f\000i\000n\000i\000t\000i\000o\000n\000\040\000D\000o\000c\000u\000m\000e\000n\000t\000a\000t\000i\000o\000n}{subsection.8.11}% 696
\BOOKMARK [2][-]{subsection.8.12}{\376\377\0008\000.\0001\0002\000\040\000n\000e\000t\000i\000o\000\137\000s\000h\000m\000e\000m\000\137\000l\000o\000g\000.\000h\000\040\000F\000i\000l\000e\000\040\000R\000e\000f\000e\000r\000e\000n\000c\000e}{section.8}% 697
\BOOKMARK [3][-]{subsubsection.8.12.1}{\376\377\0008\000.\0001\0002\000.\0001\000\040\000D\000e\000t\000a\000i\000l\000e\000d\000\040\000D\000e\000s\000c\000r\000i\000p\000t\000i\000o\000n}{subsection.8.12}% 698
\BOOKMARK [2][-]{subsection.8.13}{\376\377\0008\000.\0001\0003\000\040\000n\000e\000t\000i\000o\000\137\000z\000c\000o\000p\000y\000\137\000l\000o\000g\000.\000h\000\040\000F\000i\000l\000e\000\040\000R\000e\000f\000e\000r\000e\000n\000c\000e}{section.8}% 699
\BOOKMARK [3][-]{subsubsection.8.13.1}{\376\377\0008\000.\0001\0003\000.\0001\000\040\000D\000e\000t\000a\000i\000l\000e\000d\000\040\000D\000e\000s\000c\000r\000i\000p\000t\000i\000o\000n}{subsection.8.13}% 700
\BOOKMARK [2][-]{subsection.8.14}{\376\377\0008\000.\0001\0004\000\040\000n\000e\000t\000i\000o\000\137\000z\000c\000o\000p\000y\000\137\000n\000o\000t\000i\000f\000\137\000i\000n\000t\000e\000r\000f\000a\000c\000e\000.\000h\000\040\000F\000i\000l\000e\000\040\000R\000e\000f\000e\000r\000e\000n\000c\000e}{section.8}% 701
\BOOKMARK [3][-]{subsubsection.8.14.1}{\376\377\0008\000.\0001\0004\000.\0001\000\040\000F\000u\000n\000c\000t\000i\000o\000n\000\040\000D\000o\000c\000u\000m\000e\000n\000t\000a\000t\000i\000o\000n}{subsection.8.14}% 702
\BOOKMARK [2][-]{subsection.8.15}{\376\377\0008\000.\0001\0005\000\040\000n\000e\000t\000i\000o\000\137\000z\000c\000o\000p\000y\000\137\000w\000h\000s\000q\000\137\000l\000o\000g\000.\000h\000\040\000F\000i\000l\000e\000\040\000R\000e\000f\000e\000r\000e\000n\000c\000e}{section.8}% 703
\BOOKMARK [3][-]{subsubsection.8.15.1}{\376\377\0008\000.\0001\0005\000.\0001\000\040\000D\000e\000t\000a\000i\000l\000e\000d\000\040\000D\000e\000s\000c\000r\000i\000p\000t\000i\000o\000n}{subsection.8.15}% 704
\BOOKMARK [3][-]{subsubsection.8.15.2}{\376\377\0008\000.\0001\0005\000.\0002\000\040\000M\000a\000c\000r\000o\000\040\000D\000e\000f\000i\000n\000i\000t\000i\000o\000n\000\040\000D\000o\000c\000u\000m\000e\000n\000t\000a\000t\000i\000o\000n}{subsection.8.15}% 705
\BOOKMARK [2][-]{subsection.8.16}{\376\377\0008\000.\0001\0006\000\040\000o\000s\000a\000p\000i\000\137\000l\000o\000g\000.\000h\000\040\000F\000i\000l\000e\000\040\000R\000e\000f\000e\000r\000e\000n\000c\000e}{section.8}% 706
\BOOKMARK [3][-]{subsubsection.8.16.1}{\376\377\0008\000.\0001\0006\000.\0001\000\040\000D\000e\000t\000a\000i\000l\000e\000d\000\040\000D\000e\000s\000c\000r\000i\000p\000t\000i\000o\000n}{subsection.8.16}% 707
\BOOKMARK [3][-]{subsubsection.8.16.2}{\376\377\0008\000.\0001\0006\000.\0002\000\040\000M\000a\000c\000r\000o\000\040\000D\000e\000f\000i\000n\000i\000t\000i\000o\000n\000\040\000D\000o\000c\000u\000m\000e\000n\000t\000a\000t\000i\000o\000n}{subsection.8.16}% 708
\BOOKMARK [3][-]{subsubsection.8.16.3}{\376\377\0008\000.\0001\0006\000.\0003\000\040\000T\000y\000p\000e\000d\000e\000f\000\040\000D\000o\000c\000u\000m\000e\000n\000t\000a\000t\000i\000o\000n}{subsection.8.16}% 709
\BOOKMARK [3][-]{subsubsection.8.16.4}{\376\377\0008\000.\0001\0006\000.\0004\000\040\000F\000u\000n\000c\000t\000i\000o\000n\000\040\000D\000o\000c\000u\000m\000e\000n\000t\000a\000t\000i\000o\000n}{subsection.8.16}% 710
\BOOKMARK [2][-]{subsection.8.17}{\376\377\0008\000.\0001\0007\000\040\000o\000s\000a\000p\000i\000\137\000p\000r\000o\000c\000e\000s\000s\000.\000h\000\040\000F\000i\000l\000e\000\040\000R\000e\000f\000e\000r\000e\000n\000c\000e}{section.8}% 711
\BOOKMARK [3][-]{subsubsection.8.17.1}{\376\377\0008\000.\0001\0007\000.\0001\000\040\000D\000e\000t\000a\000i\000l\000e\000d\000\040\000D\000e\000s\000c\000r\000i\000p\000t\000i\000o\000n}{subsection.8.17}% 712
\BOOKMARK [2][-]{subsection.8.18}{\376\377\0008\000.\0001\0008\000\040\000o\000s\000a\000p\000i\000\137\000s\000e\000m\000a\000p\000h\000o\000r\000e\000.\000h\000\040\000F\000i\000l\000e\000\040\000R\000e\000f\000e\000r\000e\000n\000c\000e}{section.8}% 713
\BOOKMARK [3][-]{subsubsection.8.18.1}{\376\377\0008\000.\0001\0008\000.\0001\000\040\000D\000e\000t\000a\000i\000l\000e\000d\000\040\000D\000e\000s\000c\000r\000i\000p\000t\000i\000o\000n}{subsection.8.18}% 714
\BOOKMARK [3][-]{subsubsection.8.18.2}{\376\377\0008\000.\0001\0008\000.\0002\000\040\000F\000u\000n\000c\000t\000i\000o\000n\000\040\000D\000o\000c\000u\000m\000e\000n\000t\000a\000t\000i\000o\000n}{subsection.8.18}% 715
\BOOKMARK [2][-]{subsection.8.19}{\376\377\0008\000.\0001\0009\000\040\000o\000s\000a\000p\000i\000\137\000s\000t\000d\000i\000o\000.\000h\000\040\000F\000i\000l\000e\000\040\000R\000e\000f\000e\000r\000e\000n\000c\000e}{section.8}% 716
\BOOKMARK [3][-]{subsubsection.8.19.1}{\376\377\0008\000.\0001\0009\000.\0001\000\040\000D\000e\000t\000a\000i\000l\000e\000d\000\040\000D\000e\000s\000c\000r\000i\000p\000t\000i\000o\000n}{subsection.8.19}% 717
\BOOKMARK [2][-]{subsection.8.20}{\376\377\0008\000.\0002\0000\000\040\000o\000s\000a\000p\000i\000\137\000t\000a\000s\000k\000.\000h\000\040\000F\000i\000l\000e\000\040\000R\000e\000f\000e\000r\000e\000n\000c\000e}{section.8}% 718
\BOOKMARK [3][-]{subsubsection.8.20.1}{\376\377\0008\000.\0002\0000\000.\0001\000\040\000D\000e\000t\000a\000i\000l\000e\000d\000\040\000D\000e\000s\000c\000r\000i\000p\000t\000i\000o\000n}{subsection.8.20}% 719
\BOOKMARK [2][-]{subsection.8.21}{\376\377\0008\000.\0002\0001\000\040\000o\000s\000a\000p\000i\000\137\000t\000i\000m\000e\000.\000h\000\040\000F\000i\000l\000e\000\040\000R\000e\000f\000e\000r\000e\000n\000c\000e}{section.8}% 720
\BOOKMARK [3][-]{subsubsection.8.21.1}{\376\377\0008\000.\0002\0001\000.\0001\000\040\000D\000e\000t\000a\000i\000l\000e\000d\000\040\000D\000e\000s\000c\000r\000i\000p\000t\000i\000o\000n}{subsection.8.21}% 721
\BOOKMARK [2][-]{subsection.8.22}{\376\377\0008\000.\0002\0002\000\040\000r\000e\000d\000a\000\137\000l\000o\000g\000.\000h\000\040\000F\000i\000l\000e\000\040\000R\000e\000f\000e\000r\000e\000n\000c\000e}{section.8}% 722
\BOOKMARK [3][-]{subsubsection.8.22.1}{\376\377\0008\000.\0002\0002\000.\0001\000\040\000D\000e\000t\000a\000i\000l\000e\000d\000\040\000D\000e\000s\000c\000r\000i\000p\000t\000i\000o\000n}{subsection.8.22}% 723
\BOOKMARK [2][-]{subsection.8.23}{\376\377\0008\000.\0002\0003\000\040\000r\000h\000\137\000s\000m\000\137\000l\000o\000g\000.\000h\000\040\000F\000i\000l\000e\000\040\000R\000e\000f\000e\000r\000e\000n\000c\000e}{section.8}% 724
\BOOKMARK [3][-]{subsubsection.8.23.1}{\376\377\0008\000.\0002\0003\000.\0001\000\040\000D\000e\000t\000a\000i\000l\000e\000d\000\040\000D\000e\000s\000c\000r\000i\000p\000t\000i\000o\000n}{subsection.8.23}% 725
\BOOKMARK [3][-]{subsubsection.8.23.2}{\376\377\0008\000.\0002\0003\000.\0002\000\040\000M\000a\000c\000r\000o\000\040\000D\000e\000f\000i\000n\000i\000t\000i\000o\000n\000\040\000D\000o\000c\000u\000m\000e\000n\000t\000a\000t\000i\000o\000n}{subsection.8.23}% 726
\BOOKMARK [2][-]{subsection.8.24}{\376\377\0008\000.\0002\0004\000\040\000r\000t\000\137\000l\000o\000g\000.\000h\000\040\000F\000i\000l\000e\000\040\000R\000e\000f\000e\000r\000e\000n\000c\000e}{section.8}% 727
\BOOKMARK [2][-]{subsection.8.25}{\376\377\0008\000.\0002\0005\000\040\000r\000t\000p\000s\000\137\000c\000o\000n\000f\000i\000g\000.\000h\000\040\000F\000i\000l\000e\000\040\000R\000e\000f\000e\000r\000e\000n\000c\000e}{section.8}% 728
\BOOKMARK [3][-]{subsubsection.8.25.1}{\376\377\0008\000.\0002\0005\000.\0001\000\040\000D\000e\000t\000a\000i\000l\000e\000d\000\040\000D\000e\000s\000c\000r\000i\000p\000t\000i\000o\000n}{subsection.8.25}% 729
\BOOKMARK [2][-]{subsection.8.26}{\376\377\0008\000.\0002\0006\000\040\000r\000t\000p\000s\000\137\000d\000l\000l\000.\000h\000\040\000F\000i\000l\000e\000\040\000R\000e\000f\000e\000r\000e\000n\000c\000e}{section.8}% 730
\BOOKMARK [3][-]{subsubsection.8.26.1}{\376\377\0008\000.\0002\0006\000.\0001\000\040\000D\000e\000t\000a\000i\000l\000e\000d\000\040\000D\000e\000s\000c\000r\000i\000p\000t\000i\000o\000n}{subsection.8.26}% 731
\BOOKMARK [2][-]{subsection.8.27}{\376\377\0008\000.\0002\0007\000\040\000r\000t\000p\000s\000\137\000l\000o\000g\000.\000h\000\040\000F\000i\000l\000e\000\040\000R\000e\000f\000e\000r\000e\000n\000c\000e}{section.8}% 732
\BOOKMARK [3][-]{subsubsection.8.27.1}{\376\377\0008\000.\0002\0007\000.\0001\000\040\000D\000e\000t\000a\000i\000l\000e\000d\000\040\000D\000e\000s\000c\000r\000i\000p\000t\000i\000o\000n}{subsection.8.27}% 733
\BOOKMARK [3][-]{subsubsection.8.27.2}{\376\377\0008\000.\0002\0007\000.\0002\000\040\000M\000a\000c\000r\000o\000\040\000D\000e\000f\000i\000n\000i\000t\000i\000o\000n\000\040\000D\000o\000c\000u\000m\000e\000n\000t\000a\000t\000i\000o\000n}{subsection.8.27}% 734
\BOOKMARK [2][-]{subsection.8.28}{\376\377\0008\000.\0002\0008\000\040\000r\000t\000p\000s\000\137\000r\000t\000p\000s\000\137\000i\000m\000p\000l\000.\000h\000\040\000F\000i\000l\000e\000\040\000R\000e\000f\000e\000r\000e\000n\000c\000e}{section.8}% 735
\BOOKMARK [3][-]{subsubsection.8.28.1}{\376\377\0008\000.\0002\0008\000.\0001\000\040\000D\000e\000t\000a\000i\000l\000e\000d\000\040\000D\000e\000s\000c\000r\000i\000p\000t\000i\000o\000n}{subsection.8.28}% 736
\BOOKMARK [2][-]{subsection.8.29}{\376\377\0008\000.\0002\0009\000\040\000w\000h\000\137\000s\000m\000\137\000l\000o\000g\000.\000h\000\040\000F\000i\000l\000e\000\040\000R\000e\000f\000e\000r\000e\000n\000c\000e}{section.8}% 737
\BOOKMARK [3][-]{subsubsection.8.29.1}{\376\377\0008\000.\0002\0009\000.\0001\000\040\000D\000e\000t\000a\000i\000l\000e\000d\000\040\000D\000e\000s\000c\000r\000i\000p\000t\000i\000o\000n}{subsection.8.29}% 738
\BOOKMARK [3][-]{subsubsection.8.29.2}{\376\377\0008\000.\0002\0009\000.\0002\000\040\000M\000a\000c\000r\000o\000\040\000D\000e\000f\000i\000n\000i\000t\000i\000o\000n\000\040\000D\000o\000c\000u\000m\000e\000n\000t\000a\000t\000i\000o\000n}{subsection.8.29}% 739
\BOOKMARK [1][-]{section*.3120}{\376\377\000I\000n\000d\000e\000x}{}% 740
