This is pdfTeX, Version 3.14159265-2.6-1.40.20 (TeX Live 2019) (preloaded format=pdflatex 2024.3.11)  30 MAR 2026 22:58
entering extended mode
 restricted \write18 enabled.
 %&-line parsing enabled.
**refman
(./refman.tex
LaTeX2e <2020-02-02> patch level 5
L3 programming layer <2020-02-25>
(/opt/texlive/2019/texmf-dist/tex/generic/iftex/iftex.sty
Package: iftex 2019/11/07 v1.0c TeX engine tests
)
(/opt/texlive/2019/texmf-dist/tex/latex/base/article.cls
Document Class: article 2019/12/20 v1.4l Standard LaTeX document class
(/opt/texlive/2019/texmf-dist/tex/latex/base/size10.clo
File: size10.clo 2019/12/20 v1.4l Standard LaTeX file (size option)
)
\c@part=\count167
\c@section=\count168
\c@subsection=\count169
\c@subsubsection=\count170
\c@paragraph=\count171
\c@subparagraph=\count172
\c@figure=\count173
\c@table=\count174
\abovecaptionskip=\skip47
\belowcaptionskip=\skip48
\bibindent=\dimen134
)
(/opt/texlive/2019/texmf-dist/tex/latex/base/ifthen.sty
Package: ifthen 2014/09/29 v1.1c Standard LaTeX ifthen package (DPC)
)
(/opt/texlive/2019/texmf-dist/tex/latex/tools/array.sty
Rollback for package 'array' requested -> date 2016-10-06.
         Best approximation is the release introduced on 2016-10-06.

(/opt/texlive/2019/texmf-dist/tex/latex/tools/array-2016-10-06.sty
Package: array 2016/10/06 v2.4d Tabular extension package (FMi)
\col@sep=\dimen135
\extrarowheight=\dimen136
\NC@list=\toks15
\extratabsurround=\skip49
\backup@length=\skip50
))
(/opt/texlive/2019/texmf-dist/tex/generic/infwarerr/infwarerr.sty
package info suppressed
)
(./doxygen.sty
Package: doxygen 
 (/opt/texlive/2019/texmf-dist/tex/latex/base/alltt.sty
Package: alltt 1997/06/16 v2.0g defines alltt environment
)
(/opt/texlive/2019/texmf-dist/tex/latex/tools/calc.sty
Package: calc 2017/05/25 v4.3 Infix arithmetic (KKT,FJ)
\calc@Acount=\count175
\calc@Bcount=\count176
\calc@Adimen=\dimen137
\calc@Bdimen=\dimen138
\calc@Askip=\skip51
\calc@Bskip=\skip52
LaTeX Info: Redefining \setlength on input line 80.
LaTeX Info: Redefining \addtolength on input line 81.
\calc@Ccount=\count177
\calc@Cskip=\skip53
)
(/opt/texlive/2019/texmf-dist/tex/latex/float/float.sty
Package: float 2001/11/08 v1.3d Float enhancements (AL)
\c@float@type=\count178
\float@exts=\toks16
\float@box=\box45
\@float@everytoks=\toks17
\@floatcapt=\box46
)
(/opt/texlive/2019/texmf-dist/tex/latex/tools/verbatim.sty
Package: verbatim 2019/11/10 v1.5r LaTeX2e package for verbatim enhancements
\every@verbatim=\toks18
\verbatim@line=\toks19
\verbatim@in@stream=\read2
)
(/opt/texlive/2019/texmf-dist/tex/latex/xcolor/xcolor.sty
Package: xcolor 2016/05/11 v2.12 LaTeX color extensions (UK)

(/opt/texlive/2019/texmf-dist/tex/latex/graphics-cfg/color.cfg
File: color.cfg 2016/01/02 v1.6 sample color configuration
)
Package xcolor Info: Driver file: pdftex.def on input line 225.

(/opt/texlive/2019/texmf-dist/tex/latex/graphics-def/pdftex.def
File: pdftex.def 2018/01/08 v1.0l Graphics/color driver for pdftex
)
(/opt/texlive/2019/texmf-dist/tex/latex/colortbl/colortbl.sty
Package: colortbl 2020/01/04 v1.0e Color table columns (DPC)
\everycr=\toks20
\minrowclearance=\skip54
)
\rownum=\count179
Package xcolor Info: Model `cmy' substituted by `cmy0' on input line 1348.
Package xcolor Info: Model `hsb' substituted by `rgb' on input line 1352.
Package xcolor Info: Model `RGB' extended on input line 1364.
Package xcolor Info: Model `HTML' substituted by `rgb' on input line 1366.
Package xcolor Info: Model `Hsb' substituted by `hsb' on input line 1367.
Package xcolor Info: Model `tHsb' substituted by `hsb' on input line 1368.
Package xcolor Info: Model `HSB' substituted by `hsb' on input line 1369.
Package xcolor Info: Model `Gray' substituted by `gray' on input line 1370.
Package xcolor Info: Model `wave' substituted by `hsb' on input line 1371.
)
(./longtable_doxygen.sty
Package: longtable_doxygen 2014/10/28 v4.11 Multi-page Table package (DPC) - fr
ozen version for doxygen
\LTleft=\skip55
\LTright=\skip56
\LTpre=\skip57
\LTpost=\skip58
\LTchunksize=\count180
\LTcapwidth=\dimen139
\LT@head=\box47
\LT@firsthead=\box48
\LT@foot=\box49
\LT@lastfoot=\box50
\LT@cols=\count181
\LT@rows=\count182
\c@LT@tables=\count183
\c@LT@chunks=\count184
\LT@p@ftn=\toks21
) (./tabu_doxygen.sty
Package: tabu_doxygen 2011/02/26 v2.8 - flexible LaTeX tabulars (FC), frozen ve
rsion for doxygen

(/opt/texlive/2019/texmf-dist/tex/latex/varwidth/varwidth.sty
Package: varwidth 2009/03/30 ver 0.92;  Variable-width minipages
\@vwid@box=\box51
\sift@deathcycles=\count185
\@vwid@loff=\dimen140
\@vwid@roff=\dimen141
)
\c@taburow=\count186
\tabu@nbcols=\count187
\tabu@cnt=\count188
\tabu@Xcol=\count189
\tabu@alloc=\count190
\tabu@nested=\count191
\tabu@target=\dimen142
\tabu@spreadtarget=\dimen143
\tabu@naturalX=\dimen144
\tabucolX=\dimen145
\tabu@Xsum=\dimen146
\extrarowdepth=\dimen147
\abovetabulinesep=\dimen148
\belowtabulinesep=\dimen149
\tabustrutrule=\dimen150
\tabu@thebody=\toks22
\tabu@footnotes=\toks23
\tabu@box=\box52
\tabu@arstrutbox=\box53
\tabu@hleads=\box54
\tabu@vleads=\box55
\tabu@cellskip=\skip59
)
(/opt/texlive/2019/texmf-dist/tex/latex/fancyvrb/fancyvrb.sty
Package: fancyvrb 2020/01/13 v3.5 verbatim text (tvz,hv)

(/opt/texlive/2019/texmf-dist/tex/latex/graphics/keyval.sty
Package: keyval 2014/10/28 v1.15 key=value parser (DPC)
\KV@toks@=\toks24
)
\FV@CodeLineNo=\count192
\FV@InFile=\read3
\FV@TabBox=\box56
\c@FancyVerbLine=\count193
\FV@StepNumber=\count194
\FV@OutFile=\write3
)
(/opt/texlive/2019/texmf-dist/tex/latex/tools/tabularx.sty
Package: tabularx 2020/01/15 v2.11c `tabularx' package (DPC)
\TX@col@width=\dimen151
\TX@old@table=\dimen152
\TX@old@col=\dimen153
\TX@target=\dimen154
\TX@delta=\dimen155
\TX@cols=\count195
\TX@ftn=\toks25
)
(/opt/texlive/2019/texmf-dist/tex/latex/tools/multicol.sty
Package: multicol 2019/12/09 v1.8y multicolumn formatting (FMi)
\c@tracingmulticols=\count196
\mult@box=\box57
\multicol@leftmargin=\dimen156
\c@unbalance=\count197
\c@collectmore=\count198
\doublecol@number=\count199
\multicoltolerance=\count266
\multicolpretolerance=\count267
\full@width=\dimen157
\page@free=\dimen158
\premulticols=\dimen159
\postmulticols=\dimen160
\multicolsep=\skip60
\multicolbaselineskip=\skip61
\partial@page=\box58
\last@line=\box59
\maxbalancingoverflow=\dimen161
\mult@rightbox=\box60
\mult@grightbox=\box61
\mult@gfirstbox=\box62
\mult@firstbox=\box63
\@tempa=\box64
\@tempa=\box65
\@tempa=\box66
\@tempa=\box67
\@tempa=\box68
\@tempa=\box69
\@tempa=\box70
\@tempa=\box71
\@tempa=\box72
\@tempa=\box73
\@tempa=\box74
\@tempa=\box75
\@tempa=\box76
\@tempa=\box77
\@tempa=\box78
\@tempa=\box79
\@tempa=\box80
\@tempa=\box81
\@tempa=\box82
\@tempa=\box83
\@tempa=\box84
\@tempa=\box85
\@tempa=\box86
\@tempa=\box87
\@tempa=\box88
\@tempa=\box89
\@tempa=\box90
\@tempa=\box91
\@tempa=\box92
\@tempa=\box93
\@tempa=\box94
\@tempa=\box95
\@tempa=\box96
\@tempa=\box97
\@tempa=\box98
\@tempa=\box99
\@tempa=\box100
\c@minrows=\count268
\c@columnbadness=\count269
\c@finalcolumnbadness=\count270
\last@try=\dimen162
\multicolovershoot=\dimen163
\multicolundershoot=\dimen164
\mult@nat@firstbox=\box101
\colbreak@box=\box102
\mc@col@check@num=\count271
)
(/opt/texlive/2019/texmf-dist/tex/latex/multirow/multirow.sty
Package: multirow 2019/05/31 v2.5 Span multiple rows of a table
\multirow@colwidth=\skip62
\multirow@cntb=\count272
\multirow@dima=\skip63
\bigstrutjot=\dimen165
)
(/opt/texlive/2019/texmf-dist/tex/latex/hanging/hanging.sty
Package: hanging 2009/09/02 v1.2b hanging paragraphs and punctuation
\h@ngcommawd=\skip64
\h@ngfstopwd=\skip65
\h@ngquotewd=\skip66
\h@ngdquotewd=\skip67
\h@ngquerywd=\skip68
\h@ngexclwd=\skip69
\h@ngcolonwd=\skip70
\h@ngscolonwd=\skip71
)
(/opt/texlive/2019/texmf-dist/tex/generic/iftex/ifpdf.sty
Package: ifpdf 2019/10/25 v3.4 ifpdf legacy package. Use iftex instead.
)
(/opt/texlive/2019/texmf-dist/tex/latex/adjustbox/adjustbox.sty
Package: adjustbox 2019/01/04 v1.2 Adjusting TeX boxes (trim, clip, ...)

(/opt/texlive/2019/texmf-dist/tex/latex/xkeyval/xkeyval.sty
Package: xkeyval 2014/12/03 v2.7a package option processing (HA)

(/opt/texlive/2019/texmf-dist/tex/generic/xkeyval/xkeyval.tex
(/opt/texlive/2019/texmf-dist/tex/generic/xkeyval/xkvutils.tex
\XKV@toks=\toks26
\XKV@tempa@toks=\toks27
)
\XKV@depth=\count273
File: xkeyval.tex 2014/12/03 v2.7a key=value parser (HA)
))
(/opt/texlive/2019/texmf-dist/tex/latex/adjustbox/adjcalc.sty
Package: adjcalc 2012/05/16 v1.1 Provides advanced setlength with multiple back
-ends (calc, etex, pgfmath)
)
(/opt/texlive/2019/texmf-dist/tex/latex/adjustbox/trimclip.sty
Package: trimclip 2018/04/08 v1.1 Trim and clip general TeX material

(/opt/texlive/2019/texmf-dist/tex/latex/graphics/graphicx.sty
Package: graphicx 2019/11/30 v1.2a Enhanced LaTeX Graphics (DPC,SPQR)

(/opt/texlive/2019/texmf-dist/tex/latex/graphics/graphics.sty
Package: graphics 2019/11/30 v1.4a Standard LaTeX Graphics (DPC,SPQR)

(/opt/texlive/2019/texmf-dist/tex/latex/graphics/trig.sty
Package: trig 2016/01/03 v1.10 sin cos tan (DPC)
)
(/opt/texlive/2019/texmf-dist/tex/latex/graphics-cfg/graphics.cfg
File: graphics.cfg 2016/06/04 v1.11 sample graphics configuration
)
Package graphics Info: Driver file: pdftex.def on input line 105.
)
\Gin@req@height=\dimen166
\Gin@req@width=\dimen167
)
(/opt/texlive/2019/texmf-dist/tex/latex/collectbox/collectbox.sty
Package: collectbox 2012/05/17 v0.4b Collect macro arguments as boxes
\collectedbox=\box103
)
\tc@llx=\dimen168
\tc@lly=\dimen169
\tc@urx=\dimen170
\tc@ury=\dimen171
Package trimclip Info: Using driver 'tc-pdftex.def'.

(/opt/texlive/2019/texmf-dist/tex/latex/adjustbox/tc-pdftex.def
File: tc-pdftex.def 2019/01/04 v2.2 Clipping driver for pdftex
))
\adjbox@Width=\dimen172
\adjbox@Height=\dimen173
\adjbox@Depth=\dimen174
\adjbox@Totalheight=\dimen175
\adjbox@pwidth=\dimen176
\adjbox@pheight=\dimen177
\adjbox@pdepth=\dimen178
\adjbox@ptotalheight=\dimen179

(/opt/texlive/2019/texmf-dist/tex/latex/ifoddpage/ifoddpage.sty
Package: ifoddpage 2016/04/23 v1.1 Conditionals for odd/even page detection
\c@checkoddpage=\count274
))
(/opt/texlive/2019/texmf-dist/tex/latex/amsfonts/amssymb.sty
Package: amssymb 2013/01/14 v3.01 AMS font symbols

(/opt/texlive/2019/texmf-dist/tex/latex/amsfonts/amsfonts.sty
Package: amsfonts 2013/01/14 v3.01 Basic AMSFonts support
\@emptytoks=\toks28
\symAMSa=\mathgroup4
\symAMSb=\mathgroup5
LaTeX Font Info:    Redeclaring math symbol \hbar on input line 98.
LaTeX Font Info:    Overwriting math alphabet `\mathfrak' in version `bold'
(Font)                  U/euf/m/n --> U/euf/b/n on input line 106.
))
(/opt/texlive/2019/texmf-dist/tex/latex/stackengine/stackengine.sty
Package: stackengine 2017/02/13 v4.01\ Stacking text and objects in convenient 
ways

(/opt/texlive/2019/texmf-dist/tex/latex/etoolbox/etoolbox.sty
Package: etoolbox 2019/09/21 v2.5h e-TeX tools for LaTeX (JAW)
\etb@tempcnta=\count275
)
(/opt/texlive/2019/texmf-dist/tex/generic/listofitems/listofitems.sty
(/opt/texlive/2019/texmf-dist/tex/generic/listofitems/listofitems.tex
\loi_cnt_foreach_nest=\count276
\loi_nestcnt=\count277
)
Package: listofitems 2019/08/21 v1.63 Grab items in lists using user-specified 
sep char (CT)
)
\c@@stackindex=\count278
\@boxshift=\skip72
\stack@tmplength=\skip73
\temp@stkl=\skip74
\@stackedboxwidth=\skip75
\@addedbox=\box104
\@anchorbox=\box105
\stackedbox=\box106
\@centerbox=\box107
\c@ROWcellindex@=\count279
)
(/opt/texlive/2019/texmf-dist/tex/latex/enumitem/enumitem.sty
Package: enumitem 2019/06/20 v3.9 Customized lists
\labelindent=\skip76
\enit@outerparindent=\dimen180
\enit@toks=\toks29
\enit@inbox=\box108
\enit@count@id=\count280
\enitdp@description=\count281
)
(/opt/texlive/2019/texmf-dist/tex/generic/alphalph/alphalph.sty
Package: alphalph 2019/12/09 v2.6 Convert numbers to letters (HO)

(/opt/texlive/2019/texmf-dist/tex/generic/intcalc/intcalc.sty
Package: intcalc 2019/12/15 v1.3 Expandable calculations with integers (HO)
))
(/opt/texlive/2019/texmf-dist/tex/generic/ulem/ulem.sty
\UL@box=\box109
\UL@hyphenbox=\box110
\UL@skip=\skip77
\UL@hook=\toks30
\UL@height=\dimen181
\UL@pe=\count282
\UL@pixel=\dimen182
\ULC@box=\box111
Package: ulem 2019/11/18
\ULdepth=\dimen183
)
\xrefbox=\box112
\xreflength=\skip78
\CodeWidthChar=\skip79
\CodeHeightChar=\skip80
\DoxyCodeWidth=\skip81
\c@DoxyEnumeratei=\count283
\c@DoxyEnumerateii=\count284
\c@DoxyEnumerateiii=\count285
\c@DoxyEnumerateiv=\count286
\c@DoxyEnumeratev=\count287
\c@DoxyEnumeratevi=\count288
\c@DoxyEnumeratevii=\count289
\c@DoxyEnumerateviii=\count290
\c@DoxyEnumerateix=\count291
\c@DoxyEnumeratex=\count292
\c@DoxyEnumeratexi=\count293
\c@DoxyEnumeratexii=\count294
\enitdp@DoxyEnumerate=\count295
\enitdp@DoxyItemize=\count296
\c@subsubsubsection=\count297
\c@subsubsubsubsection=\count298
\c@subsubsubsubsubsection=\count299
\c@subsubsubsubsubsubsection=\count300
\c@subsubsubsubsubsubsubsection=\count301
)
(/opt/texlive/2019/texmf-dist/tex/latex/base/inputenc.sty
Package: inputenc 2018/08/11 v1.3c Input encoding file
\inpenc@prehook=\toks31
\inpenc@posthook=\toks32
)
(/opt/texlive/2019/texmf-dist/tex/latex/base/makeidx.sty
Package: makeidx 2014/09/29 v1.0m Standard LaTeX package
)
(/opt/texlive/2019/texmf-dist/tex/latex/base/textcomp.sty
Package: textcomp 2020/02/02 v2.0n Standard LaTeX package
)
(/opt/texlive/2019/texmf-dist/tex/latex/wasysym/wasysym.sty
Package: wasysym 2020/01/19 v2.4 Wasy-2 symbol support package
\symwasy=\mathgroup6
LaTeX Font Info:    Overwriting symbol font `wasy' in version `bold'
(Font)                  U/wasy/m/n --> U/wasy/b/n on input line 93.
)
(/opt/texlive/2019/texmf-dist/tex/generic/iftex/ifxetex.sty
Package: ifxetex 2019/10/25 v0.7 ifxetex legacy package. Use iftex instead.
)
(/opt/texlive/2019/texmf-dist/tex/latex/base/fontenc.sty
Package: fontenc 2020/02/11 v2.0o Standard LaTeX package
)
(/opt/texlive/2019/texmf-dist/tex/latex/psnfss/helvet.sty
Package: helvet 2005/04/12 PSNFSS-v9.2a (WaS) 
)
(/opt/texlive/2019/texmf-dist/tex/latex/psnfss/courier.sty
Package: courier 2005/04/12 PSNFSS-v9.2a (WaS) 
)
(/opt/texlive/2019/texmf-dist/tex/latex/geometry/geometry.sty
Package: geometry 2020/01/02 v5.9 Page Geometry

(/opt/texlive/2019/texmf-dist/tex/generic/iftex/ifvtex.sty
Package: ifvtex 2019/10/25 v1.7 ifvtex legacy package. Use iftex instead.
)
\Gm@cnth=\count302
\Gm@cntv=\count303
\c@Gm@tempcnt=\count304
\Gm@bindingoffset=\dimen184
\Gm@wd@mp=\dimen185
\Gm@odd@mp=\dimen186
\Gm@even@mp=\dimen187
\Gm@layoutwidth=\dimen188
\Gm@layoutheight=\dimen189
\Gm@layouthoffset=\dimen190
\Gm@layoutvoffset=\dimen191
\Gm@dimlist=\toks33
)
(/opt/texlive/2019/texmf-dist/tex/latex/changepage/changepage.sty
Package: changepage 2009/10/20 v1.0c check page and change page layout
\c@cp@cntr=\count305
\cp@tempcnt=\count306
LaTeX Info: Redefining \checkoddpage on input line 59.
)
(/opt/texlive/2019/texmf-dist/tex/latex/fancyhdr/fancyhdr.sty
Package: fancyhdr 2019/01/31 v3.10 Extensive control of page headers and footer
s
\f@nch@headwidth=\skip82
\f@nch@O@elh=\skip83
\f@nch@O@erh=\skip84
\f@nch@O@olh=\skip85
\f@nch@O@orh=\skip86
\f@nch@O@elf=\skip87
\f@nch@O@erf=\skip88
\f@nch@O@olf=\skip89
\f@nch@O@orf=\skip90
)
(/opt/texlive/2019/texmf-dist/tex/latex/natbib/natbib.sty
Package: natbib 2010/09/13 8.31b (PWD, AO)
\bibhang=\skip91
\bibsep=\skip92
LaTeX Info: Redefining \cite on input line 694.
\c@NAT@ctr=\count307
)
(/opt/texlive/2019/texmf-dist/tex/latex/tocloft/tocloft.sty
Package: tocloft 2017/08/31 v2.3i parameterised ToC, etc., typesetting
Package tocloft Info: The document has section divisions on input line 51.
\cftparskip=\skip93
\cftbeforetoctitleskip=\skip94
\cftaftertoctitleskip=\skip95
\cftbeforepartskip=\skip96
\cftpartnumwidth=\skip97
\cftpartindent=\skip98
\cftbeforesecskip=\skip99
\cftsecindent=\skip100
\cftsecnumwidth=\skip101
\cftbeforesubsecskip=\skip102
\cftsubsecindent=\skip103
\cftsubsecnumwidth=\skip104
\cftbeforesubsubsecskip=\skip105
\cftsubsubsecindent=\skip106
\cftsubsubsecnumwidth=\skip107
\cftbeforeparaskip=\skip108
\cftparaindent=\skip109
\cftparanumwidth=\skip110
\cftbeforesubparaskip=\skip111
\cftsubparaindent=\skip112
\cftsubparanumwidth=\skip113
\cftbeforeloftitleskip=\skip114
\cftafterloftitleskip=\skip115
\cftbeforefigskip=\skip116
\cftfigindent=\skip117
\cftfignumwidth=\skip118
\c@lofdepth=\count308
\c@lotdepth=\count309
\cftbeforelottitleskip=\skip119
\cftafterlottitleskip=\skip120
\cftbeforetabskip=\skip121
\cfttabindent=\skip122
\cfttabnumwidth=\skip123
)
\@indexfile=\write4
\openout4 = `refman.idx'.


Writing index file refman.idx
(/opt/texlive/2019/texmf-dist/tex/latex/newunicodechar/newunicodechar.sty
Package: newunicodechar 2018/04/08 v1.2 Defining Unicode characters
)
(/opt/texlive/2019/texmf-dist/tex/latex/hyperref/hyperref.sty
Package: hyperref 2020/01/14 v7.00d Hypertext links for LaTeX

(/opt/texlive/2019/texmf-dist/tex/generic/ltxcmds/ltxcmds.sty
Package: ltxcmds 2019/12/15 v1.24 LaTeX kernel commands for general use (HO)
)
(/opt/texlive/2019/texmf-dist/tex/latex/pdftexcmds/pdftexcmds.sty
Package: pdftexcmds 2019/11/24 v0.31 Utility functions of pdfTeX for LuaTeX (HO
)
Package pdftexcmds Info: \pdf@primitive is available.
Package pdftexcmds Info: \pdf@ifprimitive is available.
Package pdftexcmds Info: \pdfdraftmode found.
)
(/opt/texlive/2019/texmf-dist/tex/generic/kvsetkeys/kvsetkeys.sty
Package: kvsetkeys 2019/12/15 v1.18 Key value parser (HO)
)
(/opt/texlive/2019/texmf-dist/tex/generic/kvdefinekeys/kvdefinekeys.sty
Package: kvdefinekeys 2019-12-19 v1.6 Define keys (HO)
)
(/opt/texlive/2019/texmf-dist/tex/generic/pdfescape/pdfescape.sty
Package: pdfescape 2019/12/09 v1.15 Implements pdfTeX's escape features (HO)
)
(/opt/texlive/2019/texmf-dist/tex/latex/hycolor/hycolor.sty
Package: hycolor 2020-01-27 v1.10 Color options for hyperref/bookmark (HO)
)
(/opt/texlive/2019/texmf-dist/tex/latex/letltxmacro/letltxmacro.sty
Package: letltxmacro 2019/12/03 v1.6 Let assignment for LaTeX macros (HO)
)
(/opt/texlive/2019/texmf-dist/tex/latex/auxhook/auxhook.sty
Package: auxhook 2019-12-17 v1.6 Hooks for auxiliary files (HO)
)
(/opt/texlive/2019/texmf-dist/tex/latex/kvoptions/kvoptions.sty
Package: kvoptions 2019/11/29 v3.13 Key value format for package options (HO)
)
\@linkdim=\dimen192
\Hy@linkcounter=\count310
\Hy@pagecounter=\count311

(/opt/texlive/2019/texmf-dist/tex/latex/hyperref/pd1enc.def
File: pd1enc.def 2020/01/14 v7.00d Hyperref: PDFDocEncoding definition (HO)
Now handling font encoding PD1 ...
... no UTF-8 mapping file for font encoding PD1
)
(/opt/texlive/2019/texmf-dist/tex/generic/etexcmds/etexcmds.sty
Package: etexcmds 2019/12/15 v1.7 Avoid name clashes with e-TeX commands (HO)
)
\Hy@SavedSpaceFactor=\count312
\pdfmajorversion=\count313
Package hyperref Info: Hyper figures OFF on input line 4547.
Package hyperref Info: Link nesting OFF on input line 4552.
Package hyperref Info: Hyper index ON on input line 4555.
Package hyperref Info: Plain pages OFF on input line 4562.
Package hyperref Info: Backreferencing ON on input line 4565.
Package hyperref Info: Implicit mode ON; LaTeX internals redefined.
Package hyperref Info: Bookmarks ON on input line 4800.

(/opt/texlive/2019/texmf-dist/tex/latex/hyperref/backref.sty
Package: backref 2020/01/14 v1.40 Bibliographical back referencing

(/opt/texlive/2019/texmf-dist/tex/latex/rerunfilecheck/rerunfilecheck.sty
Package: rerunfilecheck 2019/12/05 v1.9 Rerun checks for auxiliary files (HO)

(/opt/texlive/2019/texmf-dist/tex/latex/atveryend/atveryend.sty
Package: atveryend 2019-12-11 v1.11 Hooks at the very end of document (HO)
)
(/opt/texlive/2019/texmf-dist/tex/generic/uniquecounter/uniquecounter.sty
Package: uniquecounter 2019/12/15 v1.4 Provide unlimited unique counter (HO)

(/opt/texlive/2019/texmf-dist/tex/generic/bigintcalc/bigintcalc.sty
Package: bigintcalc 2019/12/15 v1.5 Expandable calculations on big integers (HO
)
))
Package uniquecounter Info: New unique counter `rerunfilecheck' on input line 2
86.
))
\c@Hy@tempcnt=\count314

(/opt/texlive/2019/texmf-dist/tex/latex/url/url.sty
\Urlmuskip=\muskip16
Package: url 2013/09/16  ver 3.4  Verb mode for urls, etc.
)
LaTeX Info: Redefining \url on input line 5159.
\XeTeXLinkMargin=\dimen193

(/opt/texlive/2019/texmf-dist/tex/generic/bitset/bitset.sty
Package: bitset 2019/12/09 v1.3 Handle bit-vector datatype (HO)
)
\Fld@menulength=\count315
\Field@Width=\dimen194
\Fld@charsize=\dimen195
Package hyperref Info: Hyper figures OFF on input line 6430.
Package hyperref Info: Link nesting OFF on input line 6435.
Package hyperref Info: Hyper index ON on input line 6438.
Package hyperref Info: backreferencing ON on input line 6443.
Package hyperref Info: Link coloring OFF on input line 6450.
Package hyperref Info: Link coloring with OCG OFF on input line 6455.
Package hyperref Info: PDF/A mode OFF on input line 6460.
LaTeX Info: Redefining \ref on input line 6500.
LaTeX Info: Redefining \pageref on input line 6504.

(/opt/texlive/2019/texmf-dist/tex/generic/atbegshi/atbegshi.sty
Package: atbegshi 2019/12/05 v1.19 At begin shipout hook (HO)
)
\Hy@abspage=\count316
\c@Item=\count317
\c@Hfootnote=\count318


LaTeX Warning: Command \LT@p@ftntext  has changed.
               Check if current package is valid.

)
Package hyperref Info: Driver: hpdftex.
 (/opt/texlive/2019/texmf-dist/tex/latex/hyperref/hpdftex.def
File: hpdftex.def 2020/01/14 v7.00d Hyperref driver for pdfTeX
\Fld@listcount=\count319
\c@bookmark@seq@number=\count320
\Hy@SectionHShift=\skip124
)
Package hyperref Info: Option `colorlinks' set `true' on input line 186.
Package hyperref Info: Option `unicode' set `true' on input line 186.

(/opt/texlive/2019/texmf-dist/tex/latex/hyperref/puenc.def
File: puenc.def 2020/01/14 v7.00d Hyperref: PDF Unicode definition (HO)
Now handling font encoding PU ...
... no UTF-8 mapping file for font encoding PU
)
(/opt/texlive/2019/texmf-dist/tex/latex/caption/caption.sty
Package: caption 2020/01/03 v3.4h Customizing captions (AR)

(/opt/texlive/2019/texmf-dist/tex/latex/caption/caption3.sty
Package: caption3 2020/01/03 v1.8h caption3 kernel (AR)
Package caption3 Info: TeX engine: e-TeX on input line 61.
\captionmargin=\dimen196
\captionmargin@=\dimen197
\captionwidth=\dimen198
\caption@tempdima=\dimen199
\caption@indent=\dimen256
\caption@parindent=\dimen257
\caption@hangindent=\dimen258
Package caption Info: Standard document class detected.
)
\c@caption@flags=\count321
\c@continuedfloat=\count322
Package caption Info: float package is loaded.
Package caption Info: hyperref package is loaded.
Package caption Info: longtable package is loaded.

(/opt/texlive/2019/texmf-dist/tex/latex/caption/ltcaption.sty
Package: ltcaption 2018/08/26 v1.4a longtable captions (AR)
))
(./etoc_doxygen.sty
Package: etoc_doxygen 2023/07/01 v1.2b Completely customisable TOCs (JFB)
Package etoc Info: Old LaTeX (2020-02-02) detected!
(etoc)             Since 1.1a (2023/01/14), etoc prefers LaTeX at least
(etoc)             as recent as 2020-10-01, for reasons of the .toc file,
(etoc)             and used to require it (from 1.1a to 1.2).
(etoc)             This etoc (1.2b) does not *require* it, but has not been
(etoc)             tested thoroughly on old LaTeX (especially if document
(etoc)             does not use hyperref) and retrofitting was done only
(etoc)             on basis of author partial remembrances of old context.
(etoc)             Reported on input line 46.
\Etoc@toctoks=\toks34
\c@etoc@tocid=\count323
\etoc@framed@titlebox=\box113
\etoc@framed@contentsbox=\box114
)
(/opt/texlive/2019/texmf-dist/tex/latex/l3backend/l3backend-pdfmode.def
File: l3backend-pdfmode.def 2020-02-23 L3 backend support: PDF mode
\l__kernel_color_stack_int=\count324
\l__pdf_internal_box=\box115
)
(./refman.aux)
\openout1 = `refman.aux'.

LaTeX Font Info:    Checking defaults for OML/cmm/m/it on input line 208.
LaTeX Font Info:    ... okay on input line 208.
LaTeX Font Info:    Checking defaults for OMS/cmsy/m/n on input line 208.
LaTeX Font Info:    ... okay on input line 208.
LaTeX Font Info:    Checking defaults for OT1/cmr/m/n on input line 208.
LaTeX Font Info:    ... okay on input line 208.
LaTeX Font Info:    Checking defaults for T1/cmr/m/n on input line 208.
LaTeX Font Info:    ... okay on input line 208.
LaTeX Font Info:    Checking defaults for TS1/cmr/m/n on input line 208.
LaTeX Font Info:    ... okay on input line 208.
LaTeX Font Info:    Checking defaults for OMX/cmex/m/n on input line 208.
LaTeX Font Info:    ... okay on input line 208.
LaTeX Font Info:    Checking defaults for U/cmr/m/n on input line 208.
LaTeX Font Info:    ... okay on input line 208.
LaTeX Font Info:    Checking defaults for PD1/pdf/m/n on input line 208.
LaTeX Font Info:    ... okay on input line 208.
LaTeX Font Info:    Checking defaults for PU/pdf/m/n on input line 208.
LaTeX Font Info:    ... okay on input line 208.
LaTeX Font Info:    Trying to load font information for T1+phv on input line 20
8.
 (/opt/texlive/2019/texmf-dist/tex/latex/psnfss/t1phv.fd
File: t1phv.fd 2001/06/04 scalable font definitions for T1/phv.


LaTeX Warning: Font shape declaration has incorrect series value `mc'.
               It should not contain an `m'! Please correct it.
               Found on input line 20.


LaTeX Warning: Font shape declaration has incorrect series value `mc'.
               It should not contain an `m'! Please correct it.
               Found on input line 23.


LaTeX Warning: Font shape declaration has incorrect series value `mc'.
               It should not contain an `m'! Please correct it.
               Found on input line 26.


LaTeX Warning: Font shape declaration has incorrect series value `mc'.
               It should not contain an `m'! Please correct it.
               Found on input line 46.

)
LaTeX Font Info:    Font shape `T1/phv/m/n' will be
(Font)              scaled to size 8.99994pt on input line 208.
 (/opt/texlive/2019/texmf-dist/tex/context/base/mkii/supp-pdf.mkii
[Loading MPS to PDF converter (version 2006.09.02).]
\scratchcounter=\count325
\scratchdimen=\dimen259
\scratchbox=\box116
\nofMPsegments=\count326
\nofMParguments=\count327
\everyMPshowfont=\toks35
\MPscratchCnt=\count328
\MPscratchDim=\dimen260
\MPnumerator=\count329
\makeMPintoPDFobject=\count330
\everyMPtoPDFconversion=\toks36
) (/opt/texlive/2019/texmf-dist/tex/latex/epstopdf-pkg/epstopdf-base.sty
Package: epstopdf-base 2020-01-24 v2.11 Base part for package epstopdf
Package epstopdf-base Info: Redefining graphics rule for `.eps' on input line 4
85.

(/opt/texlive/2019/texmf-dist/tex/latex/latexconfig/epstopdf-sys.cfg
File: epstopdf-sys.cfg 2010/07/13 v1.3 Configuration of (r)epstopdf for TeX Liv
e
))
*geometry* driver: auto-detecting
*geometry* detected driver: pdftex
*geometry* verbose mode - [ preamble ] result:
* driver: pdftex
* paper: letterpaper
* layout: <same size as paper>
* layoutoffset:(h,v)=(0.0pt,0.0pt)
* modes: twoside 
* h-part:(L,W,R)=(71.13188pt, 472.03123pt, 71.13188pt)
* v-part:(T,H,B)=(71.13188pt, 652.70622pt, 71.13188pt)
* \paperwidth=614.295pt
* \paperheight=794.96999pt
* \textwidth=472.03123pt
* \textheight=652.70622pt
* \oddsidemargin=-1.1381pt
* \evensidemargin=-1.1381pt
* \topmargin=-38.1381pt
* \headheight=12.0pt
* \headsep=25.0pt
* \topskip=10.0pt
* \footskip=30.0pt
* \marginparwidth=121.0pt
* \marginparsep=11.0pt
* \columnsep=10.0pt
* \skip\footins=9.0pt plus 4.0pt minus 2.0pt
* \hoffset=0.0pt
* \voffset=0.0pt
* \mag=1000
* \@twocolumnfalse
* \@twosidetrue
* \@mparswitchtrue
* \@reversemarginfalse
* (1in=72.27pt=25.4mm, 1cm=28.453pt)

Package backref Info: ** backref set up for natbib ** on input line 208.
\AtBeginShipoutBox=\box117
Package hyperref Info: Link coloring ON on input line 208.
(/opt/texlive/2019/texmf-dist/tex/latex/hyperref/nameref.sty
Package: nameref 2019/09/16 v2.46 Cross-referencing by name of section

(/opt/texlive/2019/texmf-dist/tex/latex/refcount/refcount.sty
Package: refcount 2019/12/15 v3.6 Data extraction from label references (HO)
)
(/opt/texlive/2019/texmf-dist/tex/generic/gettitlestring/gettitlestring.sty
Package: gettitlestring 2019/12/15 v1.6 Cleanup title references (HO)
)
\c@section@level=\count331
)
LaTeX Info: Redefining \ref on input line 208.
LaTeX Info: Redefining \pageref on input line 208.
LaTeX Info: Redefining \nameref on input line 208.

(./refman.out) (./refman.out)
\@outlinefile=\write5
\openout5 = `refman.out'.

Package caption Info: Begin \AtBeginDocument code.
Package caption Info: End \AtBeginDocument code.
\Etoc@tf=\read4
Package hyperref Info: Option `pageanchor' set `false' on input line 216.
Package hyperref Info: Option `bookmarksnumbered' set `true' on input line 216.

Package hyperref Info: Option `unicode' set `true' on input line 216.
LaTeX Font Info:    Font shape `T1/phv/m/n' will be
(Font)              scaled to size 12.9599pt on input line 221.
LaTeX Font Info:    Font shape `T1/phv/m/n' will be
(Font)              scaled to size 10.79993pt on input line 222.
LaTeX Font Info:    Font shape `T1/phv/m/n' will be
(Font)              scaled to size 6.29996pt on input line 222.
LaTeX Font Info:    Trying to load font information for U+msa on input line 222
.

(/opt/texlive/2019/texmf-dist/tex/latex/amsfonts/umsa.fd
File: umsa.fd 2013/01/14 v3.01 AMS symbols A
)
LaTeX Font Info:    Trying to load font information for U+msb on input line 222
.

(/opt/texlive/2019/texmf-dist/tex/latex/amsfonts/umsb.fd
File: umsb.fd 2013/01/14 v3.01 AMS symbols B
)
LaTeX Font Info:    Trying to load font information for U+wasy on input line 22
2.

(/opt/texlive/2019/texmf-dist/tex/latex/wasysym/uwasy.fd
File: uwasy.fd 2020/01/19 v2.4 Wasy-2 symbol font definitions
) [1

{/opt/texlive/2019/texmf-var/fonts/map/pdftex/updmap/pdftex.map}]
\tf@toc=\write6
\openout6 = `refman.toc'.

LaTeX Font Info:    Font shape `T1/phv/b/n' will be
(Font)              scaled to size 8.99994pt on input line 228.
LaTeX Font Info:    Font shape `T1/phv/b/n' will be
(Font)              scaled to size 6.29996pt on input line 228.
LaTeX Font Info:    Trying to load font information for TS1+phv on input line 2
28.

(/opt/texlive/2019/texmf-dist/tex/latex/psnfss/ts1phv.fd
File: ts1phv.fd 2001/06/04 scalable font definitions for TS1/phv.


LaTeX Warning: Font shape declaration has incorrect series value `mc'.
               It should not contain an `m'! Please correct it.
               Found on input line 17.


LaTeX Warning: Font shape declaration has incorrect series value `mc'.
               It should not contain an `m'! Please correct it.
               Found on input line 20.


LaTeX Warning: Font shape declaration has incorrect series value `mc'.
               It should not contain an `m'! Please correct it.
               Found on input line 34.

)
LaTeX Font Info:    Font shape `TS1/phv/b/n' will be
(Font)              scaled to size 6.29996pt on input line 228.
 [1] [2] [3] [4] [5] [6] [7] [8] [9] [10] [11] [12] [13] [14] [15] [16]
[17] [18]
Package hyperref Info: Option `pageanchor' set `true' on input line 230.
 (./index.tex
LaTeX Font Info:    Font shape `T1/phv/b/n' will be
(Font)              scaled to size 12.9599pt on input line 1.
LaTeX Font Info:    Trying to load font information for T1+pcr on input line 5.

 (/opt/texlive/2019/texmf-dist/tex/latex/psnfss/t1pcr.fd
File: t1pcr.fd 2001/06/04 font definitions for T1/pcr.
)
LaTeX Font Info:    Font shape `TS1/phv/m/n' will be
(Font)              scaled to size 8.99994pt on input line 11.
) (./topics.tex
LaTeX Font Info:    Font shape `T1/phv/b/n' will be
(Font)              scaled to size 10.79993pt on input line 1.
 [1] [2] [3] [4] [5] [6] [7]) (./hierarchy.tex [8] [9] [10]
[11] [12] [13]) (./annotated.tex
LaTeX Font Info:    Font shape `T1/phv/b/it' in size <10> not available
(Font)              Font shape `T1/phv/b/sl' tried instead on input line 5.
LaTeX Font Info:    Font shape `T1/phv/b/sl' will be
(Font)              scaled to size 8.99994pt on input line 5.
LaTeX Font Info:    Font shape `T1/phv/b/it' in size <7> not available
(Font)              Font shape `T1/phv/b/sl' tried instead on input line 5.
LaTeX Font Info:    Font shape `T1/phv/b/sl' will be
(Font)              scaled to size 6.29996pt on input line 5.

Underfull \hbox (badness 981) in paragraph at lines 6--6
 \T1/phv/b/n/10 All of the in-for-ma-tion nec-es-sary for a [] to per-form writ
er-side fil-ter-ing for a 
 []


Underfull \hbox (badness 1708) in paragraph at lines 13--13
 \T1/phv/b/n/10 This QoS pol-icy con-tains a list of rep-re-sen-ta-tion iden-ti
-fiers used by [] and 
 []

[14] [15] [16] [17] [18]
LaTeX Font Info:    Font shape `TS1/phv/b/n' will be
(Font)              scaled to size 8.99994pt on input line 94.
 [19] [20] [21] [22]) (./files.tex [23] [24])
(./group__DDSDocGuideModule.tex
LaTeX Font Info:    Font shape `T1/phv/m/it' in size <10> not available
(Font)              Font shape `T1/phv/m/sl' tried instead on input line 6.
LaTeX Font Info:    Font shape `T1/phv/m/sl' will be
(Font)              scaled to size 8.99994pt on input line 6.
 [25]
LaTeX Font Info:    Font shape `T1/phv/m/it' in size <7> not available
(Font)              Font shape `T1/phv/m/sl' tried instead on input line 15.
LaTeX Font Info:    Font shape `T1/phv/m/sl' will be
(Font)              scaled to size 6.29996pt on input line 15.
LaTeX Font Info:    Font shape `T1/pcr/m/it' in size <10> not available
(Font)              Font shape `T1/pcr/m/sl' tried instead on input line 35.
LaTeX Font Info:    Font shape `T1/pcr/m/it' in size <7> not available
(Font)              Font shape `T1/pcr/m/sl' tried instead on input line 35.
 [26]) (./group__DDSDcpsModule.tex
LaTeX Font Info:    Font shape `T1/phv/m/n' will be
(Font)              scaled to size 8.09995pt on input line 12.
LaTeX Font Info:    Font shape `T1/phv/m/it' in size <9> not available
(Font)              Font shape `T1/phv/m/sl' tried instead on input line 12.
LaTeX Font Info:    Font shape `T1/phv/m/sl' will be
(Font)              scaled to size 8.09995pt on input line 12.

Overfull \hbox (20.52934pt too wide) in paragraph at lines 20--20
[]\T1/phv/m/sl/9 Contains the [] and [] classes, as well as the [] and []
 []

[27] [28]
Underfull \hbox (badness 10000) in paragraph at lines 53--56

 []

[29] <./DDSPackages.pdf>
<DDSPackages.pdf, id=5177, 424.58624pt x 399.4925pt>
File: DDSPackages.pdf Graphic file (type pdf)
<use DDSPackages.pdf>
Package pdftex.def Info: DDSPackages.pdf  used on input line 79.
(pdftex.def)             Requested size: 346.86723pt x 326.3668pt.
 [30] (./group__DDSFILTERModule.tex
LaTeX Font Info:    Font shape `T1/phv/m/n' will be
(Font)              scaled to size 7.19995pt on input line 24.
)
(./group__DDSDomainModule.tex [31]
(./group__DDSDomainParticipantFactoryModule.tex [32]
Underfull \hbox (badness 1675) in paragraph at lines 40--41
[]\T1/phv/b/n/10 NOTE[]: \T1/phv/m/n/10 You can-not use this value to \T1/phv/m
/sl/10 get \T1/phv/m/n/10 the de-fault QoS for a Domain[]Participant; for this 
pur-pose, use
 []

LaTeX Font Info:    Font shape `T1/phv/bc/n' will be
(Font)              scaled to size 8.99994pt on input line 42.

Underfull \hbox (badness 10000) detected at line 42
[][][]
 []

) (./group__DDSDomainParticipantModule.tex [33]
Overfull \hbox (59.48203pt too wide) in paragraph at lines 48--49
[]\T1/phv/b/n/10 NOTE[]: \T1/phv/m/n/10 You can-not use this value to \T1/phv/m
/sl/10 get \T1/phv/m/n/10 the de-fault QoS for a Topic; for this pur-pose, use 
[]. 
 []


Underfull \hbox (badness 10000) detected at line 50
[][][]
 []


Overfull \hbox (93.48334pt too wide) in paragraph at lines 65--66
[]\T1/phv/b/n/10 NOTE[]: \T1/phv/m/n/10 You can-not use this value to \T1/phv/m
/sl/10 get \T1/phv/m/n/10 the de-fault QoS for a Pub-lisher; for this pur-pose,
 use []. 
 []


Underfull \hbox (badness 10000) detected at line 67
[][][]
 []


Overfull \hbox (104.60703pt too wide) in paragraph at lines 82--83
[]\T1/phv/b/n/10 NOTE[]: \T1/phv/m/n/10 You can-not use this value to \T1/phv/m
/sl/10 get \T1/phv/m/n/10 the de-fault QoS for a Sub-scriber; for this pur-pose
, use []. 
 []

[34]
Underfull \hbox (badness 10000) detected at line 84
[][][]
 []


Underfull \hbox (badness 2521) in paragraph at lines 97--98
[]\T1/phv/m/n/10 When used in [], this spe-cial value is used to in-di-cate tha
t the
 []


Underfull \hbox (badness 1331) in paragraph at lines 99--100
[]\T1/phv/m/n/10 Note[]: You can-not use this value to \T1/phv/m/sl/10 get \T1/
phv/m/n/10 the de-fault prop-er-ties for a Flow[]Controller; for this pur-pose,
 use
 []


Underfull \hbox (badness 10000) detected at line 101
[][][]
 []

) (./group__DDSDiscoveryModule.tex
LaTeX Font Info:    Font shape `T1/pcr/m/it' in size <9> not available
(Font)              Font shape `T1/pcr/m/sl' tried instead on input line 27.
 [35] [36]
LaTeX Font Info:    Trying to load font information for TS1+pcr on input line 1
15.

(/opt/texlive/2019/texmf-dist/tex/latex/psnfss/ts1pcr.fd
File: ts1pcr.fd 2001/06/04 font definitions for TS1/pcr.
) [37]
Overfull \hbox (36.3166pt too wide) in paragraph at lines 138--139
[]\T1/phv/m/n/10 For ex-am-ple, to con-fig-ure a re-mote [] with ob-ject ID 100
 by set-ting the key in the [][]
 []


Underfull \hbox (badness 10000) detected at line 145
[][][]
 []

[38] [39] (./group__DDSParticipantBuiltInTopicModule.tex
Underfull \hbox (badness 10000) detected at line 38
[][][]
 []

) (./group__DDSPublicationBuiltInTopicModule.tex [40]
Underfull \hbox (badness 10000) detected at line 38
[][][]
 []

) (./group__DDSSubscriptionBuiltInTopicModule.tex [41]
Underfull \hbox (badness 10000) detected at line 38
[][][]
 []

))) (./group__DDSTopicModule.tex (./group__DDSCdrTypesModule.tex [42] [43]
[44]
Underfull \hbox (badness 10000) detected at line 95
[][][]
 []


Underfull \hbox (badness 10000) detected at line 110
[][][]
 []


Underfull \hbox (badness 10000) detected at line 125
[][][]
 []


Underfull \hbox (badness 10000) detected at line 140
[][][]
 []

[45]
Underfull \hbox (badness 10000) detected at line 155
[][][]
 []


Underfull \hbox (badness 10000) detected at line 170
[][][]
 []


Underfull \hbox (badness 10000) detected at line 185
[][][]
 []


Underfull \hbox (badness 10000) detected at line 202
[][][]
 []

[46]
Underfull \hbox (badness 10000) detected at line 219
[][][]
 []


Underfull \hbox (badness 10000) detected at line 234
[][][]
 []


Underfull \hbox (badness 10000) detected at line 249
[][][]
 []


Underfull \hbox (badness 10000) detected at line 266
[][][]
 []

[47]
Underfull \hbox (badness 10000) detected at line 281
[][][]
 []


Underfull \hbox (badness 10000) detected at line 296
[][][]
 []


Underfull \hbox (badness 10000) detected at line 309
[][][]
 []


Underfull \hbox (badness 10000) detected at line 326
[][][]
 []

) (./group__DDSTopicEntityModule.tex [48]) (./group__RTIFlatDataModule.tex
Underfull \hbox (badness 10000) detected at line 10
[][][]
 []


Underfull \hbox (badness 10000) detected at line 15
[][][]
 []


Overfull \hbox (50.43184pt too wide) in paragraph at lines 18--19
[]\T1/phv/m/n/10 For build-able \T1/phv/b/n/10 code ex-am-ples\T1/phv/m/n/10 , 
see [][] \T1/pcr/m/n/10 https[]://community.[]rti.[]com/kb/flatdata-and-zerocop
y-examples[][]\T1/phv/m/n/10 . 
 []

) (./group__RTIZeroCopyModule.tex
Underfull \hbox (badness 10000) detected at line 10
[][][]
 []


Overfull \hbox (50.43184pt too wide) in paragraph at lines 13--14
[]\T1/phv/m/n/10 For build-able \T1/phv/b/n/10 code ex-am-ples\T1/phv/m/n/10 , 
see [][] \T1/pcr/m/n/10 https[]://community.[]rti.[]com/kb/flatdata-and-zerocop
y-examples[][]\T1/phv/m/n/10 . 
 []

) (./group__DDSUserDataModule.tex [49] [50]
LaTeX Font Info:    Font shape `T1/pcr/m/it' in size <8> not available
(Font)              Font shape `T1/pcr/m/sl' tried instead on input line 61.
LaTeX Font Info:    Font shape `T1/phv/bc/n' will be
(Font)              scaled to size 6.29996pt on input line 67.

Underfull \hbox (badness 10000) detected at line 67
[][][]
 []


Underfull \hbox (badness 10000) detected at line 70
[][][]
 []


Underfull \hbox (badness 10000) detected at line 83
[][][]
 []


Underfull \hbox (badness 10000) detected at line 86
[][][]
 []


Underfull \hbox (badness 10000) detected at line 89
[][][]
 []

[51]
Underfull \hbox (badness 10000) detected at line 102
[][][]
 []


Underfull \hbox (badness 10000) detected at line 120
[][][]
 []

[52]
Underfull \hbox (badness 10000) detected at line 145
[][][]
 []


Underfull \hbox (badness 10000) detected at line 148
[][][]
 []


Underfull \hbox (badness 10000) detected at line 151
[][][]
 []


Underfull \hbox (badness 10000) detected at line 164
[][][]
 []


Underfull \hbox (badness 10000) detected at line 167
[][][]
 []


Underfull \hbox (badness 10000) detected at line 185
[][][]
 []

)) (./group__DDSPublicationModule.tex [53]
(./group__DDSFlowControllerModule.tex
Overfull \hbox (162.66585pt too wide) in paragraph at lines 20--24
[]\T1/phv/m/n/10 enum [] { [] , []
 []

LaTeX Font Info:    Font shape `T1/phv/b/it' in size <9> not available
(Font)              Font shape `T1/phv/b/sl' tried instead on input line 29.
LaTeX Font Info:    Font shape `T1/phv/b/sl' will be
(Font)              scaled to size 8.09995pt on input line 29.
[54]
Underfull \hbox (badness 1308) in paragraph at lines 39--40
[][] \T1/phv/m/n/10 pro-vides the net-work traf-fic shap-ing ca-pa-bil-ity to a
syn-chronous [] in-stances.
 []


Underfull \hbox (badness 1199) in paragraph at lines 39--40
\T1/phv/m/n/10 For use cases and ad-van-tages of pub-lish-ing as-ny-chronously,
 please re-fer to [] of
 []


Underfull \hbox (badness 10000) detected at line 41
[][][]
 []


Underfull \hbox (badness 10000) detected at line 59
[][][]
 []

[55] [56] [57]
Underfull \hbox (badness 10000) detected at line 125
[][][]
 []


Underfull \hbox (badness 10000) detected at line 160
[][][]
 []

[58]
Underfull \hbox (badness 10000) detected at line 193
[][][]
 []

) (./group__DDSPublisherModule.tex [59]
Underfull \hbox (badness 10000) detected at line 45
[][][]
 []


Underfull \hbox (badness 10000) detected at line 48
[][][]
 []


Underfull \hbox (badness 2662) in paragraph at lines 70--71
[]\T1/phv/b/n/10 NOTE[]: \T1/phv/m/n/10 You can-not use this value to \T1/phv/m
/sl/10 get \T1/phv/m/n/10 the de-fault QoS for a []; for this pur-pose, use
 []


Underfull \hbox (badness 10000) detected at line 72
[][][]
 []

) (./group__DDSWriterModule.tex [60] [61]
Underfull \hbox (badness 3291) in paragraph at lines 43--44
[]\T1/phv/m/n/10 typedef void($\OMS/cmsy/m/n/10 ^^C$ []\T1/phv/m/n/10 ) (void $
\OMS/cmsy/m/n/10 ^^C$\T1/phv/m/n/10 listener[]_[]data, DDS[]_[][]Data[]Writer
 []


Underfull \hbox (badness 10000) in paragraph at lines 72--73
\T1/pcr/m/n/8 typedef void($\OMS/cmsy/m/n/8 ^^C$ \T1/pcr/m/n/8 DDS[]_[][]Data[]
Writer[]Listener[]_[][]Reliable[]Reader[]Activity[]Changed[]Callback) (void $\O
MS/cmsy/m/n/8 ^^C$\T1/pcr/m/n/8 listener[]_[]data,
 []

[62]
Underfull \hbox (badness 10000) in paragraph at lines 91--92
\T1/pcr/m/n/8 typedef void($\OMS/cmsy/m/n/8 ^^C$ \T1/pcr/m/n/8 DDS[]_[][]Data[]
Writer[]Listener[]_[][]Reliable[]Sample[]Unacknowledged[]Callback) (void $\OMS/
cmsy/m/n/8 ^^C$\T1/pcr/m/n/8 listener[]_[]data,
 []


Underfull \hbox (badness 10000) in paragraph at lines 110--111
\T1/pcr/m/n/8 typedef void($\OMS/cmsy/m/n/8 ^^C$ \T1/pcr/m/n/8 DDS[]_[][]Data[]
Writer[]Listener[]_[][]Sample[]Removed[]Callback) (void $\OMS/cmsy/m/n/8 ^^C$\T
1/pcr/m/n/8 listener[]_[]data, DDS[]_[][]Data[]Writer
 []

)) (./group__DDSSubscriptionModule.tex
Overfull \hbox (31.67383pt too wide) in paragraph at lines 5--6
\T1/phv/m/n/10 Contains the [] and [] classes, as well as the [] and []
 []


Overfull \hbox (31.67383pt too wide) in paragraph at lines 20--21
\T1/phv/m/n/10 Contains the [] and [] classes, as well as the [] and []
 []

[63]
Underfull \hbox (badness 10000) detected at line 33
[][][]
 []

(./group__DDSSubscriberModule.tex [64]
Underfull \hbox (badness 2158) in paragraph at lines 42--43
[]\T1/phv/b/n/10 NOTE[]: \T1/phv/m/n/10 You can-not use this value to \T1/phv/m
/sl/10 get \T1/phv/m/n/10 the de-fault QoS for a []; for this pur-pose, use
 []


Underfull \hbox (badness 10000) detected at line 44
[][][]
 []

) (./group__DDSReaderModule.tex [65]
Overfull \hbox (36.76674pt too wide) in paragraph at lines 36--45
[] \T1/phv/m/n/10 , []
 []


Overfull \hbox (80.6604pt too wide) in paragraph at lines 46--56
[] \T1/phv/m/n/10 , [] , []
 []


Overfull \hbox (28.32458pt too wide) in paragraph at lines 46--56
[] \T1/phv/m/n/10 , []
 []


Underfull \hbox (badness 10000) detected at line 2
[][][]
 []


Underfull \hbox (badness 10000) detected at line 9
[][][]
 []


Underfull \hbox (badness 10000) detected at line 16
[][][]
 []


Underfull \hbox (badness 10000) detected at line 23
[][][]
 []


Underfull \hbox (badness 10000) detected at line 30
[][][]
 []


Underfull \hbox (badness 10000) detected at line 37
[][][]
 []

[66]
Underfull \hbox (badness 10000) detected at line 2
[][][]
 []


Underfull \hbox (badness 10000) detected at line 9
[][][]
 []


Underfull \hbox (badness 10000) detected at line 16
[][][]
 []


Underfull \hbox (badness 10000) detected at line 23
[][][]
 []


Underfull \hbox (badness 10000) detected at line 30
[][][]
 []


Underfull \hbox (badness 10000) detected at line 37
[][][]
 []


Underfull \hbox (badness 10000) detected at line 44
[][][]
 []

[67]) (./group__DDSDataSampleModule.tex [68] (./group__DDSSampleStateModule.tex

Overfull \hbox (15.44078pt too wide) in paragraph at lines 16--19
[]\T1/phv/m/n/10 enum [] { [] = 0x0001 $\OML/cmm/m/it/10 <$$<$ \T1/phv/m/n/10 0
 , []
 []

[69]) (./group__DDSViewStateModule.tex [70]
Underfull \hbox (badness 1137) in paragraph at lines 56--57
[]\T1/phv/m/n/10 For each in-stance (iden-ti-fied by the key), the mid-dle-ware
 in-ter-nally main-tains a view state rel-a-tive to each
 []

[71]) (./group__DDSInstanceStateModule.tex
Overfull \hbox (87.31331pt too wide) in paragraph at lines 16--20
[]\T1/phv/m/n/10 enum [] { [] = 0x0001 $\OML/cmm/m/it/10 <$$<$ \T1/phv/m/n/10 0
 , []
 []

[72]
Underfull \hbox (badness 4366) in paragraph at lines 66--66
[]\T1/phv/m/n/10 If [] is set to [], then the in-stance state be-comes
 []


Overfull \hbox (135.08955pt too wide) in paragraph at lines 68--68
[]\T1/phv/m/n/10 If [] is set to [], then the in-stance state be-comes []
 []

[73]))) (./group__DDSInfrastructureModule.tex [74]
LaTeX Font Info:    Font shape `TS1/phv/m/it' in size <9> not available
(Font)              Font shape `TS1/phv/m/sl' tried instead on input line 41.
LaTeX Font Info:    Font shape `TS1/phv/m/sl' will be
(Font)              scaled to size 8.09995pt on input line 41.
 [75]
(./group__DDSTimeSupportModule.tex [76] [77]
Underfull \hbox (badness 10000) detected at line 113
[][][]
 []


Underfull \hbox (badness 10000) detected at line 122
[][][]
 []


Underfull \hbox (badness 10000) detected at line 142
[][][]
 []


Underfull \hbox (badness 10000) detected at line 155
[][][]
 []

[78]) (./group__DDSGUIDSupportModule.tex [79])
(./group__DDSSequenceNumberSupportModule.tex [80]
Overfull \hbox (34.78214pt too wide) in paragraph at lines 16--17
[]\T1/phv/m/n/10 int [] (const struct [] $\OMS/cmsy/m/n/10 ^^C$\T1/phv/m/n/10 s
n1, const struct []
 []


Underfull \hbox (badness 10000) detected at line 43
[][][]
 []

) (./group__DDSReturnTypesModule.tex
Overfull \hbox (56.79536pt too wide) in paragraph at lines 11--30
[] \T1/phv/m/n/10 , [] , [] , []
 []


Overfull \hbox (65.6764pt too wide) in paragraph at lines 11--30
[] \T1/phv/m/n/10 , [] , []
 []


Overfull \hbox (18.0939pt too wide) in paragraph at lines 11--30
[] \T1/phv/m/n/10 , [] , []
 []

[81] [82]) (./group__DDSStatusTypesModule.tex
Overfull \hbox (130.00706pt too wide) in paragraph at lines 23--44
[] \T1/phv/m/n/10 , [] , []
 []


Overfull \hbox (57.72023pt too wide) in paragraph at lines 23--44
[] \T1/phv/m/n/10 , [] , []
 []


Overfull \hbox (147.25998pt too wide) in paragraph at lines 23--44
[] \T1/phv/m/n/10 , [] , []
 []

[83]
Underfull \hbox (badness 10000) detected at line 50
[][][]
 []


Underfull \hbox (badness 10000) detected at line 53
[][][]
 []


Underfull \hbox (badness 10000) detected at line 56
[][][]
 []


Overfull \hbox (24.55473pt too wide) in paragraph at lines 70--70
[]\T1/phv/m/sl/10 read com-mu-ni-ca-tion statuses[]\T1/phv/m/n/10 : i.[]e., tho
se that are re-lated to ar-rival of data, namely []
 []

[84]
Overfull \hbox (20.98528pt too wide) in paragraph at lines 88--89
\T1/pcr/m/n/10 Changed[]Flag \T1/phv/m/n/10 be-comes TRUE when ei-ther a data-s
ample ar-rives or else the [], [],
 []


Overfull \hbox (37.9537pt too wide) in paragraph at lines 88--89
\T1/phv/m/n/10 or [] of any ex-ist-ing sam-ple changes for any rea-son other th
an a call to [],
 []


Underfull \hbox (badness 972) in paragraph at lines 116--117
[]\T1/phv/m/n/10 The read or take op-er-a-tion (or their vari-ants) is called o
n any [] be-long-ing to the
 []

[85]
Underfull \hbox (badness 10000) detected at line 126
[][][]
 []

[86]
Underfull \hbox (badness 10000) detected at line 206
[][][]
 []


Underfull \hbox (badness 10000) detected at line 2
[][][]
 []


Underfull \hbox (badness 10000) detected at line 5
[][][]
 []


Underfull \hbox (badness 10000) detected at line 8
[][][]
 []


Underfull \hbox (badness 10000) detected at line 15
[][][]
 []


Underfull \hbox (badness 10000) detected at line 18
[][][]
 []


Underfull \hbox (badness 10000) detected at line 21
[][][]
 []


Underfull \hbox (badness 10000) detected at line 24
[][][]
 []


Underfull \hbox (badness 10000) detected at line 31
[][][]
 []


Underfull \hbox (badness 10000) detected at line 34
[][][]
 []


Underfull \hbox (badness 10000) detected at line 37
[][][]
 []


Underfull \hbox (badness 10000) detected at line 40
[][][]
 []


Underfull \hbox (badness 10000) detected at line 47
[][][]
 []


Underfull \hbox (badness 10000) detected at line 50
[][][]
 []


Underfull \hbox (badness 10000) detected at line 53
[][][]
 []


Underfull \hbox (badness 10000) detected at line 60
[][][]
 []


Underfull \hbox (badness 10000) detected at line 63
[][][]
 []


Underfull \hbox (badness 10000) detected at line 66
[][][]
 []


Underfull \hbox (badness 10000) detected at line 73
[][][]
 []


Underfull \hbox (badness 10000) detected at line 76
[][][]
 []


Underfull \hbox (badness 10000) detected at line 79
[][][]
 []


Underfull \hbox (badness 10000) detected at line 86
[][][]
 []


Underfull \hbox (badness 10000) detected at line 89
[][][]
 []


Underfull \hbox (badness 10000) detected at line 92
[][][]
 []


Underfull \hbox (badness 10000) detected at line 95
[][][]
 []


Underfull \hbox (badness 10000) detected at line 102
[][][]
 []


Underfull \hbox (badness 10000) detected at line 105
[][][]
 []


Underfull \hbox (badness 10000) detected at line 112
[][][]
 []


Underfull \hbox (badness 10000) detected at line 115
[][][]
 []


Underfull \hbox (badness 10000) detected at line 122
[][][]
 []


Underfull \hbox (badness 10000) detected at line 125
[][][]
 []


Underfull \hbox (badness 10000) detected at line 128
[][][]
 []


Underfull \hbox (badness 10000) detected at line 131
[][][]
 []


Underfull \hbox (badness 10000) detected at line 138
[][][]
 []


Underfull \hbox (badness 10000) detected at line 141
[][][]
 []


Underfull \hbox (badness 10000) detected at line 144
[][][]
 []


Underfull \hbox (badness 10000) detected at line 147
[][][]
 []


Underfull \hbox (badness 10000) detected at line 154
[][][]
 []


Underfull \hbox (badness 10000) detected at line 157
[][][]
 []


Underfull \hbox (badness 10000) detected at line 160
[][][]
 []


Underfull \hbox (badness 10000) detected at line 167
[][][]
 []


Underfull \hbox (badness 10000) detected at line 170
[][][]
 []


Underfull \hbox (badness 10000) detected at line 173
[][][]
 []


Underfull \hbox (badness 10000) detected at line 180
[][][]
 []


Underfull \hbox (badness 10000) detected at line 183
[][][]
 []


Underfull \hbox (badness 10000) detected at line 186
[][][]
 []


Underfull \hbox (badness 10000) detected at line 193
[][][]
 []


Underfull \hbox (badness 10000) detected at line 196
[][][]
 []


Underfull \hbox (badness 10000) detected at line 199
[][][]
 []


Underfull \hbox (badness 10000) detected at line 206
[][][]
 []


Underfull \hbox (badness 10000) detected at line 209
[][][]
 []


Underfull \hbox (badness 10000) detected at line 212
[][][]
 []

[87] [88] [89] [90] [91]) (./group__DDSQosTypesModule.tex [92] [93]
Underfull \hbox (badness 1270) in paragraph at lines 72--72
[]\T1/phv/m/sl/9 The USER[]_[][]DATA QoS pol-icy al-lows the user to at-tach a 
buffer of opaque data to a [],
 []


Overfull \hbox (63.34404pt too wide) in paragraph at lines 87--120
[] \T1/phv/m/n/10 , \T1/phv/b/n/10 DDS[]_[][]LATENCYBUDGET[]_[][]QOS[]_[][]POLI
CY[]_[][]ID \T1/phv/m/n/10 = 5 , []
 []


Underfull \hbox (badness 10000) in paragraph at lines 87--120
\T1/phv/b/n/10 DDS[]_[][]DESTINATIONORDER[]_[][]QOS[]_[][]POLICY[]_[][]ID \T1/p
hv/m/n/10 = 12 , [] , \T1/phv/b/n/10 DDS[]_[][]
 []

[94]
Underfull \hbox (badness 1701) in paragraph at lines 163--164
\T1/phv/m/n/10 Qos[]Policies can be set pro-gram-mat-i-cally when an [] is cre-
ated, or mod-i-fied with the []\TS1/phv/m/n/10 '\T1/phv/m/n/10 s
 []

[95]
Underfull \hbox (badness 1014) in paragraph at lines 180--181
\T1/phv/m/n/10 lisher side spec-i-fies an "of-fered" value for that \T1/pcr/m/n
/10 Qos[]Policy\T1/phv/m/n/10 . RTI Con-next DDS Mi-cro will then de-ter-mine
 []


Underfull \hbox (badness 862) in paragraph at lines 180--181
\T1/phv/m/n/10 i-ble, RTI Con-next DDS Mi-cro will not es-tab-lish com-mu-ni-ca
-tions be-tween the two [] ob-jects and will
 []


Underfull \hbox (badness 1360) in paragraph at lines 180--181
\T1/phv/m/n/10 record this fact by means of the [] on the pub-lisher end and
 []

(./group__DDSFilterQosModule.tex [96] [97])
(./group__DDSContentFilterQosModule.tex [98])
(./group__DDSDiscoveryQosModule.tex) (./group__UserTrafficQosModule.tex)
(./group__TrustQosModule.tex) (./group__DDSDeadlineQosModule.tex [99])
(./group__DDSLatencyBudgetQosModule.tex) (./group__DDSOwnershipQosModule.tex
[100]
Overfull \hbox (22.15068pt too wide) in paragraph at lines 16--19
[]\T1/phv/m/n/10 enum [] { [] , []
 []


Underfull \hbox (badness 10000) detected at line 38
[][][]
 []

) (./group__DDSOwnershipStrengthQosModule.tex [101])
(./group__DDSLivelinessQosModule.tex
Overfull \hbox (90.33345pt too wide) in paragraph at lines 16--20
[]\T1/phv/m/n/10 enum [] { [] , []
 []


Underfull \hbox (badness 10000) detected at line 39
[][][]
 []

[102]) (./group__DDSReliabilityQosModule.tex
Overfull \hbox (33.463pt too wide) in paragraph at lines 16--19
[]\T1/phv/m/n/10 enum [] { [] , []
 []

[103]
Underfull \hbox (badness 10000) detected at line 38
[][][]
 []


Underfull \hbox (badness 10000) detected at line 13
[][][]
 []

) (./group__DDSHistoryQosModule.tex [104]
Underfull \hbox (badness 10000) detected at line 38
[][][]
 []

) (./group__DurabilityQosPolicyModule.tex [105]
Overfull \hbox (51.184pt too wide) in paragraph at lines 16--21
[]\T1/phv/m/n/10 enum [] { [] , []
 []

) (./group__DDSDataRepresentationQosModule.tex [106]
Underfull \hbox (badness 10000) detected at line 59
[][][]
 []

[107]
Underfull \hbox (badness 2205) in paragraph at lines 84--85
[]\T1/phv/m/n/10 For the [] "Flat[]Data lan-guage bind-ing", RTI Con-next DDS M
i-cro trans-lates this field to
 []

) (./group__DDSResourceLimitsQosModule.tex [108])
(./group__DDSPresentationQosModule.tex
Overfull \hbox (92.97064pt too wide) in paragraph at lines 16--21
[]\T1/phv/m/n/10 enum [] { [] , []
 []

[109]
Underfull \hbox (badness 10000) detected at line 42
[][][]
 []

) (./group__DestinationOrderQosPolicyModule.tex [110]
Underfull \hbox (badness 10000) detected at line 2
[][][]
 []


Underfull \hbox (badness 10000) detected at line 5
[][][]
 []


Underfull \hbox (badness 10000) detected at line 16
[][][]
 []


Underfull \hbox (badness 10000) detected at line 19
[][][]
 []

[111]) (./group__DDSEntityFactoryQosModule.tex)
(./group__DDSExtendedQosSupportModule.tex
(./group__DDSDataReaderResourceLimitsQosModule.tex [112]
Underfull \hbox (badness 10000) detected at line 38
[][][]
 []

[113]) (./group__DDSDataWriterResourceLimitsQosModule.tex))
(./group__DDSSystemResourceLimitsQosModule.tex)
(./group__DDSWireProtocolQosModule.tex [114] [115]
Underfull \hbox (badness 10000) detected at line 60
[][][]
 []


Underfull \hbox (badness 10000) in paragraph at lines 61--62

 []


Underfull \hbox (badness 10000) detected at line 74
[][][]
 []


Underfull \hbox (badness 10000) in paragraph at lines 75--76

 []


Underfull \hbox (badness 10000) detected at line 88
[][][]
 []


Underfull \hbox (badness 10000) in paragraph at lines 89--90

 []


Underfull \hbox (badness 10000) detected at line 102
[][][]
 []


Underfull \hbox (badness 10000) in paragraph at lines 103--104

 []


Underfull \hbox (badness 10000) detected at line 116
[][][]
 []


Underfull \hbox (badness 10000) in paragraph at lines 117--118

 []

[116]
Underfull \hbox (badness 10000) detected at line 133
[][][]
 []


Underfull \hbox (badness 10000) in paragraph at lines 134--135

 []


Underfull \hbox (badness 10000) detected at line 147
[][][]
 []


Underfull \hbox (badness 10000) in paragraph at lines 148--149

 []


Overfull \hbox (82.54158pt too wide) in paragraph at lines 166--167
[]\T1/phv/m/n/10 The fol-low-ing are the \T1/pcr/m/n/10 rtps[]_[]well[]_[]known
[]_[]ports \T1/phv/m/n/10 val-ues for [][]
 []

[117]
Underfull \hbox (badness 10000) detected at line 178
[][][]
 []


Overfull \hbox (20.5055pt too wide) in paragraph at lines 195--196
[]\T1/phv/m/n/10 The fol-low-ing are the \T1/pcr/m/n/10 rtps[]_[]well[]_[]known
[]_[]ports \T1/phv/m/n/10 val-ues for [][]
 []


Overfull \hbox (65.47787pt too wide) in paragraph at lines 207--208
\T1/phv/m/n/10 fixed port map-pings. For back-wards com-pat-i-bil-ity, please u
se []. 
 []


Underfull \hbox (badness 10000) detected at line 209
[][][]
 []

) (./group__DDSDataReaderProtocolQosModule.tex [118])
(./group__DDSDataWriterProtocolQosModule.tex) (./group__TransportQosModule.tex)
(./group__DDSDomainParticipantResourceLimitsQosModule.tex)
(./group__DDSEntityNameQosModule.tex [119] [120]
Underfull \hbox (badness 10000) detected at line 61
[][][]
 []

) (./group__DDSPublishModeQosModule.tex
Overfull \hbox (121.16719pt too wide) in paragraph at lines 23--27
[]\T1/phv/m/n/10 enum [] { [] , []
 []

[121]
Underfull \hbox (badness 10000) detected at line 69
[][][]
 []


Underfull \hbox (badness 10000) detected at line 10
[][][]
 []


Underfull \hbox (badness 10000) detected at line 23
[][][]
 []

[122]) (./group__DDSPartitionQosModule.tex) (./group__DDSPropertyQosModule.tex
[123]) (./group__DDSTransportPriorityQosModule.tex)
(./group__DDSUserDataQosModule.tex
Underfull \hbox (badness 756) in paragraph at lines 5--6
\T1/phv/m/n/10 The USER[]_[][]DATA QoS pol-icy al-lows the user to at-tach a bu
ffer of opaque data to a [],
 []


Underfull \hbox (badness 756) in paragraph at lines 16--17
\T1/phv/m/n/10 The USER[]_[][]DATA QoS pol-icy al-lows the user to at-tach a bu
ffer of opaque data to a [],
 []

) (./group__DDSGroupDataQosModule.tex [124])
(./group__DDSTopicDataQosModule.tex)
(./group__DDSDataWriterTransferModeQosModule.tex [125]
Underfull \hbox (badness 10000) detected at line 40
[][][]
 []


Underfull \hbox (badness 10000) detected at line 43
[][][]
 []


Underfull \hbox (badness 10000) in paragraph at lines 44--46

 []

)) (./group__DDSConditionsModule.tex [126]) (./group__DDSEntityModule.tex
[127]) (./group__DDSSequenceModule.tex) (./group__DDSExceptionTypesModule.tex)
(./group__DDSMicroTypesModule.tex [128]
Underfull \hbox (badness 2189) in paragraph at lines 23--27
[]\T1/phv/m/n/10 enum [] { [] , \T1/phv/b/n/10 NDDS[]_[][]TYPEPLUGIN[]_[][]GUID
[]_[][]KEY \T1/phv/m/n/10 ,
 []


Underfull \hbox (badness 10000) detected at line 52
[][][]
 []

[129]) (./group__DDSStringClass.tex [130] [131]
Underfull \hbox (badness 10000) detected at line 87
[][][]
 []


Underfull \hbox (badness 10000) detected at line 107
[][][]
 []


Underfull \hbox (badness 10000) detected at line 120
[][][]
 []


Underfull \hbox (badness 10000) detected at line 142
[][][]
 []

[132]
Underfull \hbox (badness 10000) detected at line 152
[][][]
 []


Underfull \hbox (badness 10000) detected at line 180
[][][]
 []


Underfull \hbox (badness 10000) detected at line 197
[][][]
 []

[133]
Underfull \hbox (badness 10000) detected at line 205
[][][]
 []

)) (./group__NDDSUtilityModule.tex (./group__NDDSGlobalConfigurationModule.tex)
(./group__NDDSGlobalPropertyModule.tex))) (./group__DPSEModule.tex [134])
(./group__DPDEModule.tex [135]) (./group__CDRStreamModule.tex [136]
Underfull \hbox (badness 10000) detected at line 51
[][][]
 []

[137]
Underfull \hbox (badness 10000) detected at line 71
[][][]
 []


Underfull \hbox (badness 10000) detected at line 95
[][][]
 []


Underfull \hbox (badness 10000) detected at line 119
[][][]
 []

[138] [139]
Underfull \hbox (badness 10000) detected at line 141
[][][]
 []


Underfull \hbox (badness 10000) detected at line 163
[][][]
 []

) (./group__RTModule.tex) (./group__RHSMModule.tex) (./group__WHSMModule.tex
[140]) (./group__NETIO.tex (./group__NETIO__PacketClass.tex [141])
(./group__NETIO__InterfaceClass.tex [142]
Underfull \hbox (badness 10000) detected at line 54
[][][]
 []


Overfull \hbox (30.8692pt too wide) in paragraph at lines 61--62
\T1/pcr/m/n/8 typedef []($\OMS/cmsy/m/n/8 ^^C$ \T1/pcr/m/n/8 NETIO[]_[][]Interf
ace[]_[]reserve[]_[]address[]Func) ([] $\OMS/cmsy/m/n/8 ^^C$\T1/pcr/m/n/8 self,
 struct []
 []

[143]
Underfull \hbox (badness 10000) detected at line 78
[][][]
 []

) (./group__NETIOAddressClass.tex
Overfull \hbox (58.93762pt too wide) in paragraph at lines 26--26
[][] \T1/phv/m/sl/9 Ad-dresses in the range [][], [][]
 []


Overfull \hbox (58.93762pt too wide) in paragraph at lines 28--28
[][] \T1/phv/m/sl/9 Ad-dresses in the range [][], [][]
 []

[144]
Overfull \hbox (73.48595pt too wide) in paragraph at lines 67--68
[][] \T1/phv/m/n/10 Ad-dresses in the range [][], [][]
 []


Overfull \hbox (73.48595pt too wide) in paragraph at lines 77--78
[][] \T1/phv/m/n/10 Ad-dresses in the range [][], [][]
 []

)) (./group__UDPPluginModule.tex [145]
Underfull \hbox (badness 853) in paragraph at lines 38--39
[]\T1/phv/m/n/10 static bool [] (struct [] $\OMS/cmsy/m/n/10 ^^C$\T1/phv/m/n/10
 seq, [] ad-dress,
 []

[146] [147]
Underfull \hbox (badness 10000) detected at line 104
[][][]
 []


Underfull \hbox (badness 10000) detected at line 122
[][][]
 []


Underfull \hbox (badness 10000) detected at line 150
[][][]
 []

) (./group__UDPTransformModule.tex) (./group__RTPSPluginModule.tex [148]
Overfull \hbox (27.34457pt too wide) in paragraph at lines 30--33
[]\T1/phv/m/n/10 enum [] { [] , []
 []

[149]
Overfull \hbox (15.91925pt too wide) in paragraph at lines 93--94
\T1/pcr/m/n/8 typedef []($\OMS/cmsy/m/n/8 ^^C$ \T1/pcr/m/n/8 RTPS[]_[][]Checksu
m[]Calculate[]_[]T) (void $\OMS/cmsy/m/n/8 ^^C$\T1/pcr/m/n/8 context, const str
uct REDA[]_[][]Buffer $\OMS/cmsy/m/n/8 ^^C$\T1/pcr/m/n/8 buf, []
 []

[150]
Underfull \hbox (badness 10000) detected at line 110
[][][]
 []

[151] [152]) (./group__SHMEMPluginModule.tex
(./group__NETIO__SharedMemoryClass.tex [153] [154]
(./group__NETIO__SharedMemoryMutexClass.tex [155]
Underfull \hbox (badness 10000) detected at line 51
[][][]
 []

[156]
Underfull \hbox (badness 10000) detected at line 68
[][][]
 []


Underfull \hbox (badness 10000) detected at line 71
[][][]
 []


Underfull \hbox (badness 10000) detected at line 89
[][][]
 []


Underfull \hbox (badness 10000) detected at line 92
[][][]
 []


Underfull \hbox (badness 10000) detected at line 95
[][][]
 []

[157]
Underfull \hbox (badness 10000) detected at line 112
[][][]
 []


Underfull \hbox (badness 10000) detected at line 115
[][][]
 []


Underfull \hbox (badness 10000) detected at line 133
[][][]
 []


Underfull \hbox (badness 10000) detected at line 150
[][][]
 []


Underfull \hbox (badness 10000) detected at line 153
[][][]
 []

[158]
Underfull \hbox (badness 10000) detected at line 168
[][][]
 []


Underfull \hbox (badness 10000) detected at line 171
[][][]
 []


Underfull \hbox (badness 10000) detected at line 188
[][][]
 []


Underfull \hbox (badness 10000) detected at line 191
[][][]
 []

[159]
Underfull \hbox (badness 10000) detected at line 206
[][][]
 []


Underfull \hbox (badness 10000) detected at line 209
[][][]
 []


Underfull \hbox (badness 10000) detected at line 226
[][][]
 []


Underfull \hbox (badness 10000) detected at line 229
[][][]
 []


Underfull \hbox (badness 10000) detected at line 237
[][][]
 []


Underfull \hbox (badness 10000) detected at line 254
[][][]
 []


Underfull \hbox (badness 10000) detected at line 257
[][][]
 []

[160]
Underfull \hbox (badness 10000) detected at line 265
[][][]
 []

) (./group__NETIO__SharedMemorySegmentClass.tex
Underfull \hbox (badness 10000) in paragraph at lines 16--17
[]\T1/phv/m/n/10 RTIBool [] (struct NETIO[]_[][]Shared[]Memory[]Segment[]Handle

 []


Underfull \hbox (badness 10000) in paragraph at lines 18--19
[]\T1/phv/m/n/10 RTIBool [] (struct NETIO[]_[][]Shared[]Memory[]Segment[]Handle
 $\OMS/cmsy/m/n/10 ^^C$\T1/phv/m/n/10 handle,
 []


Underfull \hbox (badness 10000) in paragraph at lines 22--23
[]\T1/phv/m/n/10 RTIBool [] (struct NETIO[]_[][]Shared[]Memory[]Segment[]Handle
 $\OMS/cmsy/m/n/10 ^^C$\T1/phv/m/n/10 handle,
 []


Underfull \hbox (badness 1515) in paragraph at lines 28--29
[]\T1/phv/m/n/10 NETIOPSLDll[]Export [] [] (struct NETIO[]_[][]Shared[]Memory[]

 []

[161]
Underfull \hbox (badness 10000) detected at line 72
[][][]
 []

[162]
Underfull \hbox (badness 10000) detected at line 110
[][][]
 []


Underfull \hbox (badness 10000) detected at line 113
[][][]
 []

[163]
Underfull \hbox (badness 10000) detected at line 135
[][][]
 []


Underfull \hbox (badness 10000) detected at line 138
[][][]
 []


Overfull \hbox (75.69464pt too wide) in paragraph at lines 141--142
[]\T1/phv/m/n/10 When you cre-ate a seg-ment with [] or with [],
 []


Overfull \hbox (69.42181pt too wide) in paragraph at lines 141--142
\T1/phv/m/n/10 you can delete it by call-ing di-rectly NETIO[]_[][]Shared[]Memo
ry[]Segment[]_[]delete with-out call-ing []. 
 []


Underfull \hbox (badness 10000) detected at line 169
[][][]
 []

[164]
Underfull \hbox (badness 10000) detected at line 191
[][][]
 []


Underfull \hbox (badness 10000) detected at line 206
[][][]
 []


Underfull \hbox (badness 10000) detected at line 209
[][][]
 []


Underfull \hbox (badness 10000) detected at line 217
[][][]
 []


Underfull \hbox (badness 1584) in paragraph at lines 218--219
[]\T1/phv/m/n/10 the ad-dress that can be used to read and write the mem-ory. F
or per-for-mance this func-tion never
 []


Underfull \hbox (badness 2980) in paragraph at lines 218--219
\T1/phv/m/n/10 checks pre-conditions. It is the caller\TS1/phv/m/n/10 '\T1/phv/
m/n/10 s re-spon-si-bil-ity to en-sure the han-dle is NON null and AT-
 []

[165]
Underfull \hbox (badness 10000) detected at line 236
[][][]
 []


Underfull \hbox (badness 10000) detected at line 239
[][][]
 []


Underfull \hbox (badness 10000) detected at line 247
[][][]
 []


Overfull \hbox (45.22104pt too wide) in paragraph at lines 248--249
[]\T1/phv/m/n/10 the num-ber of bytes that can be read/written stat-ing at the 
ad-dress pro-vided by [].
 []

) (./group__NETIO__SharedMemorySignalingSemaphoreClass.tex
Underfull \hbox (badness 10000) in paragraph at lines 6--7
[]\T1/phv/m/n/10 RTIBool [] (struct NETIO[]_[][]Shared[]Memory[]Signaling[]
 []


Underfull \hbox (badness 10000) in paragraph at lines 8--9
[]\T1/phv/m/n/10 RTIBool [] (struct NETIO[]_[][]Shared[]Memory[]Signaling[]
 []


Underfull \hbox (badness 10000) in paragraph at lines 10--11
[]\T1/phv/m/n/10 RTIBool [] (struct NETIO[]_[][]Shared[]Memory[]
 []


Underfull \hbox (badness 10000) in paragraph at lines 12--13
[]\T1/phv/m/n/10 RTIBool [] (struct NETIO[]_[][]Shared[]Memory[]Signaling[]
 []

[166]
Underfull \hbox (badness 10000) in paragraph at lines 16--17
[]\T1/phv/m/n/10 RTIBool [] (struct NETIO[]_[][]Shared[]Memory[]Signaling[]
 []


Underfull \hbox (badness 10000) in paragraph at lines 18--19
[]\T1/phv/m/n/10 RTIBool [] (struct NETIO[]_[][]Shared[]Memory[]Signaling[]
 []


Underfull \hbox (badness 10000) detected at line 36
[][][]
 []


Underfull \hbox (badness 10000) detected at line 39
[][][]
 []

[167]
Underfull \hbox (badness 10000) detected at line 57
[][][]
 []


Underfull \hbox (badness 10000) detected at line 74
[][][]
 []


Underfull \hbox (badness 10000) detected at line 77
[][][]
 []

[168]
Underfull \hbox (badness 10000) detected at line 95
[][][]
 []


Underfull \hbox (badness 10000) detected at line 98
[][][]
 []


Underfull \hbox (badness 10000) detected at line 101
[][][]
 []


Underfull \hbox (badness 10000) detected at line 118
[][][]
 []


Underfull \hbox (badness 10000) detected at line 121
[][][]
 []

[169]
Underfull \hbox (badness 10000) detected at line 139
[][][]
 []


Underfull \hbox (badness 10000) detected at line 156
[][][]
 []


Underfull \hbox (badness 10000) detected at line 159
[][][]
 []

[170]
Underfull \hbox (badness 10000) detected at line 174
[][][]
 []


Underfull \hbox (badness 10000) detected at line 177
[][][]
 []


Underfull \hbox (badness 10000) detected at line 194
[][][]
 []


Underfull \hbox (badness 10000) detected at line 197
[][][]
 []


Underfull \hbox (badness 10000) detected at line 212
[][][]
 []


Underfull \hbox (badness 10000) detected at line 215
[][][]
 []

[171]
Underfull \hbox (badness 10000) detected at line 232
[][][]
 []


Underfull \hbox (badness 10000) detected at line 235
[][][]
 []


Underfull \hbox (badness 10000) detected at line 243
[][][]
 []


Underfull \hbox (badness 10000) detected at line 260
[][][]
 []


Underfull \hbox (badness 10000) detected at line 263
[][][]
 []

[172]
Underfull \hbox (badness 10000) detected at line 271
[][][]
 []

))) (./group__NETIO__DGRAMInterface.tex [173]
Underfull \hbox (badness 2401) in paragraph at lines 47--48
[]\T1/phv/m/n/10 typedef []($\OMS/cmsy/m/n/10 ^^C$ []\T1/phv/m/n/10 ) ([] $\OMS
/cmsy/m/n/10 ^^C$\T1/phv/m/n/10 user[]_[]intf,
 []


Underfull \hbox (badness 2376) in paragraph at lines 49--50
[]\T1/phv/m/n/10 typedef []($\OMS/cmsy/m/n/10 ^^C$ []\T1/phv/m/n/10 ) ([] $\OMS
/cmsy/m/n/10 ^^C$\T1/phv/m/n/10 netio[]_[]intf,
 []


Overfull \hbox (58.42192pt too wide) in paragraph at lines 60--61
[][] [] \T1/phv/m/n/10 (RT[]_[][]Registry[]_[]T $\OMS/cmsy/m/n/10 ^^C$\T1/phv/m
/n/10 registry, const char $\OMS/cmsy/m/n/10 ^^C$\T1/phv/m/n/10 name, []
 []

[174]
Overfull \hbox (73.69131pt too wide) in paragraph at lines 109--111
[]\T1/phv/m/n/10 Each NETIO[]_[][]DGRAM Trans-port in-stance is as-so-ci-ated w
ith net-work in-ter-face as re-turned by the [].
 []

[175] [176]
Underfull \hbox (badness 10000) in paragraph at lines 221--222
\T1/pcr/m/n/8 #define NETIO[]_[][]DGRAM[]_[][]Interface[]Table[]Entry[]Seq[]_[]
[]INITIALIZER  REDA[]_[][]DEFINE[]_[][]SEQUENCE[]_[][]INITIALIZER(struct
 []


Underfull \hbox (badness 10000) in paragraph at lines 234--235
\T1/pcr/m/n/8 typedef [] $\OMS/cmsy/m/n/8 ^^C$\T1/pcr/m/n/8 ($\OMS/cmsy/m/n/8 ^
^C$ \T1/pcr/m/n/8 NETIO[]_[][]DGRAM[]_[][]Interface[]_[]create[]Func) ([] $\OMS
/cmsy/m/n/8 ^^C$\T1/pcr/m/n/8 upstream, void
 []


Underfull \hbox (badness 10000) in paragraph at lines 244--245
\T1/pcr/m/n/8 typedef []($\OMS/cmsy/m/n/8 ^^C$ \T1/pcr/m/n/8 NETIO[]_[][]DGRAMU
ser[]Interface[]_[]get[]_[]interface[]_[]list[]Func) ([] $\OMS/cmsy/m/n/8 ^^C$\
T1/pcr/m/n/8 user[]_[]intf,
 []


Underfull \hbox (badness 10000) in paragraph at lines 254--255
\T1/pcr/m/n/8 typedef []($\OMS/cmsy/m/n/8 ^^C$ \T1/pcr/m/n/8 NETIO[]_[][]DGRAMU
ser[]Interface[]_[]resolve[]_[]address[]Func) ([] $\OMS/cmsy/m/n/8 ^^C$\T1/pcr/
m/n/8 netio[]_[]
 []


Underfull \hbox (badness 10000) in paragraph at lines 254--255
\T1/pcr/m/n/8 intf, const struct [] $\OMS/cmsy/m/n/8 ^^C$\T1/pcr/m/n/8 if[]_[]e
ntry, const char $\OMS/cmsy/m/n/8 ^^C$\T1/pcr/m/n/8 address[]_[]string, struct
 []

[177]
Underfull \hbox (badness 10000) detected at line 318
[][][]
 []


Underfull \hbox (badness 10000) detected at line 321
[][][]
 []

[178]) (./group__ZCV2Module.tex [179]
Underfull \hbox (badness 6364) in paragraph at lines 38--39
[]\T1/phv/m/n/10 typedef []($\OMS/cmsy/m/n/10 ^^C$ []\T1/phv/m/n/10 ) ([] $\OMS
/cmsy/m/n/10 ^^C$\T1/phv/m/n/10 user[]_[]intf, struct
 []


Underfull \hbox (badness 2150) in paragraph at lines 40--41
[]\T1/phv/m/n/10 typedef []($\OMS/cmsy/m/n/10 ^^C$ []\T1/phv/m/n/10 ) ([] $\OMS
/cmsy/m/n/10 ^^C$\T1/phv/m/n/10 user[]_[]intf, struct
 []


Overfull \hbox (19.73907pt too wide) in paragraph at lines 46--47
[]\T1/phv/m/n/10 typedef []($\OMS/cmsy/m/n/10 ^^C$ []\T1/phv/m/n/10 ) ([] $\OMS
/cmsy/m/n/10 ^^C$\T1/phv/m/n/10 user[]_[]intf, struct []
 []

[180]
Underfull \hbox (badness 10000) in paragraph at lines 87--88
\T1/pcr/m/n/8 typedef [] $\OMS/cmsy/m/n/8 ^^C$\T1/pcr/m/n/8 ($\OMS/cmsy/m/n/8 ^
^C$ \T1/pcr/m/n/8 ZCOPY[]_[][]Notif[]User[]Interface[]_[]create[]Func) ([] $\OM
S/cmsy/m/n/8 ^^C$\T1/pcr/m/n/8 upstream,
 []


Underfull \hbox (badness 10000) in paragraph at lines 107--108
\T1/pcr/m/n/8 typedef []($\OMS/cmsy/m/n/8 ^^C$ \T1/pcr/m/n/8 ZCOPY[]_[][]Notif[
]User[]Interface[]_[]reserve[]_[]address[]Func) ([] $\OMS/cmsy/m/n/8 ^^C$\T1/pc
r/m/n/8 user[]_[]intf,
 []


Underfull \hbox (badness 10000) in paragraph at lines 117--118
\T1/pcr/m/n/8 typedef []($\OMS/cmsy/m/n/8 ^^C$ \T1/pcr/m/n/8 ZCOPY[]_[][]Notif[
]User[]Interface[]_[]release[]_[]address[]Func) ([] $\OMS/cmsy/m/n/8 ^^C$\T1/pc
r/m/n/8 user[]_[]intf,
 []


Underfull \hbox (badness 10000) in paragraph at lines 127--128
\T1/pcr/m/n/8 typedef []($\OMS/cmsy/m/n/8 ^^C$ \T1/pcr/m/n/8 ZCOPY[]_[][]Notif[
]User[]Interface[]_[]add[]_[]route[]Func) ([] $\OMS/cmsy/m/n/8 ^^C$\T1/pcr/m/n/
8 user[]_[]intf, struct
 []

[181]
Overfull \hbox (30.8692pt too wide) in paragraph at lines 159--160
\T1/pcr/m/n/8 typedef []($\OMS/cmsy/m/n/8 ^^C$ \T1/pcr/m/n/8 ZCOPY[]_[][]Notif[
]User[]Interface[]_[]bind[]Func) ([] $\OMS/cmsy/m/n/8 ^^C$\T1/pcr/m/n/8 user[]_
[]intf, struct []
 []


Underfull \hbox (badness 10000) in paragraph at lines 169--170
\T1/pcr/m/n/8 typedef []($\OMS/cmsy/m/n/8 ^^C$ \T1/pcr/m/n/8 ZCOPY[]_[][]Notif[
]User[]Interface[]_[]unbind[]Func) ([] $\OMS/cmsy/m/n/8 ^^C$\T1/pcr/m/n/8 user[
]_[]intf, struct
 []

[182]
Underfull \hbox (badness 10000) in paragraph at lines 179--180
\T1/pcr/m/n/8 typedef []($\OMS/cmsy/m/n/8 ^^C$ \T1/pcr/m/n/8 ZCOPY[]_[][]Notif[
]User[]Interface[]_[]notify[]_[]port[]Func) ([] $\OMS/cmsy/m/n/8 ^^C$\T1/pcr/m/
n/8 user[]_[]intf, void
 []


Underfull \hbox (badness 10000) detected at line 195
[][][]
 []

(./group__ZCOPY__NotifInterfaceClass.tex)) (./group__OSAPIModule.tex [183]
(./group__OSAPI__HeapClass.tex [184] [185] [186] [187]
Underfull \hbox (badness 10000) detected at line 126
[][][]
 []


Underfull \hbox (badness 10000) detected at line 146
[][][]
 []

[188] [189]) (./group__OSAPITraceClass.tex) (./group__OSAPI__MutexClass.tex
[190]
Underfull \hbox (badness 10000) detected at line 56
[][][]
 []


Underfull \hbox (badness 10000) detected at line 69
[][][]
 []

[191]
Underfull \hbox (badness 10000) detected at line 91
[][][]
 []


Underfull \hbox (badness 10000) detected at line 111
[][][]
 []

) (./group__OSAPI__ProcessClass.tex [192]
Underfull \hbox (badness 10000) detected at line 33
[][][]
 []


Underfull \hbox (badness 10000) detected at line 48
[][][]
 []

) (./group__OSAPI__SemaphoreClass.tex [193]
Overfull \hbox (15.65288pt too wide) in paragraph at lines 45--46
[]\T1/phv/m/n/10 If [] is called with OSAPI[]_[][]SEMAPHORE[]_[][]TIMEOUT[]_[][
]INFINITE as time-out, []
 []

[194]
Underfull \hbox (badness 10000) detected at line 108
[][][]
 []

) (./group__OSAPI__MemoryClass.tex) (./group__OSAPI__StringClass.tex)
(./group__OSAPI__SystemClass.tex [195] [196]
Underfull \hbox (badness 10000) in paragraph at lines 117--118
\T1/pcr/m/n/8 typedef []($\OMS/cmsy/m/n/8 ^^C$ \T1/pcr/m/n/8 OSAPI[]_[][]System
[]_[]start[]_[]timer[]_[]T) (OSAPI[]_[][]Timer[]_[]T self, OSAPI[]_[][]Timer[]T
ick[]Handler[]Function
 []

[197]
Underfull \hbox (badness 10000) detected at line 130
[][][]
 []


Underfull \hbox (badness 10000) detected at line 145
[][][]
 []

[198]
Underfull \hbox (badness 10000) detected at line 171
[][][]
 []


Underfull \hbox (badness 10000) detected at line 186
[][][]
 []


Underfull \hbox (badness 10000) detected at line 204
[][][]
 []

[199]
Underfull \hbox (badness 10000) detected at line 222
[][][]
 []


Underfull \hbox (badness 10000) detected at line 244
[][][]
 []

) (./group__OSAPI__ThreadClass.tex [200] [201] [202])
(./group__OSAPI__TimeClass.tex [203]) (./group__OSAPI__TimerClass.tex)
(./group__OSAPI__TypeClass.tex [204] [205]
Overfull \hbox (32.71158pt too wide) in paragraph at lines 102--103
[]\T1/phv/m/n/10 Referenced by [], [], [], [],
 []


Overfull \hbox (16.43977pt too wide) in paragraph at lines 102--103
[]\T1/phv/m/n/10 , [], [], [],
 []


Overfull \hbox (35.97705pt too wide) in paragraph at lines 102--103
[]\T1/phv/m/n/10 , [], [],
 []


Overfull \hbox (27.02208pt too wide) in paragraph at lines 102--103
[]\T1/phv/m/n/10 , [], [],
 []


Overfull \hbox (135.89304pt too wide) in paragraph at lines 102--103
[]\T1/phv/m/n/10 , [], [],
 []


Overfull \hbox (223.06514pt too wide) in paragraph at lines 102--103
[]\T1/phv/m/n/10 , [], [],
 []


Overfull \hbox (95.11461pt too wide) in paragraph at lines 102--103
[]\T1/phv/m/n/10 , [], [],
 []


Overfull \hbox (18.57146pt too wide) in paragraph at lines 116--117
[]\T1/phv/m/n/10 , [], [],
 []


Overfull \hbox (108.80487pt too wide) in paragraph at lines 116--117
[]\T1/phv/m/n/10 , [], [], [],
 []


Overfull \hbox (76.8013pt too wide) in paragraph at lines 116--117
[]\T1/phv/m/n/10 , [], [], [],
 []

[206]) (./group__OSAPI__SharedMemoryMonitorClass.tex [207]
Underfull \hbox (badness 2213) in paragraph at lines 21--22
[]\T1/phv/m/n/10 NETIOPSLDll[]Export [] [] (struct OSAPI[]_[][]Shared[]Memory[]
Monitor
 []


Underfull \hbox (badness 4205) in paragraph at lines 25--26
[]\T1/phv/m/n/10 NETIOPSLDll[]Export [] [] (struct OSAPI[]_[][]Shared[]
 []


Underfull \hbox (badness 10000) detected at line 45
[][][]
 []

[208]
Underfull \hbox (badness 10000) detected at line 67
[][][]
 []


Underfull \hbox (badness 10000) detected at line 85
[][][]
 []

[209]
Underfull \hbox (badness 10000) detected at line 110
[][][]
 []


Underfull \hbox (badness 10000) detected at line 128
[][][]
 []


Underfull \hbox (badness 10000) detected at line 152
[][][]
 []

[210]
Underfull \hbox (badness 10000) detected at line 170
[][][]
 []


Underfull \hbox (badness 10000) detected at line 190
[][][]
 []

) (./group__OSAPI__SharedMemorySegmentClass.tex
Underfull \hbox (badness 841) in paragraph at lines 18--27
[] \T1/phv/m/n/10 , [] , [] ,
 []


Overfull \hbox (147.51947pt too wide) in paragraph at lines 31--34
[]\T1/phv/m/n/10 enum [] { [] , []
 []

[211]
Underfull \hbox (badness 5288) in paragraph at lines 40--41
[][] [] \T1/phv/m/n/10 (struct []
 []


Underfull \hbox (badness 1168) in paragraph at lines 42--43
[]\T1/phv/m/n/10 NETIOPSLDll[]Export [] [] ([]
 []


Underfull \hbox (badness 857) in paragraph at lines 44--45
[]\T1/phv/m/n/10 NETIOPSLDll[]Export [] [] ([]
 []


Overfull \hbox (52.01831pt too wide) in paragraph at lines 46--47
[]\T1/phv/m/n/10 NETIOPSLDll[]Export [] [] (struct []
 []


Overfull \hbox (51.52327pt too wide) in paragraph at lines 48--49
[]\T1/phv/m/n/10 NETIOPSLDll[]Export [] [] (struct []
 []


Overfull \hbox (51.52327pt too wide) in paragraph at lines 50--51
[]\T1/phv/m/n/10 NETIOPSLDll[]Export [] [] (struct []
 []


Overfull \hbox (54.02528pt too wide) in paragraph at lines 52--53
[]\T1/phv/m/n/10 NETIOPSLDll[]Export [] [] (struct []
 []


Overfull \hbox (42.82964pt too wide) in paragraph at lines 54--55
[]\T1/phv/m/n/10 NETIOPSLDll[]Export [] [] (struct []
 []


Overfull \hbox (52.83745pt too wide) in paragraph at lines 56--57
[]\T1/phv/m/n/10 NETIOPSLDll[]Export [] [] (struct []
 []


Overfull \hbox (92.66159pt too wide) in paragraph at lines 58--59
[]\T1/phv/m/n/10 NETIOPSLDll[]Export [] [] (struct []
 []


Underfull \hbox (badness 2970) in paragraph at lines 59--59
[]\T1/phv/m/sl/9 Mark a shared mem-ory seg-ment as con-sis-tent. This func-tion
 can only be called if a pre-vi-ous call to
 []

[212] [213]
Underfull \hbox (badness 10000) detected at line 143
[][][]
 []


Underfull \hbox (badness 10000) detected at line 163
[][][]
 []


Underfull \hbox (badness 10000) detected at line 181
[][][]
 []

[214]
Underfull \hbox (badness 10000) detected at line 199
[][][]
 []


Underfull \hbox (badness 10000) detected at line 225
[][][]
 []

[215]
Underfull \hbox (badness 10000) detected at line 247
[][][]
 []


Underfull \hbox (badness 10000) detected at line 271
[][][]
 []


Underfull \hbox (badness 10000) detected at line 289
[][][]
 []

[216]
Underfull \hbox (badness 10000) detected at line 309
[][][]
 []


Underfull \hbox (badness 10000) detected at line 327
[][][]
 []


Underfull \hbox (badness 1448) in paragraph at lines 330--332
\T1/phv/m/n/10 The be-hav-ior of this method is un-de-fined if the call-ing pro
-cess has not pre-vi-ously ac-quired the lock with
 []


Underfull \hbox (badness 2165) in paragraph at lines 338--339
[]\T1/phv/m/n/10 Mark a shared mem-ory seg-ment as con-sis-tent. This func-tion
 can only be called if a pre-vi-ous call to
 []

[217]
Underfull \hbox (badness 10000) detected at line 345
[][][]
 []


Underfull \hbox (badness 10000) detected at line 358
[][][]
 []

) (./group__OSAPILogClass.tex [218] [219] [220]
Underfull \hbox (badness 10000) detected at line 180
[][][]
 []

)) (./group__DDSAPPGENModule.tex
Underfull \hbox (badness 1400) in paragraph at lines 10--11
[]\T1/phv/m/n/10 APPGENDll[]Export [] [] (RT[]_[][]Registry[]_[]T $\OMS/cmsy/m/
n/10 ^^C$\T1/phv/m/n/10 registry, struct APPGEN[]_[][]
 []

[221]
Underfull \hbox (badness 10000) detected at line 34
[][][]
 []


Underfull \hbox (badness 10000) detected at line 54
[][][]
 []


Underfull \hbox (badness 10000) detected at line 74
[][][]
 []

) (./group__DDSPSKModule.tex [222])
(./group__DDSUserManuals__ResourceModule.tex [223]
(./group__DDSUserManuals__ResourceModule__dpf.tex
(./group__DDSUserManuals__ResourceModule__max__components.tex [224]
Underfull \hbox (badness 10000) detected at line 3
[][][]
 []


Underfull \hbox (badness 10000) detected at line 6
[][][]
 []

) (./group__DDSUserManuals__ResourceModule__max__participants.tex
Underfull \hbox (badness 10000) detected at line 3
[][][]
 []


Underfull \hbox (badness 10000) detected at line 6
[][][]
 []

)) (./group__DDSUserManuals__ResourceModule__dp.tex
(./group__DDSUserManuals__ResourceModule__dp__local__topic__allocation.tex
Underfull \hbox (badness 963) in paragraph at lines 33--1
\T1/phv/m/n/10 sources spec-i-fied in the Domain[]Participant[]Qos are al-lo-ca
ted when the Domain[]Participant is cre-ated with the
 []

[225]
Underfull \hbox (badness 10000) detected at line 3
[][][]
 []


Underfull \hbox (badness 10000) detected at line 6
[][][]
 []

) (./group__DDSUserManuals__ResourceModule__dp__local__type__allocation.tex
Underfull \hbox (badness 10000) detected at line 3
[][][]
 []


Underfull \hbox (badness 10000) detected at line 6
[][][]
 []

)
(./group__DDSUserManuals__ResourceModule__dp__local__publisher__allocation.tex
Underfull \hbox (badness 10000) detected at line 3
[][][]
 []


Underfull \hbox (badness 10000) detected at line 6
[][][]
 []


Underfull \hbox (badness 1838) in paragraph at lines 7--8
[][] \T1/phv/m/n/10 lim-its the max-i-mum num-ber of
 []


Overfull \hbox (25.75438pt too wide) in paragraph at lines 7--8
[] \T1/phv/m/n/10 en-ti-ties that can be cre-ated within a Domain[]Participant 
with the []
 []

)
(./group__DDSUserManuals__ResourceModule__dp__local__subscriber__allocation.tex

Underfull \hbox (badness 10000) detected at line 3
[][][]
 []


Underfull \hbox (badness 10000) detected at line 6
[][][]
 []


Overfull \hbox (36.87807pt too wide) in paragraph at lines 7--8
[] \T1/phv/m/n/10 en-ti-ties that can be cre-ated within a Domain[]Participant 
with the []
 []

) (./group__DDSUserManuals__ResourceModule__dp__local__reader__allocation.tex
[226]
Underfull \hbox (badness 10000) detected at line 3
[][][]
 []


Underfull \hbox (badness 10000) detected at line 6
[][][]
 []


Underfull \hbox (badness 6493) in paragraph at lines 7--8
[][] \T1/phv/m/n/10 lim-its the max-i-mum num-ber of
 []

)
(./group__DDSUserManuals__ResourceModule__dp__local__local__writer__allocation.
tex
Underfull \hbox (badness 10000) detected at line 3
[][][]
 []


Underfull \hbox (badness 10000) detected at line 6
[][][]
 []


Underfull \hbox (badness 10000) in paragraph at lines 7--8
[][] \T1/phv/m/n/10 lim-its the max-i-mum num-ber of
 []

)
(./group__DDSUserManuals__ResourceModule__dp__local__matching__matching__writer
__reader__pair__allocation.tex
Underfull \hbox (badness 10000) detected at line 3
[][][]
 []


Underfull \hbox (badness 10000) detected at line 6
[][][]
 []


Underfull \hbox (badness 10000) detected at line 9
[][][]
 []

[227]
Underfull \hbox (badness 10000) detected at line 14
[][][]
 []


Underfull \hbox (badness 10000) detected at line 17
[][][]
 []


Underfull \hbox (badness 10000) detected at line 20
[][][]
 []


Underfull \hbox (badness 10000) detected at line 23
[][][]
 []


Underfull \hbox (badness 10000) detected at line 26
[][][]
 []

)
(./group__DDSUserManuals__ResourceModule__dp__remote__participant__allocation.t
ex
Underfull \hbox (badness 10000) detected at line 3
[][][]
 []


Underfull \hbox (badness 10000) detected at line 6
[][][]
 []


Underfull \hbox (badness 10000) detected at line 9
[][][]
 []


Underfull \hbox (badness 10000) detected at line 12
[][][]
 []

) (./group__DDSUserManuals__ResourceModule__dp__remote__writer__allocation.tex
Underfull \hbox (badness 10000) detected at line 3
[][][]
 []


Underfull \hbox (badness 10000) detected at line 6
[][][]
 []

) (./group__DDSUserManuals__ResourceModule__dp__remote__reader__allocation.tex
[228]
Underfull \hbox (badness 10000) detected at line 3
[][][]
 []


Underfull \hbox (badness 10000) detected at line 6
[][][]
 []

) (./group__DDSUserManuals__ResourceModule__dp__max__destination__ports.tex
Underfull \hbox (badness 10000) detected at line 3
[][][]
 []


Underfull \hbox (badness 10000) detected at line 6
[][][]
 []


Overfull \hbox (17.24042pt too wide) in paragraph at lines 7--9
\T1/phv/m/n/10 queried from the reg-is-tered trans-ports. The []
 []


Underfull \hbox (badness 10000) detected at line 14
[][][]
 []


Underfull \hbox (badness 10000) detected at line 17
[][][]
 []


Underfull \hbox (badness 10000) detected at line 22
[][][]
 []

[229]
Underfull \hbox (badness 10000) detected at line 25
[][][]
 []


Underfull \hbox (badness 10000) detected at line 30
[][][]
 []


Underfull \hbox (badness 10000) detected at line 33
[][][]
 []

) (./group__DDSUserManuals__ResourceModule__dp__max__receive__ports.tex
Underfull \hbox (badness 10000) detected at line 3
[][][]
 []


Underfull \hbox (badness 10000) detected at line 6
[][][]
 []


Underfull \hbox (badness 10000) detected at line 15
[][][]
 []


Underfull \hbox (badness 10000) detected at line 22
[][][]
 []


Underfull \hbox (badness 10000) detected at line 25
[][][]
 []

[230]
Underfull \hbox (badness 10000) detected at line 32
[][][]
 []


Underfull \hbox (badness 10000) detected at line 35
[][][]
 []


Underfull \hbox (badness 10000) detected at line 42
[][][]
 []


Underfull \hbox (badness 10000) detected at line 45
[][][]
 []

)) (./group__DDSUserManuals__ResourceModule__drqos.tex
(./group__DDSUserManuals__ResourceModule__drqos__max__instances.tex [231]
Underfull \hbox (badness 10000) detected at line 3
[][][]
 []


Underfull \hbox (badness 10000) detected at line 6
[][][]
 []


Underfull \hbox (badness 10000) detected at line 9
[][][]
 []


Underfull \hbox (badness 1383) in paragraph at lines 10--11
[]\T1/phv/m/n/10 The re-sources al-lo-cated by an in-stance is nor-mally only r
e-leased when an in-stance is dis-posed \T1/phv/m/sl/10 and
 []


Underfull \hbox (badness 10000) detected at line 12
[][][]
 []


Underfull \hbox (badness 1755) in paragraph at lines 13--14
\T1/phv/m/n/10 cache. When the [] pol-icy is set to re-
 []


Underfull \hbox (badness 936) in paragraph at lines 13--14
\T1/phv/m/n/10 the old-est in-stance is au-to-mat-i-cally re-moved and the newl
y dis-cov-ered in-stance is re-ceived. The dis-
 []


Underfull \hbox (badness 10000) detected at line 15
[][][]
 []

)
(./group__DDSUserManuals__ResourceModule__drqos__max__remote__writers__per__ins
tance.tex
Underfull \hbox (badness 10000) detected at line 3
[][][]
 []


Underfull \hbox (badness 10000) detected at line 6
[][][]
 []


Underfull \hbox (badness 3417) in paragraph at lines 7--8
[][] \T1/phv/m/n/10 lim-its the max-i-mum num-ber
 []


Underfull \hbox (badness 1158) in paragraph at lines 7--8
\T1/phv/m/n/10 limit is lower than the ac-tual num-ber of re-mote datawrit-ers 
up-dat-ing an in-stance only state for up to
 []

) (./group__DDSUserManuals__ResourceModule__drqos__max__samples.tex [232]
Underfull \hbox (badness 10000) detected at line 3
[][][]
 []


Underfull \hbox (badness 10000) detected at line 6
[][][]
 []


Underfull \hbox (badness 10000) detected at line 9
[][][]
 []


Underfull \hbox (badness 10000) detected at line 16
[][][]
 []

)
(./group__DDSUserManuals__ResourceModule__drqos__max__samples__per__instance.te
x
Underfull \hbox (badness 10000) detected at line 3
[][][]
 []


Underfull \hbox (badness 10000) detected at line 6
[][][]
 []


Underfull \hbox (badness 10000) detected at line 9
[][][]
 []

) (./group__DDSUserManuals__ResourceModule__drqos__max__remote__writers.tex
Underfull \hbox (badness 10000) detected at line 3
[][][]
 []


Underfull \hbox (badness 10000) detected at line 6
[][][]
 []


Underfull \hbox (badness 10000) detected at line 9
[][][]
 []

)
(./group__DDSUserManuals__ResourceModule__drqos__max__samples__per__remote__wri
ter.tex [233]
Underfull \hbox (badness 10000) detected at line 3
[][][]
 []


Underfull \hbox (badness 10000) detected at line 6
[][][]
 []


Underfull \hbox (badness 1057) in paragraph at lines 7--8
\T1/phv/m/n/10 resource-limit is use-ful in pre-vent-ing one [] from starv-ing 
other []. NOTE[]
 []


Underfull \hbox (badness 1635) in paragraph at lines 7--8
\T1/phv/m/n/10 : The sam-ples cached from a [] is al-lo-cated from the same sam
-ple pool con-trolled by
 []

) (./group__DDSUserManuals__ResourceModule__drqos__max__routes__per__writer.tex

Underfull \hbox (badness 10000) detected at line 3
[][][]
 []


Underfull \hbox (badness 10000) detected at line 6
[][][]
 []


Underfull \hbox (badness 10000) detected at line 9
[][][]
 []


Overfull \hbox (182.786pt too wide) in paragraph at lines 10--11
[]\T1/phv/m/n/10 This resource-limit is shared across all matched [] per []. Th
us, if []
 []

) (./group__DDSUserManuals__ResourceModule__drqos__max__outstanding__reads.tex
Underfull \hbox (badness 10000) detected at line 3
[][][]
 []


Underfull \hbox (badness 10000) detected at line 6
[][][]
 []

[234]
Underfull \hbox (badness 10000) detected at line 9
[][][]
 []

) (./group__DDSUserManuals__ResourceModule__drqos__max__fragmented__samples.tex

Underfull \hbox (badness 10000) detected at line 3
[][][]
 []


Underfull \hbox (badness 10000) detected at line 6
[][][]
 []


Underfull \hbox (badness 1231) in paragraph at lines 7--8
[][] \T1/phv/m/n/10 lim-its the max-i-mum num-ber of frag-
 []


Underfull \hbox (badness 10000) detected at line 9
[][][]
 []

)
(./group__DDSUserManuals__ResourceModule__drqos__max__fragmented__samples__per_
_remote__writer.tex
Underfull \hbox (badness 10000) detected at line 3
[][][]
 []


Underfull \hbox (badness 10000) detected at line 6
[][][]
 []


Underfull \hbox (badness 10000) detected at line 9
[][][]
 []

)) (./group__DDSUserManuals__ResourceModule__dwqos.tex
(./group__DDSUserManuals__ResourceModule__dwqos__max__samples.tex [235]
Underfull \hbox (badness 10000) detected at line 3
[][][]
 []


Underfull \hbox (badness 10000) detected at line 6
[][][]
 []


Underfull \hbox (badness 10000) detected at line 9
[][][]
 []


Overfull \hbox (29.00772pt too wide) in paragraph at lines 11--11
[]\T1/phv/m/n/10 If the Data[]Writer is us-ing [] and not us-ing [],
 []


Underfull \hbox (badness 2875) in paragraph at lines 11--11
\T1/phv/m/n/10 the sam-ple is re-turned to the pool for reuse only if the his-t
ory depth is ex-ceeded and the
 []


Underfull \hbox (badness 10000) detected at line 14
[][][]
 []


Underfull \hbox (badness 10000) detected at line 17
[][][]
 []


Underfull \hbox (badness 10000) detected at line 20
[][][]
 []


Overfull \hbox (50.71936pt too wide) in paragraph at lines 21--22
[] \T1/phv/m/n/10 and []. 
 []

)
(./group__DDSUserManuals__ResourceModule__dwqos__max__samples__per__instance.te
x [236]
Underfull \hbox (badness 10000) detected at line 3
[][][]
 []


Underfull \hbox (badness 10000) detected at line 6
[][][]
 []


Underfull \hbox (badness 10000) detected at line 9
[][][]
 []


Overfull \hbox (61.79077pt too wide) in paragraph at lines 10--11
[][] \T1/phv/m/n/10 de-ter-mines how many sam-ples are kept in case of []
 []


Overfull \hbox (57.7963pt too wide) in paragraph at lines 10--11
\T1/phv/m/n/10 dura-bil-ity and made avail-able to late join-ing [], while []
 []

) (./group__DDSUserManuals__ResourceModule__dwqos__max__instances.tex
Underfull \hbox (badness 10000) detected at line 3
[][][]
 []


Underfull \hbox (badness 10000) detected at line 6
[][][]
 []

) (./group__DDSUserManuals__ResourceModule__dwqos__max__routes__per__reader.tex

Underfull \hbox (badness 10000) detected at line 3
[][][]
 []


Underfull \hbox (badness 10000) detected at line 6
[][][]
 []


Underfull \hbox (badness 10000) detected at line 9
[][][]
 []


Overfull \hbox (166.7842pt too wide) in paragraph at lines 10--11
[]\T1/phv/m/n/10 This resource-limit is shared across all matched Data[]Readers
 per []. Thus, if []
 []

) (./group__DDSUserManuals__ResourceModule__dwqos__max__remote__readers.tex
Underfull \hbox (badness 10000) detected at line 3
[][][]
 []

[237]
Underfull \hbox (badness 10000) detected at line 6
[][][]
 []

)) (./group__DDSUserManuals__ResourceModule__osapi.tex
(./group__DDSUserManuals__ResourceModule__osapi__buffer.tex
Underfull \hbox (badness 10000) detected at line 3
[][][]
 []


Underfull \hbox (badness 10000) detected at line 6
[][][]
 []

)) (./group__DDSUserManuals__ResourceModule__udp.tex
(./group__DDSUserManuals__ResourceModule__udp__max__message__size.tex
Underfull \hbox (badness 10000) detected at line 3
[][][]
 []


Underfull \hbox (badness 10000) detected at line 6
[][][]
 []


Underfull \hbox (badness 10000) detected at line 9
[][][]
 []


Underfull \hbox (badness 10000) detected at line 12
[][][]
 []


Overfull \hbox (67.94562pt too wide) in paragraph at lines 13--14
[]\T1/phv/m/n/10 The UDP trans-port al-lo-cates one buffer for each re-source i
n [].
 []

)) (./group__DDSUserManuals__ResourceModule__dpse.tex [238]
(./group__DDSUserManuals__ResourceModule__dpse__max__participant__locators.tex
Underfull \hbox (badness 10000) detected at line 3
[][][]
 []


Underfull \hbox (badness 10000) detected at line 6
[][][]
 []


Underfull \hbox (badness 10000) detected at line 9
[][][]
 []


Underfull \hbox (badness 10000) detected at line 12
[][][]
 []


Overfull \hbox (62.66367pt too wide) in paragraph at lines 13--14
[]\T1/phv/m/n/10 The max-i-mum num-ber of ad-dresses to send to is de-fined by 
the peer list (ei-ther spec-i-fied in []
 []


Underfull \hbox (badness 10000) detected at line 15
[][][]
 []

)
(./group__DDSUserManuals__ResourceModule__dpse__max__locators__per__discovered_
_participant.tex
Underfull \hbox (badness 10000) detected at line 3
[][][]
 []


Underfull \hbox (badness 10000) detected at line 6
[][][]
 []


Underfull \hbox (badness 10000) detected at line 9
[][][]
 []

)) (./group__DDSUserManuals__ResourceModule__dpde.tex [239]
(./group__DDSUserManuals__ResourceModule__dpde__max__participant__locators.tex
Underfull \hbox (badness 10000) detected at line 3
[][][]
 []


Underfull \hbox (badness 10000) detected at line 6
[][][]
 []


Underfull \hbox (badness 10000) detected at line 9
[][][]
 []


Underfull \hbox (badness 10000) detected at line 12
[][][]
 []


Overfull \hbox (62.66367pt too wide) in paragraph at lines 13--14
[]\T1/phv/m/n/10 The max-i-mum num-ber of ad-dresses to send to is de-fined by 
the peer list (ei-ther spec-i-fied in []
 []


Underfull \hbox (badness 10000) detected at line 15
[][][]
 []

)
(./group__DDSUserManuals__ResourceModule__dpde__max__locators__per__discovered_
_participant.tex [240]
Underfull \hbox (badness 10000) detected at line 3
[][][]
 []


Underfull \hbox (badness 10000) detected at line 6
[][][]
 []


Underfull \hbox (badness 10000) detected at line 9
[][][]
 []


Underfull \hbox (badness 10000) detected at line 14
[][][]
 []


Underfull \hbox (badness 10000) detected at line 17
[][][]
 []


Underfull \hbox (badness 10000) detected at line 20
[][][]
 []

)
(./group__DDSUserManuals__ResourceModule__dpde__max__samples__per__builtin__end
point__reader.tex
Underfull \hbox (badness 10000) detected at line 3
[][][]
 []


Underfull \hbox (badness 10000) detected at line 6
[][][]
 []

))) (./group__LoggingModule.tex [241] (./group__OSAPILogCodesClass.tex [242]
[243] [244] [245] [246] [247] [248] [249] [250] [251] [252] [253] [254]
[255] [256] [257] [258] [259] [260] [261] [262] [263] [264])
(./group__REDALogCodesClass.tex [265] [266] [267] [268] [269] [270] [271])
(./group__DBLogCodesClass.tex [272] [273] [274] [275] [276] [277])
(./group__RTLogCodesClass.tex [278] [279]) (./group__CDRLogCodesClass.tex
[280]) (./group__NETIOLogCodesClass.tex [281] [282] [283] [284] [285] [286]
[287] [288] [289] [290] [291] [292] [293] [294] [295] [296] [297] [298]
[299] [300] [301] [302] [303] [304] [305] [306] [307] [308])
(./group__RTPSLogCodesClass.tex [309] [310] [311] [312] [313] [314] [315]
[316] [317]
Underfull \hbox (badness 1648) in paragraph at lines 473--475
[]\T1/phv/m/n/10 If Domain[]Participant, may have ex-ceeded Domain[]Participant
[]Qos.[]resource[]_[]limits.[]matching[]_[]reader[]_[]writer[]_[]pair[]_[]
 []

[318] [319] [320] [321] [322] [323] [324] [325] [326]
Underfull \hbox (badness 1648) in paragraph at lines 1043--1045
[]\T1/phv/m/n/10 If Domain[]Participant, may have ex-ceeded Domain[]Participant
[]Qos.[]resource[]_[]limits.[]matching[]_[]reader[]_[]writer[]_[]pair[]_[]
 []

[327] [328] [329] [330] [331] [332] [333] [334] [335] [336] [337] [338])
(./group__DDSCLogCodesClass.tex [339] [340] [341] [342] [343] [344] [345]
[346] [347] [348] [349] [350] [351] [352] [353] [354] [355] [356]
Overfull \hbox (15.23718pt too wide) in paragraph at lines 809--810
[]\T1/phv/m/n/10 #define []  ([]
 []


Overfull \hbox (88.25314pt too wide) in paragraph at lines 811--812
[]\T1/phv/m/n/10 #define []  ([]
 []


Overfull \hbox (77.67825pt too wide) in paragraph at lines 813--814
[]\T1/phv/m/n/10 #define []  ([]
 []

[357] [358]
Underfull \hbox (badness 10000) in paragraph at lines 875--876
[]\T1/phv/m/n/10 #define [] ([] +
 []


Overfull \hbox (36.82811pt too wide) in paragraph at lines 877--878
[]\T1/phv/m/n/10 #define []  ([]
 []


Overfull \hbox (19.20648pt too wide) in paragraph at lines 905--906
[]\T1/phv/m/n/10 #define []  ([]
 []

[359]
Overfull \hbox (45.7111pt too wide) in paragraph at lines 913--914
[]\T1/phv/m/n/10 #define []  ([]
 []


Overfull \hbox (47.6192pt too wide) in paragraph at lines 915--916
[]\T1/phv/m/n/10 #define []  ([]
 []


Overfull \hbox (45.16222pt too wide) in paragraph at lines 917--918
[]\T1/phv/m/n/10 #define []  ([]
 []

[360]
Underfull \hbox (badness 5288) in paragraph at lines 993--994
[]\T1/phv/m/n/10 #define []  ([] +
 []

[361]
Overfull \hbox (54.45pt too wide) in paragraph at lines 1025--1026
[]\T1/phv/m/n/10 #define []  ([]
 []


Overfull \hbox (56.90698pt too wide) in paragraph at lines 1027--1028
[]\T1/phv/m/n/10 #define []  ([]
 []

[362]
Overfull \hbox (55.81795pt too wide) in paragraph at lines 1031--1032
[]\T1/phv/m/n/10 #define []  ([]
 []


Underfull \hbox (badness 1454) in paragraph at lines 1035--1036
[]\T1/phv/m/n/10 #define []  ([] +
 []


Underfull \hbox (badness 836) in paragraph at lines 1037--1038
[]\T1/phv/m/n/10 #define []  ([] +
 []


Overfull \hbox (19.77348pt too wide) in paragraph at lines 1041--1042
[]\T1/phv/m/n/10 #define []  ([]
 []


Overfull \hbox (19.03542pt too wide) in paragraph at lines 1047--1048
[]\T1/phv/m/n/10 #define []  ([]
 []


Overfull \hbox (20.06111pt too wide) in paragraph at lines 1051--1052
[]\T1/phv/m/n/10 #define []  ([]
 []


Overfull \hbox (17.05516pt too wide) in paragraph at lines 1053--1054
[]\T1/phv/m/n/10 #define []  ([]
 []


Underfull \hbox (badness 4001) in paragraph at lines 1055--1056
[]\T1/phv/m/n/10 #define []  ([] +
 []


Overfull \hbox (25.88446pt too wide) in paragraph at lines 1057--1058
[]\T1/phv/m/n/10 #define []  ([]
 []


Underfull \hbox (badness 2237) in paragraph at lines 1061--1062
[]\T1/phv/m/n/10 #define []  ([] +
 []

[363]
Underfull \hbox (badness 4108) in paragraph at lines 1067--1068
[]\T1/phv/m/n/10 #define []  ([] +
 []

[364] [365] [366] [367] [368] [369] [370] [371] [372] [373] [374] [375]
[376] [377] [378] [379] [380] [381] [382] [383] [384] [385] [386] [387]
[388] [389] [390] [391] [392] [393] [394] [395] [396] [397] [398] [399]
[400] [401] [402] [403] [404] [405] [406] [407] [408] [409] [410] [411]
[412] [413] [414] [415] [416] [417] [418] [419] [420] [421] [422] [423]
[424] [425]
Underfull \hbox (badness 10000) in paragraph at lines 5254--5255
\T1/pcr/m/n/8 #define DDSC[]_[][]LOG[]_[][]IPC[]_[][]CHANNEL[]_[][]FAILED[]_[][
]PROCESS[]_[][]ENDPOINT[]_[][]INTERCEPTOR[]_[][]STATE[]_[][]FAILED[]_[][]EC  ([
] +
 []

[426] [427] [428] [429] [430] [431] [432] [433] [434] [435] [436] [437]
[438] [439] [440]
Underfull \hbox (badness 10000) in paragraph at lines 6310--6311
\T1/pcr/m/n/8 #define DDSC[]_[][]LOG[]_[][]TRUST[]_[][]CREATE[]_[][]LOCAL[]_[][
]DATAWRITER[]_[][]INTERCEPTOR[]_[][]TOKENS[]_[][]FAILED[]_[][]EC  ([] +
 []


Underfull \hbox (badness 10000) in paragraph at lines 6320--6321
\T1/pcr/m/n/8 #define DDSC[]_[][]LOG[]_[][]TRUST[]_[][]CREATE[]_[][]LOCAL[]_[][
]DATAREADER[]_[][]INTERCEPTOR[]_[][]TOKENS[]_[][]FAILED[]_[][]EC  ([] +
 []


Underfull \hbox (badness 10000) in paragraph at lines 6340--6341
\T1/pcr/m/n/8 #define DDSC[]_[][]LOG[]_[][]TRUST[]_[][]RETURN[]_[][]AUTHENTICAT
ED[]_[][]PEER[]_[][]CREDENTIAL[]_[][]TOKEN[]_[][]FAILED[]_[][]EC  ([] +
 []

[441] [442] [443] [444] [445] [446] [447] [448] [449] [450])
(./group__ZeroCopyLogCodesClass.tex [451] [452] [453] [454] [455] [456]
[457] [458] [459] [460] [461]) (./group__WHSQLogCodesClass.tex [462] [463])
(./group__RHLogCodesClass.tex [464] [465] [466] [467] [468])
(./group__WHLogCodesClass.tex [469] [470]) (./group__DPSELogCodesClass.tex
[471] [472] [473] [474] [475] [476] [477] [478] [479] [480] [481] [482]
[483]) (./group__DPDELogCodesClass.tex [484] [485] [486] [487] [488] [489]
[490] [491] [492] [493] [494] [495]) (./group__APPGENLogCodesClass.tex [496]
[497] [498]) (./group__DDSFilterLogCodesClass.tex [499] [500] [501] [502]
[503] [504] [505] [506] [507] [508] [509])) (./structCDR__Stream__t.tex)
(./structDDS__BuiltinTopicKey__t.tex [510]
Overfull \hbox (36.3166pt too wide) in paragraph at lines 26--27
[]\T1/phv/m/n/10 For ex-am-ple, to con-fig-ure a re-mote [] with ob-ject ID 100
 by set-ting the key in the [][]
 []


Underfull \hbox (badness 10000) detected at line 33
[][][]
 []


Underfull \hbox (badness 10000) in paragraph at lines 47--48
\T1/pcr/m/n/8 DDS[]_[][]BUILTIN[]_[][]TOPIC[]_[][]KEY[]_[][]TYPE[]_[][]NATIVE D
DS[]_[][]Builtin[]Topic[]Key[]_[]t[]::value[]DDS[]_[][]BUILTIN[]_[][]TOPIC[]_[]
[]KEY[]_[][]TYPE[]_[][]NATIVE[]
 []

) (./structDDS__ChecksumProperty__t.tex [511])
(./structDDS__ContentFilterProperty.tex
Underfull \hbox (badness 10000) detected at line 30
[][][]
 []

[512]
Overfull \hbox (29.71pt too wide) in paragraph at lines 73--75
[]\T1/phv/m/n/10 Specifies which fil-ter class should be used to eval-u-ate the
 fil-ter ex-pres-sion. See []
 []


Underfull \hbox (badness 3199) in paragraph at lines 83--85
[]\T1/phv/m/n/10 Contains the fil-ter ex-pres-sion that de-ter-mines which sam-
ples are ac-cepted by the con-tent fil-ter. See
 []

[513]) (./structDDS__ContentFilterQosPolicy.tex
Overfull \hbox (70.55916pt too wide) in paragraph at lines 93--1
[]\T1/phv/m/n/10 A se-quence of string pa-ram-e-ters that can be ref-er-enced i
n the fil-ter ex-pres-sion. See []
 []


Underfull \hbox (badness 10000) detected at line 28
[][][]
 []


Underfull \hbox (badness 10000) detected at line 31
[][][]
 []


Underfull \hbox (badness 10000) in paragraph at lines 32--34

 []

[514]
Underfull \hbox (badness 1009) in paragraph at lines 41--42
[]\T1/phv/m/n/10 Generally, RTI Con-next DDS Mi-cro does not sup-port chang-ing
 the QoS of DDS en-ti-ties af-ter they are en-
 []


Underfull \hbox (badness 1168) in paragraph at lines 41--42
\T1/phv/m/n/10 abled. [] is an ex-cep-tion to this rule, since it can be up-dat
ed at run-time us-ing
 []


Underfull \hbox (badness 10000) detected at line 63
[][][]
 []

[515]) (./structDDS__DataReaderInstanceReplacedStatus.tex [516])
(./structDDS__DataReaderProtocolQosPolicy.tex [517]
Underfull \hbox (badness 10000) detected at line 28
[][][]
 []


Underfull \hbox (badness 10000) detected at line 31
[][][]
 []


Underfull \hbox (badness 10000) in paragraph at lines 32--34

 []

[518]) (./structDDS__DataReaderQos.tex [519]
Overfull \hbox (83.26942pt too wide) in paragraph at lines 54--55
[]\T1/phv/m/n/10 You must set the mem-bers in a con-sis-tent man-ner. If not, [
] will fail with [],
 []

[520] [521]
Underfull \hbox (badness 10000) detected at line 209
[][][]
 []

[522]) (./structDDS__DataReaderResourceLimitsQosPolicy.tex [523]
Underfull \hbox (badness 10000) detected at line 40
[][][]
 []


Underfull \hbox (badness 10000) detected at line 43
[][][]
 []


Underfull \hbox (badness 10000) in paragraph at lines 44--46

 []


Underfull \hbox (badness 3281) in paragraph at lines 75--76
[]\T1/phv/m/n/10 The [] lim-its the max-i-mum num-ber
 []


Underfull \hbox (badness 1112) in paragraph at lines 75--76
\T1/phv/m/n/10 of re-mote [] en-ti-ties a [] main-tains state for per in-stance
. If this resource-limit
 []

[524]
Underfull \hbox (badness 1033) in paragraph at lines 103--104
[]\T1/phv/m/n/10 The [] resource-limit lim-its the max-i-mum num-
 []


Underfull \hbox (badness 995) in paragraph at lines 103--104
\T1/phv/m/n/10 ber of si-mul-ta-ne-ous loans an ap-pli-ca-tion can make at any 
given time us-ing the [] and
 []


Underfull \hbox (badness 2951) in paragraph at lines 131--132
[]\T1/phv/m/n/10 This resource-limit is shared across all matched [] en-ti-ties
 per []. Thus, if
 []


Overfull \hbox (95.10268pt too wide) in paragraph at lines 131--132
[] \T1/phv/m/n/10 is 2 and []
 []

[525]) (./structDDS__DataRepresentationIdSeq.tex [526]
Underfull \hbox (badness 10000) detected at line 17
[][][]
 []

) (./structDDS__DataRepresentationQosPolicy.tex
Underfull \hbox (badness 10000) detected at line 22
[][][]
 []


Underfull \hbox (badness 10000) detected at line 25
[][][]
 []


Underfull \hbox (badness 10000) detected at line 28
[][][]
 []


Underfull \hbox (badness 10000) in paragraph at lines 29--31

 []

[527]
Underfull \hbox (badness 10000) detected at line 33
[][][]
 []


Overfull \hbox (35.08829pt too wide) in paragraph at lines 49--50
[][]\T1/phv/b/n/10 default[] \T1/phv/m/n/10 For [], [], and [], a list with one
 element[]: []. 
 []


Underfull \hbox (badness 10000) detected at line 51
[][][]
 []

) (./structDDS__DataWriterProtocolQosPolicy.tex [528]
Underfull \hbox (badness 10000) detected at line 28
[][][]
 []


Underfull \hbox (badness 10000) detected at line 31
[][][]
 []


Underfull \hbox (badness 10000) in paragraph at lines 32--34

 []


Underfull \hbox (badness 4886) in paragraph at lines 65--71
\T1/phv/m/n/10 max[]_[]send[]_[]window[]: min-i-mum(256, []::[]DDS[]_[][]Histor
y[]Qos[]Policy[]::depth $\OMS/cmsy/m/n/10 ^^C$ []\T1/phv/m/n/10 ::[]DDS[]_[][]R
esource[]Limits[]Qos[]Policy[]::max[]_[]
 []

[529]) (./structDDS__DataWriterQos.tex [530]
Overfull \hbox (99.99104pt too wide) in paragraph at lines 62--63
[]\T1/phv/m/n/10 - [][]:[]::[]:[] $\OML/cmm/m/it/10 <$\T1/phv/m/n/10 = [][]:[]:
:[]:[] 
 []


Underfull \hbox (badness 1728) in paragraph at lines 64--65
[]\T1/phv/m/n/10 - [][]:[]::[]:[] $\OML/cmm/m/it/10 <$\T1/phv/m/n/10 = [][]:[]:
:[]
 []

[531]
Underfull \hbox (badness 10000) detected at line 66
[][][]
 []


Underfull \hbox (badness 10000) detected at line 69
[][][]
 []

[532] [533]) (./structDDS__DataWriterResourceLimitsQosPolicy.tex [534]
Underfull \hbox (badness 10000) detected at line 32
[][][]
 []


Underfull \hbox (badness 10000) detected at line 35
[][][]
 []


Underfull \hbox (badness 10000) in paragraph at lines 36--38

 []

[535]
Underfull \hbox (badness 2951) in paragraph at lines 69--70
[]\T1/phv/m/n/10 This resource-limit is shared across all matched [] en-ti-ties
 per []. Thus, if
 []


Overfull \hbox (92.0966pt too wide) in paragraph at lines 69--70
[] \T1/phv/m/n/10 is 2 and []
 []


Overfull \hbox (202.30827pt too wide) in paragraph at lines 83--84
[]\T1/phv/m/n/10 The num-ber of sam-ples loaned by a [] via [] is lim-ited by [
].
 []


Overfull \hbox (36.36845pt too wide) in paragraph at lines 83--84
[] \T1/phv/m/n/10 re-turns NULL if and only if []
 []


Overfull \hbox (155.10323pt too wide) in paragraph at lines 83--84
[]\T1/phv/m/n/10 . If the de-fault value of DDS[]_[][]SIZE[]_[][]AUTO is used t
he []
 []


Underfull \hbox (badness 10000) detected at line 89
[][][]
 []

[536]
Underfull \hbox (badness 10000) detected at line 104
[][][]
 []


Underfull \hbox (badness 1052) in paragraph at lines 122--122
[]\T1/pcr/m/n/10 1 \T1/phv/m/n/10 to (2$[]$31)-1[]: The [] will per-form writer
-side fil-ter-ing for up to the spec-i-fied num-ber of
 []


Overfull \hbox (167.90953pt too wide) in paragraph at lines 122--122
[]\T1/phv/m/n/10 DDS[]_[][]LENGTH[]_[][]UNLIMITED[]: The [] will per-form write
r-side fil-ter-ing for up to []
 []


Underfull \hbox (badness 10000) detected at line 133
[][][]
 []

) (./structDDS__DataWriterShmemRefTransferModeSettings.tex [537]
Underfull \hbox (badness 10000) detected at line 22
[][][]
 []


Underfull \hbox (badness 10000) in paragraph at lines 23--25

 []


Underfull \hbox (badness 10000) detected at line 27
[][][]
 []


Underfull \hbox (badness 10000) in paragraph at lines 28--29

 []

) (./structDDS__DataWriterTransferModeQosPolicy.tex [538]
Underfull \hbox (badness 10000) detected at line 24
[][][]
 []


Underfull \hbox (badness 10000) detected at line 27
[][][]
 []


Underfull \hbox (badness 10000) in paragraph at lines 28--30

 []


Underfull \hbox (badness 10000) in paragraph at lines 39--40
\T1/pcr/m/n/8 struct [] DDS[]_[][]Data[]Writer[]Transfer[]Mode[]Qos[]Policy[]::
shmem[]_[]ref[]
 []

) (./structDDS__DeadlineQosPolicy.tex
Underfull \hbox (badness 1158) in paragraph at lines 22--23
[][] \T1/phv/m/n/10 ex-pects a new sam-ple up-dat-ing the value of each in-stan
ce at least once ev-ery \T1/pcr/m/n/10 period\T1/phv/m/n/10 .
 []


Underfull \hbox (badness 10000) detected at line 26
[][][]
 []

[539]
Underfull \hbox (badness 10000) detected at line 29
[][][]
 []


Overfull \hbox (164.92387pt too wide) in paragraph at lines 30--31
[][]\T1/phv/m/n/10 , [], [],
 []


Underfull \hbox (badness 10000) detected at line 32
[][][]
 []


Underfull \hbox (badness 10000) in paragraph at lines 33--35

 []

) (./structDDS__DestinationOrderQosPolicy.tex [540]
Overfull \hbox (46.53972pt too wide) in paragraph at lines 47--48
[]\T1/phv/m/n/10 When a [] sets [] to [],
 []

) (./structDDS__DiscoveryComponent.tex [541])
(./structDDS__DiscoveryQosPolicy.tex [542]
Underfull \hbox (badness 10000) detected at line 34
[][][]
 []


Underfull \hbox (badness 10000) detected at line 37
[][][]
 []


Underfull \hbox (badness 10000) in paragraph at lines 38--40

 []

[543]
Overfull \hbox (19.8907pt too wide) in paragraph at lines 80--81
[]\T1/phv/m/n/10 When an empty se-quence is passed to [] in the []
 []


Underfull \hbox (badness 10000) detected at line 96
[][][]
 []

[544] [545]) (./structDDS__DomainParticipantFactoryQos.tex
Underfull \hbox (badness 10000) detected at line 24
[][][]
 []


Underfull \hbox (badness 10000) detected at line 27
[][][]
 []

[546]) (./structDDS__DomainParticipantQos.tex [547]
Overfull \hbox (154.47588pt too wide) in paragraph at lines 42--42
[]\T1/phv/m/n/10 The Qos pol-icy must be set in a con-sis-tent man-ner, oth-er-
wise [] and []
 []


Underfull \hbox (badness 10000) detected at line 42
[][][]
 []


Underfull \hbox (badness 10000) detected at line 45
[][][]
 []

[548]
Underfull \hbox (badness 10000) detected at line 133
[][][]
 []


Overfull \hbox (19.5268pt too wide) in paragraph at lines 134--135
[]\T1/phv/m/n/10 One or more Lightweight Se-cu-rity plu-g-ins must have been pr
e-vi-ously reg-is-tered with the [],
 []

[549]) (./structDDS__DomainParticipantResourceLimitsQosPolicy.tex [550]
[551]
Underfull \hbox (badness 841) in paragraph at lines 74--74
[]\T1/phv/m/sl/9 The max-i-mum num-ber of 8-bit char-ac-ters re-served for PART
ITION.[]name strings to al-lo-cate for the PAR-TI-TION
 []


Underfull \hbox (badness 10000) detected at line 82
[][][]
 []


Underfull \hbox (badness 10000) detected at line 85
[][][]
 []


Underfull \hbox (badness 10000) in paragraph at lines 86--88

 []


Underfull \hbox (badness 3354) in paragraph at lines 103--104
[]\T1/phv/m/n/10 This resource-limit lim-its the max-i-mum num-ber of [] en-ti-
ties that can be cre-ated with the
 []

[552]
Underfull \hbox (badness 2608) in paragraph at lines 115--116
[]\T1/phv/m/n/10 This resource-limit lim-its the max-i-mum num-ber of [] en-ti-
ties that can be cre-ated with the
 []


Underfull \hbox (badness 3428) in paragraph at lines 139--140
[]\T1/phv/m/n/10 This resource-limit lim-its the max-i-mum num-ber of [] en-ti-
ties that can be cre-ated within a
 []

[553] [554] [555] [556]
Underfull \hbox (badness 10000) in paragraph at lines 291--292
[] \T1/pcr/m/n/8 DDS[]_[][]Domain[]Participant[]Resource[]Limits[]Qos[]Policy[]
::shmem[]_[]ref[]_[]transfer[]_[]mode[]_[]max[]_[]
 []


Overfull \hbox (16.10239pt too wide) in paragraph at lines 317--318
[]\T1/phv/m/n/10 Maximum num-ber of unique user data se-quences al-lowed across
 Domain[]Participants (the lo-cal []
 []

[557] [558] [559] [560]) (./structDDS__DurabilityQosPolicy.tex)
(./structDDS__Duration__t.tex [561]) (./structDDS__EntityFactoryQosPolicy.tex
[562]
Underfull \hbox (badness 10000) detected at line 22
[][][]
 []


Underfull \hbox (badness 10000) detected at line 25
[][][]
 []


Underfull \hbox (badness 10000) in paragraph at lines 26--28

 []

) (./structDDS__EntityNameQosPolicy.tex [563]
Underfull \hbox (badness 10000) detected at line 27
[][][]
 []


Underfull \hbox (badness 10000) detected at line 30
[][][]
 []


Underfull \hbox (badness 10000) in paragraph at lines 31--33

 []

[564]) (./structDDS__FilterQosPolicy.tex
Underfull \hbox (badness 10000) detected at line 28
[][][]
 []


Underfull \hbox (badness 10000) detected at line 31
[][][]
 []


Underfull \hbox (badness 10000) in paragraph at lines 32--34

 []

[565]
Underfull \hbox (badness 10000) detected at line 45
[][][]
 []

[566]) (./structDDS__FilterResourceLimits.tex [567] [568])
(./structDDS__FlowControllerProperty__t.tex [569]
Underfull \hbox (badness 10000) detected at line 28
[][][]
 []


Underfull \hbox (badness 10000) detected at line 31
[][][]
 []


Underfull \hbox (badness 10000) in paragraph at lines 32--33

 []


Overfull \hbox (33.3653pt too wide) in paragraph at lines 35--36
[] \T1/phv/m/n/10 = [] for [], [] for [].
 []


Underfull \hbox (badness 10000) in paragraph at lines 35--36

 []

[570]) (./structDDS__FlowControllerTokenBucketProperty__t.tex
Underfull \hbox (badness 10000) detected at line 36
[][][]
 []

[571]
Underfull \hbox (badness 10000) detected at line 39
[][][]
 []


Underfull \hbox (badness 10000) in paragraph at lines 40--41

 []


Overfull \hbox (55.14528pt too wide) in paragraph at lines 43--44
[] \T1/phv/m/n/10 = []. How-ever, the spe-cial value of [] as []
 []


Underfull \hbox (badness 10000) in paragraph at lines 43--44

 []


Overfull \hbox (65.50192pt too wide) in paragraph at lines 75--76
[]\T1/phv/m/n/10 Available to-kens are dis-tributed to as-so-ci-ated [] in-stan
ces based on the []. 
 []


Overfull \hbox (87.26385pt too wide) in paragraph at lines 77--78
[]\T1/phv/m/n/10 Use DDS[]_[][]LENGTH[]_[][]UNLIMITED to add the max-i-mum num-
ber of to-kens al-lowed by []. 
 []

[572]
Underfull \hbox (badness 1303) in paragraph at lines 109--110
[]\T1/phv/m/n/10 The spe-cial value [] can be used to cre-ate an \T1/phv/m/sl/1
0 on-demand []\T1/phv/m/n/10 , for
 []


Underfull \hbox (badness 1867) in paragraph at lines 109--110
\T1/phv/m/n/10 which to-kens are no longer re-plen-ished pe-ri-od-i-cally. In-s
tead, to-kens must be added ex-plic-itly by call-ing
 []


Overfull \hbox (47.67311pt too wide) in paragraph at lines 109--110
[]\T1/phv/m/n/10 . This ex-ter-nal trig-ger adds []
 []


Overfull \hbox (117.36174pt too wide) in paragraph at lines 125--126
[]\T1/phv/m/n/10 Tokens are al-ways con-sumed in whole by each []. That is, in 
cases where []
 []

[573]) (./structDDS__GroupDataQosPolicy.tex
Underfull \hbox (badness 10000) detected at line 22
[][][]
 []


Underfull \hbox (badness 10000) detected at line 25
[][][]
 []


Underfull \hbox (badness 10000) in paragraph at lines 26--28

 []

[574]) (./structDDS__GUID__t.tex) (./structDDS__HistoryQosPolicy.tex [575]
Underfull \hbox (badness 10000) detected at line 32
[][][]
 []


Underfull \hbox (badness 10000) detected at line 35
[][][]
 []


Underfull \hbox (badness 10000) in paragraph at lines 36--38

 []


Underfull \hbox (badness 10000) detected at line 40
[][][]
 []

[576]
Underfull \hbox (badness 10000) detected at line 51
[][][]
 []

) (./structDDS__InconsistentTopicStatus.tex
Underfull \hbox (badness 10000) detected at line 17
[][][]
 []

[577]
Underfull \hbox (badness 10000) detected at line 20
[][][]
 []

) (./structDDS__InstanceHandleSeq.tex
Underfull \hbox (badness 10000) detected at line 17
[][][]
 []


Underfull \hbox (badness 10000) detected at line 20
[][][]
 []

) (./structDDS__LatencyBudgetQosPolicy.tex
Underfull \hbox (badness 10000) detected at line 24
[][][]
 []

[578]
Underfull \hbox (badness 10000) detected at line 27
[][][]
 []


Underfull \hbox (badness 10000) detected at line 30
[][][]
 []


Underfull \hbox (badness 10000) in paragraph at lines 31--33

 []


Underfull \hbox (badness 10000) detected at line 35
[][][]
 []

) (./structDDS__LivelinessChangedStatus.tex [579] [580])
(./structDDS__LivelinessLostStatus.tex
Underfull \hbox (badness 10000) detected at line 24
[][][]
 []


Underfull \hbox (badness 10000) detected at line 27
[][][]
 []

[581]) (./structDDS__LivelinessQosPolicy.tex [582]
Underfull \hbox (badness 10000) detected at line 40
[][][]
 []


Underfull \hbox (badness 10000) detected at line 43
[][][]
 []


Underfull \hbox (badness 10000) detected at line 48
[][][]
 []


Underfull \hbox (badness 10000) in paragraph at lines 49--51

 []

[583]
Overfull \hbox (94.41884pt too wide) in paragraph at lines 60--61
[]\T1/phv/m/n/10 The man-ual set-tings in-clude both [] and [].
 []


Underfull \hbox (badness 812) in paragraph at lines 67--67
[]\T1/phv/m/n/10 The set-ting [] re-quires that at least one in-stance within t
he
 []


Overfull \hbox (62.32596pt too wide) in paragraph at lines 72--72
\T1/phv/m/n/10 val-ues are or-dered as follows[]: [] $\OML/cmm/m/it/10 <$ []
 []

[584]) (./structDDS__Locator__t.tex [585]) (./structDDS__LocatorSeq.tex
Underfull \hbox (badness 10000) detected at line 17
[][][]
 []

) (./structDDS__OfferedDeadlineMissedStatus.tex [586]
Underfull \hbox (badness 10000) detected at line 26
[][][]
 []


Underfull \hbox (badness 10000) detected at line 29
[][][]
 []

) (./structDDS__OfferedIncompatibleQosStatus.tex [587]
Underfull \hbox (badness 10000) detected at line 28
[][][]
 []


Underfull \hbox (badness 10000) detected at line 31
[][][]
 []

[588]) (./structDDS__OwnershipQosPolicy.tex
Underfull \hbox (badness 10000) detected at line 22
[][][]
 []


Underfull \hbox (badness 10000) detected at line 25
[][][]
 []


Underfull \hbox (badness 10000) detected at line 28
[][][]
 []


Underfull \hbox (badness 10000) in paragraph at lines 29--31

 []


Underfull \hbox (badness 10000) detected at line 33
[][][]
 []

[589] [590]
Underfull \hbox (badness 1067) in paragraph at lines 63--64
\T1/phv/m/n/10 Both cases above use the [] and ar-bi-trate them-selves by means
 of the
 []


Underfull \hbox (badness 2538) in paragraph at lines 72--72
[][]\T1/phv/m/n/10 application fault[] The ap-pli-ca-tion logic that was writ-i
ng the data is faulty and has stopped call-ing
 []

[591]
Underfull \hbox (badness 2057) in paragraph at lines 82--83
\T1/phv/m/n/10 writes data pe-ri-od-i-cally, the [] and the on[]_[]deadline[]_[
]missed lis-tener pro-vides the no-
 []


Underfull \hbox (badness 2134) in paragraph at lines 82--83
\T1/phv/m/n/10 ti-fi-ca-tion. The case where a [] does not pe-ri-od-i-cally up-
date data re-quires the use of the
 []

) (./structDDS__OwnershipStrengthQosPolicy.tex [592]
Underfull \hbox (badness 10000) detected at line 24
[][][]
 []


Underfull \hbox (badness 10000) detected at line 27
[][][]
 []


Underfull \hbox (badness 10000) in paragraph at lines 28--30

 []


Underfull \hbox (badness 10000) detected at line 34
[][][]
 []

) (./structDDS__ParticipantBuiltinTopicData.tex [593] [594] [595])
(./structDDS__PartitionQosPolicy.tex [596]
Underfull \hbox (badness 914) in paragraph at lines 32--33
[]\T1/phv/m/n/10 The PAR-TI-TION se-quence must be set be-fore en-abling the en
-tity. The user must cre-ate a Pub-lisher QoS
 []

[597]
Underfull \hbox (badness 918) in paragraph at lines 68--69
[]\T1/phv/m/n/10 When max[]_[]partition[]_[]string[]_[]allocation is DDS[]_[][]
LENGTH[]_[][]UNLIMITED max[]_[]partition[]_[]string[]_[]size should be set to
 []

[598]) (./structDDS__PresentationQosPolicy.tex
Overfull \hbox (50.45464pt too wide) in paragraph at lines 30--31
\T1/phv/m/n/10 These set-tings en-able a [] to match with a [] that re-quests e
i-ther []
 []

[599]
Underfull \hbox (badness 10000) detected at line 40
[][][]
 []


Underfull \hbox (badness 10000) detected at line 43
[][][]
 []

[600] [601]
Underfull \hbox (badness 5802) in paragraph at lines 76--77
[]\T1/phv/m/n/10 the in-equal-ity \T1/phv/m/sl/10 of-fered \T1/pcr/m/sl/10 acce
ss[]_[]scope $\OML/cmm/m/it/10 >$\T1/phv/m/sl/10 = re-quested \T1/pcr/m/sl/10 a
ccess[]_[]scope \T1/phv/m/n/10 eval-u-ates to \TS1/phv/m/n/10 '\T1/phv/m/n/10 T
RUE\TS1/phv/m/n/10 '\T1/phv/m/n/10 . For
 []


Underfull \hbox (badness 3333) in paragraph at lines 76--77
\T1/phv/m/n/10 the pur-poses of this in-equal-ity, the val-ues of \T1/pcr/m/n/1
0 access[]_[]scope \T1/phv/m/n/10 are con-sid-ered or-dered such that
 []


Overfull \hbox (48.64854pt too wide) in paragraph at lines 76--77
[] $\OML/cmm/m/it/10 <$ [] $<$ []\T1/phv/m/n/10 .
 []


Underfull \hbox (badness 10000) in paragraph at lines 76--77

 []


Underfull \hbox (badness 10000) in paragraph at lines 76--77

 []


Underfull \hbox (badness 10000) in paragraph at lines 77--78

 []


Underfull \hbox (badness 10000) in paragraph at lines 78--79

 []


Overfull \hbox (50.8891pt too wide) in paragraph at lines 109--110
[]\T1/phv/m/n/10 To use this fea-ture, the [] must be con-fig-ured for RE-LI-AB
LE com-mu-ni-ca-tion, see []. 
 []


Overfull \hbox (27.76534pt too wide) in paragraph at lines 111--112
[]\T1/phv/b/n/10 NOTE[]: This QoS set-ting can only be set when us-ing the stat
ic dis-cov-ery API on the []. 
 []

[602]
Overfull \hbox (27.76534pt too wide) in paragraph at lines 125--126
[]\T1/phv/b/n/10 NOTE[]: This QoS set-ting can only be set when us-ing the stat
ic dis-cov-ery API on the []. 
 []

) (./structDDS__ProductVersion__t.tex [603]) (./structDDS__Property__t.tex
[604]) (./structDDS__PropertyQosPolicy.tex
Underfull \hbox (badness 10000) detected at line 22
[][][]
 []


Underfull \hbox (badness 10000) detected at line 25
[][][]
 []


Underfull \hbox (badness 10000) in paragraph at lines 26--28

 []

[605]) (./structDDS__PropertySeq.tex
Underfull \hbox (badness 10000) detected at line 17
[][][]
 []

) (./structDDS__ProtocolVersion__t.tex [606])
(./structDDS__PskPassTracker__InterfaceI.tex [607]
Underfull \hbox (badness 10000) detected at line 48
[][][]
 []


Underfull \hbox (badness 10000) detected at line 66
[][][]
 []

) (./structDDS__PskServiceFactoryProperty.tex [608]
Underfull \hbox (badness 10000) detected at line 55
[][][]
 []

[609]
Underfull \hbox (badness 10000) detected at line 72
[][][]
 []


Underfull \hbox (badness 10000) detected at line 85
[][][]
 []


Underfull \hbox (badness 1000) in paragraph at lines 86--87
[]\T1/phv/m/n/10 Include \T1/pcr/m/n/10 psk[]_[]file[]_[]tracker/psk[]_[]file[]
_[]pass[]_[]tracker.[]h \T1/phv/m/n/10 when us-ing the RTI-provided file-based
 []


Underfull \hbox (badness 10000) detected at line 102
[][][]
 []


Underfull \hbox (badness 1000) in paragraph at lines 103--104
[]\T1/phv/m/n/10 Include \T1/pcr/m/n/10 psk[]_[]file[]_[]tracker/psk[]_[]file[]
_[]pass[]_[]tracker.[]h \T1/phv/m/n/10 when us-ing the RTI-provided file-based
 []

) (./structDDS__PublicationBuiltinTopicData.tex [610]
Underfull \hbox (badness 3058) in paragraph at lines 40--40
[]\T1/phv/m/sl/9 Custom uni-cast lo-ca-tor se-quence that the end-point can spe
c-ify. The de-fault lo-ca-tor se-quence from the
 []

[611]
Underfull \hbox (badness 10000) detected at line 97
[][][]
 []


Underfull \hbox (badness 10000) detected at line 114
[][][]
 []

[612] [613]
Underfull \hbox (badness 2088) in paragraph at lines 205--206
[]\T1/phv/m/n/10 Custom uni-cast lo-ca-tor se-quence that the end-point can spe
c-ify. The de-fault lo-ca-tor se-quence from the
 []

) (./structDDS__PublicationMatchedStatus.tex [614] [615])
(./structDDS__PublisherQos.tex
Overfull \hbox (72.93457pt too wide) in paragraph at lines 28--29
[]\T1/phv/m/n/10 If the call to [] at-tempts to change the PAR-TI-TION QoS then
 it will re-turn [] 
 []

[616]) (./structDDS__PublishModeQosPolicy.tex [617]
Underfull \hbox (badness 10000) detected at line 28
[][][]
 []


Underfull \hbox (badness 10000) detected at line 33
[][][]
 []


Underfull \hbox (badness 10000) detected at line 36
[][][]
 []


Underfull \hbox (badness 10000) in paragraph at lines 37--39

 []

[618]
Underfull \hbox (badness 10000) detected at line 81
[][][]
 []

[619]) (./structDDS__QosPolicyCount.tex) (./structDDS__ReliabilityQosPolicy.tex
[620]
Underfull \hbox (badness 10000) detected at line 24
[][][]
 []


Underfull \hbox (badness 10000) detected at line 27
[][][]
 []


Underfull \hbox (badness 10000) detected at line 30
[][][]
 []


Underfull \hbox (badness 10000) in paragraph at lines 31--33

 []


Underfull \hbox (badness 10000) detected at line 44
[][][]
 []

[621]
Overfull \hbox (70.98274pt too wide) in paragraph at lines 77--78
[]\T1/phv/m/n/10 For a [][]: This set-ting ap-plies only to the case where [] =
 [].
 []


Underfull \hbox (badness 10000) in paragraph at lines 79--81

 []


Underfull \hbox (badness 10000) in paragraph at lines 79--81

 []


Underfull \hbox (badness 10000) in paragraph at lines 85--87

 []


Underfull \hbox (badness 10000) in paragraph at lines 85--87

 []


Underfull \hbox (badness 10000) in paragraph at lines 91--92

 []


Underfull \hbox (badness 10000) detected at line 94
[][][]
 []

) (./structDDS__ReliableReaderActivityChangedStatus.tex [622]
Underfull \hbox (badness 10000) detected at line 30
[][][]
 []


Underfull \hbox (badness 10000) detected at line 33
[][][]
 []


Overfull \hbox (37.03423pt too wide) in paragraph at lines 61--63
[]\T1/phv/m/n/10 A reader is con-sid-ered to be in-ac-tive af-ter is has been s
ent heart-beats []
 []

[623]) (./structDDS__ReliableSampleUnacknowledgedStatus.tex
Underfull \hbox (badness 10000) detected at line 26
[][][]
 []

[624]
Underfull \hbox (badness 10000) detected at line 29
[][][]
 []

) (./structDDS__RequestedDeadlineMissedStatus.tex [625])
(./structDDS__RequestedIncompatibleQosStatus.tex
Underfull \hbox (badness 10000) detected at line 28
[][][]
 []

[626]) (./structDDS__ResourceLimitsQosPolicy.tex [627]
Underfull \hbox (badness 10000) detected at line 26
[][][]
 []


Underfull \hbox (badness 10000) detected at line 29
[][][]
 []


Underfull \hbox (badness 10000) detected at line 32
[][][]
 []


Underfull \hbox (badness 10000) in paragraph at lines 33--35

 []


Underfull \hbox (badness 10000) detected at line 42
[][][]
 []


Underfull \hbox (badness 10000) detected at line 57
[][][]
 []

[628]
Underfull \hbox (badness 2837) in paragraph at lines 79--80
[]\T1/phv/m/n/10 The [] re-source limit lim-its the max-i-mum num-ber of sam-pl
es a
 []


Underfull \hbox (badness 2837) in paragraph at lines 87--88
[]\T1/phv/m/n/10 The [] re-source limit lim-its the max-i-mum num-ber of sam-pl
es a
 []


Overfull \hbox (58.26578pt too wide) in paragraph at lines 90--90
[] \T1/phv/m/n/10 has given up on de-liv-er-ing the sam-ple, con-trolled by [],

 []


Overfull \hbox (28.49287pt too wide) in paragraph at lines 90--90
[]\T1/phv/m/n/10 If the [] is us-ing [] and not us-ing [],
 []


Underfull \hbox (badness 1092) in paragraph at lines 93--94
[]\T1/phv/m/n/10 For re-li-able com-mu-ni-ca-tion, the value of this re-source 
limit de-ter-mines the max-i-mum num-ber of sam-ples a
 []


Underfull \hbox (badness 2573) in paragraph at lines 93--94
[] \T1/phv/m/n/10 can keep in un-ac-knowl-edged state be-fore reusing po-ten-ti
ally un-ac-knowl-edged sam-ples for
 []


Underfull \hbox (badness 787) in paragraph at lines 93--94
[]\T1/phv/m/n/10 . For re-li-able data, the value should take into ac-count the
 data rate, the
 []


Overfull \hbox (30.82643pt too wide) in paragraph at lines 93--94
[]\T1/phv/m/n/10 , and []. 
 []

[629]
Underfull \hbox (badness 10000) detected at line 95
[][][]
 []


Underfull \hbox (badness 5022) in paragraph at lines 116--117
[]\T1/phv/m/n/10 The [] pol-icy is use-ful to main-tain state for
 []


Underfull \hbox (badness 2600) in paragraph at lines 116--117
\T1/phv/m/n/10 only the last N in-stances, and when it is not nec-es-sary to ke
ep sam-ples in the [] his-
 []


Underfull \hbox (badness 1867) in paragraph at lines 116--117
\T1/phv/m/n/10 tory cache. When the [] pol-icy is set to re-
 []


Underfull \hbox (badness 7081) in paragraph at lines 116--117
\T1/phv/m/n/10 place the old-est in-stance, [], in-for-ma-tion about
 []


Underfull \hbox (badness 2828) in paragraph at lines 116--117
\T1/phv/m/n/10 the old-est in-stance is au-to-mat-i-cally re-moved and the newl
y dis-cov-ered in-stance is re-ceived. The dis-
 []


Underfull \hbox (badness 3769) in paragraph at lines 116--117
\T1/phv/m/n/10 ad-van-tage is that [] state can-not be main-tained. The
 []


Underfull \hbox (badness 10000) detected at line 118
[][][]
 []


Underfull \hbox (badness 1460) in paragraph at lines 125--126
[]\T1/phv/m/n/10 The [] re-source limit lim-its the max-i-mum num-ber of in-sta
nces a
 []

[630]
Overfull \hbox (58.67117pt too wide) in paragraph at lines 141--142
\T1/phv/m/n/10 or equal to max[]_[]samples and greater or equal to the his-tory
 depth. When []
 []


Underfull \hbox (badness 1231) in paragraph at lines 143--144
[]\T1/phv/m/n/10 When this resource-limit or [] is ex-ceeded and the [] is
 []


Overfull \hbox (39.27716pt too wide) in paragraph at lines 153--154
[][] \T1/phv/m/n/10 de-ter-mines how many sam-ples are kept in case of []
 []


Overfull \hbox (35.28268pt too wide) in paragraph at lines 153--154
\T1/phv/m/n/10 dura-bil-ity and made avail-able to late join-ing [], while []
 []

) (./structDDS__RtpsReliableReaderProtocol__t.tex
Underfull \hbox (badness 10000) detected at line 24
[][][]
 []


Underfull \hbox (badness 10000) in paragraph at lines 25--27

 []

[631]
Underfull \hbox (badness 10000) detected at line 29
[][][]
 []


Underfull \hbox (badness 10000) in paragraph at lines 30--31

 []


Underfull \hbox (badness 10000) in paragraph at lines 48--49

 []

) (./structDDS__RtpsReliableWriterProtocol__t.tex [632]
Underfull \hbox (badness 10000) detected at line 30
[][][]
 []


Underfull \hbox (badness 10000) in paragraph at lines 31--33

 []


Underfull \hbox (badness 10000) detected at line 35
[][][]
 []


Underfull \hbox (badness 10000) in paragraph at lines 36--37

 []

[633]) (./structDDS__RtpsWellKnownPorts__t.tex [634]
Overfull \hbox (195.16919pt too wide) in paragraph at lines 46--46
[]\T1/pcr/m/n/8 metatraffic_unicast_port = port_base + (domain_id_gain * domain
_id) + (participant_id_gain * participant_id) + builtin_unicast_port_offset  
 []


Overfull \hbox (17.56908pt too wide) in paragraph at lines 49--49
[]\T1/pcr/m/n/8 metatraffic_multicast_port = port_base + (domain_id_gain * doma
in_id) + builtin_multicast_port_offset  
 []


Overfull \hbox (180.76918pt too wide) in paragraph at lines 54--54
[]\T1/pcr/m/n/8 usertraffic_unicast_port = port_base + (domain_id_gain * domain
_id) + (participant_id_gain * participant_id) + user_unicast_port_offset  
 []


Underfull \hbox (badness 10000) detected at line 66
[][][]
 []


Underfull \hbox (badness 10000) in paragraph at lines 67--68

 []

[635]
Underfull \vbox (badness 10000) detected at line 118
 []

[636] [637]) (./structDDS__SampleIdentity__t.tex [638])
(./structDDS__SampleInfo.tex [639]
Underfull \hbox (badness 10000) detected at line 58
[][][]
 []

[640]
Underfull \hbox (badness 10000) detected at line 76
[][][]
 []


Underfull \hbox (badness 10000) detected at line 91
[][][]
 []


Underfull \hbox (badness 10000) detected at line 106
[][][]
 []


Overfull \hbox (100.82817pt too wide) in paragraph at lines 129--131
[]\T1/phv/m/n/10 The \T1/pcr/m/n/10 publication[]_[]handle \T1/phv/m/n/10 is th
e same [] that is re-turned by the op-er-a-tion []
 []

[641]) (./structDDS__SampleInfoSeq.tex [642]
Underfull \hbox (badness 10000) detected at line 17
[][][]
 []

) (./structDDS__SampleLostStatus.tex [643])
(./structDDS__SampleRejectedStatus.tex [644]
Underfull \hbox (badness 10000) detected at line 61
[][][]
 []

) (./structDDS__SecTransform__Configuration.tex [645])
(./structDDS__SequenceNumber__t.tex [646]) (./structDDS__SubscriberQos.tex
Overfull \hbox (76.27614pt too wide) in paragraph at lines 28--29
[]\T1/phv/m/n/10 You must set the mem-bers in a con-sis-tent man-ner. If not, [
] and []
 []

[647]) (./structDDS__SubscriptionBuiltinTopicData.tex [648]
Underfull \hbox (badness 3058) in paragraph at lines 38--38
[]\T1/phv/m/sl/9 Custom uni-cast lo-ca-tor se-quence that the end-point can spe
c-ify. The de-fault lo-ca-tor se-quence from the
 []


Underfull \hbox (badness 2671) in paragraph at lines 40--40
[]\T1/phv/m/sl/9 Custom mul-ti-cast lo-ca-tor that the end-point can spec-ify. 
The de-fault mul-ti-cast lo-ca-tor se-quence from the
 []

[649]
Underfull \hbox (badness 10000) detected at line 62
[][][]
 []


Underfull \hbox (badness 10000) detected at line 102
[][][]
 []


Underfull \hbox (badness 10000) detected at line 119
[][][]
 []

[650] [651]
Underfull \hbox (badness 2088) in paragraph at lines 200--201
[]\T1/phv/m/n/10 Custom uni-cast lo-ca-tor se-quence that the end-point can spe
c-ify. The de-fault lo-ca-tor se-quence from the
 []


Underfull \hbox (badness 1789) in paragraph at lines 210--211
[]\T1/phv/m/n/10 Custom mul-ti-cast lo-ca-tor that the end-point can spec-ify. 
The de-fault mul-ti-cast lo-ca-tor se-quence from the
 []

[652]
Underfull \hbox (badness 10000) detected at line 284
[][][]
 []

) (./structDDS__SubscriptionMatchedStatus.tex [653])
(./structDDS__SystemResourceLimitsQosPolicy.tex [654]
Underfull \hbox (badness 10000) detected at line 26
[][][]
 []


Underfull \hbox (badness 10000) detected at line 29
[][][]
 []


Underfull \hbox (badness 10000) in paragraph at lines 30--32

 []

[655]) (./structDDS__Time__t.tex [656]) (./structDDS__TopicDataQosPolicy.tex
Underfull \hbox (badness 10000) detected at line 22
[][][]
 []


Underfull \hbox (badness 10000) detected at line 25
[][][]
 []


Underfull \hbox (badness 10000) in paragraph at lines 26--28

 []

[657]) (./structDDS__TopicQos.tex) (./structDDS__TransportPriorityQosPolicy.tex
[658]) (./structDDS__TransportQosPolicy.tex
Underfull \hbox (badness 10000) detected at line 22
[][][]
 []

[659]
Underfull \hbox (badness 10000) detected at line 25
[][][]
 []


Underfull \hbox (badness 10000) in paragraph at lines 26--28

 []


Underfull \hbox (badness 10000) detected at line 45
[][][]
 []

) (./structDDS__TrustQosPolicy.tex
Underfull \hbox (badness 10000) detected at line 22
[][][]
 []

[660]
Underfull \hbox (badness 10000) detected at line 25
[][][]
 []


Underfull \hbox (badness 10000) in paragraph at lines 26--28

 []


Underfull \hbox (badness 10000) detected at line 47
[][][]
 []

) (./structDDS__UserDataQosPolicy.tex [661]
Underfull \hbox (badness 10000) detected at line 22
[][][]
 []


Underfull \hbox (badness 10000) detected at line 25
[][][]
 []


Underfull \hbox (badness 10000) in paragraph at lines 26--28

 []

) (./structDDS__UserTrafficQosPolicy.tex [662]
Underfull \hbox (badness 10000) detected at line 22
[][][]
 []


Underfull \hbox (badness 10000) detected at line 25
[][][]
 []


Underfull \hbox (badness 10000) in paragraph at lines 26--28

 []


Underfull \hbox (badness 10000) detected at line 45
[][][]
 []

) (./structDDS__VendorId__t.tex [663]) (./structDDS__WireProtocolQosPolicy.tex
[664]
Underfull \hbox (badness 10000) detected at line 40
[][][]
 []


Underfull \hbox (badness 10000) detected at line 43
[][][]
 []


Underfull \hbox (badness 10000) in paragraph at lines 44--46

 []


Underfull \hbox (badness 10000) detected at line 82
[][][]
 []

[665]
Overfull \hbox (124.04889pt too wide) in paragraph at lines 95--96
[]\T1/phv/m/n/10 Either all of [], [], and []
 []


Overfull \hbox (124.04889pt too wide) in paragraph at lines 109--110
[]\T1/phv/m/n/10 Either all of [], [], and []
 []


Overfull \hbox (124.04889pt too wide) in paragraph at lines 123--124
[]\T1/phv/m/n/10 Either all of [], [], and []
 []

[666]
Overfull \hbox (20.08032pt too wide) in paragraph at lines 173--174
[]\T1/phv/m/n/10 Require that dis-cov-ered par-tic-i-pants send one of the chec
k-sums en-abled in []. 
 []

[667]) (./structDDS__WriteParams__t.tex [668]) (./classDDSCondition.tex <./clas
sDDSCondition.pdf>
<classDDSCondition.pdf, id=23324, 501.875pt x 149.8097pt>
File: classDDSCondition.pdf Graphic file (type pdf)
<use classDDSCondition.pdf>
Package pdftex.def Info: classDDSCondition.pdf  used on input line 15.
(pdftex.def)             Requested size: 190.6379pt x 56.9055pt.

Underfull \hbox (badness 10000) detected at line 35
[][][]
 []

) (./classDDSConditionSeq.tex [669]) (./classDDSDataReader.tex <./classDDSDataR
eader.pdf>
<classDDSDataReader.pdf, id=23351, 501.875pt x 355.30743pt>
File: classDDSDataReader.pdf Graphic file (type pdf)
<use classDDSDataReader.pdf>
Package pdftex.def Info: classDDSDataReader.pdf  used on input line 15.
(pdftex.def)             Requested size: 80.37822pt x 56.9055pt.

Underfull \hbox (badness 1365) in paragraph at lines 35--36
[]\T1/phv/m/n/10 virtual [] [] (DDS[]_[][]Untyped[]Sample[]Seq $\OMS/cmsy/m/n/1
0 ^^C$\T1/phv/m/n/10 received[]_[]data, []
 []


Underfull \hbox (badness 1642) in paragraph at lines 37--38
[]\T1/phv/m/n/10 virtual [] [] (DDS[]_[][]Untyped[]Sample[]Seq $\OMS/cmsy/m/n/1
0 ^^C$\T1/phv/m/n/10 received[]_[]data, []
 []


Overfull \hbox (16.89915pt too wide) in paragraph at lines 39--40
[]\T1/phv/m/n/10 virtual [] [] (DDS[]_[][]Untyped[]Sample[]Seq $\OMS/cmsy/m/n/1
0 ^^C$\T1/phv/m/n/10 received[]_[]data, []
 []


Underfull \hbox (badness 2600) in paragraph at lines 39--40
\T1/phv/m/n/10 &info[]_[]seq, [] max[]_[]samples, const [] &a[]_[]handle, []
 []

[670]
Overfull \hbox (15.72021pt too wide) in paragraph at lines 41--42
[]\T1/phv/m/n/10 virtual [] [] (DDS[]_[][]Untyped[]Sample[]Seq $\OMS/cmsy/m/n/1
0 ^^C$\T1/phv/m/n/10 received[]_[]data, []
 []


Underfull \hbox (badness 2600) in paragraph at lines 41--42
\T1/phv/m/n/10 &info[]_[]seq, [] max[]_[]samples, const [] &a[]_[]handle, []
 []


Underfull \hbox (badness 4353) in paragraph at lines 65--66
[]\T1/phv/m/n/10 virtual [] [] ([]
 []


Underfull \hbox (badness 1152) in paragraph at lines 67--68
[]\T1/phv/m/n/10 virtual [] [] ([]
 []

[671]
Underfull \hbox (badness 10000) detected at line 87
[][][]
 []


Underfull \hbox (badness 10000) detected at line 90
[][][]
 []


Underfull \hbox (badness 10000) in paragraph at lines 91--99

 []


Underfull \hbox (badness 10000) detected at line 101
[][][]
 []


Underfull \hbox (badness 7944) in paragraph at lines 109--109
[]\T1/phv/m/n/10 The base-class op-er-a-tions [] ,[] ,[]
 []

[672]
Underfull \hbox (badness 10000) detected at line 135
[][][]
 []


Underfull \hbox (badness 10000) detected at line 138
[][][]
 []


Underfull \hbox (badness 10000) detected at line 151
[][][]
 []


Underfull \hbox (badness 10000) detected at line 154
[][][]
 []

[673]
Underfull \hbox (badness 10000) detected at line 176
[][][]
 []


Overfull \hbox (49.94096pt too wide) in paragraph at lines 177--178
[]\T1/phv/m/n/10 One of the [], [], or []. 
 []


Underfull \hbox (badness 10000) detected at line 179
[][][]
 []


Underfull \hbox (badness 10000) detected at line 201
[][][]
 []


Underfull \hbox (badness 10000) detected at line 204
[][][]
 []

[674]
Underfull \hbox (badness 10000) detected at line 224
[][][]
 []


Underfull \hbox (badness 10000) detected at line 227
[][][]
 []


Underfull \hbox (badness 10000) detected at line 240
[][][]
 []


Overfull \hbox (35.12607pt too wide) in paragraph at lines 259--260
[]\T1/phv/m/sl/10 Important[]: \T1/phv/m/n/10 If the sam-ples "re-turned" by th
is method are loaned from RTI Con-next DDS Mi-cro (see []
 []

[675]
Underfull \hbox (badness 10000) detected at line 276
[][][]
 []


Underfull \hbox (badness 10000) detected at line 279
[][][]
 []


Overfull \hbox (25.18333pt too wide) in paragraph at lines 296--297
[]\T1/phv/m/n/10 This op-er-a-tion may fail with [] if []
 []


Overfull \hbox (157.48102pt too wide) in paragraph at lines 305--305
[]\T1/phv/m/n/10 For mul-ti-ple in-stances, the num-ber of sam-ples re-turned i
s ad-di-tion-ally lim-ited by the prod-uct ([]
 []

[676] [677]
Overfull \hbox (101.0688pt too wide) in paragraph at lines 340--341
[]\T1/phv/m/n/10 If the ini-tial \T1/pcr/m/n/10 max[]_[]len$\OML/cmm/m/it/10 >$
\T1/pcr/m/n/10 0 \T1/phv/m/n/10 and \T1/pcr/m/n/10 owns==FALSE\T1/phv/m/n/10 , 
then the read or take op-er-a-tion will fail with [].
 []


Overfull \hbox (65.3487pt too wide) in paragraph at lines 353--354
[]\T1/phv/m/n/10 If \T1/pcr/m/n/10 max[]_[]samples $\OML/cmm/m/it/10 >$ \T1/pcr
/m/n/10 max[]_[]len\T1/phv/m/n/10 , then the read or take op-er-a-tion will fai
l with [].
 []


Overfull \hbox (36.11536pt too wide) in paragraph at lines 357--358
\T1/phv/m/n/10 to re-turn the loan once it is no longer us-ing the \T1/pcr/m/n/
10 received[]_[]data \T1/phv/m/n/10 in the col-lec-tion. When []
 []

[678]
Underfull \hbox (badness 10000) detected at line 391
[][][]
 []


Underfull \hbox (badness 10000) detected at line 394
[][][]
 []

[679]
Underfull \hbox (badness 10000) detected at line 424
[][][]
 []


Underfull \hbox (badness 10000) detected at line 427
[][][]
 []

[680]
Underfull \hbox (badness 10000) detected at line 459
[][][]
 []


Underfull \hbox (badness 10000) detected at line 462
[][][]
 []


Overfull \hbox (23.85062pt too wide) in paragraph at lines 479--480
[]\T1/phv/m/n/10 The [] op-er-a-tion is se-man-ti-cally equiv-a-lent to the []
 []


Underfull \hbox (badness 10000) detected at line 492
[][][]
 []


Underfull \hbox (badness 10000) detected at line 495
[][][]
 []


Overfull \hbox (21.49274pt too wide) in paragraph at lines 510--511
[]\T1/phv/m/n/10 The [] op-er-a-tion is se-man-ti-cally equiv-a-lent to the []
 []

[681]
Underfull \hbox (badness 10000) detected at line 523
[][][]
 []


Underfull \hbox (badness 10000) detected at line 526
[][][]
 []


Underfull \hbox (badness 10000) detected at line 544
[][][]
 []

[682]
Overfull \hbox (43.2988pt too wide) in paragraph at lines 559--560
[]\T1/phv/m/n/10 A pre-con-di-tion for us-ing this op-er-a-tion is to set []
 []


Underfull \hbox (badness 10000) detected at line 570
[][][]
 []

[683]
Underfull \hbox (badness 10000) detected at line 609
[][][]
 []


Overfull \hbox (35.16191pt too wide) in paragraph at lines 610--611
[]\T1/phv/m/n/10 One of the [], [] or []. 
 []


Underfull \hbox (badness 10000) detected at line 627
[][][]
 []


Underfull \hbox (badness 10000) detected at line 630
[][][]
 []

[684]
Underfull \hbox (badness 10000) detected at line 648
[][][]
 []


Underfull \hbox (badness 10000) detected at line 651
[][][]
 []


Underfull \hbox (badness 10000) detected at line 677
[][][]
 []


Overfull \hbox (54.96504pt too wide) in paragraph at lines 692--693
\T1/phv/m/n/10 wise, the op-er-a-tion will fail with []. Use the op-er-a-tion [
]
 []

[685]
Underfull \hbox (badness 10000) detected at line 701
[][][]
 []


Underfull \hbox (badness 10000) detected at line 719
[][][]
 []


Underfull \hbox (badness 10000) detected at line 722
[][][]
 []


Underfull \hbox (badness 10000) detected at line 740
[][][]
 []


Underfull \hbox (badness 10000) detected at line 743
[][][]
 []

[686]
Underfull \hbox (badness 10000) detected at line 761
[][][]
 []


Underfull \hbox (badness 10000) detected at line 779
[][][]
 []


Underfull \hbox (badness 10000) detected at line 782
[][][]
 []


Underfull \hbox (badness 10000) detected at line 800
[][][]
 []


Underfull \hbox (badness 10000) detected at line 803
[][][]
 []

) (./classDDSDataReaderListener.tex [687] <./classDDSDataReaderListener.pdf>
<classDDSDataReaderListener.pdf, id=24208, 501.875pt x 381.17406pt>
File: classDDSDataReaderListener.pdf Graphic file (type pdf)
<use classDDSDataReaderListener.pdf>
Package pdftex.def Info: classDDSDataReaderListener.pdf  used on input line 15.

(pdftex.def)             Requested size: 112.38094pt x 85.35826pt.

Underfull \hbox (badness 3482) in paragraph at lines 39--40
[]\T1/phv/m/n/10 virtual [] [] ([] $\OMS/cmsy/m/n/10 ^^C$\T1/phv/m/n/10 , const
 void $\OMS/cmsy/m/n/10 ^^C$\T1/phv/m/n/10 const, const struct
 []


Underfull \hbox (badness 10000) detected at line 46
[][][]
 []

[688]
Underfull \hbox (badness 10000) detected at line 49
[][][]
 []


Underfull \hbox (badness 10000) in paragraph at lines 50--58

 []


Underfull \hbox (badness 10000) detected at line 60
[][][]
 []

[689] [690]) (./classDDSDataWriter.tex [691] <./classDDSDataWriter.pdf>
<classDDSDataWriter.pdf, id=24354, 501.875pt x 378.77509pt>
File: classDDSDataWriter.pdf Graphic file (type pdf)
<use classDDSDataWriter.pdf>
Package pdftex.def Info: classDDSDataWriter.pdf  used on input line 15.
(pdftex.def)             Requested size: 75.39287pt x 56.9055pt.

Underfull \hbox (badness 1742) in paragraph at lines 39--40
[]\T1/phv/m/n/10 virtual [] [] (const void $\OMS/cmsy/m/n/10 ^^C$\T1/phv/m/n/10
 instance[]_[]data, const
 []


Underfull \hbox (badness 2689) in paragraph at lines 43--44
[]\T1/phv/m/n/10 virtual [] [] (const void $\OMS/cmsy/m/n/10 ^^C$\T1/phv/m/n/10
 instance[]_[]data, const
 []


Overfull \hbox (16.98024pt too wide) in paragraph at lines 47--48
[]\T1/phv/m/n/10 virtual [] [] (const void $\OMS/cmsy/m/n/10 ^^C$\T1/phv/m/n/10
 instance[]_[]data, const []
 []

[692]
Underfull \hbox (badness 2875) in paragraph at lines 59--60
[]\T1/phv/m/n/10 virtual [] [] ([] &sta-
 []


Underfull \hbox (badness 949) in paragraph at lines 61--62
[]\T1/phv/m/n/10 virtual [] [] ([] &sta-
 []


Underfull \hbox (badness 10000) detected at line 79
[][][]
 []


Underfull \hbox (badness 10000) detected at line 82
[][][]
 []


Underfull \hbox (badness 10000) in paragraph at lines 83--87

 []

[693]
Underfull \hbox (badness 10000) detected at line 89
[][][]
 []


Underfull \hbox (badness 1661) in paragraph at lines 99--99
[]\T1/phv/m/n/10 The base-class op-er-a-tions [] ,[] ,[] ,and
 []


Overfull \hbox (155.94814pt too wide) in paragraph at lines 99--99
[][] [] []
 []


Underfull \hbox (badness 1688) in paragraph at lines 115--116
[]\T1/phv/m/n/10 As a side ef-fect, this op-er-a-tion as-serts live-li-ness on 
the [] it-self, the [] and the
 []

[694] [695]
Underfull \hbox (badness 10000) detected at line 132
[][][]
 []


Underfull \hbox (badness 10000) detected at line 135
[][][]
 []


Underfull \hbox (badness 10000) detected at line 138
[][][]
 []


Underfull \hbox (badness 10000) detected at line 159
[][][]
 []


Underfull \hbox (badness 10000) detected at line 162
[][][]
 []


Underfull \hbox (badness 10000) detected at line 165
[][][]
 []

[696]
Underfull \hbox (badness 10000) detected at line 180
[][][]
 []


Underfull \hbox (badness 10000) detected at line 183
[][][]
 []


Underfull \hbox (badness 10000) detected at line 196
[][][]
 []


Underfull \hbox (badness 10000) detected at line 199
[][][]
 []


Underfull \hbox (badness 10000) detected at line 219
[][][]
 []


Underfull \hbox (badness 10000) detected at line 222
[][][]
 []

[697]
Underfull \hbox (badness 10000) detected at line 244
[][][]
 []


Overfull \hbox (44.81839pt too wide) in paragraph at lines 245--246
[]\T1/phv/m/n/10 One of the [], [] or [] 
 []


Underfull \hbox (badness 10000) detected at line 247
[][][]
 []


Underfull \hbox (badness 10000) detected at line 269
[][][]
 []


Underfull \hbox (badness 10000) detected at line 272
[][][]
 []


Underfull \hbox (badness 10000) detected at line 285
[][][]
 []

[698]
Underfull \hbox (badness 10000) detected at line 319
[][][]
 []


Underfull \hbox (badness 10000) detected at line 322
[][][]
 []

[699]
Underfull \hbox (badness 10000) detected at line 325
[][][]
 []


Underfull \hbox (badness 10000) detected at line 353
[][][]
 []


Underfull \hbox (badness 10000) detected at line 356
[][][]
 []

[700]
Underfull \hbox (badness 10000) detected at line 359
[][][]
 []

[701]
Underfull \hbox (badness 10000) detected at line 403
[][][]
 []


Underfull \hbox (badness 10000) detected at line 406
[][][]
 []


Underfull \hbox (badness 10000) detected at line 409
[][][]
 []

[702]
Underfull \hbox (badness 10000) detected at line 440
[][][]
 []


Underfull \hbox (badness 10000) detected at line 443
[][][]
 []


Underfull \hbox (badness 10000) detected at line 446
[][][]
 []

[703]
Underfull \hbox (badness 10000) detected at line 488
[][][]
 []


Underfull \hbox (badness 10000) detected at line 491
[][][]
 []

[704]
Underfull \hbox (badness 10000) detected at line 517
[][][]
 []


Underfull \hbox (badness 10000) detected at line 520
[][][]
 []

[705]
Underfull \hbox (badness 10000) detected at line 550
[][][]
 []


Underfull \hbox (badness 10000) detected at line 553
[][][]
 []


Underfull \hbox (badness 10000) detected at line 556
[][][]
 []

[706] [707]
Underfull \hbox (badness 10000) detected at line 576
[][][]
 []


Underfull \hbox (badness 10000) detected at line 579
[][][]
 []


Underfull \hbox (badness 10000) detected at line 597
[][][]
 []


Underfull \hbox (badness 10000) detected at line 600
[][][]
 []


Underfull \hbox (badness 1205) in paragraph at lines 615--616
[]\T1/phv/m/n/10 The han-dles re-turned in the \T1/pcr/m/n/10 subscription[]_[]
handles \T1/phv/m/n/10 list are the ones that are used by the DDS im-
 []


Underfull \hbox (badness 1496) in paragraph at lines 615--616
\T1/phv/m/n/10 ple-men-ta-tion to lo-cally iden-tify the cor-re-spond-ing match
ed [] en-ti-ties. These han-dles match
 []

[708]
Underfull \hbox (badness 10000) detected at line 628
[][][]
 []


Underfull \hbox (badness 10000) detected at line 650
[][][]
 []

[709]
Underfull \hbox (badness 10000) detected at line 668
[][][]
 []


Underfull \hbox (badness 10000) detected at line 671
[][][]
 []


Underfull \hbox (badness 10000) detected at line 689
[][][]
 []


Underfull \hbox (badness 10000) detected at line 692
[][][]
 []

) (./classDDSDataWriterListener.tex <./classDDSDataWriterListener.pdf>
<classDDSDataWriterListener.pdf, id=25095, 501.875pt x 398.84007pt>
File: classDDSDataWriterListener.pdf Graphic file (type pdf)
<use classDDSDataWriterListener.pdf>
Package pdftex.def Info: classDDSDataWriterListener.pdf  used on input line 15.

(pdftex.def)             Requested size: 107.40324pt x 85.35826pt.
 [710]
Overfull \hbox (44.26746pt too wide) in paragraph at lines 29--30
[]\T1/phv/m/n/10 virtual void [] ([] $\OMS/cmsy/m/n/10 ^^C$\T1/phv/m/n/10 write
r, const []
 []


Overfull \hbox (52.14284pt too wide) in paragraph at lines 31--32
[]\T1/phv/m/n/10 virtual void [] ([] $\OMS/cmsy/m/n/10 ^^C$\T1/phv/m/n/10 write
r, const []
 []


Underfull \hbox (badness 10000) detected at line 40
[][][]
 []


Underfull \hbox (badness 10000) detected at line 43
[][][]
 []


Underfull \hbox (badness 10000) in paragraph at lines 44--47

 []


Underfull \hbox (badness 10000) detected at line 49
[][][]
 []

[711] [712] [713]
Underfull \hbox (badness 1521) in paragraph at lines 183--184
[]\T1/phv/m/n/10 Supported while us-ing [] "Zero Copy trans-fer over shared mem
-ory" or
 []


Underfull \hbox (badness 10000) detected at line 192
[][][]
 []

) (./classDDSDomainEntity.tex <./classDDSDomainEntity.pdf>
<classDDSDomainEntity.pdf, id=25306, 501.875pt x 337.39049pt>
File: classDDSDomainEntity.pdf Graphic file (type pdf)
<use classDDSDomainEntity.pdf>
Package pdftex.def Info: classDDSDomainEntity.pdf  used on input line 15.
(pdftex.def)             Requested size: 84.6437pt x 56.9055pt.
)
(./classDDSDomainParticipant.tex [714] <./classDDSDomainParticipant.pdf>
<classDDSDomainParticipant.pdf, id=25346, 501.875pt x 271.28351pt>
File: classDDSDomainParticipant.pdf Graphic file (type pdf)
<use classDDSDomainParticipant.pdf>
Package pdftex.def Info: classDDSDomainParticipant.pdf  used on input line 15.
(pdftex.def)             Requested size: 105.27432pt x 56.9055pt.

Underfull \hbox (badness 866) in paragraph at lines 23--24
[]\T1/phv/m/n/10 virtual [] $\OMS/cmsy/m/n/10 ^^C$ [] \T1/phv/m/n/10 (const [] 
&qos, [] $\OMS/cmsy/m/n/10 ^^C$\T1/phv/m/n/10 listener,
 []

[715]
Underfull \hbox (badness 1983) in paragraph at lines 71--72
[]\T1/phv/m/n/10 virtual [] [] (const [] $\OMS/cmsy/m/n/10 ^^C$\T1/phv/m/n/10 l
istener, []
 []

[716]
Underfull \hbox (badness 10000) detected at line 122
[][][]
 []


Underfull \hbox (badness 10000) detected at line 125
[][][]
 []

[717]
Underfull \hbox (badness 10000) detected at line 128
[][][]
 []


Underfull \hbox (badness 10000) detected at line 145
[][][]
 []


Underfull \hbox (badness 10000) detected at line 169
[][][]
 []


Underfull \hbox (badness 10000) detected at line 172
[][][]
 []


Underfull \hbox (badness 10000) detected at line 175
[][][]
 []

[718]
Underfull \hbox (badness 10000) detected at line 178
[][][]
 []


Underfull \hbox (badness 10000) detected at line 195
[][][]
 []


Overfull \hbox (101.42784pt too wide) in paragraph at lines 198--199
[][] \T1/phv/m/n/10 must have been cre-ated by this [], or else it will fail wi
th []. 
 []


Underfull \hbox (badness 10000) detected at line 200
[][][]
 []


Underfull \hbox (badness 10000) detected at line 210
[][][]
 []

[719]
Underfull \hbox (badness 10000) detected at line 234
[][][]
 []


Underfull \hbox (badness 10000) detected at line 237
[][][]
 []


Underfull \hbox (badness 10000) detected at line 240
[][][]
 []


Underfull \hbox (badness 10000) detected at line 243
[][][]
 []


Underfull \hbox (badness 10000) detected at line 260
[][][]
 []


Underfull \hbox (badness 2368) in paragraph at lines 263--264
[]\T1/phv/m/n/10 The [] must have been cre-ated by this [], or else it will fai
l with
 []


Underfull \hbox (badness 10000) detected at line 265
[][][]
 []

[720]
Underfull \hbox (badness 10000) detected at line 275
[][][]
 []


Underfull \hbox (badness 10000) detected at line 290
[][][]
 []


Underfull \hbox (badness 10000) detected at line 310
[][][]
 []


Underfull \hbox (badness 10000) detected at line 313
[][][]
 []


Underfull \hbox (badness 10000) detected at line 316
[][][]
 []


Underfull \hbox (badness 10000) detected at line 319
[][][]
 []

[721]
Underfull \hbox (badness 10000) detected at line 336
[][][]
 []


Underfull \hbox (badness 1924) in paragraph at lines 337--338
[]\T1/phv/m/n/10 If the [] does not be-long to the ap-pli-ca-tion\TS1/phv/m/n/1
0 '\T1/phv/m/n/10 s [], this op-er-a-tion fails with
 []


Underfull \hbox (badness 1067) in paragraph at lines 339--340
\T1/phv/m/n/10 or [], ob-jects be-long-ing to the same [] that are us-ing the [
].
 []


Underfull \hbox (badness 10000) detected at line 341
[][][]
 []


Underfull \hbox (badness 10000) detected at line 351
[][][]
 []


Overfull \hbox (36.60349pt too wide) in paragraph at lines 366--367
[][] \T1/phv/m/n/10 ob-tained by [] must also be deleted by means of [].
 []


Overfull \hbox (24.24657pt too wide) in paragraph at lines 366--367
\T1/phv/m/n/10 If [] is ob-tained mul-ti-ple times by means of [] or [],
 []

[722]
Underfull \hbox (badness 10000) detected at line 375
[][][]
 []


Underfull \hbox (badness 10000) detected at line 395
[][][]
 []


Underfull \hbox (badness 10000) detected at line 398
[][][]
 []

[723]
Underfull \hbox (badness 10000) detected at line 418
[][][]
 []


Underfull \hbox (badness 10000) detected at line 421
[][][]
 []


Overfull \hbox (61.13742pt too wide) in paragraph at lines 436--437
[]\T1/phv/m/n/10 The re-trieved \T1/pcr/m/n/10 qos \T1/phv/m/n/10 will match th
e set of val-ues spec-i-fied on the last suc-cess-ful call to [],
 []


Overfull \hbox (112.24039pt too wide) in paragraph at lines 440--441
\T1/phv/m/n/10 is called, the de-fault value of the QoS set in the fac-tory, eq
uiv-a-lent to the value ob-tained by call-ing [],
 []


Underfull \hbox (badness 10000) detected at line 447
[][][]
 []


Underfull \hbox (badness 10000) detected at line 450
[][][]
 []


Underfull \hbox (badness 10000) detected at line 453
[][][]
 []

[724]
Underfull \hbox (badness 2762) in paragraph at lines 470--471
[]\T1/phv/m/n/10 The spec-i-fied QoS poli-cies must be con-sis-tent, or else th
e op-er-a-tion will have no ef-fect and fail with
 []


Underfull \hbox (badness 10000) detected at line 477
[][][]
 []


Underfull \hbox (badness 10000) detected at line 480
[][][]
 []


Underfull \hbox (badness 10000) detected at line 483
[][][]
 []


Overfull \hbox (66.4473pt too wide) in paragraph at lines 498--499
[]\T1/phv/m/n/10 The re-trieved \T1/pcr/m/n/10 qos \T1/phv/m/n/10 will match th
e set of val-ues spec-i-fied on the last suc-cess-ful call to [],
 []


Overfull \hbox (15.1485pt too wide) in paragraph at lines 502--503
[]\T1/phv/m/n/10 If [] is spec-i-fied as the \T1/pcr/m/n/10 qos \T1/phv/m/n/10 
pa-ram-e-ter when []
 []


Overfull \hbox (117.55026pt too wide) in paragraph at lines 502--503
\T1/phv/m/n/10 is called, the de-fault value of the QoS set in the fac-tory, eq
uiv-a-lent to the value ob-tained by call-ing [],
 []

[725]
Underfull \hbox (badness 10000) detected at line 509
[][][]
 []


Underfull \hbox (badness 10000) detected at line 512
[][][]
 []


Underfull \hbox (badness 10000) detected at line 515
[][][]
 []


Underfull \hbox (badness 2762) in paragraph at lines 532--533
[]\T1/phv/m/n/10 The spec-i-fied QoS poli-cies must be con-sis-tent, or else th
e op-er-a-tion will have no ef-fect and fail with
 []


Underfull \hbox (badness 10000) detected at line 539
[][][]
 []


Underfull \hbox (badness 10000) detected at line 542
[][][]
 []


Underfull \hbox (badness 10000) detected at line 545
[][][]
 []


Overfull \hbox (43.81267pt too wide) in paragraph at lines 560--561
[]\T1/phv/m/n/10 The re-trieved \T1/pcr/m/n/10 qos \T1/phv/m/n/10 will match th
e set of val-ues spec-i-fied on the last suc-cess-ful call to [],
 []

[726]
Underfull \hbox (badness 10000) detected at line 569
[][][]
 []


Underfull \hbox (badness 10000) detected at line 572
[][][]
 []


Underfull \hbox (badness 10000) detected at line 575
[][][]
 []


Underfull \hbox (badness 2762) in paragraph at lines 592--593
[]\T1/phv/m/n/10 The spec-i-fied QoS poli-cies must be con-sis-tent, or else th
e op-er-a-tion will have no ef-fect and fail with
 []

[727]
Underfull \hbox (badness 10000) detected at line 599
[][][]
 []


Underfull \hbox (badness 10000) detected at line 602
[][][]
 []


Underfull \hbox (badness 10000) detected at line 605
[][][]
 []


Underfull \hbox (badness 1728) in paragraph at lines 622--623
[]\T1/phv/m/n/10 The op-er-a-tion [] searches among the lo-cally cre-ated top-i
cs and
 []


Underfull \hbox (badness 1472) in paragraph at lines 622--623
\T1/phv/m/n/10 re-turns a pointer to a []. It is pos-si-ble to delete the [] re
-turned by
 []


Underfull \hbox (badness 10000) detected at line 629
[][][]
 []


Underfull \hbox (badness 10000) detected at line 632
[][][]
 []

[728]
Underfull \hbox (badness 10000) detected at line 656
[][][]
 []


Underfull \hbox (badness 10000) detected at line 659
[][][]
 []


Underfull \hbox (badness 10000) detected at line 683
[][][]
 []


Underfull \hbox (badness 10000) detected at line 686
[][][]
 []

[729]
Underfull \hbox (badness 10000) detected at line 710
[][][]
 []


Underfull \hbox (badness 10000) detected at line 713
[][][]
 []


Underfull \hbox (badness 10000) detected at line 737
[][][]
 []


Underfull \hbox (badness 10000) detected at line 740
[][][]
 []

[730]
Overfull \hbox (49.95009pt too wide) in paragraph at lines 755--756
[]\T1/phv/m/n/10 You need to use this op-er-a-tion if the [] con-tains [] en-ti
-ties with the []
 []


Underfull \hbox (badness 10000) detected at line 759
[][][]
 []


Underfull \hbox (badness 10000) detected at line 762
[][][]
 []


Underfull \hbox (badness 10000) detected at line 783
[][][]
 []

[731]
Underfull \hbox (badness 10000) detected at line 800
[][][]
 []


Underfull \hbox (badness 10000) detected at line 812
[][][]
 []


Overfull \hbox (68.02036pt too wide) in paragraph at lines 813--814
[]\T1/phv/m/n/10 One of the [], [] or []. 
 []


Underfull \hbox (badness 10000) detected at line 815
[][][]
 []


Underfull \hbox (badness 10000) detected at line 818
[][][]
 []


Underfull \hbox (badness 10000) detected at line 833
[][][]
 []

[732]
Underfull \hbox (badness 10000) detected at line 836
[][][]
 []


Underfull \hbox (badness 10000) detected at line 846
[][][]
 []


Underfull \hbox (badness 10000) detected at line 849
[][][]
 []


Underfull \hbox (badness 10000) detected at line 852
[][][]
 []

[733]
Underfull \hbox (badness 10000) detected at line 872
[][][]
 []


Underfull \hbox (badness 10000) detected at line 875
[][][]
 []


Underfull \hbox (badness 10000) detected at line 878
[][][]
 []


Underfull \hbox (badness 10000) detected at line 891
[][][]
 []


Underfull \hbox (badness 10000) detected at line 909
[][][]
 []

[734]
Underfull \hbox (badness 10000) detected at line 929
[][][]
 []


Underfull \hbox (badness 10000) detected at line 949
[][][]
 []


Underfull \hbox (badness 10000) detected at line 952
[][][]
 []

[735]
Underfull \hbox (badness 10000) detected at line 980
[][][]
 []


Underfull \hbox (badness 10000) detected at line 983
[][][]
 []


Underfull \hbox (badness 10000) detected at line 986
[][][]
 []


Overfull \hbox (102.54266pt too wide) in paragraph at lines 999--1000
[]\T1/phv/m/n/10 The re-trieved \T1/pcr/m/n/10 prop \T1/phv/m/n/10 will match t
he set of val-ues spec-i-fied on the last suc-cess-ful call to [],
 []


Underfull \hbox (badness 10000) detected at line 1001
[][][]
 []


Underfull \hbox (badness 10000) detected at line 1011
[][][]
 []


Underfull \hbox (badness 10000) detected at line 1014
[][][]
 []

[736]
Underfull \hbox (badness 1742) in paragraph at lines 1031--1032
[]\T1/phv/m/n/10 The spec-i-fied prop-erty val-ues must be con-sis-tent, or els
e the op-er-a-tion will have no ef-fect and fail with
 []


Underfull \hbox (badness 10000) detected at line 1033
[][][]
 []


Underfull \hbox (badness 1248) in paragraph at lines 1034--1035
[]\T1/phv/m/n/10 UNSAFE. It is not safe to set the de-fault flow con-troller pr
op-er-ties for a Domain[]Participant while an-
 []


Underfull \hbox (badness 3514) in paragraph at lines 1034--1035
\T1/phv/m/n/10 other thread may be si-mul-ta-ne-ously call-ing [] ,
 []


Underfull \hbox (badness 10000) detected at line 1043
[][][]
 []


Underfull \hbox (badness 10000) detected at line 1046
[][][]
 []


Underfull \hbox (badness 10000) detected at line 1061
[][][]
 []


Overfull \hbox (28.49052pt too wide) in paragraph at lines 1062--1063
\T1/phv/m/n/10 con-troller while an-other thread may be si-mul-ta-ne-ously call
-ing []
 []

[737]
Underfull \hbox (badness 10000) detected at line 1073
[][][]
 []


Underfull \hbox (badness 10000) detected at line 1076
[][][]
 []


Overfull \hbox (20.48528pt too wide) in paragraph at lines 1083--1084
\T1/phv/m/n/10 The cre-ated [] is as-so-ci-ated with a [] via [].
 []


Underfull \hbox (badness 10000) detected at line 1095
[][][]
 []


Underfull \hbox (badness 1038) in paragraph at lines 1098--1099
[]\T1/phv/m/n/10 The [] must have been cre-ated by this [], or else it will fai
l with
 []


Underfull \hbox (badness 10000) detected at line 1100
[][][]
 []


Underfull \hbox (badness 10000) detected at line 1103
[][][]
 []

[738]
Underfull \hbox (badness 10000) detected at line 1113
[][][]
 []


Underfull \hbox (badness 10000) detected at line 1128
[][][]
 []


Underfull \hbox (badness 10000) detected at line 1138
[][][]
 []

) (./classDDSDomainParticipantFactory.tex [739] [740]
Underfull \hbox (badness 10000) detected at line 61
[][][]
 []


Underfull \hbox (badness 10000) detected at line 77
[][][]
 []


Underfull \hbox (badness 10000) detected at line 84
[][][]
 []


Underfull \hbox (badness 10000) detected at line 87
[][][]
 []


Underfull \hbox (badness 10000) detected at line 90
[][][]
 []

[741]
Underfull \hbox (badness 10000) detected at line 105
[][][]
 []


Underfull \hbox (badness 10000) detected at line 108
[][][]
 []


Underfull \hbox (badness 10000) detected at line 111
[][][]
 []


Underfull \hbox (badness 7613) in paragraph at lines 112--113
[]\T1/phv/m/n/10 UNSAFE for two threads to si-mul-ta-ne-ously call [] or
 []


Underfull \hbox (badness 10000) detected at line 114
[][][]
 []


Overfull \hbox (1.47571pt too wide) in paragraph at lines 1--1
[]\T1/phv/m/sl/10 domain[] 
 []

[742]
Underfull \hbox (badness 10000) detected at line 144
[][][]
 []


Underfull \hbox (badness 10000) detected at line 147
[][][]
 []


Underfull \hbox (badness 10000) detected at line 150
[][][]
 []


Underfull \hbox (badness 10000) detected at line 153
[][][]
 []


Underfull \hbox (badness 10000) detected at line 170
[][][]
 []


Underfull \hbox (badness 10000) detected at line 173
[][][]
 []

[743]
Underfull \hbox (badness 10000) detected at line 183
[][][]
 []


Underfull \hbox (badness 3449) in paragraph at lines 196--197
[]\T1/phv/m/n/10 This op-er-a-tion cre-ates a [] and all the con-tained en-ti-t
ies ([], [],
 []


Underfull \hbox (badness 10000) detected at line 209
[][][]
 []


Overfull \hbox (1.47571pt too wide) in paragraph at lines 1--1
[]\T1/phv/m/sl/10 domain[] 
 []

[744]
Underfull \hbox (badness 10000) detected at line 231
[][][]
 []


Underfull \hbox (badness 10000) detected at line 234
[][][]
 []


Underfull \hbox (badness 10000) detected at line 258
[][][]
 []


Underfull \hbox (badness 10000) detected at line 261
[][][]
 []

[745]
Underfull \hbox (badness 10000) detected at line 283
[][][]
 []


Underfull \hbox (badness 10000) detected at line 286
[][][]
 []


Overfull \hbox (96.50652pt too wide) in paragraph at lines 301--302
[]\T1/phv/m/n/10 The re-trieved \T1/pcr/m/n/10 qos \T1/phv/m/n/10 will match th
e set of val-ues spec-i-fied on the last suc-cess-ful call to [],
 []


Underfull \hbox (badness 10000) detected at line 310
[][][]
 []


Underfull \hbox (badness 10000) detected at line 313
[][][]
 []

[746]
Underfull \hbox (badness 10000) detected at line 333
[][][]
 []


Underfull \hbox (badness 10000) detected at line 336
[][][]
 []


Underfull \hbox (badness 10000) detected at line 360
[][][]
 []


Underfull \hbox (badness 10000) detected at line 363
[][][]
 []


Underfull \hbox (badness 10000) detected at line 366
[][][]
 []


Underfull \hbox (badness 10000) detected at line 379
[][][]
 []

[747]
Underfull \hbox (badness 10000) detected at line 382
[][][]
 []

) (./classDDSDomainParticipantListener.tex
Overfull \hbox (20.53514pt too wide) in paragraph at lines 21--22
[]\T1/phv/m/n/10 virtual void [] ([] $\OMS/cmsy/m/n/10 ^^C$\T1/phv/m/n/10 reade
r, const []
 []


Underfull \hbox (badness 6641) in paragraph at lines 31--32
[]\T1/phv/m/n/10 virtual [] [] ([] $\OMS/cmsy/m/n/10 ^^C$\T1/phv/m/n/10 reader,
 NDDS[]_[][]Type[]_[][]Plugin $\OMS/cmsy/m/n/10 ^^C$\T1/phv/m/n/10 ,
 []


Underfull \hbox (badness 3482) in paragraph at lines 33--34
[]\T1/phv/m/n/10 virtual [] [] ([] $\OMS/cmsy/m/n/10 ^^C$\T1/phv/m/n/10 , const
 void $\OMS/cmsy/m/n/10 ^^C$\T1/phv/m/n/10 const, const struct
 []

[748]
Overfull \hbox (68.3149pt too wide) in paragraph at lines 45--46
[]\T1/phv/m/n/10 virtual void [] ([] $\OMS/cmsy/m/n/10 ^^C$\T1/phv/m/n/10 write
r, const struct []
 []


Underfull \hbox (badness 10000) detected at line 54
[][][]
 []


Underfull \hbox (badness 10000) detected at line 57
[][][]
 []


Underfull \hbox (badness 883) in paragraph at lines 60--61
\T1/phv/m/n/10 This is the in-ter-face that can be im-ple-mented by an applicat
ion-provided class and then reg-is-tered with the
 []


Underfull \hbox (badness 10000) detected at line 68
[][][]
 []

[749] [750] [751] [752] [753] [754] [755]) (./classDDSEntity.tex <./classDDSEnt
ity.pdf>
<classDDSEntity.pdf, id=27023, 501.875pt x 38.75479pt>
File: classDDSEntity.pdf Graphic file (type pdf)
<use classDDSEntity.pdf>
Package pdftex.def Info: classDDSEntity.pdf  used on input line 15.
(pdftex.def)             Requested size: 398.34544pt x 30.75984pt.

Underfull \hbox (badness 10000) detected at line 36
[][][]
 []


Underfull \hbox (badness 10000) detected at line 39
[][][]
 []


Underfull \hbox (badness 10000) detected at line 42
[][][]
 []

[756]
Underfull \hbox (badness 10000) detected at line 51
[][][]
 []


Underfull \hbox (badness 10000) detected at line 58
[][][]
 []


Overfull \hbox (83.34161pt too wide) in paragraph at lines 61--62
[]\T1/phv/m/n/10 ) has a cor-re-spond-ing spe-cial value of the QoS ([], [],
 []


Overfull \hbox (119.66083pt too wide) in paragraph at lines 61--62
[]\T1/phv/m/n/10 , [], [], []).
 []

[757]
Underfull \hbox (badness 1168) in paragraph at lines 73--74
[]\T1/phv/m/n/10 It is per-mit-ted to use NULL as the value of the lis-tener. T
he NULL lis-tener be-haves as if the \T1/pcr/m/n/10 mask \T1/phv/m/n/10 is
 []


Underfull \hbox (badness 10000) detected at line 75
[][][]
 []


Overfull \hbox (31.21393pt too wide) in paragraph at lines 110--111
[]\T1/phv/m/n/10 Entities cre-ated from a fac-tory that is dis-abled are cre-at
ed dis-abled, re-gard-less of the set-ting of the []. 
 []

[758]
Underfull \hbox (badness 10000) detected at line 118
[][][]
 []


Underfull \hbox (badness 10000) detected at line 121
[][][]
 []


Underfull \hbox (badness 10000) detected at line 134
[][][]
 []


Underfull \hbox (badness 10000) detected at line 137
[][][]
 []


Underfull \hbox (badness 10000) detected at line 156
[][][]
 []


Underfull \hbox (badness 10000) detected at line 159
[][][]
 []

[759]
Underfull \hbox (badness 10000) detected at line 162
[][][]
 []


Underfull \hbox (badness 10000) detected at line 177
[][][]
 []


Underfull \hbox (badness 10000) detected at line 180
[][][]
 []

) (./classDDSFlowController.tex [760]
Underfull \hbox (badness 10000) detected at line 30
[][][]
 []

[761]
Underfull \hbox (badness 10000) detected at line 59
[][][]
 []


Overfull \hbox (49.94096pt too wide) in paragraph at lines 60--61
[]\T1/phv/m/n/10 One of the [], [], or []. 
 []


Underfull \hbox (badness 10000) detected at line 62
[][][]
 []


Underfull \hbox (badness 10000) detected at line 80
[][][]
 []


Underfull \hbox (badness 10000) detected at line 93
[][][]
 []


Overfull \hbox (189.11626pt too wide) in paragraph at lines 98--99
[]\T1/phv/m/n/10 This method pro-vides an ad-di-tional, ex-ter-nal trig-ger to 
the []. This trig-ger adds []
 []


Overfull \hbox (85.21202pt too wide) in paragraph at lines 100--101
[]\T1/phv/m/n/10 An \T1/phv/m/sl/10 on-demand [] \T1/phv/m/n/10 can be cre-ated
 with a [] as [],
 []

[762]
Underfull \hbox (badness 10000) detected at line 112
[][][]
 []


Underfull \hbox (badness 10000) detected at line 125
[][][]
 []


Underfull \hbox (badness 10000) detected at line 128
[][][]
 []

) (./classDDSGuardCondition.tex <./classDDSGuardCondition.pdf>
<classDDSGuardCondition.pdf, id=27288, 501.875pt x 299.62943pt>
File: classDDSGuardCondition.pdf Graphic file (type pdf)
<use classDDSGuardCondition.pdf>
Package pdftex.def Info: classDDSGuardCondition.pdf  used on input line 15.
(pdftex.def)             Requested size: 95.31128pt x 56.9055pt.

Underfull \hbox (badness 10000) detected at line 30
[][][]
 []

[763]
Underfull \hbox (badness 10000) detected at line 51
[][][]
 []

) (./classDDSListener.tex <./classDDSListener.pdf>
<classDDSListener.pdf, id=27318, 501.875pt x 127.05467pt>
File: classDDSListener.pdf Graphic file (type pdf)
<use classDDSListener.pdf>
Package pdftex.def Info: classDDSListener.pdf  used on input line 15.
(pdftex.def)             Requested size: 337.18877pt x 85.35826pt.

Underfull \hbox (badness 10000) detected at line 23
[][][]
 []

[764]
Underfull \hbox (badness 10000) detected at line 26
[][][]
 []


Underfull \hbox (badness 10000) detected at line 29
[][][]
 []


Underfull \hbox (badness 2856) in paragraph at lines 53--53
\T1/phv/m/n/10 This be-hav-ior al-lows the ap-pli-ca-tion to set a de-fault be-
hav-ior (e.[]g., in the lis-tener as-so-ci-ated with the
 []

[765]
Underfull \hbox (badness 2894) in paragraph at lines 80--81
[]\T1/phv/m/n/10 Within a [] or [] lis-tener call-back, in-vok-ing any op-er-a-
tion on any other
 []


Underfull \hbox (badness 10000) detected at line 86
[][][]
 []

) (./classDDSPropertyQosPolicyHelper.tex [766]
Underfull \hbox (badness 10000) detected at line 47
[][][]
 []

[767]
Underfull \hbox (badness 10000) detected at line 61
[][][]
 []


Underfull \hbox (badness 10000) detected at line 80
[][][]
 []


Underfull \hbox (badness 10000) detected at line 96
[][][]
 []


Overfull \hbox (58.23033pt too wide) in paragraph at lines 97--98
[]\T1/phv/m/n/10 One of the [], [], [] 
 []

[768]
Underfull \hbox (badness 10000) detected at line 109
[][][]
 []


Underfull \hbox (badness 10000) detected at line 119
[][][]
 []


Underfull \hbox (badness 10000) detected at line 134
[][][]
 []


Underfull \hbox (badness 10000) detected at line 146
[][][]
 []

) (./classDDSPublisher.tex <./classDDSPublisher.pdf>
<classDDSPublisher.pdf, id=27485, 501.875pt x 405.55516pt>
File: classDDSPublisher.pdf Graphic file (type pdf)
<use classDDSPublisher.pdf>
Package pdftex.def Info: classDDSPublisher.pdf  used on input line 15.
(pdftex.def)             Requested size: 70.41518pt x 56.9055pt.
 [769]
Overfull \hbox (22.82771pt too wide) in paragraph at lines 21--22
[]\T1/phv/m/n/10 virtual [] $\OMS/cmsy/m/n/10 ^^C$ [] \T1/phv/m/n/10 ([] $\OMS/
cmsy/m/n/10 ^^C$\T1/phv/m/n/10 topic, const [] &qos, []
 []

[770]
Underfull \hbox (badness 10000) detected at line 61
[][][]
 []


Underfull \hbox (badness 10000) detected at line 64
[][][]
 []


Underfull \hbox (badness 10000) detected at line 84
[][][]
 []

[771]
Underfull \hbox (badness 10000) detected at line 107
[][][]
 []


Underfull \hbox (badness 10000) detected at line 110
[][][]
 []


Underfull \hbox (badness 10000) detected at line 113
[][][]
 []


Underfull \hbox (badness 10000) detected at line 116
[][][]
 []


Underfull \hbox (badness 10000) detected at line 135
[][][]
 []


Overfull \hbox (76.66858pt too wide) in paragraph at lines 136--137
[]\T1/phv/m/n/10 If the [] does not be-long to the [], the op-er-a-tion will fa
il with []. 
 []


Underfull \hbox (badness 10000) detected at line 138
[][][]
 []

[772]
Underfull \hbox (badness 10000) detected at line 148
[][][]
 []


Overfull \hbox (25.57901pt too wide) in paragraph at lines 161--162
[]\T1/phv/m/n/10 The re-trieved \T1/pcr/m/n/10 qos \T1/phv/m/n/10 will match th
e set of val-ues spec-i-fied on the last suc-cess-ful call to []
 []


Underfull \hbox (badness 10000) detected at line 165
[][][]
 []


Underfull \hbox (badness 10000) detected at line 168
[][][]
 []


Underfull \hbox (badness 10000) detected at line 171
[][][]
 []


Underfull \hbox (badness 10000) detected at line 190
[][][]
 []


Underfull \hbox (badness 995) in paragraph at lines 191--192
[]\T1/phv/m/n/10 The spec-i-fied QoS poli-cies must be con-sis-tent, or else th
e op-er-a-tion will have no ef-fect and fail with
 []


Underfull \hbox (badness 10000) detected at line 193
[][][]
 []

[773]
Underfull \hbox (badness 10000) detected at line 201
[][][]
 []


Underfull \hbox (badness 10000) detected at line 221
[][][]
 []


Underfull \hbox (badness 10000) detected at line 226
[][][]
 []

[774]
Underfull \hbox (badness 10000) detected at line 250
[][][]
 []


Underfull \hbox (badness 10000) detected at line 253
[][][]
 []


Underfull \hbox (badness 10000) detected at line 266
[][][]
 []


Underfull \hbox (badness 10000) detected at line 269
[][][]
 []


Underfull \hbox (badness 10000) detected at line 289
[][][]
 []


Underfull \hbox (badness 10000) detected at line 292
[][][]
 []

[775]
Underfull \hbox (badness 10000) detected at line 314
[][][]
 []


Overfull \hbox (49.94096pt too wide) in paragraph at lines 315--316
[]\T1/phv/m/n/10 One of the [], [], or []. 
 []


Underfull \hbox (badness 10000) detected at line 317
[][][]
 []


Underfull \hbox (badness 10000) detected at line 336
[][][]
 []

[776]
Underfull \hbox (badness 10000) detected at line 356
[][][]
 []


Underfull \hbox (badness 10000) detected at line 359
[][][]
 []


Underfull \hbox (badness 10000) detected at line 372
[][][]
 []

) (./classDDSPublisherListener.tex <./classDDSPublisherListener.pdf>
<classDDSPublisherListener.pdf, id=27847, 501.875pt x 398.84007pt>
File: classDDSPublisherListener.pdf Graphic file (type pdf)
<use classDDSPublisherListener.pdf>
Package pdftex.def Info: classDDSPublisherListener.pdf  used on input line 15.
(pdftex.def)             Requested size: 107.40324pt x 85.35826pt.

Overfull \hbox (44.26746pt too wide) in paragraph at lines 30--31
[]\T1/phv/m/n/10 virtual void [] ([] $\OMS/cmsy/m/n/10 ^^C$\T1/phv/m/n/10 write
r, const []
 []

[777]
Overfull \hbox (52.14284pt too wide) in paragraph at lines 32--33
[]\T1/phv/m/n/10 virtual void [] ([] $\OMS/cmsy/m/n/10 ^^C$\T1/phv/m/n/10 write
r, const []
 []


Underfull \hbox (badness 10000) detected at line 41
[][][]
 []


Underfull \hbox (badness 10000) detected at line 44
[][][]
 []


Underfull \hbox (badness 10000) in paragraph at lines 45--49

 []


Underfull \hbox (badness 10000) detected at line 51
[][][]
 []

) (./classDDSStatusCondition.tex <./classDDSStatusCondition.pdf>
<classDDSStatusCondition.pdf, id=27906, 501.875pt x 301.8778pt>
File: classDDSStatusCondition.pdf Graphic file (type pdf)
<use classDDSStatusCondition.pdf>
Package pdftex.def Info: classDDSStatusCondition.pdf  used on input line 15.
(pdftex.def)             Requested size: 94.59909pt x 56.9055pt.
 [778]
Underfull \hbox (badness 10000) detected at line 42
[][][]
 []


Underfull \hbox (badness 10000) detected at line 62
[][][]
 []

[779]
Underfull \hbox (badness 10000) detected at line 65
[][][]
 []


Underfull \hbox (badness 3803) in paragraph at lines 76--77
[]\T1/phv/m/n/10 This op-er-a-tion de-fines the list of com-mu-ni-ca-tion sta-t
uses that de-ter-mine the \T1/pcr/m/n/10 trigger[]_[]value \T1/phv/m/n/10 of th
e
 []


Underfull \hbox (badness 10000) detected at line 89
[][][]
 []


Underfull \hbox (badness 10000) detected at line 92
[][][]
 []

) (./classDDSSubscriber.tex <./classDDSSubscriber.pdf>
<classDDSSubscriber.pdf, id=27963, 501.875pt x 371.75888pt>
File: classDDSSubscriber.pdf Graphic file (type pdf)
<use classDDSSubscriber.pdf>
Package pdftex.def Info: classDDSSubscriber.pdf  used on input line 15.
(pdftex.def)             Requested size: 76.81725pt x 56.9055pt.
 [780] [781]
Underfull \hbox (badness 10000) detected at line 61
[][][]
 []


Underfull \hbox (badness 10000) detected at line 64
[][][]
 []


Underfull \hbox (badness 10000) detected at line 67
[][][]
 []


Overfull \hbox (51.12967pt too wide) in paragraph at lines 76--77
\T1/phv/m/n/10 All op-er-a-tions ex-cept for the base-class op-er-a-tions [] an
d [] may fail with []. 
 []


Underfull \hbox (badness 10000) detected at line 89
[][][]
 []

[782]
Underfull \hbox (badness 10000) detected at line 107
[][][]
 []


Underfull \hbox (badness 10000) detected at line 110
[][][]
 []


Underfull \hbox (badness 10000) detected at line 113
[][][]
 []


Underfull \hbox (badness 10000) detected at line 116
[][][]
 []

[783]
Underfull \hbox (badness 10000) detected at line 131
[][][]
 []


Underfull \hbox (badness 10000) detected at line 134
[][][]
 []


Underfull \hbox (badness 10000) detected at line 144
[][][]
 []


Overfull \hbox (37.95372pt too wide) in paragraph at lines 157--158
[]\T1/phv/m/n/10 The re-trieved \T1/pcr/m/n/10 qos \T1/phv/m/n/10 will match th
e set of val-ues spec-i-fied on the last suc-cess-ful call to [],
 []


Underfull \hbox (badness 10000) detected at line 161
[][][]
 []


Underfull \hbox (badness 10000) detected at line 169
[][][]
 []


Underfull \hbox (badness 10000) detected at line 172
[][][]
 []

[784]
Underfull \hbox (badness 10000) detected at line 191
[][][]
 []


Underfull \hbox (badness 995) in paragraph at lines 192--193
[]\T1/phv/m/n/10 The spec-i-fied QoS poli-cies must be con-sis-tent, or else th
e op-er-a-tion will have no ef-fect and fail with
 []


Underfull \hbox (badness 10000) detected at line 194
[][][]
 []


Underfull \hbox (badness 10000) detected at line 202
[][][]
 []


Underfull \hbox (badness 10000) detected at line 221
[][][]
 []

[785]
Underfull \hbox (badness 10000) detected at line 239
[][][]
 []


Underfull \hbox (badness 10000) detected at line 246
[][][]
 []


Underfull \hbox (badness 10000) detected at line 270
[][][]
 []


Underfull \hbox (badness 10000) detected at line 273
[][][]
 []

[786]
Underfull \hbox (badness 10000) detected at line 286
[][][]
 []


Underfull \hbox (badness 10000) detected at line 289
[][][]
 []


Underfull \hbox (badness 10000) detected at line 311
[][][]
 []


Overfull \hbox (49.94096pt too wide) in paragraph at lines 312--313
[]\T1/phv/m/n/10 One of the [], [], or []. 
 []


Underfull \hbox (badness 10000) detected at line 314
[][][]
 []

[787]
Underfull \hbox (badness 10000) detected at line 336
[][][]
 []


Underfull \hbox (badness 10000) detected at line 339
[][][]
 []


Underfull \hbox (badness 10000) detected at line 359
[][][]
 []


Underfull \hbox (badness 10000) detected at line 362
[][][]
 []


Underfull \hbox (badness 10000) detected at line 375
[][][]
 []

) (./classDDSSubscriberListener.tex <./classDDSSubscriberListener.pdf>
<classDDSSubscriberListener.pdf, id=28343, 501.875pt x 381.17406pt>
File: classDDSSubscriberListener.pdf Graphic file (type pdf)
<use classDDSSubscriberListener.pdf>
Package pdftex.def Info: classDDSSubscriberListener.pdf  used on input line 15.

(pdftex.def)             Requested size: 112.38094pt x 85.35826pt.
 [788]
Underfull \hbox (badness 3482) in paragraph at lines 44--45
[]\T1/phv/m/n/10 virtual [] [] ([] $\OMS/cmsy/m/n/10 ^^C$\T1/phv/m/n/10 , const
 void $\OMS/cmsy/m/n/10 ^^C$\T1/phv/m/n/10 const, const struct
 []

[789]
Underfull \hbox (badness 10000) detected at line 51
[][][]
 []


Underfull \hbox (badness 10000) detected at line 54
[][][]
 []


Underfull \hbox (badness 10000) in paragraph at lines 55--64

 []


Underfull \hbox (badness 10000) detected at line 66
[][][]
 []

) (./classDDSTopic.tex <./classDDSTopic.pdf>
<classDDSTopic.pdf, id=28434, 501.875pt x 142.3719pt>
File: classDDSTopic.pdf Graphic file (type pdf)
<use classDDSTopic.pdf>
Package pdftex.def Info: classDDSTopic.pdf  used on input line 15.
(pdftex.def)             Requested size: 200.59328pt x 56.9055pt.
 [790]
Underfull \hbox (badness 10000) detected at line 62
[][][]
 []


Underfull \hbox (badness 10000) detected at line 65
[][][]
 []

[791]
Underfull \hbox (badness 10000) detected at line 68
[][][]
 []


Underfull \hbox (badness 10000) detected at line 90
[][][]
 []


Underfull \hbox (badness 10000) detected at line 103
[][][]
 []

[792]
Underfull \hbox (badness 10000) detected at line 116
[][][]
 []


Underfull \hbox (badness 1552) in paragraph at lines 134--135
[]\T1/phv/m/n/10 Policies must be con-sis-tent. Poli-cies can-not be changed af
-ter [] is en-abled. The spe-cial value
 []


Underfull \hbox (badness 10000) detected at line 136
[][][]
 []


Underfull \hbox (badness 10000) detected at line 139
[][][]
 []

[793]
Underfull \hbox (badness 10000) detected at line 161
[][][]
 []


Underfull \hbox (badness 10000) detected at line 164
[][][]
 []


Underfull \hbox (badness 10000) detected at line 184
[][][]
 []


Underfull \hbox (badness 10000) detected at line 187
[][][]
 []


Underfull \hbox (badness 10000) detected at line 190
[][][]
 []

[794]
Underfull \hbox (badness 10000) detected at line 210
[][][]
 []


Underfull \hbox (badness 10000) detected at line 223
[][][]
 []


Underfull \hbox (badness 10000) detected at line 242
[][][]
 []


Underfull \hbox (badness 10000) detected at line 245
[][][]
 []


Underfull \hbox (badness 10000) detected at line 248
[][][]
 []


Underfull \hbox (badness 10000) detected at line 265
[][][]
 []

[795]
Underfull \hbox (badness 10000) detected at line 268
[][][]
 []


Underfull \hbox (badness 10000) detected at line 271
[][][]
 []


Underfull \hbox (badness 10000) detected at line 288
[][][]
 []


Underfull \hbox (badness 10000) detected at line 291
[][][]
 []


Underfull \hbox (badness 10000) detected at line 294
[][][]
 []

) (./classDDSTopicDescription.tex <./classDDSTopicDescription.pdf>
<classDDSTopicDescription.pdf, id=28644, 501.875pt x 284.75385pt>
File: classDDSTopicDescription.pdf Graphic file (type pdf)
<use classDDSTopicDescription.pdf>
Package pdftex.def Info: classDDSTopicDescription.pdf  used on input line 15.
(pdftex.def)             Requested size: 100.28897pt x 56.9055pt.
 [796]
Underfull \hbox (badness 10000) detected at line 53
[][][]
 []


Underfull \hbox (badness 10000) detected at line 56
[][][]
 []

[797]
Underfull \hbox (badness 10000) detected at line 59
[][][]
 []


Underfull \hbox (badness 10000) detected at line 76
[][][]
 []


Underfull \hbox (badness 10000) detected at line 79
[][][]
 []


Underfull \hbox (badness 10000) detected at line 82
[][][]
 []


Underfull \hbox (badness 10000) detected at line 99
[][][]
 []


Underfull \hbox (badness 10000) detected at line 102
[][][]
 []


Underfull \hbox (badness 10000) detected at line 105
[][][]
 []

) (./classDDSTopicListener.tex <./classDDSTopicListener.pdf>
<classDDSTopicListener.pdf, id=28694, 501.875pt x 329.0995pt>
File: classDDSTopicListener.pdf Graphic file (type pdf)
<use classDDSTopicListener.pdf>
Package pdftex.def Info: classDDSTopicListener.pdf  used on input line 15.
(pdftex.def)             Requested size: 86.78029pt x 56.9055pt.
 [798]
Underfull \hbox (badness 10000) detected at line 28
[][][]
 []


Underfull \hbox (badness 10000) detected at line 31
[][][]
 []


Underfull \hbox (badness 10000) detected at line 36
[][][]
 []

[799]) (./classDDSWaitSet.tex
Underfull \hbox (badness 1389) in paragraph at lines 34--34
[]\T1/phv/m/n/10 The ap-pli-ca-tion in-di-cates which rel-e-vant in-for-ma-tion
 it wants to get by cre-at-ing [] ob-jects
 []

[800]
Underfull \hbox (badness 968) in paragraph at lines 53--53
[]\T1/phv/m/n/10 A key as-pect of the []/[] mech-a-nism is the set-ting of the 
\T1/pcr/m/n/10 trigger[]_[]value \T1/phv/m/n/10 of each
 []


Underfull \hbox (badness 10000) detected at line 59
[][][]
 []


Underfull \hbox (badness 972) in paragraph at lines 81--82
[]\T1/phv/m/n/10 The re-sult of the wait op-er-a-tion is the list of all the at
-tached con-di-tions that have a \T1/pcr/m/n/10 trigger[]_[]value \T1/phv/m/n/1
0 of
 []

[801]
Underfull \hbox (badness 10000) detected at line 105
[][][]
 []


Overfull \hbox (17.2954pt too wide) in paragraph at lines 106--107
[]\T1/phv/m/n/10 One of the [] or [] or []. 
 []


Underfull \hbox (badness 10000) detected at line 108
[][][]
 []

[802]
Underfull \hbox (badness 10000) detected at line 128
[][][]
 []


Underfull \hbox (badness 10000) detected at line 131
[][][]
 []


Underfull \hbox (badness 10000) detected at line 151
[][][]
 []


Underfull \hbox (badness 10000) detected at line 154
[][][]
 []

[803]
Underfull \hbox (badness 10000) detected at line 172
[][][]
 []


Underfull \hbox (badness 10000) detected at line 175
[][][]
 []

) (./structDPDE__DiscoveryPluginProperty.tex [804] [805]
Overfull \hbox (40.15005pt too wide) in paragraph at lines 141--142
[]\T1/phv/m/n/10 The max-i-mum num-ber of ad-dresses to send to is de-fined by 
the peer list (ei-ther spec-i-fied in []
 []

[806]
Overfull \hbox (212.45894pt too wide) in paragraph at lines 188--188
[]\T1/phv/b/n/10 DDS[]_[][]MAX[]_[][]UNLIMITED\T1/phv/m/n/10 . This al-lows eac
h re-mote builtin end-point Data[]Writer to use up to []
 []


Overfull \hbox (27.64888pt too wide) in paragraph at lines 190--190
[][]\T1/phv/m/n/10 1, 256[]. When a pos-i-tive value is spec-i-fied []
 []

[807]) (./classDPDEDiscoveryFactory.tex [808])
(./structDPSE__DiscoveryPluginProperty.tex [809]
Underfull \hbox (badness 10000) detected at line 49
[][][]
 []


Underfull \hbox (badness 10000) detected at line 68
[][][]
 []

[810]) (./classDPSEDiscoveryFactory.tex [811]
Underfull \hbox (badness 10000) detected at line 37
[][][]
 []


Underfull \hbox (badness 10000) detected at line 40
[][][]
 []

) (./classDPSEDiscoveryPlugin.tex [812]
Overfull \hbox (15.19632pt too wide) in paragraph at lines 17--18
\OMS/cmsy/m/n/10 ^^C$\T1/phv/m/n/10 const rem[]_[]participant[]_[]name, const s
truct [] $\OMS/cmsy/m/n/10 ^^C$\T1/phv/m/n/10 const data, []
 []


Overfull \hbox (21.01013pt too wide) in paragraph at lines 19--20
\OMS/cmsy/m/n/10 ^^C$\T1/phv/m/n/10 const rem[]_[]participant[]_[]name, const s
truct [] $\OMS/cmsy/m/n/10 ^^C$\T1/phv/m/n/10 const data, []
 []

[813]) (./structFooDataReader.tex [814] [815]
Underfull \hbox (badness 10000) detected at line 92
[][][]
 []


Overfull \hbox (35.16191pt too wide) in paragraph at lines 93--94
[]\T1/phv/m/n/10 One of the [], [] or []. 
 []


Underfull \hbox (badness 10000) detected at line 95
[][][]
 []


Underfull \hbox (badness 10000) detected at line 123
[][][]
 []


Underfull \hbox (badness 10000) detected at line 126
[][][]
 []

[816]
Underfull \hbox (badness 10000) detected at line 129
[][][]
 []


Underfull \hbox (badness 10000) detected at line 157
[][][]
 []


Underfull \hbox (badness 10000) detected at line 160
[][][]
 []


Underfull \hbox (badness 10000) detected at line 163
[][][]
 []

[817]
Underfull \hbox (badness 10000) detected at line 199
[][][]
 []


Underfull \hbox (badness 10000) detected at line 202
[][][]
 []


Underfull \hbox (badness 10000) detected at line 205
[][][]
 []

[818]
Overfull \hbox (39.60101pt too wide) in paragraph at lines 222--223
[]\T1/phv/m/n/10 This op-er-a-tion may fail with [] if the []
 []


Overfull \hbox (84.46892pt too wide) in paragraph at lines 231--231
\T1/phv/m/n/10 lim-ited by the prod-uct ([] $\OMS/cmsy/m/n/10 ^^C$ []
 []

[819]
Overfull \hbox (101.0688pt too wide) in paragraph at lines 270--271
[]\T1/phv/m/n/10 If the ini-tial \T1/pcr/m/n/10 max[]_[]len$\OML/cmm/m/it/10 >$
\T1/pcr/m/n/10 0 \T1/phv/m/n/10 and \T1/pcr/m/n/10 owns==FALSE\T1/phv/m/n/10 , 
then the read or take op-er-a-tion will fail with [].
 []


Overfull \hbox (65.3487pt too wide) in paragraph at lines 283--284
[]\T1/phv/m/n/10 If \T1/pcr/m/n/10 max[]_[]samples $\OML/cmm/m/it/10 >$ \T1/pcr
/m/n/10 max[]_[]len\T1/phv/m/n/10 , then the read or take op-er-a-tion will fai
l with [].
 []

[820] [821]
Underfull \hbox (badness 10000) detected at line 321
[][][]
 []


Underfull \hbox (badness 10000) detected at line 324
[][][]
 []


Underfull \hbox (badness 10000) detected at line 327
[][][]
 []


Underfull \hbox (badness 820) in paragraph at lines 342--343
[]\T1/phv/m/n/10 This op-er-a-tion ac-cesses a col-lec-tion of data val-ues fro
m the []. The be-hav-ior is iden-ti-cal to
 []

[822]
Underfull \hbox (badness 10000) detected at line 373
[][][]
 []


Underfull \hbox (badness 10000) detected at line 376
[][][]
 []


Underfull \hbox (badness 10000) detected at line 379
[][][]
 []


Underfull \hbox (badness 820) in paragraph at lines 394--395
[]\T1/phv/m/n/10 This op-er-a-tion ac-cesses a col-lec-tion of data val-ues fro
m the []. The be-hav-ior is iden-ti-cal to
 []


Underfull \hbox (badness 1735) in paragraph at lines 396--397
[]\T1/phv/m/n/10 The se-man-tics are the same for the [] op-er-a-tion, ex-cept 
in build-ing the col-lec-tion, the
 []

[823]
Underfull \hbox (badness 10000) detected at line 423
[][][]
 []


Underfull \hbox (badness 10000) detected at line 426
[][][]
 []


Underfull \hbox (badness 10000) detected at line 429
[][][]
 []

[824]
Underfull \hbox (badness 10000) detected at line 453
[][][]
 []


Underfull \hbox (badness 10000) detected at line 456
[][][]
 []


Overfull \hbox (43.2988pt too wide) in paragraph at lines 471--472
[]\T1/phv/m/n/10 A pre-con-di-tion for us-ing this op-er-a-tion is to set []
 []

[825]
Underfull \hbox (badness 10000) detected at line 482
[][][]
 []

) (./structFooDataWriter.tex
Underfull \hbox (badness 4886) in paragraph at lines 21--22
[][] [] \T1/phv/m/n/10 (const Foo &instance[]_[]data, const []
 []


Underfull \hbox (badness 841) in paragraph at lines 30--30
\T1/phv/m/sl/9 that is made avail-able to [] ob-jects by means of the \T1/pcr/m
/sl/9 source[]_[]timestamp \T1/phv/m/sl/9 at-tribute in-side the
 []

[826]
Underfull \hbox (badness 10000) detected at line 69
[][][]
 []


Underfull \hbox (badness 10000) detected at line 82
[][][]
 []

[827]
Underfull \hbox (badness 1688) in paragraph at lines 97--98
[]\T1/phv/m/n/10 As a side ef-fect, this op-er-a-tion as-serts live-li-ness on 
the [] it-self, the [] and the
 []


Underfull \hbox (badness 10000) in paragraph at lines 108--108
[]\T1/phv/m/n/10 If ([] $\OML/cmm/m/it/10 <$ [] $\OMS/cmsy/m/n/10 ^^C$
 []

[828]
Underfull \hbox (badness 10000) detected at line 122
[][][]
 []


Underfull \hbox (badness 10000) detected at line 125
[][][]
 []


Underfull \hbox (badness 10000) detected at line 128
[][][]
 []


Overfull \hbox (25.68028pt too wide) in paragraph at lines 149--150
[]\T1/phv/m/n/10 , [], [] and []
 []

[829]
Underfull \hbox (badness 10000) detected at line 164
[][][]
 []


Underfull \hbox (badness 10000) detected at line 167
[][][]
 []


Underfull \hbox (badness 10000) detected at line 170
[][][]
 []


Underfull \hbox (badness 10000) detected at line 196
[][][]
 []


Underfull \hbox (badness 10000) detected at line 199
[][][]
 []

[830]
Underfull \hbox (badness 10000) detected at line 202
[][][]
 []


Overfull \hbox (25.30943pt too wide) in paragraph at lines 231--232
[]\T1/phv/m/n/10 If af-ter a [], the ap-pli-ca-tion wants to mod-ify ([] or [])

 []


Overfull \hbox (24.03249pt too wide) in paragraph at lines 237--238
\T1/phv/m/n/10 the re-source lim-its of this writer or of a reader, this op-er-
a-tion may block for up to [];
 []

[831]
Underfull \hbox (badness 10000) detected at line 248
[][][]
 []


Underfull \hbox (badness 10000) detected at line 251
[][][]
 []


Underfull \hbox (badness 10000) detected at line 254
[][][]
 []

[832] [833]
Underfull \hbox (badness 10000) detected at line 284
[][][]
 []


Underfull \hbox (badness 10000) detected at line 287
[][][]
 []


Underfull \hbox (badness 10000) detected at line 290
[][][]
 []

[834]
Underfull \hbox (badness 10000) detected at line 334
[][][]
 []


Underfull \hbox (badness 10000) detected at line 337
[][][]
 []


Underfull \hbox (badness 10000) detected at line 340
[][][]
 []

[835]
Underfull \hbox (badness 10000) detected at line 368
[][][]
 []


Underfull \hbox (badness 10000) detected at line 371
[][][]
 []


Underfull \hbox (badness 10000) detected at line 374
[][][]
 []

[836]
Underfull \hbox (badness 10000) detected at line 406
[][][]
 []


Underfull \hbox (badness 10000) detected at line 409
[][][]
 []


Underfull \hbox (badness 10000) detected at line 412
[][][]
 []

[837]
Overfull \hbox (148.55244pt too wide) in paragraph at lines 433--434
[][] \T1/phv/m/n/10 fails with [] if []
 []


Underfull \hbox (badness 2503) in paragraph at lines 443--444
[]\T1/phv/m/n/10 A loaned sam-ple that has not been writ-ten can be re-turned t
o the Data[]Writer\TS1/phv/m/n/10 '\T1/phv/m/n/10 s sam-ple pool by us-ing
 []


Underfull \hbox (badness 10000) detected at line 452
[][][]
 []

[838]
Underfull \hbox (badness 10000) detected at line 455
[][][]
 []


Underfull \hbox (badness 10000) detected at line 479
[][][]
 []


Underfull \hbox (badness 10000) detected at line 482
[][][]
 []


Underfull \hbox (badness 10000) detected at line 485
[][][]
 []


Underfull \hbox (badness 10000) detected at line 500
[][][]
 []

[839] [840]
Underfull \hbox (badness 10000) detected at line 520
[][][]
 []


Underfull \hbox (badness 10000) detected at line 523
[][][]
 []

) (./structFooSeq.tex [841] [842]
Underfull \hbox (badness 10000) detected at line 96
[][][]
 []


Underfull \hbox (badness 10000) detected at line 101
[][][]
 []


Underfull \hbox (badness 10000) detected at line 104
[][][]
 []

LaTeX Font Info:    Font shape `T1/phv/b/n' will be
(Font)              scaled to size 7.19995pt on input line 109.

Underfull \hbox (badness 10000) detected at line 132
[][][]
 []

[843]
Underfull \hbox (badness 10000) detected at line 173
[][][]
 []


Underfull \hbox (badness 10000) detected at line 182
[][][]
 []

[844]
Underfull \hbox (badness 10000) detected at line 240
[][][]
 []


Underfull \hbox (badness 10000) detected at line 245
[][][]
 []


Underfull \hbox (badness 10000) detected at line 259
[][][]
 []


Underfull \hbox (badness 10000) detected at line 262
[][][]
 []


Underfull \hbox (badness 10000) detected at line 265
[][][]
 []

[845]
Underfull \hbox (badness 10000) detected at line 284
[][][]
 []


Underfull \hbox (badness 10000) detected at line 287
[][][]
 []


Underfull \hbox (badness 10000) detected at line 303
[][][]
 []

[846]
Underfull \hbox (badness 10000) detected at line 329
[][][]
 []


Underfull \hbox (badness 10000) detected at line 361
[][][]
 []


Underfull \hbox (badness 10000) detected at line 388
[][][]
 []

[847]
Underfull \hbox (badness 10000) detected at line 403
[][][]
 []


Underfull \hbox (badness 1014) in paragraph at lines 422--423
\T1/phv/m/n/10 er-a-tion. (Note that, if nec-es-sary, the max-i-mum of this se-
quence can be in-creased man-u-ally by us-ing the
 []


Underfull \hbox (badness 10000) detected at line 426
[][][]
 []


Underfull \hbox (badness 10000) detected at line 436
[][][]
 []

[848]
Underfull \hbox (badness 10000) detected at line 455
[][][]
 []


Underfull \hbox (badness 10000) detected at line 460
[][][]
 []


Underfull \hbox (badness 10000) detected at line 474
[][][]
 []


Underfull \hbox (badness 10000) detected at line 495
[][][]
 []


Underfull \hbox (badness 10000) detected at line 498
[][][]
 []

[849]
Underfull \hbox (badness 10000) detected at line 515
[][][]
 []


Underfull \hbox (badness 10000) detected at line 518
[][][]
 []


Underfull \hbox (badness 10000) detected at line 530
[][][]
 []

[850]
Underfull \hbox (badness 10000) detected at line 562
[][][]
 []


Underfull \hbox (badness 10000) detected at line 567
[][][]
 []


Underfull \hbox (badness 10000) detected at line 587
[][][]
 []


Underfull \hbox (badness 10000) detected at line 590
[][][]
 []


Underfull \hbox (badness 10000) detected at line 607
[][][]
 []


Underfull \hbox (badness 10000) detected at line 610
[][][]
 []

[851]
Underfull \hbox (badness 10000) detected at line 617
[][][]
 []


Underfull \hbox (badness 10000) detected at line 620
[][][]
 []


Underfull \hbox (badness 10000) detected at line 643
[][][]
 []

[852]) (./structFooTypeSupport.tex [853] [854]
Underfull \hbox (badness 10000) detected at line 58
[][][]
 []


Underfull \hbox (badness 10000) detected at line 61
[][][]
 []


Underfull \hbox (badness 10000) detected at line 81
[][][]
 []


Underfull \hbox (badness 10000) detected at line 84
[][][]
 []


Underfull \hbox (badness 10000) detected at line 103
[][][]
 []


Underfull \hbox (badness 10000) detected at line 106
[][][]
 []

[855]
Underfull \hbox (badness 10000) detected at line 109
[][][]
 []


Underfull \hbox (badness 10000) detected at line 112
[][][]
 []


Underfull \hbox (badness 10000) detected at line 132
[][][]
 []


Underfull \hbox (badness 10000) detected at line 135
[][][]
 []

[856]
Underfull \hbox (badness 10000) detected at line 157
[][][]
 []


Underfull \hbox (badness 1521) in paragraph at lines 172--173
[]\T1/phv/m/n/10 The same [] can be reg-is-tered mul-ti-ple times with a [] us-
ing
 []


Underfull \hbox (badness 10000) detected at line 174
[][][]
 []


Underfull \hbox (badness 1028) in paragraph at lines 175--176
[]\T1/phv/m/n/10 Cannot use the same \T1/pcr/m/n/10 type[]_[]name \T1/phv/m/n/1
0 to reg-is-ter two dif-fer-ent [] with the same
 []


Underfull \hbox (badness 10000) detected at line 184
[][][]
 []


Overfull \hbox (68.02036pt too wide) in paragraph at lines 185--186
[]\T1/phv/m/n/10 One of the [], [] or []. 
 []


Underfull \hbox (badness 10000) detected at line 187
[][][]
 []


Underfull \hbox (badness 10000) detected at line 190
[][][]
 []

[857]
Underfull \hbox (badness 10000) detected at line 205
[][][]
 []


Underfull \hbox (badness 10000) detected at line 208
[][][]
 []


Underfull \hbox (badness 10000) detected at line 218
[][][]
 []


Underfull \hbox (badness 10000) detected at line 221
[][][]
 []


Underfull \hbox (badness 10000) detected at line 224
[][][]
 []


Overfull \hbox (82.83533pt too wide) in paragraph at lines 237--238
[]\T1/phv/m/n/10 This method se-ri-al-izes a sam-ple into a buffer of octets us
-ing the in-put data rep-re-sen-ta-tion. See []
 []

[858]
Underfull \hbox (badness 10000) detected at line 252
[][][]
 []


Underfull \hbox (badness 10000) detected at line 282
[][][]
 []

[859]
Underfull \hbox (badness 10000) detected at line 308
[][][]
 []

) (./structNDDS__Discovery__Property.tex)
(./structNDDS__Type__PluginVersion.tex) (./structNETIO__Address.tex [860])
(./structNETIO__AddressSeq.tex) (./structNETIO__AddressUInt32.tex [861])
(./unionNETIO__AddressValue.tex [862]) (./structNETIO__DGRAM__InterfaceI.tex
[863]
Underfull \hbox (badness 10000) detected at line 58
[][][]
 []


Underfull \hbox (badness 10000) detected at line 78
[][][]
 []

[864]
Underfull \hbox (badness 10000) detected at line 100
[][][]
 []


Underfull \hbox (badness 10000) detected at line 122
[][][]
 []


Underfull \hbox (badness 10000) detected at line 152
[][][]
 []

[865]
Underfull \hbox (badness 10000) detected at line 178
[][][]
 []


Underfull \hbox (badness 10000) detected at line 202
[][][]
 []

[866]
Underfull \hbox (badness 10000) detected at line 224
[][][]
 []

) (./structNETIO__DGRAM__InterfaceMultiCastGroup.tex)
(./structNETIO__DGRAM__InterfaceRouteEntry.tex [867])
(./structNETIO__DGRAM__InterfaceTableEntry.tex [868]
Underfull \hbox (badness 1609) in paragraph at lines 47--49
[]\T1/phv/m/n/10 Note that the locator[]_[]kind must be less than [] and greate
r than
 []

[869]) (./structNETIO__DGRAM__InterfaceTableEntrySeq.tex)
(./structNETIO__Interface.tex [870]) (./structNETIO__InterfaceI.tex)
(./structNETIO__Netmask.tex [871]) (./structNETIO__NetmaskSeq.tex)
(./structNETIO__Packet.tex) (./structNETIO__SharedMemorySegmentHeader.tex)
(./structNETIO__SHMEMInterfaceFactoryProperty.tex [872] [873])
(./structOSAPI__LogProperty.tex [874])
(./structOSAPI__SharedMemorySegmentHandle.tex [875])
(./structOSAPI__SharedMemorySegmentHeader.tex) (./structOSAPI__SystemI.tex
[876] [877]) (./structOSAPI__SystemProperty.tex [878]
Overfull \hbox (60.2753pt too wide) in paragraph at lines 65--66
[]\T1/phv/m/n/10 If a block-ing op-er-a-tion is un-able to ac-quire a block-ing
 re-source, the op-er-a-tion will re-turn with []. 
 []


Underfull \hbox (badness 2012) in paragraph at lines 86--86
[]\T1/phv/m/n/10 One timer is al-lo-cated per [] for each [] trans-port en-able
d on a
 []

[879]) (./structOSAPI__SystemTime.tex [880]) (./structOSAPI__TaskProperty.tex)
(./structOSAPI__ThreadProperty.tex [881]) (./structOSAPI__TimerProperty.tex
[882]) (./structPSK__ErrListener.tex [883])
(./structPSK__FilePassTrackerErrListener.tex)
(./structPSK__PassTrackerConfiguration.tex [884])
(./classRHSMHistoryFactory.tex [885]
Underfull \hbox (badness 10000) detected at line 37
[][][]
 []


Underfull \hbox (badness 10000) detected at line 40
[][][]
 []

) (./unionRTPS__Checksum.tex [886]) (./structRTPS__ChecksumClass.tex)
(./structRTPS__ChecksumProperty.tex [887])
(./structRTPS__InterfaceFactoryProperty.tex) (./classRTRegistry.tex [888]
Underfull \hbox (badness 10000) detected at line 52
[][][]
 []


Underfull \hbox (badness 10000) detected at line 55
[][][]
 []

[889]
Underfull \hbox (badness 10000) detected at line 79
[][][]
 []


Underfull \hbox (badness 10000) detected at line 82
[][][]
 []

) (./classSHMEMInterfaceFactory.tex
Underfull \hbox (badness 10000) detected at line 37
[][][]
 []

) (./structUDP__InterfaceFactoryProperty.tex [890] [891] [892] [893] [894]
[895] [896]) (./structUDP__InterfaceTableEntry.tex [897])
(./structUDP__InterfaceTableEntrySeq.tex) (./structUDP__NatEntry.tex [898])
(./structUDP__NatEntrySeq.tex) (./classUDPInterfaceFactory.tex [899]
Underfull \hbox (badness 10000) detected at line 37
[][][]
 []

) (./classUDPInterfaceTable.tex) (./classWHSMHistoryFactory.tex [900]
Underfull \hbox (badness 10000) detected at line 37
[][][]
 []

) (./structZCOPY__NotifInterfaceFactoryProperty.tex [901])
(./structZCOPY__NotifMechanismProperty.tex [902])
(./structZCOPY__NotifUserInterfaceI.tex [903]
Underfull \hbox (badness 10000) detected at line 44
[][][]
 []

[904]
Underfull \hbox (badness 10000) detected at line 67
[][][]
 []

[905]
Underfull \hbox (badness 10000) detected at line 112
[][][]
 []


Underfull \hbox (badness 10000) detected at line 136
[][][]
 []

[906] [907]
Underfull \hbox (badness 10000) detected at line 181
[][][]
 []


Underfull \hbox (badness 10000) detected at line 207
[][][]
 []


Underfull \hbox (badness 10000) detected at line 233
[][][]
 []

[908]
Underfull \hbox (badness 10000) detected at line 261
[][][]
 []


Underfull \hbox (badness 10000) detected at line 289
[][][]
 []

[909]
Underfull \hbox (badness 10000) detected at line 315
[][][]
 []


Underfull \hbox (badness 10000) detected at line 339
[][][]
 []

) (./app__gen__log_8h.tex
Underfull \hbox (badness 10000) in paragraph at lines 3--4

 []

[910]) (./cdr__log_8h.tex
Underfull \hbox (badness 10000) in paragraph at lines 3--4

 []

) (./db__log_8h.tex
Underfull \hbox (badness 10000) in paragraph at lines 8--9

 []

[911] [912]) (./dds__c__config_8h.tex
Underfull \hbox (badness 10000) in paragraph at lines 8--10

 []

) (./dds__c__flowcontroller_8h.tex
Underfull \hbox (badness 10000) in paragraph at lines 8--11

 []

[913]
Overfull \hbox (162.66585pt too wide) in paragraph at lines 21--25
[]\T1/phv/m/n/10 enum [] { [] , []
 []

) (./dds__c__log_8h.tex
Underfull \hbox (badness 10000) in paragraph at lines 8--10

 []

[914] [915] [916] [917] [918] [919] [920] [921] [922] [923] [924] [925]
[926] [927] [928] [929] [930] [931]
Overfull \hbox (15.23718pt too wide) in paragraph at lines 811--812
[]\T1/phv/m/n/10 #define []  ([]
 []


Overfull \hbox (88.25314pt too wide) in paragraph at lines 813--814
[]\T1/phv/m/n/10 #define []  ([]
 []


Overfull \hbox (77.67825pt too wide) in paragraph at lines 815--816
[]\T1/phv/m/n/10 #define []  ([]
 []

[932]
Underfull \hbox (badness 10000) in paragraph at lines 877--878
[]\T1/phv/m/n/10 #define [] ([] +
 []


Overfull \hbox (36.82811pt too wide) in paragraph at lines 879--880
[]\T1/phv/m/n/10 #define []  ([]
 []

[933]
Overfull \hbox (19.20648pt too wide) in paragraph at lines 907--908
[]\T1/phv/m/n/10 #define []  ([]
 []


Overfull \hbox (45.7111pt too wide) in paragraph at lines 915--916
[]\T1/phv/m/n/10 #define []  ([]
 []


Overfull \hbox (47.6192pt too wide) in paragraph at lines 917--918
[]\T1/phv/m/n/10 #define []  ([]
 []


Overfull \hbox (45.16222pt too wide) in paragraph at lines 919--920
[]\T1/phv/m/n/10 #define []  ([]
 []

[934] [935]
Underfull \hbox (badness 5288) in paragraph at lines 995--996
[]\T1/phv/m/n/10 #define []  ([] +
 []

[936]
Overfull \hbox (54.45pt too wide) in paragraph at lines 1027--1028
[]\T1/phv/m/n/10 #define []  ([]
 []


Overfull \hbox (56.90698pt too wide) in paragraph at lines 1029--1030
[]\T1/phv/m/n/10 #define []  ([]
 []


Overfull \hbox (55.81795pt too wide) in paragraph at lines 1033--1034
[]\T1/phv/m/n/10 #define []  ([]
 []


Underfull \hbox (badness 1454) in paragraph at lines 1037--1038
[]\T1/phv/m/n/10 #define []  ([] +
 []


Underfull \hbox (badness 836) in paragraph at lines 1039--1040
[]\T1/phv/m/n/10 #define []  ([] +
 []


Overfull \hbox (19.77348pt too wide) in paragraph at lines 1043--1044
[]\T1/phv/m/n/10 #define []  ([]
 []

[937]
Overfull \hbox (19.03542pt too wide) in paragraph at lines 1049--1050
[]\T1/phv/m/n/10 #define []  ([]
 []


Overfull \hbox (20.06111pt too wide) in paragraph at lines 1053--1054
[]\T1/phv/m/n/10 #define []  ([]
 []


Overfull \hbox (17.05516pt too wide) in paragraph at lines 1055--1056
[]\T1/phv/m/n/10 #define []  ([]
 []


Underfull \hbox (badness 4001) in paragraph at lines 1057--1058
[]\T1/phv/m/n/10 #define []  ([] +
 []


Overfull \hbox (25.88446pt too wide) in paragraph at lines 1059--1060
[]\T1/phv/m/n/10 #define []  ([]
 []


Underfull \hbox (badness 2237) in paragraph at lines 1063--1064
[]\T1/phv/m/n/10 #define []  ([] +
 []


Underfull \hbox (badness 4108) in paragraph at lines 1069--1070
[]\T1/phv/m/n/10 #define []  ([] +
 []

[938] [939]) (./dds__filter__log_8h.tex [940]
Underfull \hbox (badness 10000) in paragraph at lines 8--9

 []

[941] [942] [943]) (./dds__psk__log_8h.tex
Underfull \hbox (badness 10000) in paragraph at lines 8--9

 []

[944]) (./disc__dpde__log_8h.tex
Underfull \hbox (badness 10000) in paragraph at lines 3--4

 []

[945] [946] [947]) (./disc__dpse__log_8h.tex
Underfull \hbox (badness 10000) in paragraph at lines 3--4

 []

[948] [949] [950] [951] [952] [953]) (./netio__log_8h.tex
Underfull \hbox (badness 10000) in paragraph at lines 8--9

 []

[954] [955] [956] [957] [958] [959] [960]) (./netio__shmem__log_8h.tex
Underfull \hbox (badness 10000) in paragraph at lines 8--9

 []

[961] [962]) (./netio__zcopy__log_8h.tex
Underfull \hbox (badness 10000) in paragraph at lines 8--9

 []

[963] [964] [965]) (./netio__zcopy__notif__interface_8h.tex
Underfull \hbox (badness 10000) in paragraph at lines 3--5

 []


Underfull \hbox (badness 4634) in paragraph at lines 18--19
[][] [] \T1/phv/m/n/10 (RT[]_[][]Registry[]_[]T $\OMS/cmsy/m/n/10 ^^C$\T1/phv/m
/n/10 registry, const char $\OMS/cmsy/m/n/10 ^^C$\T1/phv/m/n/10 name, struct
 []

[966]
Underfull \hbox (badness 10000) detected at line 44
[][][]
 []


Underfull \hbox (badness 10000) detected at line 64
[][][]
 []

) (./netio__zcopy__whsq__log_8h.tex
Underfull \hbox (badness 10000) in paragraph at lines 8--9

 []

[967]) (./osapi__log_8h.tex
Underfull \hbox (badness 10000) in paragraph at lines 8--12

 []

[968] [969] [970] [971] [972] [973] [974] [975] [976] [977] [978] [979]
Underfull \hbox (badness 10000) detected at line 601
[][][]
 []


Underfull \hbox (badness 10000) detected at line 621
[][][]
 []


Underfull \hbox (badness 10000) detected at line 643
[][][]
 []

[980]
Underfull \hbox (badness 10000) detected at line 665
[][][]
 []

[981]
Underfull \hbox (badness 10000) detected at line 720
[][][]
 []


Underfull \hbox (badness 10000) detected at line 769
[][][]
 []

) (./osapi__process_8h.tex [982]
Underfull \hbox (badness 10000) in paragraph at lines 8--10

 []

) (./osapi__semaphore_8h.tex
Underfull \hbox (badness 10000) in paragraph at lines 8--10

 []

[983]
Underfull \hbox (badness 10000) detected at line 59
[][][]
 []

[984]
Underfull \hbox (badness 10000) detected at line 83
[][][]
 []


Underfull \hbox (badness 776) in paragraph at lines 100--101
[]\T1/phv/m/n/10 Signal the semaphore by in-cre-ment-ing its count. If any thre
ads are blocked wait-ing on this semaphore via
 []


Underfull \hbox (badness 10000) detected at line 107
[][][]
 []

) (./osapi__stdio_8h.tex [985]
Underfull \hbox (badness 10000) in paragraph at lines 8--10

 []

) (./osapi__task_8h.tex
Underfull \hbox (badness 10000) in paragraph at lines 8--14

 []

) (./osapi__time_8h.tex
Underfull \hbox (badness 10000) in paragraph at lines 8--10

 []

) (./reda__log_8h.tex [986]
Underfull \hbox (badness 10000) in paragraph at lines 8--9

 []

[987]) (./rh__sm__log_8h.tex
Underfull \hbox (badness 10000) in paragraph at lines 8--9

 []

[988] [989] [990] [991]) (./rt__log_8h.tex
Underfull \hbox (badness 10000) in paragraph at lines 3--4

 []

[992]) (./rtps__config_8h.tex) (./rtps__dll_8h.tex
Underfull \hbox (badness 10000) in paragraph at lines 8--10

 []

) (./rtps__log_8h.tex
Underfull \hbox (badness 10000) in paragraph at lines 8--9

 []

[993] [994] [995] [996] [997] [998] [999] [1000]) (./rtps__rtps__impl_8h.tex
Underfull \hbox (badness 10000) in paragraph at lines 8--10

 []

) (./wh__sm__log_8h.tex
Underfull \hbox (badness 10000) in paragraph at lines 8--9

 []

[1001] [1002]) [1003] [1004

] (./refman.ind
Underfull \hbox (badness 10000) in paragraph at lines 63--65
[]| \T1/phv/m/n/10 APP-GEN_APP_PARTICIPANT_NOT_FOUND_EC,
 []


Overfull \hbox (51.68097pt too wide) in paragraph at lines 71--73
[]| \T1/phv/m/n/10 APP-GEN_LOG_APP_CONFIG_POINTER_NOT_CORRECT_EC,
 []


Overfull \hbox (29.17908pt too wide) in paragraph at lines 99--100
[]\T1/phv/m/n/10 APPGEN_LOG_APP_CONFIG_POINTER_NOT_CORRECT_EC 
 []

[1005

] [1006]
Underfull \hbox (badness 10000) in paragraph at lines 305--307
[]| \T1/phv/m/n/10 DDS_REJECTED_BY_REMOTE_WRITERS_LIMIT,
 []


Overfull \hbox (28.46133pt too wide) in paragraph at lines 308--310
[]| \T1/phv/m/n/10 DDS_REJECTED_BY_SAMPLES_PER_INSTANCE_LIMIT,
 []


Overfull \hbox (62.67886pt too wide) in paragraph at lines 310--312
[]| \T1/phv/m/n/10 DDS_REJECTED_BY_SAMPLES_PER_REMOTE_WRITER_LIMIT,
 []


Overfull \hbox (31.55722pt too wide) in paragraph at lines 315--317
[]| \T1/phv/m/n/10 DDS_SAMPLE_LOST_BY_MANAGEDPOOL_OVERWRITE,
 []


Underfull \hbox (badness 10000) in paragraph at lines 317--319
[]| \T1/phv/m/n/10 DDS_SAMPLE_LOST_BY_MAX_SAMPLES_LIMIT,
 []


Underfull \hbox (badness 10000) in paragraph at lines 319--321
[]| \T1/phv/m/n/10 DDS_SAMPLE_LOST_BY_META_SAMPLE_LIMIT,
 []


Overfull \hbox (55.92001pt too wide) in paragraph at lines 321--323
[]| \T1/phv/m/n/10 DDS_SAMPLE_LOST_BY_NOT_READ_ON_CACHE_DELETION,
 []


Overfull \hbox (31.06212pt too wide) in paragraph at lines 327--329
[]| \T1/phv/m/n/10 DDS_DataReaderResourceLimitsInstanceReplacementKind,
 []


Overfull \hbox (44.92223pt too wide) in paragraph at lines 330--332
[]| \T1/phv/m/n/10 DDS_REPLACE_OLDEST_INSTANCE_REPLACEMENT_QOS,
 []


Overfull \hbox (56.82855pt too wide) in paragraph at lines 334--336
[]| \T1/phv/m/n/10 DDS_DataWriterListener_ReliableReaderActivityChangedCallback
,
 []


Overfull \hbox (61.5177pt too wide) in paragraph at lines 336--338
[]| \T1/phv/m/n/10 DDS_DataWriterListener_ReliableSampleUnacknowledgedCallback,

 []

[1007]
Underfull \hbox (badness 10000) in paragraph at lines 338--340
[]| \T1/phv/m/n/10 DDS_DataWriterListener_SampleRemovedCallback,
 []


Overfull \hbox (23.88005pt too wide) in paragraph at lines 340--342
[]| \T1/phv/m/n/10 DDS_ReliableReaderActivityChangedStatus_INITIALIZER,
 []

[1008]
Overfull \hbox (40.86986pt too wide) in paragraph at lines 481--482
[]\T1/phv/m/n/10 DDS_BY_RECEPTION_TIMESTAMP_DESTINATIONORDER_QOS 
 []


Overfull \hbox (26.86613pt too wide) in paragraph at lines 483--484
[]\T1/phv/m/n/10 DDS_BY_SOURCE_TIMESTAMP_DESTINATIONORDER_QOS 
 []


Overfull \hbox (120.51204pt too wide) in paragraph at lines 487--489
[]| \T1/phv/m/n/10 DDS_LOG_TRUST_ASSERT_PARTICIPANT_GENERIC_MESSAGE_FAILED_EC,
 []


Underfull \hbox (badness 10000) in paragraph at lines 499--500
[]| \T1/phv/m/n/10 DDSC_LOG_CDR_DESERIALIZE_HEADER_EC,
 []


Underfull \hbox (badness 10000) in paragraph at lines 501--503
[]| \T1/phv/m/n/10 DDSC_LOG_CDR_DESERIALIZE_KEYHASH_EC,
 []


Underfull \hbox (badness 10000) in paragraph at lines 514--516
[]| \T1/phv/m/n/10 DDSC_LOG_CDR_SERIALIZE_PID_LENGTH_EC,
 []


Underfull \hbox (badness 10000) in paragraph at lines 516--518
[]| \T1/phv/m/n/10 DDSC_LOG_CDR_SERIALIZE_STATUS_INFO_EC,
 []


Underfull \hbox (badness 10000) in paragraph at lines 520--521
[]| \T1/phv/m/n/10 DDSC_LOG_CHANGE_CONTENT_FILTER_EC,
 []


Underfull \hbox (badness 10000) in paragraph at lines 521--522
[]| \T1/phv/m/n/10 DDSC_LOG_CHECKSUM_INCOMPATIBLE_EC,
 []


Overfull \hbox (23.25055pt too wide) in paragraph at lines 522--524
[]| \T1/phv/m/n/10 DDSC_LOG_CHECKSUM_INCONSISTENT_ALLOW_EC,
 []


Overfull \hbox (21.52254pt too wide) in paragraph at lines 524--526
[]| \T1/phv/m/n/10 DDSC_LOG_CHECKSUM_INCONSISTENT_CLASS_EC,
 []


Overfull \hbox (37.01138pt too wide) in paragraph at lines 526--528
[]| \T1/phv/m/n/10 DDSC_LOG_CHECKSUM_INCONSISTENT_COMPUTE_EC,
 []


Underfull \hbox (badness 10000) in paragraph at lines 529--530
[]| \T1/phv/m/n/10 DDSC_LOG_COMPILE_CONTENT_FILTER_EC,
 []


Underfull \hbox (badness 10000) in paragraph at lines 535--536
[]| \T1/phv/m/n/10 DDSC_LOG_CONTENT_FILTER_QOS_POLICY,
 []


Overfull \hbox (28.67754pt too wide) in paragraph at lines 536--538
[]| \T1/phv/m/n/10 DDSC_LOG_CONTENT_FILTERING_NOT_ENABLED_EC,
 []


Overfull \hbox (15.8616pt too wide) in paragraph at lines 543--545
[]| \T1/phv/m/n/10 DDSC_LOG_DATA_REPRESENTATION_QOS_POLICY,
 []

[1009]
Overfull \hbox (24.0155pt too wide) in paragraph at lines 556--558
[]| \T1/phv/m/n/10 DDSC_LOG_DATAREADER_RESOURCE_QOS_POLICY,
 []


Overfull \hbox (21.55852pt too wide) in paragraph at lines 570--572
[]| \T1/phv/m/n/10 DDSC_LOG_DATAWRITER_RESOURCE_QOS_POLICY,
 []


Overfull \hbox (17.95834pt too wide) in paragraph at lines 586--588
[]| \T1/phv/m/n/10 DDSC_LOG_DESERIALIZE_BUILTIN_ENDPOINTS_EC,
 []


Overfull \hbox (32.04329pt too wide) in paragraph at lines 588--590
[]| \T1/phv/m/n/10 DDSC_LOG_DESERIALIZE_CONTENT_FILTER_INFO_EC,
 []


Underfull \hbox (badness 10000) in paragraph at lines 591--593
[]| \T1/phv/m/n/10 DDSC_LOG_DESERIALIZE_PARTITION_SEQ_EC,
 []


Overfull \hbox (22.14343pt too wide) in paragraph at lines 593--595
[]| \T1/phv/m/n/10 DDSC_LOG_DESERIALIZE_PROTOCOL_VERSION_EC,
 []


Overfull \hbox (48.68414pt too wide) in paragraph at lines 595--597
[]| \T1/phv/m/n/10 DDSC_LOG_DESERIALIZE_REMOTE_CONTENT_FILTER_EC,
 []


Underfull \hbox (badness 10000) in paragraph at lines 597--599
[]| \T1/phv/m/n/10 DDSC_LOG_DESERIALIZE_UNKNOWN_PID_EC,
 []


Overfull \hbox (64.524pt too wide) in paragraph at lines 603--605
[]| \T1/phv/m/n/10 DDSC_LOG_DISC_AFTER_LOCAL_DATAREADER_DELETED_EC,
 []


Overfull \hbox (65.02794pt too wide) in paragraph at lines 605--607
[]| \T1/phv/m/n/10 DDSC_LOG_DISC_AFTER_LOCAL_DATAREADER_ENABLED_EC,
 []


Overfull \hbox (62.06702pt too wide) in paragraph at lines 607--609
[]| \T1/phv/m/n/10 DDSC_LOG_DISC_AFTER_LOCAL_DATAWRITER_DELETED_EC,
 []


Overfull \hbox (62.57095pt too wide) in paragraph at lines 609--611
[]| \T1/phv/m/n/10 DDSC_LOG_DISC_AFTER_LOCAL_DATAWRITER_ENABLED_EC,
 []


Overfull \hbox (63.02997pt too wide) in paragraph at lines 611--613
[]| \T1/phv/m/n/10 DDSC_LOG_DISC_AFTER_LOCAL_PARTICIPANT_CREATED_EC,
 []


Overfull \hbox (70.53577pt too wide) in paragraph at lines 613--615
[]| \T1/phv/m/n/10 DDSC_LOG_DISC_BEFORE_LOCAL_PARTICIPANT_CREATED_EC,
 []


Overfull \hbox (78.7527pt too wide) in paragraph at lines 615--617
[]| \T1/phv/m/n/10 DDSC_LOG_DISC_BEFORE_REMOTE_PARTICIPANT_DELETED_EC,
 []


Overfull \hbox (28.61435pt too wide) in paragraph at lines 617--619
[]| \T1/phv/m/n/10 DDSC_LOG_DISC_LOCAL_PARTICIPANT_ENABLED_EC,
 []


Overfull \hbox (33.78938pt too wide) in paragraph at lines 619--621
[]| \T1/phv/m/n/10 DDSC_LOG_DISC_REMOTE_PARTICIPANT_REMOVE_EC,
 []


Underfull \hbox (badness 10000) in paragraph at lines 625--627
[]| \T1/phv/m/n/10 DDSC_LOG_DR_CREATE_TYPED_READER_EC,
 []


Underfull \hbox (badness 10000) in paragraph at lines 627--628
[]| \T1/phv/m/n/10 DDSC_LOG_DR_DESERIALIZE_KEYHASH_EC,
 []


Overfull \hbox (18.46262pt too wide) in paragraph at lines 631--633
[]| \T1/phv/m/n/10 DDSC_LOG_DR_INSTANCE_ASSERTION_FAILED_EC,
 []


Overfull \hbox (31.99834pt too wide) in paragraph at lines 633--635
[]| \T1/phv/m/n/10 DDSC_LOG_DR_INSTANCE_MAPPING_EXHAUSTED_EC,
 []


Underfull \hbox (badness 10000) in paragraph at lines 635--637
[]| \T1/phv/m/n/10 DDSC_LOG_DR_INSTANCE_TO_KEYHASH_EC,
 []


Underfull \hbox (badness 10000) in paragraph at lines 637--638
[]| \T1/phv/m/n/10 DDSC_LOG_DR_ON_SAMPLE_REMOVED_EC,
 []


Overfull \hbox (49.16124pt too wide) in paragraph at lines 643--645
[]| \T1/phv/m/n/10 DDSC_LOG_DUPLICATE_REMOTE_PARTICIPANT_NAME_EC,
 []


Underfull \hbox (badness 10000) in paragraph at lines 648--650
[]| \T1/phv/m/n/10 DDSC_LOG_DW_CREATE_TYPED_WRITER_EC,
 []


Overfull \hbox (27.61568pt too wide) in paragraph at lines 650--652
[]| \T1/phv/m/n/10 DDSC_LOG_DW_FLOW_CONTROLLER_REQUIRED_EC,
 []


Underfull \hbox (badness 10000) in paragraph at lines 652--654
[]| \T1/phv/m/n/10 DDSC_LOG_DW_HISTORY_REGISTER_KEY_EC,
 []

[1010]
Underfull \hbox (badness 10000) in paragraph at lines 655--657
[]| \T1/phv/m/n/10 DDSC_LOG_DW_INCOMPATIBLE_PADDING_EC,
 []


Overfull \hbox (20.10065pt too wide) in paragraph at lines 657--659
[]| \T1/phv/m/n/10 DDSC_LOG_DW_INSTANCE_ASSERTION_FAILED_EC,
 []


Overfull \hbox (27.42683pt too wide) in paragraph at lines 660--662
[]| \T1/phv/m/n/10 DDSC_LOG_DW_UNKNOWN_FLOW_CONTROLLER_EC,
 []


Underfull \hbox (badness 10000) in paragraph at lines 662--664
[]| \T1/phv/m/n/10 DDSC_LOG_ENABLE_WRITER_FILTERING_EC,
 []


Overfull \hbox (60.86993pt too wide) in paragraph at lines 664--666
[]| \T1/phv/m/n/10 DDSC_LOG_ENABLED_DISCVOERY_TRANSPORT_SEQUENCE,
 []


Overfull \hbox (33.67242pt too wide) in paragraph at lines 667--669
[]| \T1/phv/m/n/10 DDSC_LOG_ENABLED_USER_TRANSPORT_SEQUENCE,
 []


Overfull \hbox (45.23729pt too wide) in paragraph at lines 669--671
[]| \T1/phv/m/n/10 DDSC_LOG_ENDPOINT_NOT_CHILD_OF_PARTICIPANT_EC,
 []


Underfull \hbox (badness 10000) in paragraph at lines 671--673
[]| \T1/phv/m/n/10 DDSC_LOG_ENTITY_DIFFERENT_FACTORY_EC,
 []


Underfull \hbox (badness 10000) in paragraph at lines 676--678
[]| \T1/phv/m/n/10 DDSC_LOG_ENTITY_INVALID_PROPERTY_EC,
 []


Underfull \hbox (badness 10000) in paragraph at lines 682--684
[]| \T1/phv/m/n/10 DDSC_LOG_EVALUATE_CONTENT_FILTER_EC,
 []


Underfull \hbox (badness 10000) in paragraph at lines 684--685
[]| \T1/phv/m/n/10 DDSC_LOG_EVALUATE_WRITER_FILTER_EC,
 []


Overfull \hbox (28.2096pt too wide) in paragraph at lines 685--687
[]| \T1/phv/m/n/10 DDSC_LOG_FAILED_UPDATE_STATUS_CONDITION_EC,
 []


Overfull \hbox (38.87459pt too wide) in paragraph at lines 687--689
[]| \T1/phv/m/n/10 DDSC_LOG_FILTER_PLUGIN_FACTORY_NOT_FOUND_EC,
 []


Underfull \hbox (badness 10000) in paragraph at lines 691--693
[]| \T1/phv/m/n/10 DDSC_LOG_FIND_PUBLICATION_PARENT_EC,
 []


Underfull \hbox (badness 10000) in paragraph at lines 693--695
[]| \T1/phv/m/n/10 DDSC_LOG_FIND_SUBSCRIPTION_PARENT_EC,
 []


Underfull \hbox (badness 10000) in paragraph at lines 695--696
[]| \T1/phv/m/n/10 DDSC_LOG_FLOW_CONTROLLER_CREATE_EC,
 []


Underfull \hbox (badness 10000) in paragraph at lines 696--697
[]| \T1/phv/m/n/10 DDSC_LOG_FLOW_CONTROLLER_DELETE_EC,
 []


Overfull \hbox (52.89615pt too wide) in paragraph at lines 697--699
[]| \T1/phv/m/n/10 DDSC_LOG_FLOWCONTROLLER_INCONSISTENT_PROP_EC,
 []


Underfull \hbox (badness 10000) in paragraph at lines 702--704
[]| \T1/phv/m/n/10 DDSC_LOG_GET_SERIALIZED_KEY_SIZE_EC,
 []


Overfull \hbox (26.22032pt too wide) in paragraph at lines 710--712
[]| \T1/phv/m/n/10 DDSC_LOG_INCOMPATIBLE_PRESENTATION_QOS_EC,
 []


Overfull \hbox (79.07683pt too wide) in paragraph at lines 715--717
[]| \T1/phv/m/n/10 DDSC_LOG_INTERPRETER_SUPPORT_UNEXPECTED_ERROR_EC,
 []


Overfull \hbox (24.88834pt too wide) in paragraph at lines 722--724
[]| \T1/phv/m/n/10 DDSC_LOG_INVALID_PARTICIPANT_GUID_PREFIX_EC,
 []


Underfull \hbox (badness 10000) in paragraph at lines 724--726
[]| \T1/phv/m/n/10 DDSC_LOG_INVALID_PARTICIPANT_NAME_EC,
 []


Overfull \hbox (17.8417pt too wide) in paragraph at lines 728--730
[]| \T1/phv/m/n/10 DDSC_LOG_IPC_CHANNEL_ADD_ANON_ROUTE_EC,
 []


Overfull \hbox (46.82098pt too wide) in paragraph at lines 731--733
[]| \T1/phv/m/n/10 DDSC_LOG_IPC_CHANNEL_CONFIG_FINALIZE_FAILED_EC,
 []


Overfull \hbox (51.82477pt too wide) in paragraph at lines 733--735
[]| \T1/phv/m/n/10 DDSC_LOG_IPC_CHANNEL_CONFIG_INITIALIZE_FAILED_EC,
 []


Overfull \hbox (24.81642pt too wide) in paragraph at lines 735--737
[]| \T1/phv/m/n/10 DDSC_LOG_IPC_CHANNEL_CONFIG_SET_FAILED_EC,
 []


Overfull \hbox (33.8524pt too wide) in paragraph at lines 739--741
[]| \T1/phv/m/n/10 DDSC_LOG_IPC_CHANNEL_DELETE_ANON_ROUTE_EC,
 []


Overfull \hbox (136.99068pt too wide) in paragraph at lines 743--745
[]| \T1/phv/m/n/10 DDSC_LOG_IPC_CHANNEL_FAILED_PROCESS_AUTH_HANDSHAKE_FAILED_EC
,
 []


Overfull \hbox (124.39987pt too wide) in paragraph at lines 745--747
[]| \T1/phv/m/n/10 DDSC_LOG_IPC_CHANNEL_FAILED_PROCESS_AUTH_REQUEST_FAILED_EC,
 []


Overfull \hbox (199.43175pt too wide) in paragraph at lines 747--749
[]| \T1/phv/m/n/10 DDSC_LOG_IPC_CHANNEL_FAILED_PROCESS_ENDPOINT_INTERCEPTOR_STA
TE_FAILED_EC,
 []


Overfull \hbox (210.00664pt too wide) in paragraph at lines 749--751
[]| \T1/phv/m/n/10 DDSC_LOG_IPC_CHANNEL_FAILED_PROCESS_PARTICIPANT_INTERCEPTOR_
STATE_FAILED_EC,
 []


Overfull \hbox (16.86052pt too wide) in paragraph at lines 751--753
[]| \T1/phv/m/n/10 DDSC_LOG_IPC_CHANNEL_PROCESS_SAMPLE_EC,
 []


Underfull \hbox (badness 10000) in paragraph at lines 755--757
[]| \T1/phv/m/n/10 DDSC_LOG_IPC_CHANNEL_REMOVE_PEER_EC,
 []


Underfull \hbox (badness 10000) in paragraph at lines 757--759
[]| \T1/phv/m/n/10 DDSC_LOG_IPC_CHANNEL_RETURN_LOAN_EC,
 []

[1011]
Overfull \hbox (39.82814pt too wide) in paragraph at lines 759--761
[]| \T1/phv/m/n/10 DDSC_LOG_IPC_CHANNEL_SET_LISTENERS_FAILED_EC,
 []


Underfull \hbox (badness 10000) in paragraph at lines 761--763
[]| \T1/phv/m/n/10 DDSC_LOG_IPC_CHANNEL_TOPIC_CREATE_EC,
 []


Underfull \hbox (badness 10000) in paragraph at lines 763--765
[]| \T1/phv/m/n/10 DDSC_LOG_IPC_CHANNEL_TYPE_PLUGIN_EC,
 []


Underfull \hbox (badness 10000) in paragraph at lines 775--776
[]| \T1/phv/m/n/10 DDSC_LOG_LATENCY_BUDGET_QOS_POLICY,
 []


Underfull \hbox (badness 10000) in paragraph at lines 779--781
[]| \T1/phv/m/n/10 DDSC_LOG_LISTENER_SET_ILLEGAL_NULL_EC,
 []


Underfull \hbox (badness 10000) in paragraph at lines 790--791
[]| \T1/phv/m/n/10 DDSC_LOG_MEMORY_MANAGER_DELETE_EC,
 []


Overfull \hbox (16.66283pt too wide) in paragraph at lines 791--793
[]| \T1/phv/m/n/10 DDSC_LOG_MEMORY_MANAGER_NOT_OWNER_EC,
 []


Overfull \hbox (57.30603pt too wide) in paragraph at lines 793--795
[]| \T1/phv/m/n/10 DDSC_LOG_MEMORY_MANAGER_OUT_OF_RESOURCES_EC,
 []


Overfull \hbox (69.49171pt too wide) in paragraph at lines 796--798
[]| \T1/phv/m/n/10 DDSC_LOG_MESSAGE_DATA_UNKNOWN_LIVELINESS_KIND_EC,
 []


Overfull \hbox (57.58482pt too wide) in paragraph at lines 798--800
[]| \T1/phv/m/n/10 DDSC_LOG_MESSAGE_DATA_WRONG_LIVELINESS_KIND_EC,
 []


Underfull \hbox (badness 10000) in paragraph at lines 809--810
[]| \T1/phv/m/n/10 DDSC_LOG_NETIO_ADD_TOPIC_ROUTE_EC,
 []


Underfull \hbox (badness 10000) in paragraph at lines 814--816
[]| \T1/phv/m/n/10 DDSC_LOG_NETIO_DELETE_TOPIC_ROUTE_EC,
 []


Overfull \hbox (55.3709pt too wide) in paragraph at lines 816--818
[]| \T1/phv/m/n/10 DDSC_LOG_NETIO_DISCOVERY_ENABLED_TRANSPORT_EC,
 []


Underfull \hbox (badness 10000) in paragraph at lines 820--822
[]| \T1/phv/m/n/10 DDSC_LOG_NETIO_GET_EXTERNAL_INTF_EC,
 []


Overfull \hbox (19.06555pt too wide) in paragraph at lines 822--824
[]| \T1/phv/m/n/10 DDSC_LOG_NETIO_GET_ROUTE_TABLE_FAILED_EC,
 []


Underfull \hbox (badness 10000) in paragraph at lines 826--828
[]| \T1/phv/m/n/10 DDSC_LOG_NETIO_PACKETPOOL_CREATE_EC,
 []


Underfull \hbox (badness 10000) in paragraph at lines 828--830
[]| \T1/phv/m/n/10 DDSC_LOG_NETIO_PACKETPOOL_DELETE_EC,
 []


Underfull \hbox (badness 10000) in paragraph at lines 831--833
[]| \T1/phv/m/n/10 DDSC_LOG_NETIO_PACKETPOOL_RETURN_EC,
 []


Overfull \hbox (24.31248pt too wide) in paragraph at lines 854--856
[]| \T1/phv/m/n/10 DDSC_LOG_ON_TYPE_UNREGISTERED_FAILURE_EC,
 []


Overfull \hbox (18.75948pt too wide) in paragraph at lines 857--859
[]| \T1/phv/m/n/10 DDSC_LOG_OWNERSHIP_STRENGTH_QOS_POLICY,
 []

[1012]
Underfull \hbox (badness 10000) in paragraph at lines 864--866
[]| \T1/phv/m/n/10 DDSC_LOG_PARTICIPANT_BUILTIN_PUBLISHER,
 []


Overfull \hbox (38.83824pt too wide) in paragraph at lines 871--873
[]| \T1/phv/m/n/10 DDSC_LOG_PARTICIPANT_GENERIC_MESSAGE_OBJECT,
 []


Underfull \hbox (badness 10000) in paragraph at lines 876--877
[]| \T1/phv/m/n/10 DDSC_LOG_PARTICIPANT_NAME_EMPTY_EC,
 []


Underfull \hbox (badness 10000) in paragraph at lines 883--884
[]| \T1/phv/m/n/10 DDSC_LOG_PARTICIPANTFACTORY_LISTENER,
 []


Overfull \hbox (41.70917pt too wide) in paragraph at lines 888--890
[]| \T1/phv/m/n/10 DDSC_LOG_PARTMESSAGE_WRITE_SAMPLE_FAILED_EC,
 []


Underfull \hbox (badness 10000) in paragraph at lines 891--892
[]| \T1/phv/m/n/10 DDSC_LOG_PROPERTYQOSPOLICY_OBJECT,
 []


Underfull \hbox (badness 10000) in paragraph at lines 910--912
[]| \T1/phv/m/n/10 DDSC_LOG_QOS_INCONSISTENT_POLICY_EC,
 []


Overfull \hbox (16.4644pt too wide) in paragraph at lines 916--918
[]| \T1/phv/m/n/10 DDSC_LOG_QUEUE_PUBLICATION_DISCOVERY_EC,
 []


Overfull \hbox (25.04126pt too wide) in paragraph at lines 918--920
[]| \T1/phv/m/n/10 DDSC_LOG_QUEUE_SUBSCRIPTION_DISCOVERY_EC,
 []


Underfull \hbox (badness 10000) in paragraph at lines 920--921
[]| \T1/phv/m/n/10 DDSC_LOG_READERHISTORY_COMPONENT,
 []


Underfull \hbox (badness 10000) in paragraph at lines 934--936
[]| \T1/phv/m/n/10 DDSC_LOG_REFRESH_LIVELINESS_FAILED_EC,
 []


Underfull \hbox (badness 10000) in paragraph at lines 936--938
[]| \T1/phv/m/n/10 DDSC_LOG_REFRESH_REM_PARTICIPANT_EC,
 []


Overfull \hbox (39.0904pt too wide) in paragraph at lines 938--940
[]| \T1/phv/m/n/10 DDSC_LOG_REFRESH_REM_PARTICIPANT_TIMEOUT_EC,
 []


Overfull \hbox (46.13751pt too wide) in paragraph at lines 945--947
[]| \T1/phv/m/n/10 DDSC_LOG_REMOTE_ENDPOINT_TRUST_STATE_RECORD,
 []


Overfull \hbox (45.44434pt too wide) in paragraph at lines 947--949
[]| \T1/phv/m/n/10 DDSC_LOG_REMOTE_PARTICIPANT_KEY_NOT_EQUAL_EC,
 []


Overfull \hbox (30.73853pt too wide) in paragraph at lines 949--951
[]| \T1/phv/m/n/10 DDSC_LOG_REMOTE_PARTICIPANT_NAME_EMPTY_EC,
 []


Overfull \hbox (42.0694pt too wide) in paragraph at lines 953--955
[]| \T1/phv/m/n/10 DDSC_LOG_REMOTE_PUBLICATION_DATA_CHANGED_EC,
 []


Overfull \hbox (50.64626pt too wide) in paragraph at lines 955--957
[]| \T1/phv/m/n/10 DDSC_LOG_REMOTE_SUBSCRIPTION_DATA_CHANGED_EC,
 []


Underfull \hbox (badness 10000) in paragraph at lines 959--960
[]| \T1/phv/m/n/10 DDSC_LOG_REPRESENTATION_ID_SEQUENCE,
 []


Underfull \hbox (badness 10000) in paragraph at lines 965--966
[]| \T1/phv/m/n/10 DDSC_LOG_RESOURCE_LIMIT_QOS_POLICY,
 []

[1013]
Underfull \hbox (badness 10000) in paragraph at lines 983--985
[]| \T1/phv/m/n/10 DDSC_LOG_SERIALIZE_DEFAULT_UNICAST_EC,
 []


Underfull \hbox (badness 10000) in paragraph at lines 987--989
[]| \T1/phv/m/n/10 DDSC_LOG_SERIALIZE_LEASE_DURATION_EC,
 []


Underfull \hbox (badness 10000) in paragraph at lines 1030--1032
[]| \T1/phv/m/n/10 DDSC_LOG_TRUST_ADVANCE_SN_FAILED_EC,
 []


Overfull \hbox (147.63795pt too wide) in paragraph at lines 1032--1034
[]| \T1/phv/m/n/10 DDSC_LOG_TRUST_AFTER_REMOTE_PARTICIPANT_AUTHENTICATED_FAILED
_EC,
 []


Overfull \hbox (103.86263pt too wide) in paragraph at lines 1034--1036
[]| \T1/phv/m/n/10 DDSC_LOG_TRUST_AFTER_REMOTE_PARTICIPANT_READY_FAILED_EC,
 []


Overfull \hbox (91.58672pt too wide) in paragraph at lines 1037--1039
[]| \T1/phv/m/n/10 DDSC_LOG_TRUST_ASSERT_AUTH_HANDSHAKE_STATE_FAILED_EC,
 []


Overfull \hbox (127.00996pt too wide) in paragraph at lines 1039--1041
[]| \T1/phv/m/n/10 DDSC_LOG_TRUST_ASSERT_PARTICIPANT_GENERIC_MESSAGE_FAILED_EC,

 []


Overfull \hbox (23.73677pt too wide) in paragraph at lines 1041--1043
[]| \T1/phv/m/n/10 DDSC_LOG_TRUST_ASSERT_PROPERTY_FAILED_EC,
 []


Overfull \hbox (20.41566pt too wide) in paragraph at lines 1043--1045
[]| \T1/phv/m/n/10 DDSC_LOG_TRUST_BEGIN_HANDSHAKE_REPLY_EC,
 []


Overfull \hbox (35.5804pt too wide) in paragraph at lines 1045--1047
[]| \T1/phv/m/n/10 DDSC_LOG_TRUST_BEGIN_HANDSHAKE_REQUEST_EC,
 []


Overfull \hbox (62.57126pt too wide) in paragraph at lines 1047--1049
[]| \T1/phv/m/n/10 DDSC_LOG_TRUST_BIND_REMOTE_DATAREADER_FAILED_EC,
 []


Overfull \hbox (60.11427pt too wide) in paragraph at lines 1049--1051
[]| \T1/phv/m/n/10 DDSC_LOG_TRUST_BIND_REMOTE_DATAWRITER_FAILED_EC,
 []


Overfull \hbox (111.90839pt too wide) in paragraph at lines 1051--1053
[]| \T1/phv/m/n/10 DDSC_LOG_TRUST_CACHE_REMOTE_PARTICIPANT_SAMPLE_FAILED_EC,
 []


Overfull \hbox (69.85219pt too wide) in paragraph at lines 1053--1055
[]| \T1/phv/m/n/10 DDSC_LOG_TRUST_CHECK_CREATE_DATAREADER_FAILED_EC,
 []


Overfull \hbox (67.3952pt too wide) in paragraph at lines 1055--1057
[]| \T1/phv/m/n/10 DDSC_LOG_TRUST_CHECK_CREATE_DATAWRITER_FAILED_EC,
 []


Overfull \hbox (67.94409pt too wide) in paragraph at lines 1057--1059
[]| \T1/phv/m/n/10 DDSC_LOG_TRUST_CHECK_CREATE_PARTICIPANT_FAILED_EC,
 []


Overfull \hbox (72.57018pt too wide) in paragraph at lines 1059--1061
[]| \T1/phv/m/n/10 DDSC_LOG_TRUST_CHECK_REMOTE_DATAREADER_FAILED_EC,
 []


Overfull \hbox (70.11319pt too wide) in paragraph at lines 1061--1063
[]| \T1/phv/m/n/10 DDSC_LOG_TRUST_CHECK_REMOTE_DATAWRITER_FAILED_EC,
 []


Overfull \hbox (70.66208pt too wide) in paragraph at lines 1063--1065
[]| \T1/phv/m/n/10 DDSC_LOG_TRUST_CHECK_REMOTE_PARTICIPANT_FAILED_EC,
 []


Overfull \hbox (178.66048pt too wide) in paragraph at lines 1065--1067
[]| \T1/phv/m/n/10 DDSC_LOG_TRUST_CREATE_LOCAL_DATAREADER_INTERCEPTOR_TOKENS_FA
ILED_EC,
 []


Overfull \hbox (176.20349pt too wide) in paragraph at lines 1067--1069
[]| \T1/phv/m/n/10 DDSC_LOG_TRUST_CREATE_LOCAL_DATAWRITER_INTERCEPTOR_TOKENS_FA
ILED_EC,
 []


Overfull \hbox (21.72983pt too wide) in paragraph at lines 1069--1071
[]| \T1/phv/m/n/10 DDSC_LOG_TRUST_CREATE_LOCAL_DR_TOKEN_EC,
 []


Overfull \hbox (23.36786pt too wide) in paragraph at lines 1071--1073
[]| \T1/phv/m/n/10 DDSC_LOG_TRUST_CREATE_LOCAL_DW_TOKEN_EC,
 []

[1014]
Overfull \hbox (140.95998pt too wide) in paragraph at lines 1073--1075
[]| \T1/phv/m/n/10 DDSC_LOG_TRUST_CREATE_LOCAL_PARTICIPANT_INTERCEPTOR_TOKENS_E
C,
 []


Overfull \hbox (48.5134pt too wide) in paragraph at lines 1077--1079
[]| \T1/phv/m/n/10 DDSC_LOG_TRUST_CREATE_TRUST_PLUGINS_FAILED_EC,
 []


Overfull \hbox (28.43471pt too wide) in paragraph at lines 1079--1081
[]| \T1/phv/m/n/10 DDSC_LOG_TRUST_DATA_HOLDER_COPY_FAILED_EC,
 []


Overfull \hbox (130.21402pt too wide) in paragraph at lines 1083--1085
[]| \T1/phv/m/n/10 DDSC_LOG_TRUST_ENDPOINT_INTERNAL_ATTRIBUTES_CREATE_FAILED_EC
,
 []


Overfull \hbox (55.81209pt too wide) in paragraph at lines 1085--1087
[]| \T1/phv/m/n/10 DDSC_LOG_TRUST_FAILED_VALIDATE_LOCAL_IDENTITY_EC,
 []


Overfull \hbox (91.75743pt too wide) in paragraph at lines 1087--1089
[]| \T1/phv/m/n/10 DDSC_LOG_TRUST_FINALIZE_AC_PLUGIN_PROPERTIES_FAILED_EC,
 []


Overfull \hbox (95.35753pt too wide) in paragraph at lines 1089--1091
[]| \T1/phv/m/n/10 DDSC_LOG_TRUST_FINALIZE_AUTH_HANDSHAKE_STATE_FAILED_EC,
 []


Overfull \hbox (113.31242pt too wide) in paragraph at lines 1091--1093
[]| \T1/phv/m/n/10 DDSC_LOG_TRUST_FINALIZE_REMOTE_PARTICIPANT_TRUST_FAILED_EC,
 []


Overfull \hbox (74.35194pt too wide) in paragraph at lines 1093--1095
[]| \T1/phv/m/n/10 DDSC_LOG_TRUST_GET_AUTH_HANDSHAKE_STATE_FAILED_EC,
 []


Overfull \hbox (158.5816pt too wide) in paragraph at lines 1095--1097
[]| \T1/phv/m/n/10 DDSC_LOG_TRUST_GET_AUTHENTICATED_PEER_CREDENTIAL_TOKEN_FAILE
D_EC,
 []


Overfull \hbox (110.90962pt too wide) in paragraph at lines 1097--1099
[]| \T1/phv/m/n/10 DDSC_LOG_TRUST_GET_DATAREADER_TRUST_ATTRIBUTES_FAILED_EC,
 []


Overfull \hbox (108.45264pt too wide) in paragraph at lines 1099--1101
[]| \T1/phv/m/n/10 DDSC_LOG_TRUST_GET_DATAWRITER_TRUST_ATTRIBUTES_FAILED_EC,
 []


Overfull \hbox (34.09549pt too wide) in paragraph at lines 1101--1103
[]| \T1/phv/m/n/10 DDSC_LOG_TRUST_GET_IDENTITY_TOKEN_FAILED_EC,
 []


Overfull \hbox (114.50047pt too wide) in paragraph at lines 1103--1105
[]| \T1/phv/m/n/10 DDSC_LOG_TRUST_GET_PARTICIPANT_TRUST_ATTTRIBUTES_FAILED_EC,
 []


Overfull \hbox (117.61401pt too wide) in paragraph at lines 1105--1107
[]| \T1/phv/m/n/10 DDSC_LOG_TRUST_GET_PERMISSIONS_CREDENTIAL_TOKEN_FAILED_EC,
 []


Overfull \hbox (55.60501pt too wide) in paragraph at lines 1107--1109
[]| \T1/phv/m/n/10 DDSC_LOG_TRUST_GET_PERMISSIONS_TOKEN_FAILED_EC,
 []


Overfull \hbox (36.45349pt too wide) in paragraph at lines 1109--1111
[]| \T1/phv/m/n/10 DDSC_LOG_TRUST_GET_SHARED_SECRET_FAILED_EC,
 []


Overfull \hbox (79.06798pt too wide) in paragraph at lines 1111--1113
[]| \T1/phv/m/n/10 DDSC_LOG_TRUST_GET_TOPIC_TRUST_ATTRIBUTES_FAILED_EC,
 []


Overfull \hbox (50.40315pt too wide) in paragraph at lines 1113--1115
[]| \T1/phv/m/n/10 DDSC_LOG_TRUST_IGNORED_HANDSHAKE_MESSAGE_EC,
 []


Overfull \hbox (45.3724pt too wide) in paragraph at lines 1115--1117
[]| \T1/phv/m/n/10 DDSC_LOG_TRUST_IGNORED_REMOTE_PARTICIPANT_EC,
 []


Overfull \hbox (108.98341pt too wide) in paragraph at lines 1117--1119
[]| \T1/phv/m/n/10 DDSC_LOG_TRUST_INCOMPATIBLE_ENDPOINT_TRUST_ATTRIBUTES_EC,
 []


Overfull \hbox (105.44623pt too wide) in paragraph at lines 1119--1121
[]| \T1/phv/m/n/10 DDSC_LOG_TRUST_INITIALIZE_PARTICIPANT_BUILTIN_DATA_FAILED_EC
,
 []


Overfull \hbox (75.17082pt too wide) in paragraph at lines 1121--1123
[]| \T1/phv/m/n/10 DDSC_LOG_TRUST_INITIALIZE_PARTICIPANT_TRUST_FAILED_EC,
 []


Overfull \hbox (54.34521pt too wide) in paragraph at lines 1123--1125
[]| \T1/phv/m/n/10 DDSC_LOG_TRUST_INVALID_AUTH_HANDSHAKE_STATE_EC,
 []


Overfull \hbox (60.94191pt too wide) in paragraph at lines 1125--1127
[]| \T1/phv/m/n/10 DDSC_LOG_TRUST_INVALID_GENERIC_MESSAGE_REPLY_EC,
 []


Overfull \hbox (19.94763pt too wide) in paragraph at lines 1127--1129
[]| \T1/phv/m/n/10 DDSC_LOG_TRUST_INVALID_IDENTITY_HANDLE_EC,
 []


Overfull \hbox (43.08641pt too wide) in paragraph at lines 1129--1131
[]| \T1/phv/m/n/10 DDSC_LOG_TRUST_INVALID_INTERCEPTOR_HANDLE_EC,
 []


Overfull \hbox (107.66034pt too wide) in paragraph at lines 1131--1133
[]| \T1/phv/m/n/10 DDSC_LOG_TRUST_INVALID_INTERCEPTOR_TOKENS_DESTINATION_EC,
 []


Overfull \hbox (43.23042pt too wide) in paragraph at lines 1133--1135
[]| \T1/phv/m/n/10 DDSC_LOG_TRUST_INVALID_INTERCEPTOR_TOKENS_EC,
 []


Overfull \hbox (89.76846pt too wide) in paragraph at lines 1135--1137
[]| \T1/phv/m/n/10 DDSC_LOG_TRUST_INVALID_PARTICIPANT_GENERIC_MESSAGE_EC,
 []


Overfull \hbox (22.01762pt too wide) in paragraph at lines 1137--1139
[]| \T1/phv/m/n/10 DDSC_LOG_TRUST_INVALID_PARTICIPANT_GUID_EC,
 []


Overfull \hbox (103.86238pt too wide) in paragraph at lines 1139--1141
[]| \T1/phv/m/n/10 DDSC_LOG_TRUST_INVALID_PARTICIPANT_INTERNAL_ATTRIBUTES_EC,
 []


Overfull \hbox (41.45715pt too wide) in paragraph at lines 1141--1143
[]| \T1/phv/m/n/10 DDSC_LOG_TRUST_INVALID_PERMISSIONS_HANDLE_EC,
 []


Overfull \hbox (80.98434pt too wide) in paragraph at lines 1143--1145
[]| \T1/phv/m/n/10 DDSC_LOG_TRUST_INVALID_SAMPLE_MAX_SERIALIZED_SIZE_EC,
 []


Overfull \hbox (16.44676pt too wide) in paragraph at lines 1145--1147
[]| \T1/phv/m/n/10 DDSC_LOG_TRUST_INVALID_SHARED_SECRET_EC,
 []


Overfull \hbox (17.6529pt too wide) in paragraph at lines 1147--1149
[]| \T1/phv/m/n/10 DDSC_LOG_TRUST_LOOKUP_FACTORY_FAILED_EC,
 []


Overfull \hbox (17.42781pt too wide) in paragraph at lines 1149--1151
[]| \T1/phv/m/n/10 DDSC_LOG_TRUST_PARSE_PROPERTY_FAILED_EC,
 []


Overfull \hbox (73.48795pt too wide) in paragraph at lines 1151--1153
[]| \T1/phv/m/n/10 DDSC_LOG_TRUST_PARTICIPANT_AUTHENTICATION_FAILED_EC,
 []


Overfull \hbox (140.78891pt too wide) in paragraph at lines 1153--1155
[]| \T1/phv/m/n/10 DDSC_LOG_TRUST_PARTICIPANT_INTERNAL_ATTRIBUTES_CREATE_FAILED
_EC,
 []


Overfull \hbox (141.52698pt too wide) in paragraph at lines 1155--1157
[]| \T1/phv/m/n/10 DDSC_LOG_TRUST_PARTICIPANT_UNEXPECTED_AUTHENTICATION_ERROR_E
C,
 []


Overfull \hbox (79.38277pt too wide) in paragraph at lines 1159--1161
[]| \T1/phv/m/n/10 DDSC_LOG_TRUST_PREPARE_AUTH_HANDSHAKE_MESSAGE_EC,
 []


Overfull \hbox (17.54482pt too wide) in paragraph at lines 1161--1163
[]| \T1/phv/m/n/10 DDSC_LOG_TRUST_PREPARE_AUTH_REQUEST_EC,
 []


Overfull \hbox (109.9733pt too wide) in paragraph at lines 1163--1165
[]| \T1/phv/m/n/10 DDSC_LOG_TRUST_PREPARE_ENDPOINT_INTERCEPTOR_MESSAGE_EC,
 []


Overfull \hbox (33.74449pt too wide) in paragraph at lines 1165--1167
[]| \T1/phv/m/n/10 DDSC_LOG_TRUST_PREPARE_LOCAL_DP_TOKENS_EC,
 []


Overfull \hbox (104.3124pt too wide) in paragraph at lines 1167--1169
[]| \T1/phv/m/n/10 DDSC_LOG_TRUST_PREPARE_LOCAL_PARTICIPANT_STATE_FAILED_EC,
 []


Overfull \hbox (131.70813pt too wide) in paragraph at lines 1171--1173
[]| \T1/phv/m/n/10 DDSC_LOG_TRUST_PROCESS_REMOTE_INTERCEPTOR_TOKENS_FAILED_EC,
 []


Overfull \hbox (75.71101pt too wide) in paragraph at lines 1173--1175
[]| \T1/phv/m/n/10 DDSC_LOG_TRUST_REAUTH_REMOTE_PARTICIPANT_FAILED_EC,
 []


Overfull \hbox (78.44684pt too wide) in paragraph at lines 1175--1177
[]| \T1/phv/m/n/10 DDSC_LOG_TRUST_REGISTER_LOCAL_DATAREADER_FAILED_EC,
 []


Overfull \hbox (75.98985pt too wide) in paragraph at lines 1177--1179
[]| \T1/phv/m/n/10 DDSC_LOG_TRUST_REGISTER_LOCAL_DATAWRITER_FAILED_EC,
 []


Overfull \hbox (76.53874pt too wide) in paragraph at lines 1179--1181
[]| \T1/phv/m/n/10 DDSC_LOG_TRUST_REGISTER_LOCAL_PARTICIPANT_FAILED_EC,
 []

[1015]
Overfull \hbox (135.49718pt too wide) in paragraph at lines 1181--1183
[]| \T1/phv/m/n/10 DDSC_LOG_TRUST_REGISTER_MATCHED_REMOTE_DATAREADER_FAILED_EC,

 []


Overfull \hbox (133.04019pt too wide) in paragraph at lines 1183--1185
[]| \T1/phv/m/n/10 DDSC_LOG_TRUST_REGISTER_MATCHED_REMOTE_DATAWRITER_FAILED_EC,

 []


Overfull \hbox (133.58908pt too wide) in paragraph at lines 1185--1187
[]| \T1/phv/m/n/10 DDSC_LOG_TRUST_REGISTER_MATCHED_REMOTE_PARTICIPANT_FAILED_EC
,
 []


Overfull \hbox (87.07784pt too wide) in paragraph at lines 1187--1189
[]| \T1/phv/m/n/10 DDSC_LOG_TRUST_REGISTER_REMOTE_DATAREADER_FAILED_EC,
 []


Overfull \hbox (84.62085pt too wide) in paragraph at lines 1189--1191
[]| \T1/phv/m/n/10 DDSC_LOG_TRUST_REGISTER_REMOTE_DATAWRITER_FAILED_EC,
 []


Overfull \hbox (132.78775pt too wide) in paragraph at lines 1191--1193
[]| \T1/phv/m/n/10 DDSC_LOG_TRUST_RELEASE_PARTICIPANT_GENERIC_MESSAGE_FAILED_EC
,
 []


Overfull \hbox (41.92546pt too wide) in paragraph at lines 1193--1195
[]| \T1/phv/m/n/10 DDSC_LOG_TRUST_REMOVE_REMOTE_PARTICIPANT_EC,
 []


Overfull \hbox (66.49493pt too wide) in paragraph at lines 1195--1197
[]| \T1/phv/m/n/10 DDSC_LOG_TRUST_RESEND_HANDSHAKE_IN_PROGRESS_EC,
 []


Overfull \hbox (81.69571pt too wide) in paragraph at lines 1197--1199
[]| \T1/phv/m/n/10 DDSC_LOG_TRUST_RESEND_HANDSHAKE_MESSAGE_FAILED_EC,
 []


Overfull \hbox (114.8513pt too wide) in paragraph at lines 1199--1201
[]| \T1/phv/m/n/10 DDSC_LOG_TRUST_RESEND_HANDSHAKE_MESSAGE_START_FAILED_EC,
 []


Overfull \hbox (61.59912pt too wide) in paragraph at lines 1201--1203
[]| \T1/phv/m/n/10 DDSC_LOG_TRUST_RESEND_HANDSHAKE_STOP_FAILED_EC,
 []


Overfull \hbox (103.80867pt too wide) in paragraph at lines 1203--1205
[]| \T1/phv/m/n/10 DDSC_LOG_TRUST_RESET_REMOTE_PARTICIPANT_TRUST_FAILED_EC,
 []


Overfull \hbox (177.57144pt too wide) in paragraph at lines 1205--1207
[]| \T1/phv/m/n/10 DDSC_LOG_TRUST_RETURN_AUTHENTICATED_PEER_CREDENTIAL_TOKEN_FA
ILED_EC,
 []


Overfull \hbox (127.44247pt too wide) in paragraph at lines 1207--1209
[]| \T1/phv/m/n/10 DDSC_LOG_TRUST_RETURN_DATAWRITER_TRUST_ATTRIBUTES_FAILED_EC,

 []


Overfull \hbox (73.94702pt too wide) in paragraph at lines 1209--1211
[]| \T1/phv/m/n/10 DDSC_LOG_TRUST_RETURN_HANDSHAKE_HANDLE_FAILED_EC,
 []


Overfull \hbox (58.9442pt too wide) in paragraph at lines 1211--1213
[]| \T1/phv/m/n/10 DDSC_LOG_TRUST_RETURN_IDENTITY_HANDLE_FAILED_EC,
 []


Overfull \hbox (53.08533pt too wide) in paragraph at lines 1213--1215
[]| \T1/phv/m/n/10 DDSC_LOG_TRUST_RETURN_IDENTITY_TOKEN_FAILED_EC,
 []


Overfull \hbox (82.22699pt too wide) in paragraph at lines 1215--1217
[]| \T1/phv/m/n/10 DDSC_LOG_TRUST_RETURN_INTERCEPTOR_TOKENS_FAILED_EC,
 []


Overfull \hbox (136.60385pt too wide) in paragraph at lines 1217--1219
[]| \T1/phv/m/n/10 DDSC_LOG_TRUST_RETURN_PERMISSIONS_CREDENTIAL_TOKEN_FAILED_EC
,
 []


Overfull \hbox (80.45372pt too wide) in paragraph at lines 1219--1221
[]| \T1/phv/m/n/10 DDSC_LOG_TRUST_RETURN_PERMISSIONS_HANDLE_FAILED_EC,
 []


Overfull \hbox (74.59485pt too wide) in paragraph at lines 1221--1223
[]| \T1/phv/m/n/10 DDSC_LOG_TRUST_RETURN_PERMISSIONS_TOKEN_FAILED_EC,
 []


Overfull \hbox (91.94678pt too wide) in paragraph at lines 1223--1225
[]| \T1/phv/m/n/10 DDSC_LOG_TRUST_RETURN_SHAREDSECRET_HANDLE_FAILED_EC,
 []


Overfull \hbox (36.40852pt too wide) in paragraph at lines 1225--1227
[]| \T1/phv/m/n/10 DDSC_LOG_TRUST_SEND_AUTH_REQUEST_FAILED_EC,
 []


Overfull \hbox (111.4404pt too wide) in paragraph at lines 1227--1229
[]| \T1/phv/m/n/10 DDSC_LOG_TRUST_SEND_ENDPOINT_INTERCEPTOR_STATE_FAILED_EC,
 []


Underfull \hbox (badness 10000) in paragraph at lines 1229--1230
[]| \T1/phv/m/n/10 DDSC_LOG_TRUST_SEND_HANDSHAKE_EC,
 []


Overfull \hbox (69.1949pt too wide) in paragraph at lines 1230--1232
[]| \T1/phv/m/n/10 DDSC_LOG_TRUST_SEND_HANDSHAKE_MESSAGE_FAILED_EC,
 []


Overfull \hbox (122.01529pt too wide) in paragraph at lines 1232--1234
[]| \T1/phv/m/n/10 DDSC_LOG_TRUST_SEND_PARTICIPANT_INTERCEPTOR_STATE_FAILED_EC,

 []


Overfull \hbox (73.35297pt too wide) in paragraph at lines 1236--1238
[]| \T1/phv/m/n/10 DDSC_LOG_TRUST_SET_AUTH_HANDSHAKE_STATE_FAILED_EC,
 []


Overfull \hbox (116.61504pt too wide) in paragraph at lines 1238--1240
[]| \T1/phv/m/n/10 DDSC_LOG_TRUST_SET_PERMISSIONS_CREDENTIAL_TOKEN_FAILED_EC,
 []


Overfull \hbox (169.3727pt too wide) in paragraph at lines 1240--1242
[]| \T1/phv/m/n/10 DDSC_LOG_TRUST_SET_REMOTE_DATAREADER_INTERCEPTOR_TOKENS_FAIL
ED_EC,
 []


Overfull \hbox (166.91571pt too wide) in paragraph at lines 1242--1244
[]| \T1/phv/m/n/10 DDSC_LOG_TRUST_SET_REMOTE_DATAWRITER_INTERCEPTOR_TOKENS_FAIL
ED_EC,
 []


Overfull \hbox (167.4646pt too wide) in paragraph at lines 1244--1246
[]| \T1/phv/m/n/10 DDSC_LOG_TRUST_SET_REMOTE_PARTICIPANT_INTERCEPTOR_TOKENS_FAI
LED_EC,
 []


Overfull \hbox (138.80865pt too wide) in paragraph at lines 1246--1248
[]| \T1/phv/m/n/10 DDSC_LOG_TRUST_TRANFORM_INCOMING_SERIALIZED_PAYLOAD_FAILED_E
C,
 []


Overfull \hbox (141.8146pt too wide) in paragraph at lines 1248--1250
[]| \T1/phv/m/n/10 DDSC_LOG_TRUST_TRANFORM_OUTGOING_SERIALIZED_PAYLOAD_FAILED_E
C,
 []


Overfull \hbox (74.41508pt too wide) in paragraph at lines 1250--1252
[]| \T1/phv/m/n/10 DDSC_LOG_TRUST_UNAUTHORIZED_REMOTE_PARTICIPANT_EC,
 []


Overfull \hbox (103.22366pt too wide) in paragraph at lines 1252--1254
[]| \T1/phv/m/n/10 DDSC_LOG_TRUST_UNEXPECTED_REMOTE_PARTICIPANT_STATUS_EC,
 []


Overfull \hbox (55.52426pt too wide) in paragraph at lines 1254--1256
[]| \T1/phv/m/n/10 DDSC_LOG_TRUST_UNEXPECTED_VALIDATION_RESULT_EC,
 []


Underfull \hbox (badness 10000) in paragraph at lines 1258--1260
[]| \T1/phv/m/n/10 DDSC_LOG_TRUST_UNKNOWN_SERVICEID_EC,
 []


Overfull \hbox (56.9283pt too wide) in paragraph at lines 1260--1262
[]| \T1/phv/m/n/10 DDSC_LOG_TRUST_UNREGISTER_DATAREADER_FAILED_EC,
 []


Overfull \hbox (54.47131pt too wide) in paragraph at lines 1262--1264
[]| \T1/phv/m/n/10 DDSC_LOG_TRUST_UNREGISTER_DATAWRITER_FAILED_EC,
 []


Overfull \hbox (55.0202pt too wide) in paragraph at lines 1264--1266
[]| \T1/phv/m/n/10 DDSC_LOG_TRUST_UNREGISTER_PARTICIPANT_FAILED_EC,
 []


Overfull \hbox (100.07368pt too wide) in paragraph at lines 1266--1268
[]| \T1/phv/m/n/10 DDSC_LOG_TRUST_UNREGISTER_REMOTE_DATAREADER_FAILED_EC,
 []


Overfull \hbox (97.6167pt too wide) in paragraph at lines 1268--1270
[]| \T1/phv/m/n/10 DDSC_LOG_TRUST_UNREGISTER_REMOTE_DATAWRITER_FAILED_EC,
 []


Overfull \hbox (105.97765pt too wide) in paragraph at lines 1270--1272
[]| \T1/phv/m/n/10 DDSC_LOG_TRUST_VALIDATE_LOCAL_DATAWRITER_TRUST_FAILED_EC,
 []


Overfull \hbox (117.06563pt too wide) in paragraph at lines 1272--1274
[]| \T1/phv/m/n/10 DDSC_LOG_TRUST_VALIDATE_REMOTE_DATAREADER_TRUST_FAILED_EC,
 []


Overfull \hbox (114.60864pt too wide) in paragraph at lines 1274--1276
[]| \T1/phv/m/n/10 DDSC_LOG_TRUST_VALIDATE_REMOTE_DATAWRITER_TRUST_FAILED_EC,
 []


Overfull \hbox (28.65068pt too wide) in paragraph at lines 1276--1278
[]| \T1/phv/m/n/10 DDSC_LOG_TRUST_VALIDATE_REMOTE_IDENTITY_EC,
 []


Underfull \hbox (badness 10000) in paragraph at lines 1280--1281
[]| \T1/phv/m/n/10 DDSC_LOG_TYPE_FUNCTION_COPY_SAMPLE,
 []

[1016]
Underfull \hbox (badness 10000) in paragraph at lines 1287--1289
[]| \T1/phv/m/n/10 DDSC_LOG_TYPE_FUNCTION_GET_KEY_KIND,
 []


Overfull \hbox (93.0621pt too wide) in paragraph at lines 1289--1291
[]| \T1/phv/m/n/10 DDSC_LOG_TYPE_FUNCTION_GET_SERIALIZED_SAMPLE_MAX_SIZE,
 []


Overfull \hbox (35.58942pt too wide) in paragraph at lines 1291--1293
[]| \T1/phv/m/n/10 DDSC_LOG_TYPE_FUNCTION_INSTANCE_TO_KEYHASH,
 []


Underfull \hbox (badness 10000) in paragraph at lines 1294--1296
[]| \T1/phv/m/n/10 DDSC_LOG_TYPE_FUNCTION_SERIALIZE_DATA,
 []


Underfull \hbox (badness 10000) in paragraph at lines 1302--1304
[]| \T1/phv/m/n/10 DDSC_LOG_TYPE_PLUGIN_GET_BUFFER_EC,
 []


Overfull \hbox (15.52855pt too wide) in paragraph at lines 1304--1306
[]| \T1/phv/m/n/10 DDSC_LOG_TYPE_PLUGIN_INCONSISTENT_DR_EC,
 []


Overfull \hbox (38.96446pt too wide) in paragraph at lines 1309--1311
[]| \T1/phv/m/n/10 DDSC_LOG_UNKNOWN_REMOTE_PARTICIPANT_KEY_EC,
 []


Overfull \hbox (46.9564pt too wide) in paragraph at lines 1311--1313
[]| \T1/phv/m/n/10 DDSC_LOG_UNKNOWN_REMOTE_PARTICIPANT_NAME_EC,
 []


Overfull \hbox (16.5097pt too wide) in paragraph at lines 1315--1317
[]| \T1/phv/m/n/10 DDSC_LOG_UPDATE_LEASE_DURATION_TIMER_EC,
 []


Underfull \hbox (badness 10000) in paragraph at lines 1317--1319
[]| \T1/phv/m/n/10 DDSC_LOG_UPDATE_LIVELINESS_FAILED_EC,
 []


Overfull \hbox (25.2308pt too wide) in paragraph at lines 1319--1321
[]| \T1/phv/m/n/10 DDSC_LOG_UPDATE_REMOTE_CONTENT_FILTER_EC,
 []


Overfull \hbox (80.51692pt too wide) in paragraph at lines 1324--1326
[]| \T1/phv/m/n/10 DDSC_LOG_VALIDATE_REMOTE_PARTICIPANT_TRUST_FAILED_EC,
 []


Underfull \hbox (badness 10000) in paragraph at lines 1327--1328
[]| \T1/phv/m/n/10 DDSC_LOG_WRITERHISTORY_COMPONENT,
 []


Underfull \hbox (badness 10000) in paragraph at lines 1328--1329
[]| \T1/phv/m/n/10 DDSC_LOG_WS_ADD_COND_REFERENCE_EC,
 []


Overfull \hbox (51.53705pt too wide) in paragraph at lines 1332--1334
[]| \T1/phv/m/n/10 DDSC_LOG_XTYPES_LOANED_SAMPLE_STATE_ERROR_EC,
 []


Overfull \hbox (65.75693pt too wide) in paragraph at lines 1334--1336
[]| \T1/phv/m/n/10 DDSC_TRUST_INVALID_PARTICIPANT_GENERIC_MESSAGE_EC,
 []

[1017]
Overfull \hbox (21.22499pt too wide) in paragraph at lines 1432--1434
[]| \T1/phv/m/n/10 shmem_ref_transfer_mode_attached_segment_allocation,
 []


Overfull \hbox (34.32666pt too wide) in paragraph at lines 1445--1446
[]\T1/phv/m/n/10 DDS_DataWriterListener_ReliableReaderActivityChangedCallback 
 []


Overfull \hbox (39.01581pt too wide) in paragraph at lines 1447--1448
[]\T1/phv/m/n/10 DDS_DataWriterListener_ReliableSampleUnacknowledgedCallback 
 []

[1018]
Overfull \hbox (23.04358pt too wide) in paragraph at lines 1604--1606
[]| \T1/phv/m/n/10 DDS_FILTER_LOG_CONTENT_FILTER_NAME_STRING,
 []


Overfull \hbox (56.19907pt too wide) in paragraph at lines 1606--1608
[]| \T1/phv/m/n/10 DDS_FILTER_LOG_CONTENT_FILTER_NAME_TOO_LONG_EC,
 []


Overfull \hbox (67.69188pt too wide) in paragraph at lines 1608--1610
[]| \T1/phv/m/n/10 DDS_FILTER_LOG_CONTENT_FILTERED_TOPIC_NAME_STRING,
 []


Overfull \hbox (17.19373pt too wide) in paragraph at lines 1612--1614
[]| \T1/phv/m/n/10 DDS_FILTER_LOG_FILTER_CLASS_NOT_FOUND_EC,
 []

[1019]
Overfull \hbox (20.55948pt too wide) in paragraph at lines 1617--1619
[]| \T1/phv/m/n/10 DDS_FILTER_LOG_FILTER_CLASS_UNREGISTER_EC,
 []


Overfull \hbox (47.06401pt too wide) in paragraph at lines 1625--1627
[]| \T1/phv/m/n/10 DDS_FILTER_LOG_FILTER_EXPRESSION_MAX_COUNT_EC,
 []


Overfull \hbox (66.98964pt too wide) in paragraph at lines 1627--1629
[]| \T1/phv/m/n/10 DDS_FILTER_LOG_FILTER_EXPRESSION_PARAMETER_STRING,
 []


Overfull \hbox (18.96669pt too wide) in paragraph at lines 1631--1633
[]| \T1/phv/m/n/10 DDS_FILTER_LOG_FILTER_PARAMETER_COUNT_EC,
 []


Overfull \hbox (44.26521pt too wide) in paragraph at lines 1633--1635
[]| \T1/phv/m/n/10 DDS_FILTER_LOG_FILTER_PLUGIN_FACTORY_IN_USE_EC,
 []


Overfull \hbox (17.10362pt too wide) in paragraph at lines 1646--1648
[]| \T1/phv/m/n/10 DDS_FILTER_LOG_RELATED_TOPIC_NAME_STRING,
 []


Overfull \hbox (35.19337pt too wide) in paragraph at lines 1649--1651
[]| \T1/phv/m/n/10 DDS_FILTER_LOG_SQL_ENUM_LABEL_NOT_FOUND_EC,
 []


Overfull \hbox (33.55522pt too wide) in paragraph at lines 1655--1657
[]| \T1/phv/m/n/10 DDS_FILTER_LOG_SQL_INTEGER_OUT_OF_RANGE_EC,
 []


Underfull \hbox (badness 10000) in paragraph at lines 1657--1659
[]| \T1/phv/m/n/10 DDS_FILTER_LOG_SQL_INVALID_TOKEN_EC,
 []


Overfull \hbox (50.48392pt too wide) in paragraph at lines 1659--1661
[]| \T1/phv/m/n/10 DDS_FILTER_LOG_SQL_MAX_PREDICATES_EXCEEDED_EC,
 []


Overfull \hbox (42.78915pt too wide) in paragraph at lines 1665--1667
[]| \T1/phv/m/n/10 DDS_FILTER_LOG_SQL_UNSUPPORTED_FIELD_TYPE_EC,
 []


Overfull \hbox (43.2842pt too wide) in paragraph at lines 1667--1669
[]| \T1/phv/m/n/10 DDS_FILTER_LOG_SQL_UNSUPPORTED_TYPE_CODE_EC,
 []


Overfull \hbox (16.68967pt too wide) in paragraph at lines 1671--1673
[]| \T1/phv/m/n/10 DDS_FILTER_LOG_STRING_MANAGER_CREATE_EC,
 []


Overfull \hbox (91.40656pt too wide) in paragraph at lines 1678--1680
[]| \T1/phv/m/n/10 DDS_FILTER_LOG_WRITER_FILTER_EVALUATE_OUT_OF_ORDER_EC,
 []


Overfull \hbox (48.60306pt too wide) in paragraph at lines 1680--1682
[]| \T1/phv/m/n/10 DDS_FILTER_LOG_WRITER_FILTER_REMOVE_READER_EC,
 []


Overfull \hbox (16.55455pt too wide) in paragraph at lines 1682--1684
[]| \T1/phv/m/n/10 DDS_FILTER_LOG_WRITER_FILTER_SEND_GAP_EC,
 []


Overfull \hbox (37.70438pt too wide) in paragraph at lines 1684--1686
[]| \T1/phv/m/n/10 DDS_FILTER_LOG_WRITER_FILTER_STORE_RESULT_EC,
 []


Overfull \hbox (37.5599pt too wide) in paragraph at lines 1686--1688
[]| \T1/phv/m/n/10 DDS_FILTER_LOG_WRITER_SERIALIZE_INLINE_QOS_EC,
 []


Underfull \hbox (badness 10000) in paragraph at lines 1689--1691
[]| \T1/phv/m/n/10 DDS_FILTER_LOG_FILTER_PLUGIN_BUFFER,
 []


Overfull \hbox (30.1626pt too wide) in paragraph at lines 1691--1693
[]| \T1/phv/m/n/10 DDS_FILTER_LOG_FILTER_PLUGIN_FACTORY_BUFFER,
 []


Underfull \hbox (badness 10000) in paragraph at lines 1696--1698
[]| \T1/phv/m/n/10 DDS_FILTER_LOG_WRITER_FILTER_BUFFER,
 []


Overfull \hbox (33.69717pt too wide) in paragraph at lines 1704--1705
[]\T1/phv/m/n/10 DDS_FILTER_LOG_CONTENT_FILTER_NAME_TOO_LONG_EC 
 []


Overfull \hbox (45.18999pt too wide) in paragraph at lines 1706--1707
[]\T1/phv/m/n/10 DDS_FILTER_LOG_CONTENT_FILTERED_TOPIC_NAME_STRING 
 []

[1020]
Overfull \hbox (24.56212pt too wide) in paragraph at lines 1726--1727
[]\T1/phv/m/n/10 DDS_FILTER_LOG_FILTER_EXPRESSION_MAX_COUNT_EC 
 []


Overfull \hbox (44.48775pt too wide) in paragraph at lines 1728--1729
[]\T1/phv/m/n/10 DDS_FILTER_LOG_FILTER_EXPRESSION_PARAMETER_STRING 
 []


Overfull \hbox (21.76332pt too wide) in paragraph at lines 1738--1739
[]\T1/phv/m/n/10 DDS_FILTER_LOG_FILTER_PLUGIN_FACTORY_IN_USE_EC 
 []


Overfull \hbox (27.98203pt too wide) in paragraph at lines 1774--1775
[]\T1/phv/m/n/10 DDS_FILTER_LOG_SQL_MAX_PREDICATES_EXCEEDED_EC 
 []


Overfull \hbox (20.28726pt too wide) in paragraph at lines 1780--1781
[]\T1/phv/m/n/10 DDS_FILTER_LOG_SQL_UNSUPPORTED_FIELD_TYPE_EC 
 []


Overfull \hbox (20.7823pt too wide) in paragraph at lines 1782--1783
[]\T1/phv/m/n/10 DDS_FILTER_LOG_SQL_UNSUPPORTED_TYPE_CODE_EC 
 []


Overfull \hbox (68.90466pt too wide) in paragraph at lines 1802--1803
[]\T1/phv/m/n/10 DDS_FILTER_LOG_WRITER_FILTER_EVALUATE_OUT_OF_ORDER_EC 
 []


Overfull \hbox (26.10117pt too wide) in paragraph at lines 1804--1805
[]\T1/phv/m/n/10 DDS_FILTER_LOG_WRITER_FILTER_REMOVE_READER_EC 
 []


Overfull \hbox (15.20248pt too wide) in paragraph at lines 1808--1809
[]\T1/phv/m/n/10 DDS_FILTER_LOG_WRITER_FILTER_STORE_RESULT_EC 
 []


Overfull \hbox (15.05801pt too wide) in paragraph at lines 1810--1811
[]\T1/phv/m/n/10 DDS_FILTER_LOG_WRITER_SERIALIZE_INLINE_QOS_EC 
 []

[1021]
Overfull \hbox (98.01015pt too wide) in paragraph at lines 1941--1942
[]\T1/phv/m/n/10 DDS_LOG_TRUST_ASSERT_PARTICIPANT_GENERIC_MESSAGE_FAILED_EC 
 []

[1022] [1023]
Overfull \hbox (40.17697pt too wide) in paragraph at lines 2136--2137
[]\T1/phv/m/n/10 DDS_REJECTED_BY_SAMPLES_PER_REMOTE_WRITER_LIMIT 
 []

[1024]
Overfull \hbox (22.42033pt too wide) in paragraph at lines 2161--2162
[]\T1/phv/m/n/10 DDS_REPLACE_OLDEST_INSTANCE_REPLACEMENT_QOS 
 []


Overfull \hbox (63.57683pt too wide) in paragraph at lines 2212--2213
[]\T1/phv/m/n/10 DDS_RTI_BACKWARDS_COMPATIBLE_RTPS_WELL_KNOWN_PORTS 
 []


Overfull \hbox (33.41812pt too wide) in paragraph at lines 2239--2240
[]\T1/phv/m/n/10 DDS_SAMPLE_LOST_BY_NOT_READ_ON_CACHE_DELETION 
 []

[1025] [1026] [1027] [1028]
Overfull \hbox (26.18225pt too wide) in paragraph at lines 2623--2624
[]\T1/phv/m/n/10 DDSC_LOG_DESERIALIZE_REMOTE_CONTENT_FILTER_EC 
 []


Overfull \hbox (42.02211pt too wide) in paragraph at lines 2635--2636
[]\T1/phv/m/n/10 DDSC_LOG_DISC_AFTER_LOCAL_DATAREADER_DELETED_EC 
 []


Overfull \hbox (42.52605pt too wide) in paragraph at lines 2637--2638
[]\T1/phv/m/n/10 DDSC_LOG_DISC_AFTER_LOCAL_DATAREADER_ENABLED_EC 
 []


Overfull \hbox (39.56512pt too wide) in paragraph at lines 2639--2640
[]\T1/phv/m/n/10 DDSC_LOG_DISC_AFTER_LOCAL_DATAWRITER_DELETED_EC 
 []


Overfull \hbox (40.06906pt too wide) in paragraph at lines 2641--2642
[]\T1/phv/m/n/10 DDSC_LOG_DISC_AFTER_LOCAL_DATAWRITER_ENABLED_EC 
 []


Overfull \hbox (40.52808pt too wide) in paragraph at lines 2643--2644
[]\T1/phv/m/n/10 DDSC_LOG_DISC_AFTER_LOCAL_PARTICIPANT_CREATED_EC 
 []


Overfull \hbox (48.03387pt too wide) in paragraph at lines 2645--2646
[]\T1/phv/m/n/10 DDSC_LOG_DISC_BEFORE_LOCAL_PARTICIPANT_CREATED_EC 
 []


Overfull \hbox (56.25081pt too wide) in paragraph at lines 2647--2648
[]\T1/phv/m/n/10 DDSC_LOG_DISC_BEFORE_REMOTE_PARTICIPANT_DELETED_EC 
 []


Overfull \hbox (26.65935pt too wide) in paragraph at lines 2687--2688
[]\T1/phv/m/n/10 DDSC_LOG_DUPLICATE_REMOTE_PARTICIPANT_NAME_EC 
 []

[1029]
Overfull \hbox (38.36804pt too wide) in paragraph at lines 2713--2714
[]\T1/phv/m/n/10 DDSC_LOG_ENABLED_DISCVOERY_TRANSPORT_SEQUENCE 
 []


Overfull \hbox (22.7354pt too wide) in paragraph at lines 2719--2720
[]\T1/phv/m/n/10 DDSC_LOG_ENDPOINT_NOT_CHILD_OF_PARTICIPANT_EC 
 []


Overfull \hbox (16.3727pt too wide) in paragraph at lines 2745--2746
[]\T1/phv/m/n/10 DDSC_LOG_FILTER_PLUGIN_FACTORY_NOT_FOUND_EC 
 []


Overfull \hbox (30.39426pt too wide) in paragraph at lines 2759--2760
[]\T1/phv/m/n/10 DDSC_LOG_FLOWCONTROLLER_INCONSISTENT_PROP_EC 
 []


Overfull \hbox (56.57494pt too wide) in paragraph at lines 2785--2786
[]\T1/phv/m/n/10 DDSC_LOG_INTERPRETER_SUPPORT_UNEXPECTED_ERROR_EC 
 []

[1030]
Overfull \hbox (24.31909pt too wide) in paragraph at lines 2809--2810
[]\T1/phv/m/n/10 DDSC_LOG_IPC_CHANNEL_CONFIG_FINALIZE_FAILED_EC 
 []


Overfull \hbox (29.32288pt too wide) in paragraph at lines 2811--2812
[]\T1/phv/m/n/10 DDSC_LOG_IPC_CHANNEL_CONFIG_INITIALIZE_FAILED_EC 
 []


Overfull \hbox (114.48878pt too wide) in paragraph at lines 2821--2822
[]\T1/phv/m/n/10 DDSC_LOG_IPC_CHANNEL_FAILED_PROCESS_AUTH_HANDSHAKE_FAILED_EC 
 []


Overfull \hbox (101.89798pt too wide) in paragraph at lines 2823--2824
[]\T1/phv/m/n/10 DDSC_LOG_IPC_CHANNEL_FAILED_PROCESS_AUTH_REQUEST_FAILED_EC 
 []


Overfull \hbox (176.92986pt too wide) in paragraph at lines 2825--2826
[]\T1/phv/m/n/10 DDSC_LOG_IPC_CHANNEL_FAILED_PROCESS_ENDPOINT_INTERCEPTOR_STATE
_FAILED_EC 
 []


Overfull \hbox (187.50475pt too wide) in paragraph at lines 2827--2828
[]\T1/phv/m/n/10 DDSC_LOG_IPC_CHANNEL_FAILED_PROCESS_PARTICIPANT_INTERCEPTOR_ST
ATE_FAILED_EC 
 []


Overfull \hbox (17.32625pt too wide) in paragraph at lines 2837--2838
[]\T1/phv/m/n/10 DDSC_LOG_IPC_CHANNEL_SET_LISTENERS_FAILED_EC 
 []


Overfull \hbox (34.80414pt too wide) in paragraph at lines 2887--2888
[]\T1/phv/m/n/10 DDSC_LOG_MEMORY_MANAGER_OUT_OF_RESOURCES_EC 
 []


Overfull \hbox (46.98982pt too wide) in paragraph at lines 2891--2892
[]\T1/phv/m/n/10 DDSC_LOG_MESSAGE_DATA_UNKNOWN_LIVELINESS_KIND_EC 
 []


Overfull \hbox (35.08293pt too wide) in paragraph at lines 2893--2894
[]\T1/phv/m/n/10 DDSC_LOG_MESSAGE_DATA_WRONG_LIVELINESS_KIND_EC 
 []

[1031]
Overfull \hbox (32.869pt too wide) in paragraph at lines 2923--2924
[]\T1/phv/m/n/10 DDSC_LOG_NETIO_DISCOVERY_ENABLED_TRANSPORT_EC 
 []


Overfull \hbox (16.33635pt too wide) in paragraph at lines 3005--3006
[]\T1/phv/m/n/10 DDSC_LOG_PARTICIPANT_GENERIC_MESSAGE_OBJECT 
 []

[1032]
Overfull \hbox (19.20728pt too wide) in paragraph at lines 3035--3036
[]\T1/phv/m/n/10 DDSC_LOG_PARTMESSAGE_WRITE_SAMPLE_FAILED_EC 
 []


Overfull \hbox (16.5885pt too wide) in paragraph at lines 3121--3122
[]\T1/phv/m/n/10 DDSC_LOG_REFRESH_REM_PARTICIPANT_TIMEOUT_EC 
 []

[1033]
Overfull \hbox (23.63562pt too wide) in paragraph at lines 3133--3134
[]\T1/phv/m/n/10 DDSC_LOG_REMOTE_ENDPOINT_TRUST_STATE_RECORD 
 []


Overfull \hbox (22.94244pt too wide) in paragraph at lines 3135--3136
[]\T1/phv/m/n/10 DDSC_LOG_REMOTE_PARTICIPANT_KEY_NOT_EQUAL_EC 
 []


Overfull \hbox (19.5675pt too wide) in paragraph at lines 3141--3142
[]\T1/phv/m/n/10 DDSC_LOG_REMOTE_PUBLICATION_DATA_CHANGED_EC 
 []


Overfull \hbox (28.14436pt too wide) in paragraph at lines 3143--3144
[]\T1/phv/m/n/10 DDSC_LOG_REMOTE_SUBSCRIPTION_DATA_CHANGED_EC 
 []

[1034]
Overfull \hbox (125.13606pt too wide) in paragraph at lines 3281--3282
[]\T1/phv/m/n/10 DDSC_LOG_TRUST_AFTER_REMOTE_PARTICIPANT_AUTHENTICATED_FAILED_E
C 
 []


Overfull \hbox (81.36073pt too wide) in paragraph at lines 3283--3284
[]\T1/phv/m/n/10 DDSC_LOG_TRUST_AFTER_REMOTE_PARTICIPANT_READY_FAILED_EC 
 []


Overfull \hbox (69.08482pt too wide) in paragraph at lines 3287--3288
[]\T1/phv/m/n/10 DDSC_LOG_TRUST_ASSERT_AUTH_HANDSHAKE_STATE_FAILED_EC 
 []


Overfull \hbox (104.50807pt too wide) in paragraph at lines 3289--3290
[]\T1/phv/m/n/10 DDSC_LOG_TRUST_ASSERT_PARTICIPANT_GENERIC_MESSAGE_FAILED_EC 
 []


Overfull \hbox (40.06937pt too wide) in paragraph at lines 3297--3298
[]\T1/phv/m/n/10 DDSC_LOG_TRUST_BIND_REMOTE_DATAREADER_FAILED_EC 
 []


Overfull \hbox (37.61238pt too wide) in paragraph at lines 3299--3300
[]\T1/phv/m/n/10 DDSC_LOG_TRUST_BIND_REMOTE_DATAWRITER_FAILED_EC 
 []


Overfull \hbox (89.4065pt too wide) in paragraph at lines 3301--3302
[]\T1/phv/m/n/10 DDSC_LOG_TRUST_CACHE_REMOTE_PARTICIPANT_SAMPLE_FAILED_EC 
 []


Overfull \hbox (47.3503pt too wide) in paragraph at lines 3303--3304
[]\T1/phv/m/n/10 DDSC_LOG_TRUST_CHECK_CREATE_DATAREADER_FAILED_EC 
 []


Overfull \hbox (44.89331pt too wide) in paragraph at lines 3305--3306
[]\T1/phv/m/n/10 DDSC_LOG_TRUST_CHECK_CREATE_DATAWRITER_FAILED_EC 
 []


Overfull \hbox (45.4422pt too wide) in paragraph at lines 3307--3308
[]\T1/phv/m/n/10 DDSC_LOG_TRUST_CHECK_CREATE_PARTICIPANT_FAILED_EC 
 []


Overfull \hbox (50.06828pt too wide) in paragraph at lines 3309--3310
[]\T1/phv/m/n/10 DDSC_LOG_TRUST_CHECK_REMOTE_DATAREADER_FAILED_EC 
 []


Overfull \hbox (47.6113pt too wide) in paragraph at lines 3311--3312
[]\T1/phv/m/n/10 DDSC_LOG_TRUST_CHECK_REMOTE_DATAWRITER_FAILED_EC 
 []


Overfull \hbox (48.16019pt too wide) in paragraph at lines 3313--3314
[]\T1/phv/m/n/10 DDSC_LOG_TRUST_CHECK_REMOTE_PARTICIPANT_FAILED_EC 
 []


Overfull \hbox (156.15858pt too wide) in paragraph at lines 3315--3316
[]\T1/phv/m/n/10 DDSC_LOG_TRUST_CREATE_LOCAL_DATAREADER_INTERCEPTOR_TOKENS_FAIL
ED_EC 
 []


Overfull \hbox (153.7016pt too wide) in paragraph at lines 3317--3318
[]\T1/phv/m/n/10 DDSC_LOG_TRUST_CREATE_LOCAL_DATAWRITER_INTERCEPTOR_TOKENS_FAIL
ED_EC 
 []


Overfull \hbox (118.45808pt too wide) in paragraph at lines 3323--3324
[]\T1/phv/m/n/10 DDSC_LOG_TRUST_CREATE_LOCAL_PARTICIPANT_INTERCEPTOR_TOKENS_EC 

 []


Overfull \hbox (26.0115pt too wide) in paragraph at lines 3327--3328
[]\T1/phv/m/n/10 DDSC_LOG_TRUST_CREATE_TRUST_PLUGINS_FAILED_EC 
 []


Overfull \hbox (107.71213pt too wide) in paragraph at lines 3333--3334
[]\T1/phv/m/n/10 DDSC_LOG_TRUST_ENDPOINT_INTERNAL_ATTRIBUTES_CREATE_FAILED_EC 
 []


Overfull \hbox (33.3102pt too wide) in paragraph at lines 3335--3336
[]\T1/phv/m/n/10 DDSC_LOG_TRUST_FAILED_VALIDATE_LOCAL_IDENTITY_EC 
 []


Overfull \hbox (69.25554pt too wide) in paragraph at lines 3337--3338
[]\T1/phv/m/n/10 DDSC_LOG_TRUST_FINALIZE_AC_PLUGIN_PROPERTIES_FAILED_EC 
 []


Overfull \hbox (72.85564pt too wide) in paragraph at lines 3339--3340
[]\T1/phv/m/n/10 DDSC_LOG_TRUST_FINALIZE_AUTH_HANDSHAKE_STATE_FAILED_EC 
 []


Overfull \hbox (90.81053pt too wide) in paragraph at lines 3341--3342
[]\T1/phv/m/n/10 DDSC_LOG_TRUST_FINALIZE_REMOTE_PARTICIPANT_TRUST_FAILED_EC 
 []


Overfull \hbox (51.85005pt too wide) in paragraph at lines 3343--3344
[]\T1/phv/m/n/10 DDSC_LOG_TRUST_GET_AUTH_HANDSHAKE_STATE_FAILED_EC 
 []


Overfull \hbox (136.07971pt too wide) in paragraph at lines 3345--3346
[]\T1/phv/m/n/10 DDSC_LOG_TRUST_GET_AUTHENTICATED_PEER_CREDENTIAL_TOKEN_FAILED_
EC 
 []

[1035]
Overfull \hbox (88.40773pt too wide) in paragraph at lines 3347--3348
[]\T1/phv/m/n/10 DDSC_LOG_TRUST_GET_DATAREADER_TRUST_ATTRIBUTES_FAILED_EC 
 []


Overfull \hbox (85.95074pt too wide) in paragraph at lines 3349--3350
[]\T1/phv/m/n/10 DDSC_LOG_TRUST_GET_DATAWRITER_TRUST_ATTRIBUTES_FAILED_EC 
 []


Overfull \hbox (91.99858pt too wide) in paragraph at lines 3353--3354
[]\T1/phv/m/n/10 DDSC_LOG_TRUST_GET_PARTICIPANT_TRUST_ATTTRIBUTES_FAILED_EC 
 []


Overfull \hbox (95.11212pt too wide) in paragraph at lines 3355--3356
[]\T1/phv/m/n/10 DDSC_LOG_TRUST_GET_PERMISSIONS_CREDENTIAL_TOKEN_FAILED_EC 
 []


Overfull \hbox (33.10312pt too wide) in paragraph at lines 3357--3358
[]\T1/phv/m/n/10 DDSC_LOG_TRUST_GET_PERMISSIONS_TOKEN_FAILED_EC 
 []


Overfull \hbox (56.56609pt too wide) in paragraph at lines 3361--3362
[]\T1/phv/m/n/10 DDSC_LOG_TRUST_GET_TOPIC_TRUST_ATTRIBUTES_FAILED_EC 
 []


Overfull \hbox (27.90126pt too wide) in paragraph at lines 3363--3364
[]\T1/phv/m/n/10 DDSC_LOG_TRUST_IGNORED_HANDSHAKE_MESSAGE_EC 
 []


Overfull \hbox (22.87051pt too wide) in paragraph at lines 3365--3366
[]\T1/phv/m/n/10 DDSC_LOG_TRUST_IGNORED_REMOTE_PARTICIPANT_EC 
 []


Overfull \hbox (86.48152pt too wide) in paragraph at lines 3367--3368
[]\T1/phv/m/n/10 DDSC_LOG_TRUST_INCOMPATIBLE_ENDPOINT_TRUST_ATTRIBUTES_EC 
 []


Overfull \hbox (82.94434pt too wide) in paragraph at lines 3369--3370
[]\T1/phv/m/n/10 DDSC_LOG_TRUST_INITIALIZE_PARTICIPANT_BUILTIN_DATA_FAILED_EC 
 []


Overfull \hbox (52.66893pt too wide) in paragraph at lines 3371--3372
[]\T1/phv/m/n/10 DDSC_LOG_TRUST_INITIALIZE_PARTICIPANT_TRUST_FAILED_EC 
 []


Overfull \hbox (31.84332pt too wide) in paragraph at lines 3373--3374
[]\T1/phv/m/n/10 DDSC_LOG_TRUST_INVALID_AUTH_HANDSHAKE_STATE_EC 
 []


Overfull \hbox (38.44002pt too wide) in paragraph at lines 3375--3376
[]\T1/phv/m/n/10 DDSC_LOG_TRUST_INVALID_GENERIC_MESSAGE_REPLY_EC 
 []


Overfull \hbox (20.58452pt too wide) in paragraph at lines 3379--3380
[]\T1/phv/m/n/10 DDSC_LOG_TRUST_INVALID_INTERCEPTOR_HANDLE_EC 
 []


Overfull \hbox (85.15845pt too wide) in paragraph at lines 3381--3382
[]\T1/phv/m/n/10 DDSC_LOG_TRUST_INVALID_INTERCEPTOR_TOKENS_DESTINATION_EC 
 []


Overfull \hbox (20.72853pt too wide) in paragraph at lines 3383--3384
[]\T1/phv/m/n/10 DDSC_LOG_TRUST_INVALID_INTERCEPTOR_TOKENS_EC 
 []


Overfull \hbox (67.26657pt too wide) in paragraph at lines 3385--3386
[]\T1/phv/m/n/10 DDSC_LOG_TRUST_INVALID_PARTICIPANT_GENERIC_MESSAGE_EC 
 []


Overfull \hbox (81.36049pt too wide) in paragraph at lines 3389--3390
[]\T1/phv/m/n/10 DDSC_LOG_TRUST_INVALID_PARTICIPANT_INTERNAL_ATTRIBUTES_EC 
 []


Overfull \hbox (18.95526pt too wide) in paragraph at lines 3391--3392
[]\T1/phv/m/n/10 DDSC_LOG_TRUST_INVALID_PERMISSIONS_HANDLE_EC 
 []


Overfull \hbox (58.48245pt too wide) in paragraph at lines 3393--3394
[]\T1/phv/m/n/10 DDSC_LOG_TRUST_INVALID_SAMPLE_MAX_SERIALIZED_SIZE_EC 
 []


Overfull \hbox (50.98605pt too wide) in paragraph at lines 3401--3402
[]\T1/phv/m/n/10 DDSC_LOG_TRUST_PARTICIPANT_AUTHENTICATION_FAILED_EC 
 []


Overfull \hbox (118.28702pt too wide) in paragraph at lines 3403--3404
[]\T1/phv/m/n/10 DDSC_LOG_TRUST_PARTICIPANT_INTERNAL_ATTRIBUTES_CREATE_FAILED_E
C 
 []


Overfull \hbox (119.02509pt too wide) in paragraph at lines 3405--3406
[]\T1/phv/m/n/10 DDSC_LOG_TRUST_PARTICIPANT_UNEXPECTED_AUTHENTICATION_ERROR_EC 

 []


Overfull \hbox (56.88087pt too wide) in paragraph at lines 3409--3410
[]\T1/phv/m/n/10 DDSC_LOG_TRUST_PREPARE_AUTH_HANDSHAKE_MESSAGE_EC 
 []


Overfull \hbox (87.4714pt too wide) in paragraph at lines 3413--3414
[]\T1/phv/m/n/10 DDSC_LOG_TRUST_PREPARE_ENDPOINT_INTERCEPTOR_MESSAGE_EC 
 []


Overfull \hbox (81.8105pt too wide) in paragraph at lines 3417--3418
[]\T1/phv/m/n/10 DDSC_LOG_TRUST_PREPARE_LOCAL_PARTICIPANT_STATE_FAILED_EC 
 []


Overfull \hbox (109.20624pt too wide) in paragraph at lines 3421--3422
[]\T1/phv/m/n/10 DDSC_LOG_TRUST_PROCESS_REMOTE_INTERCEPTOR_TOKENS_FAILED_EC 
 []


Overfull \hbox (53.20912pt too wide) in paragraph at lines 3423--3424
[]\T1/phv/m/n/10 DDSC_LOG_TRUST_REAUTH_REMOTE_PARTICIPANT_FAILED_EC 
 []


Overfull \hbox (55.94495pt too wide) in paragraph at lines 3425--3426
[]\T1/phv/m/n/10 DDSC_LOG_TRUST_REGISTER_LOCAL_DATAREADER_FAILED_EC 
 []


Overfull \hbox (53.48796pt too wide) in paragraph at lines 3427--3428
[]\T1/phv/m/n/10 DDSC_LOG_TRUST_REGISTER_LOCAL_DATAWRITER_FAILED_EC 
 []


Overfull \hbox (54.03685pt too wide) in paragraph at lines 3429--3430
[]\T1/phv/m/n/10 DDSC_LOG_TRUST_REGISTER_LOCAL_PARTICIPANT_FAILED_EC 
 []


Overfull \hbox (112.99529pt too wide) in paragraph at lines 3431--3432
[]\T1/phv/m/n/10 DDSC_LOG_TRUST_REGISTER_MATCHED_REMOTE_DATAREADER_FAILED_EC 
 []


Overfull \hbox (110.5383pt too wide) in paragraph at lines 3433--3434
[]\T1/phv/m/n/10 DDSC_LOG_TRUST_REGISTER_MATCHED_REMOTE_DATAWRITER_FAILED_EC 
 []


Overfull \hbox (111.08719pt too wide) in paragraph at lines 3435--3436
[]\T1/phv/m/n/10 DDSC_LOG_TRUST_REGISTER_MATCHED_REMOTE_PARTICIPANT_FAILED_EC 
 []


Overfull \hbox (64.57594pt too wide) in paragraph at lines 3437--3438
[]\T1/phv/m/n/10 DDSC_LOG_TRUST_REGISTER_REMOTE_DATAREADER_FAILED_EC 
 []


Overfull \hbox (62.11896pt too wide) in paragraph at lines 3439--3440
[]\T1/phv/m/n/10 DDSC_LOG_TRUST_REGISTER_REMOTE_DATAWRITER_FAILED_EC 
 []


Overfull \hbox (110.28586pt too wide) in paragraph at lines 3441--3442
[]\T1/phv/m/n/10 DDSC_LOG_TRUST_RELEASE_PARTICIPANT_GENERIC_MESSAGE_FAILED_EC 
 []


Overfull \hbox (19.42357pt too wide) in paragraph at lines 3443--3444
[]\T1/phv/m/n/10 DDSC_LOG_TRUST_REMOVE_REMOTE_PARTICIPANT_EC 
 []


Overfull \hbox (43.99304pt too wide) in paragraph at lines 3445--3446
[]\T1/phv/m/n/10 DDSC_LOG_TRUST_RESEND_HANDSHAKE_IN_PROGRESS_EC 
 []


Overfull \hbox (59.19382pt too wide) in paragraph at lines 3447--3448
[]\T1/phv/m/n/10 DDSC_LOG_TRUST_RESEND_HANDSHAKE_MESSAGE_FAILED_EC 
 []


Overfull \hbox (92.34941pt too wide) in paragraph at lines 3449--3450
[]\T1/phv/m/n/10 DDSC_LOG_TRUST_RESEND_HANDSHAKE_MESSAGE_START_FAILED_EC 
 []


Overfull \hbox (39.09723pt too wide) in paragraph at lines 3451--3452
[]\T1/phv/m/n/10 DDSC_LOG_TRUST_RESEND_HANDSHAKE_STOP_FAILED_EC 
 []


Overfull \hbox (81.30678pt too wide) in paragraph at lines 3453--3454
[]\T1/phv/m/n/10 DDSC_LOG_TRUST_RESET_REMOTE_PARTICIPANT_TRUST_FAILED_EC 
 []

[1036]
Overfull \hbox (155.06955pt too wide) in paragraph at lines 3455--3456
[]\T1/phv/m/n/10 DDSC_LOG_TRUST_RETURN_AUTHENTICATED_PEER_CREDENTIAL_TOKEN_FAIL
ED_EC 
 []


Overfull \hbox (104.94058pt too wide) in paragraph at lines 3457--3458
[]\T1/phv/m/n/10 DDSC_LOG_TRUST_RETURN_DATAWRITER_TRUST_ATTRIBUTES_FAILED_EC 
 []


Overfull \hbox (51.44513pt too wide) in paragraph at lines 3459--3460
[]\T1/phv/m/n/10 DDSC_LOG_TRUST_RETURN_HANDSHAKE_HANDLE_FAILED_EC 
 []


Overfull \hbox (36.4423pt too wide) in paragraph at lines 3461--3462
[]\T1/phv/m/n/10 DDSC_LOG_TRUST_RETURN_IDENTITY_HANDLE_FAILED_EC 
 []


Overfull \hbox (30.58344pt too wide) in paragraph at lines 3463--3464
[]\T1/phv/m/n/10 DDSC_LOG_TRUST_RETURN_IDENTITY_TOKEN_FAILED_EC 
 []


Overfull \hbox (59.7251pt too wide) in paragraph at lines 3465--3466
[]\T1/phv/m/n/10 DDSC_LOG_TRUST_RETURN_INTERCEPTOR_TOKENS_FAILED_EC 
 []


Overfull \hbox (114.10196pt too wide) in paragraph at lines 3467--3468
[]\T1/phv/m/n/10 DDSC_LOG_TRUST_RETURN_PERMISSIONS_CREDENTIAL_TOKEN_FAILED_EC 
 []


Overfull \hbox (57.95183pt too wide) in paragraph at lines 3469--3470
[]\T1/phv/m/n/10 DDSC_LOG_TRUST_RETURN_PERMISSIONS_HANDLE_FAILED_EC 
 []


Overfull \hbox (52.09296pt too wide) in paragraph at lines 3471--3472
[]\T1/phv/m/n/10 DDSC_LOG_TRUST_RETURN_PERMISSIONS_TOKEN_FAILED_EC 
 []


Overfull \hbox (69.44489pt too wide) in paragraph at lines 3473--3474
[]\T1/phv/m/n/10 DDSC_LOG_TRUST_RETURN_SHAREDSECRET_HANDLE_FAILED_EC 
 []


Overfull \hbox (88.9385pt too wide) in paragraph at lines 3477--3478
[]\T1/phv/m/n/10 DDSC_LOG_TRUST_SEND_ENDPOINT_INTERCEPTOR_STATE_FAILED_EC 
 []


Overfull \hbox (46.69301pt too wide) in paragraph at lines 3481--3482
[]\T1/phv/m/n/10 DDSC_LOG_TRUST_SEND_HANDSHAKE_MESSAGE_FAILED_EC 
 []


Overfull \hbox (99.5134pt too wide) in paragraph at lines 3483--3484
[]\T1/phv/m/n/10 DDSC_LOG_TRUST_SEND_PARTICIPANT_INTERCEPTOR_STATE_FAILED_EC 
 []


Overfull \hbox (50.85107pt too wide) in paragraph at lines 3487--3488
[]\T1/phv/m/n/10 DDSC_LOG_TRUST_SET_AUTH_HANDSHAKE_STATE_FAILED_EC 
 []


Overfull \hbox (94.11314pt too wide) in paragraph at lines 3489--3490
[]\T1/phv/m/n/10 DDSC_LOG_TRUST_SET_PERMISSIONS_CREDENTIAL_TOKEN_FAILED_EC 
 []


Overfull \hbox (146.8708pt too wide) in paragraph at lines 3491--3492
[]\T1/phv/m/n/10 DDSC_LOG_TRUST_SET_REMOTE_DATAREADER_INTERCEPTOR_TOKENS_FAILED
_EC 
 []


Overfull \hbox (144.41382pt too wide) in paragraph at lines 3493--3494
[]\T1/phv/m/n/10 DDSC_LOG_TRUST_SET_REMOTE_DATAWRITER_INTERCEPTOR_TOKENS_FAILED
_EC 
 []


Overfull \hbox (144.9627pt too wide) in paragraph at lines 3495--3496
[]\T1/phv/m/n/10 DDSC_LOG_TRUST_SET_REMOTE_PARTICIPANT_INTERCEPTOR_TOKENS_FAILE
D_EC 
 []


Overfull \hbox (116.30676pt too wide) in paragraph at lines 3497--3498
[]\T1/phv/m/n/10 DDSC_LOG_TRUST_TRANFORM_INCOMING_SERIALIZED_PAYLOAD_FAILED_EC 

 []


Overfull \hbox (119.31271pt too wide) in paragraph at lines 3499--3500
[]\T1/phv/m/n/10 DDSC_LOG_TRUST_TRANFORM_OUTGOING_SERIALIZED_PAYLOAD_FAILED_EC 

 []


Overfull \hbox (51.9132pt too wide) in paragraph at lines 3501--3502
[]\T1/phv/m/n/10 DDSC_LOG_TRUST_UNAUTHORIZED_REMOTE_PARTICIPANT_EC 
 []


Overfull \hbox (80.72177pt too wide) in paragraph at lines 3503--3504
[]\T1/phv/m/n/10 DDSC_LOG_TRUST_UNEXPECTED_REMOTE_PARTICIPANT_STATUS_EC 
 []


Overfull \hbox (33.02237pt too wide) in paragraph at lines 3505--3506
[]\T1/phv/m/n/10 DDSC_LOG_TRUST_UNEXPECTED_VALIDATION_RESULT_EC 
 []


Overfull \hbox (34.4264pt too wide) in paragraph at lines 3511--3512
[]\T1/phv/m/n/10 DDSC_LOG_TRUST_UNREGISTER_DATAREADER_FAILED_EC 
 []


Overfull \hbox (31.96942pt too wide) in paragraph at lines 3513--3514
[]\T1/phv/m/n/10 DDSC_LOG_TRUST_UNREGISTER_DATAWRITER_FAILED_EC 
 []


Overfull \hbox (32.51831pt too wide) in paragraph at lines 3515--3516
[]\T1/phv/m/n/10 DDSC_LOG_TRUST_UNREGISTER_PARTICIPANT_FAILED_EC 
 []


Overfull \hbox (77.5718pt too wide) in paragraph at lines 3517--3518
[]\T1/phv/m/n/10 DDSC_LOG_TRUST_UNREGISTER_REMOTE_DATAREADER_FAILED_EC 
 []


Overfull \hbox (75.1148pt too wide) in paragraph at lines 3519--3520
[]\T1/phv/m/n/10 DDSC_LOG_TRUST_UNREGISTER_REMOTE_DATAWRITER_FAILED_EC 
 []


Overfull \hbox (83.47575pt too wide) in paragraph at lines 3521--3522
[]\T1/phv/m/n/10 DDSC_LOG_TRUST_VALIDATE_LOCAL_DATAWRITER_TRUST_FAILED_EC 
 []


Overfull \hbox (94.56374pt too wide) in paragraph at lines 3523--3524
[]\T1/phv/m/n/10 DDSC_LOG_TRUST_VALIDATE_REMOTE_DATAREADER_TRUST_FAILED_EC 
 []


Overfull \hbox (92.10675pt too wide) in paragraph at lines 3525--3526
[]\T1/phv/m/n/10 DDSC_LOG_TRUST_VALIDATE_REMOTE_DATAWRITER_TRUST_FAILED_EC 
 []


Overfull \hbox (70.56021pt too wide) in paragraph at lines 3541--3542
[]\T1/phv/m/n/10 DDSC_LOG_TYPE_FUNCTION_GET_SERIALIZED_SAMPLE_MAX_SIZE 
 []

[1037]
Overfull \hbox (16.46257pt too wide) in paragraph at lines 3569--3570
[]\T1/phv/m/n/10 DDSC_LOG_UNKNOWN_REMOTE_PARTICIPANT_KEY_EC 
 []


Overfull \hbox (24.45451pt too wide) in paragraph at lines 3571--3572
[]\T1/phv/m/n/10 DDSC_LOG_UNKNOWN_REMOTE_PARTICIPANT_NAME_EC 
 []


Overfull \hbox (58.01503pt too wide) in paragraph at lines 3589--3590
[]\T1/phv/m/n/10 DDSC_LOG_VALIDATE_REMOTE_PARTICIPANT_TRUST_FAILED_EC 
 []


Overfull \hbox (29.03516pt too wide) in paragraph at lines 3601--3602
[]\T1/phv/m/n/10 DDSC_LOG_XTYPES_LOANED_SAMPLE_STATE_ERROR_EC 
 []


Overfull \hbox (43.25504pt too wide) in paragraph at lines 3603--3604
[]\T1/phv/m/n/10 DDSC_TRUST_INVALID_PARTICIPANT_GENERIC_MESSAGE_EC 
 []

[1038] [1039]
Overfull \hbox (63.37175pt too wide) in paragraph at lines 3864--3866
[]| \T1/phv/m/n/10 DDS_BY_RECEPTION_TIMESTAMP_DESTINATIONORDER_QOS,
 []


Overfull \hbox (49.36803pt too wide) in paragraph at lines 3866--3868
[]| \T1/phv/m/n/10 DDS_BY_SOURCE_TIMESTAMP_DESTINATIONORDER_QOS,
 []

[1040]
Underfull \hbox (badness 10000) in paragraph at lines 3891--3892
[]| \T1/phv/m/n/10 DPSE_ENABLEDPARTICIPANTINDEX_OBJECT,
 []


Overfull \hbox (41.35835pt too wide) in paragraph at lines 3895--3897
[]| \T1/phv/m/n/10 DPSE_LOG_DEFAULT_MULTICAST_LOCATOR_SEQUENCE,
 []


Overfull \hbox (30.8465pt too wide) in paragraph at lines 3897--3899
[]| \T1/phv/m/n/10 DPSE_LOG_DEFAULT_UNICAST_LOCATOR_SEQUENCE,
 []


Overfull \hbox (26.43652pt too wide) in paragraph at lines 3899--3901
[]| \T1/phv/m/n/10 DPSE_LOG_META_MULTICAST_LOCATOR_SEQUENCE,
 []


Overfull \hbox (15.92467pt too wide) in paragraph at lines 3901--3903
[]| \T1/phv/m/n/10 DPSE_LOG_META_UNICAST_LOCATOR_SEQUENCE,
 []


Underfull \hbox (badness 10000) in paragraph at lines 3903--3904
[]| \T1/phv/m/n/10 DPSE_PARTICIPANTANNOUCEMENT_OBJECT,
 []


Overfull \hbox (65.35199pt too wide) in paragraph at lines 3960--3962
[]| \T1/phv/m/n/10 DPDE_LOG_ADD_REMOTE_PARTICIPANT_ROUTES_FAILED_EC,
 []


Overfull \hbox (93.44931pt too wide) in paragraph at lines 3973--3975
[]| \T1/phv/m/n/10 DPDE_LOG_CHECKSUM_INCOMPATIBLE_PARTICIPANT_IGNORED_EC,
 []


Overfull \hbox (17.62553pt too wide) in paragraph at lines 3975--3977
[]| \T1/phv/m/n/10 DPDE_LOG_CREATE_PARTICIPANT_DISCOVERY_EC,
 []


Overfull \hbox (19.47937pt too wide) in paragraph at lines 3977--3979
[]| \T1/phv/m/n/10 DPDE_LOG_CREATE_PUBLICATION_DISCOVERY_EC,
 []


Overfull \hbox (28.05623pt too wide) in paragraph at lines 3982--3984
[]| \T1/phv/m/n/10 DPDE_LOG_CREATE_SUBSCRIPTION_DISCOVERY_EC,
 []


Underfull \hbox (badness 10000) in paragraph at lines 3986--3988
[]| \T1/phv/m/n/10 DPDE_LOG_DELETE_PARTICIPANT_TOPIC_EC,
 []


Underfull \hbox (badness 10000) in paragraph at lines 3988--3990
[]| \T1/phv/m/n/10 DPDE_LOG_DELETE_PUBLICATION_TOPIC_EC,
 []


Overfull \hbox (81.36269pt too wide) in paragraph at lines 3990--3992
[]| \T1/phv/m/n/10 DPDE_LOG_DELETE_REMOTE_PARTICIPANT_ROUTES_FAILED_EC,
 []


Overfull \hbox (17.4633pt too wide) in paragraph at lines 3994--3996
[]| \T1/phv/m/n/10 DPDE_LOG_DESERIALIZE_BUILTIN_ENDPOINTS_EC,
 []

[1041]
Overfull \hbox (21.64839pt too wide) in paragraph at lines 3997--3999
[]| \T1/phv/m/n/10 DPDE_LOG_DESERIALIZE_PROTOCOL_VERSION_EC,
 []


Underfull \hbox (badness 10000) in paragraph at lines 3999--4001
[]| \T1/phv/m/n/10 DPDE_LOG_DESERIALIZE_UNKNOWN_PID_EC,
 []


Overfull \hbox (17.2205pt too wide) in paragraph at lines 4022--4024
[]| \T1/phv/m/n/10 DPDE_LOG_REMOVE_REMOTE_SUBSCRIPTION_EC,
 []


Underfull \hbox (badness 10000) in paragraph at lines 4030--4032
[]| \T1/phv/m/n/10 DPDE_LOG_SCHEDULE_FAST_ASSERTION_EC,
 []


Underfull \hbox (badness 10000) in paragraph at lines 4034--4036
[]| \T1/phv/m/n/10 DPDE_LOG_SERIALIZE_DEFAULT_UNICAST_EC,
 []


Underfull \hbox (badness 10000) in paragraph at lines 4038--4040
[]| \T1/phv/m/n/10 DPDE_LOG_SERIALIZE_LEASE_DURATION_EC,
 []


Underfull \hbox (badness 10000) in paragraph at lines 4048--4050
[]| \T1/phv/m/n/10 DPDE_LOG_TAKE_PARTICIPANT_SAMPLE_EC,
 []


Underfull \hbox (badness 10000) in paragraph at lines 4050--4052
[]| \T1/phv/m/n/10 DPDE_LOG_TAKE_PUBLICATION_SAMPLE_EC,
 []


Underfull \hbox (badness 10000) in paragraph at lines 4052--4054
[]| \T1/phv/m/n/10 DPDE_LOG_TAKE_SUBSCRIPTION_SAMPLE_EC,
 []


Overfull \hbox (40.40431pt too wide) in paragraph at lines 4056--4058
[]| \T1/phv/m/n/10 DPDE_LOG_UPDATE_PARTICIPANT_ASSERT_PERIOD_EC,
 []


Underfull \hbox (badness 10000) in paragraph at lines 4077--4079
[]| \T1/phv/m/n/10 max_samples_per_remote_builtin_endpoint_writer,
 []


Overfull \hbox (42.8501pt too wide) in paragraph at lines 4088--4089
[]\T1/phv/m/n/10 DPDE_LOG_ADD_REMOTE_PARTICIPANT_ROUTES_FAILED_EC 
 []


Overfull \hbox (70.94742pt too wide) in paragraph at lines 4108--4109
[]\T1/phv/m/n/10 DPDE_LOG_CHECKSUM_INCOMPATIBLE_PARTICIPANT_IGNORED_EC 
 []

[1042]
Overfull \hbox (58.8608pt too wide) in paragraph at lines 4130--4131
[]\T1/phv/m/n/10 DPDE_LOG_DELETE_REMOTE_PARTICIPANT_ROUTES_FAILED_EC 
 []


Overfull \hbox (17.90242pt too wide) in paragraph at lines 4212--4213
[]\T1/phv/m/n/10 DPDE_LOG_UPDATE_PARTICIPANT_ASSERT_PERIOD_EC 
 []


Overfull \hbox (60.61783pt too wide) in paragraph at lines 4219--4221
[]| \T1/phv/m/n/10 DPSE_LOG_ANNOUNCE_LOCAL_PARTICIPANT_DELETION_EC,
 []

[1043]
Overfull \hbox (92.95427pt too wide) in paragraph at lines 4228--4230
[]| \T1/phv/m/n/10 DPSE_LOG_CHECKSUM_INCOMPATIBLE_PARTICIPANT_IGNORED_EC,
 []


Overfull \hbox (18.56137pt too wide) in paragraph at lines 4232--4234
[]| \T1/phv/m/n/10 DPSE_LOG_CREATE_DISCOVERY_SUBSCRIBER_EC,
 []


Underfull \hbox (badness 10000) in paragraph at lines 4237--4238
[]| \T1/phv/m/n/10 DPSE_LOG_DELETE_ANONYMOUS_ROUTE_EC,
 []


Overfull \hbox (16.96826pt too wide) in paragraph at lines 4243--4245
[]| \T1/phv/m/n/10 DPSE_LOG_DESERIALIZE_BUILTIN_ENDPOINTS_EC,
 []


Overfull \hbox (15.86142pt too wide) in paragraph at lines 4248--4250
[]| \T1/phv/m/n/10 DPSE_LOG_DESERIALIZE_PRODUCT_VERSION_EC,
 []


Overfull \hbox (21.15335pt too wide) in paragraph at lines 4250--4252
[]| \T1/phv/m/n/10 DPSE_LOG_DESERIALIZE_PROTOCOL_VERSION_EC,
 []


Overfull \hbox (29.2533pt too wide) in paragraph at lines 4252--4254
[]| \T1/phv/m/n/10 DPSE_LOG_DESERIALIZE_TOO_MANY_LOCATORS_EC,
 []


Underfull \hbox (badness 10000) in paragraph at lines 4254--4256
[]| \T1/phv/m/n/10 DPSE_LOG_DESERIALIZE_UNKNOWN_PID_EC,
 []


Underfull \hbox (badness 10000) in paragraph at lines 4261--4263
[]| \T1/phv/m/n/10 DPSE_LOG_INVALID_DISCOVERY_SAMPLE_EC,
 []


Underfull \hbox (badness 10000) in paragraph at lines 4264--4265
[]| \T1/phv/m/n/10 DPSE_LOG_MAX_REMOTE_PARTICIPANT_EC,
 []


Overfull \hbox (21.9816pt too wide) in paragraph at lines 4270--4272
[]| \T1/phv/m/n/10 DPSE_LOG_ON_ASSERT_REMOTE_PARTICIPANT_EC,
 []


Underfull \hbox (badness 10000) in paragraph at lines 4276--4278
[]| \T1/phv/m/n/10 DPSE_LOG_RESET_REMOTE_PARTICIPANT_EC,
 []


Underfull \hbox (badness 10000) in paragraph at lines 4278--4280
[]| \T1/phv/m/n/10 DPSE_LOG_RETURN_DISCOVERY_SAMPLE_EC,
 []


Underfull \hbox (badness 10000) in paragraph at lines 4280--4282
[]| \T1/phv/m/n/10 DPSE_LOG_SCHEDULE_FAST_ASSERTION_EC,
 []


Underfull \hbox (badness 10000) in paragraph at lines 4290--4292
[]| \T1/phv/m/n/10 DPSE_LOG_SERIALIZE_DEFAULT_UNICAST_EC,
 []


Underfull \hbox (badness 10000) in paragraph at lines 4293--4295
[]| \T1/phv/m/n/10 DPSE_LOG_SERIALIZE_LEASE_DURATION_EC,
 []


Underfull \hbox (badness 10000) in paragraph at lines 4295--4297
[]| \T1/phv/m/n/10 DPSE_LOG_SERIALIZE_META_MULTICAST_EC,
 []


Overfull \hbox (39.90927pt too wide) in paragraph at lines 4308--4310
[]| \T1/phv/m/n/10 DPSE_LOG_UPDATE_PARTICIPANT_ASSERT_PERIOD_EC,
 []

[1044]
Overfull \hbox (38.11594pt too wide) in paragraph at lines 4337--4338
[]\T1/phv/m/n/10 DPSE_LOG_ANNOUNCE_LOCAL_PARTICIPANT_DELETION_EC 
 []


Overfull \hbox (70.45238pt too wide) in paragraph at lines 4357--4358
[]\T1/phv/m/n/10 DPSE_LOG_CHECKSUM_INCOMPATIBLE_PARTICIPANT_IGNORED_EC 
 []


Overfull \hbox (18.85646pt too wide) in paragraph at lines 4369--4370
[]\T1/phv/m/n/10 DPSE_LOG_DEFAULT_MULTICAST_LOCATOR_SEQUENCE 
 []

[1045]
Overfull \hbox (17.40738pt too wide) in paragraph at lines 4481--4482
[]\T1/phv/m/n/10 DPSE_LOG_UPDATE_PARTICIPANT_ASSERT_PERIOD_EC 
 []


Underfull \hbox (badness 10000) in paragraph at lines 4509--4510
[]| \T1/phv/m/n/10 DDS_TRANSIENT_LOCAL_DURABILITY_QOS,
 []


Underfull \hbox (badness 10000) in paragraph at lines 4526--4528
[]| \T1/phv/m/n/10 DDS_DataWriterShmemRefTransferModeSettings,
 []

[1046]
Overfull \hbox (25.53659pt too wide) in paragraph at lines 4572--4574
[]| \T1/phv/m/n/10 DDS_CONTENT_FILTER_CLASS_NAME_MAX_LENGTH,
 []


Overfull \hbox (23.53851pt too wide) in paragraph at lines 4574--4576
[]| \T1/phv/m/n/10 DDS_CONTENT_FILTER_EXPRESSION_MAX_LENGTH,
 []


Underfull \hbox (badness 10000) in paragraph at lines 4577--4578
[]| \T1/phv/m/n/10 DDS_CONTENT_FILTER_NAME_MAX_LENGTH,
 []


Underfull \hbox (badness 10000) in paragraph at lines 4619--4620
[]| \T1/phv/m/n/10 DDS_FIXED_RATE_FLOW_CONTROLLER_NAME,
 []

[1047] [1048] [1049]
Underfull \hbox (badness 10000) in paragraph at lines 4890--4892
[]| \T1/phv/m/n/10 DDS_NOT_ALIVE_DISPOSED_INSTANCE_STATE,
 []


Underfull \hbox (badness 10000) in paragraph at lines 4966--4967
[]| \T1/phv/m/n/10 DDS_MANUAL_BY_TOPIC_LIVELINESS_QOS,
 []


Underfull \hbox (badness 10000) in paragraph at lines 4977--4979
[]| \T1/phv/m/n/10 DDS_DomainParticipantResourceLimitsQosPolicy,
 []


Underfull \hbox (badness 10000) in paragraph at lines 4980--4982
[]| \T1/phv/m/n/10 DDS_DomainParticipantResourceLimitsQosPolicy,
 []


Underfull \hbox (badness 10000) in paragraph at lines 4983--4985
[]| \T1/phv/m/n/10 DDS_DomainParticipantResourceLimitsQosPolicy,
 []


Underfull \hbox (badness 10000) in paragraph at lines 4986--4988
[]| \T1/phv/m/n/10 DDS_DomainParticipantResourceLimitsQosPolicy,
 []


Underfull \hbox (badness 10000) in paragraph at lines 4989--4991
[]| \T1/phv/m/n/10 DDS_DomainParticipantResourceLimitsQosPolicy,
 []


Underfull \hbox (badness 10000) in paragraph at lines 4992--4994
[]| \T1/phv/m/n/10 DDS_DomainParticipantResourceLimitsQosPolicy,
 []

[1050]
Underfull \hbox (badness 10000) in paragraph at lines 5055--5057
[]| \T1/phv/m/n/10 DDS_DomainParticipantResourceLimitsQosPolicy,
 []


Underfull \hbox (badness 10000) in paragraph at lines 5058--5060
[]| \T1/phv/m/n/10 DDS_DomainParticipantResourceLimitsQosPolicy,
 []


Underfull \hbox (badness 10000) in paragraph at lines 5069--5071
[]| \T1/phv/m/n/10 DDS_DomainParticipantResourceLimitsQosPolicy,
 []


Underfull \hbox (badness 10000) in paragraph at lines 5094--5096
[]| \T1/phv/m/n/10 DDS_DomainParticipantResourceLimitsQosPolicy,
 []


Underfull \hbox (badness 10000) in paragraph at lines 5097--5099
[]| \T1/phv/m/n/10 DDS_DomainParticipantResourceLimitsQosPolicy,
 []


Underfull \hbox (badness 10000) in paragraph at lines 5100--5102
[]| \T1/phv/m/n/10 DDS_DomainParticipantResourceLimitsQosPolicy,
 []


Underfull \hbox (badness 10000) in paragraph at lines 5103--5105
[]| \T1/phv/m/n/10 DDS_DomainParticipantResourceLimitsQosPolicy,
 []

[1051]
Underfull \hbox (badness 10000) in paragraph at lines 5108--5110
[]| \T1/phv/m/n/10 DDS_DomainParticipantResourceLimitsQosPolicy,
 []

[1052]
Underfull \hbox (badness 10000) in paragraph at lines 5215--5217
[]| \T1/phv/m/n/10 NE-TIO_LOG_AR_ADD_INVALID_INTERFACE_EC,
 []


Overfull \hbox (20.03741pt too wide) in paragraph at lines 5219--5221
[]| \T1/phv/m/n/10 NE-TIO_LOG_AR_ADDRESS_STRING_EXCEEDED_EC,
 []


Underfull \hbox (badness 10000) in paragraph at lines 5222--5224
[]| \T1/phv/m/n/10 NE-TIO_LOG_AR_CONTEXT_UNINITIALIZED_EC,
 []


Underfull \hbox (badness 10000) in paragraph at lines 5225--5227
[]| \T1/phv/m/n/10 NE-TIO_LOG_AR_PORT_RESOLVE_FAILED_EC,
 []


Underfull \hbox (badness 10000) in paragraph at lines 5235--5237
[]| \T1/phv/m/n/10 NE-TIO_LOG_ILLEGAL_ROUTE_OPERATION_EC,
 []


Underfull \hbox (badness 10000) in paragraph at lines 5245--5247
[]| \T1/phv/m/n/10 NE-TIO_LOG_LOOP_INVALID_COMPONENT_EC,
 []


Underfull \hbox (badness 10000) in paragraph at lines 5248--5249
[]| \T1/phv/m/n/10 NE-TIO_LOG_LOOP_INVALID_PROPERTY_EC,
 []


Underfull \hbox (badness 10000) in paragraph at lines 5262--5264
[]| \T1/phv/m/n/10 NE-TIO_LOG_UNBIND_EXTERNAL_FAILED_EC,
 []


Underfull \hbox (badness 10000) in paragraph at lines 5264--5265
[]| \T1/phv/m/n/10 NE-TIO_SHMEM_LOG_ADDRESS_IN_USE_EC,
 []


Overfull \hbox (27.53432pt too wide) in paragraph at lines 5266--5268
[]| \T1/phv/m/n/10 NE-TIO_SHMEM_LOG_CHECK_SYSTEM_SETTINGS_EC,
 []


Overfull \hbox (20.51462pt too wide) in paragraph at lines 5268--5270
[]| \T1/phv/m/n/10 NE-TIO_SHMEM_LOG_CREATE_ATTACH_INFINITE_EC,
 []


Overfull \hbox (44.02232pt too wide) in paragraph at lines 5275--5277
[]| \T1/phv/m/n/10 NE-TIO_SHMEM_LOG_FAILED_TO_ALLOCATE_STRUCT_EC,
 []


Overfull \hbox (71.51704pt too wide) in paragraph at lines 5277--5279
[]| \T1/phv/m/n/10 NE-TIO_SHMEM_LOG_FAILED_TO_ATTACH_CONCURRENT_Q_EC,
 []


Overfull \hbox (31.88132pt too wide) in paragraph at lines 5279--5281
[]| \T1/phv/m/n/10 NE-TIO_SHMEM_LOG_FAILED_TO_GET_TIMESTAMP_EC,
 []


Overfull \hbox (54.94804pt too wide) in paragraph at lines 5281--5283
[]| \T1/phv/m/n/10 NE-TIO_SHMEM_LOG_FAILED_TO_INIT_CONCURRENT_Q_EC,
 []


Overfull \hbox (53.95796pt too wide) in paragraph at lines 5285--5287
[]| \T1/phv/m/n/10 NE-TIO_SHMEM_LOG_FAILED_TO_INIT_SEGMENT_ADDR_EC,
 []


Overfull \hbox (18.96632pt too wide) in paragraph at lines 5287--5289
[]| \T1/phv/m/n/10 NE-TIO_SHMEM_LOG_FAILED_TO_INIT_SIG_SEM_EC,
 []


Overfull \hbox (71.11154pt too wide) in paragraph at lines 5292--5294
[]| \T1/phv/m/n/10 NE-TIO_SHMEM_LOG_IGNORE_TRANSPORT_COMPATIBILITY_EC,
 []


Overfull \hbox (49.86307pt too wide) in paragraph at lines 5294--5296
[]| \T1/phv/m/n/10 NE-TIO_SHMEM_LOG_INCOMPATIBLE_CONCURRENT_Q_EC,
 []


Overfull \hbox (36.38107pt too wide) in paragraph at lines 5300--5302
[]| \T1/phv/m/n/10 NE-TIO_SHMEM_LOG_INCOMPATIBLE_HEADER_SIZE_EC,
 []


Overfull \hbox (45.2729pt too wide) in paragraph at lines 5304--5306
[]| \T1/phv/m/n/10 NE-TIO_SHMEM_LOG_INCONSISTENT_MESSAGE_SIZE_EC,
 []


Underfull \hbox (badness 10000) in paragraph at lines 5306--5308
[]| \T1/phv/m/n/10 NE-TIO_SHMEM_LOG_INITIALIZE_FAILED_EC,
 []


Underfull \hbox (badness 10000) in paragraph at lines 5310--5311
[]| \T1/phv/m/n/10 NE-TIO_SHMEM_LOG_INVALID_FACTORY_EC,
 []


Underfull \hbox (badness 10000) in paragraph at lines 5311--5313
[]| \T1/phv/m/n/10 NE-TIO_SHMEM_LOG_INVALID_PROPERTY_EC,
 []

[1053]
Overfull \hbox (39.31519pt too wide) in paragraph at lines 5326--5328
[]| \T1/phv/m/n/10 NE-TIO_SHMEM_LOG_SHMEM_MUTEX_LOCK_FAILED_EC,
 []


Overfull \hbox (52.31104pt too wide) in paragraph at lines 5328--5330
[]| \T1/phv/m/n/10 NE-TIO_SHMEM_LOG_SHMEM_MUTEX_UNLOCK_FAILED_EC,
 []


Overfull \hbox (17.83223pt too wide) in paragraph at lines 5330--5332
[]| \T1/phv/m/n/10 NE-TIO_SHMEM_LOG_SIG_SEM_SIGNAL_FAILED_EC,
 []


Overfull \hbox (104.33922pt too wide) in paragraph at lines 5333--5335
[]| \T1/phv/m/n/10 NE-TIO_SHMEM_LOG_UNSUPPORTED_TRANSPORT_COMPATIBILITY_EC,
 []


Overfull \hbox (28.77618pt too wide) in paragraph at lines 5345--5347
[]| \T1/phv/m/n/10 UDP_LOG_INCONSISTENT_MAX_MESSSAGE_SIZE_EC,
 []


Underfull \hbox (badness 10000) in paragraph at lines 5382--5383
[]| \T1/phv/m/n/10 UDP_LOG_TRANSPORT_NO_INTERFACES_EC,
 []


Underfull \hbox (badness 10000) in paragraph at lines 5388--5390
[]| \T1/phv/m/n/10 UDP_PRIORITY_MAP_INVALID_MAPPING_EC,
 []


Underfull \hbox (badness 10000) in paragraph at lines 5390--5392
[]| \T1/phv/m/n/10 UDP_PRIORITY_MAP_NEGATIVE_MAPPING_EC,
 []


Overfull \hbox (20.84804pt too wide) in paragraph at lines 5396--5398
[]| \T1/phv/m/n/10 UDP_TRANSFORM_LOG_FACTORY_NOT_FOUND_EC,
 []


Overfull \hbox (60.0062pt too wide) in paragraph at lines 5399--5401
[]| \T1/phv/m/n/10 UDP_TRANSFORM_LOG_INVALID_FACTORY_REFERENCE_EC,
 []


Overfull \hbox (56.3701pt too wide) in paragraph at lines 5401--5403
[]| \T1/phv/m/n/10 UDP_TRANSFORM_LOG_INVALID_TUDP_LOCATOR_KIND_EC,
 []


Overfull \hbox (15.85275pt too wide) in paragraph at lines 5415--5417
[]| \T1/phv/m/n/10 NE-TIO_ADDRESS_UDPv4_ANY_MULTICAST_ROUTE,
 []


Overfull \hbox (15.85275pt too wide) in paragraph at lines 5419--5421
[]| \T1/phv/m/n/10 NE-TIO_ADDRESS_UDPv6_ANY_MULTICAST_ROUTE,
 []


Underfull \hbox (badness 10000) in paragraph at lines 5424--5425
[]| \T1/phv/m/n/10 NE-TIO_DGRAM_INTERFACE_MAX_ADDRESSES,
 []


Underfull \hbox (badness 10000) in paragraph at lines 5425--5427
[]| \T1/phv/m/n/10 NE-TIO_DGRAM_INTERFACE_MAX_INTERFACES,
 []

[1054]
Overfull \hbox (15.77107pt too wide) in paragraph at lines 5432--5434
[]| \T1/phv/m/n/10 NE-TIO_DGRAM_InterfaceMultiCastGroup_INITIALIZER,
 []


Underfull \hbox (badness 10000) in paragraph at lines 5434--5436
[]| \T1/phv/m/n/10 NE-TIO_DGRAM_InterfaceMultiCastGroup_Invalid,
 []


Underfull \hbox (badness 10000) in paragraph at lines 5436--5438
[]| \T1/phv/m/n/10 NE-TIO_DGRAM_InterfaceMultiCastGroup_UDPv4,
 []


Underfull \hbox (badness 10000) in paragraph at lines 5438--5440
[]| \T1/phv/m/n/10 NE-TIO_DGRAM_InterfaceMultiCastGroup_UDPv6,
 []


Underfull \hbox (badness 10000) in paragraph at lines 5440--5442
[]| \T1/phv/m/n/10 NE-TIO_DGRAM_InterfaceTableEntry_INITIALIZER,
 []


Underfull \hbox (badness 10000) in paragraph at lines 5444--5446
[]| \T1/phv/m/n/10 NE-TIO_DGRAMUserInterface_bind_addressFunc,
 []

[1055]
Underfull \hbox (badness 10000) in paragraph at lines 5552--5554
[]| \T1/phv/m/n/10 UDP_PRIORITY_MAP_PRIORITY_IGNORED_EC,
 []


Overfull \hbox (49.43121pt too wide) in paragraph at lines 5561--5563
[]| \T1/phv/m/n/10 UDP_TRANSFORM_LOG_KIND_TRANSFORM_DESTINATION,
 []


Overfull \hbox (66.01793pt too wide) in paragraph at lines 5563--5565
[]| \T1/phv/m/n/10 UDP_TRANSFORM_LOG_KIND_TRANSFORM_NETMASK_INDEX,
 []


Overfull \hbox (28.5066pt too wide) in paragraph at lines 5565--5567
[]| \T1/phv/m/n/10 UDP_TRANSFORM_LOG_KIND_TRANSFORM_SOURCE,
 []

[1056]
Overfull \hbox (19.35068pt too wide) in paragraph at lines 5693--5694
[]\T1/phv/m/n/10 NETIO_SharedMemorySignalingSemaphore_create_or_attach 
 []


Overfull \hbox (21.52043pt too wide) in paragraph at lines 5730--5731
[]\T1/phv/m/n/10 NETIO_SHMEM_LOG_FAILED_TO_ALLOCATE_STRUCT_EC 
 []


Overfull \hbox (49.01515pt too wide) in paragraph at lines 5732--5733
[]\T1/phv/m/n/10 NETIO_SHMEM_LOG_FAILED_TO_ATTACH_CONCURRENT_Q_EC 
 []


Overfull \hbox (32.44615pt too wide) in paragraph at lines 5736--5737
[]\T1/phv/m/n/10 NETIO_SHMEM_LOG_FAILED_TO_INIT_CONCURRENT_Q_EC 
 []


Overfull \hbox (31.45607pt too wide) in paragraph at lines 5740--5741
[]\T1/phv/m/n/10 NETIO_SHMEM_LOG_FAILED_TO_INIT_SEGMENT_ADDR_EC 
 []


Overfull \hbox (48.60965pt too wide) in paragraph at lines 5748--5749
[]\T1/phv/m/n/10 NETIO_SHMEM_LOG_IGNORE_TRANSPORT_COMPATIBILITY_EC 
 []


Overfull \hbox (27.36118pt too wide) in paragraph at lines 5750--5751
[]\T1/phv/m/n/10 NETIO_SHMEM_LOG_INCOMPATIBLE_CONCURRENT_Q_EC 
 []

[1057]
Overfull \hbox (22.77101pt too wide) in paragraph at lines 5760--5761
[]\T1/phv/m/n/10 NETIO_SHMEM_LOG_INCONSISTENT_MESSAGE_SIZE_EC 
 []


Overfull \hbox (16.8133pt too wide) in paragraph at lines 5790--5791
[]\T1/phv/m/n/10 NETIO_SHMEM_LOG_SHMEM_MUTEX_LOCK_FAILED_EC 
 []


Overfull \hbox (29.80914pt too wide) in paragraph at lines 5792--5793
[]\T1/phv/m/n/10 NETIO_SHMEM_LOG_SHMEM_MUTEX_UNLOCK_FAILED_EC 
 []


Overfull \hbox (81.83733pt too wide) in paragraph at lines 5798--5799
[]\T1/phv/m/n/10 NETIO_SHMEM_LOG_UNSUPPORTED_TRANSPORT_COMPATIBILITY_EC 
 []

[1058]
Underfull \hbox (badness 10000) in paragraph at lines 5901--5902
[]| \T1/phv/m/n/10 OS-API_LOG_AUTOSAR_GETEVENT_CALL_EC,
 []


Underfull \hbox (badness 10000) in paragraph at lines 5902--5903
[]| \T1/phv/m/n/10 OS-API_LOG_AUTOSAR_SCHEDULE_CALL_EC,
 []


Underfull \hbox (badness 10000) in paragraph at lines 5903--5904
[]| \T1/phv/m/n/10 OS-API_LOG_AUTOSAR_SETEVENT_CALL_EC,
 []


Underfull \hbox (badness 10000) in paragraph at lines 5908--5910
[]| \T1/phv/m/n/10 OS-API_LOG_AUTOSAR_WAITEVENT_CALL_EC,
 []


Underfull \hbox (badness 10000) in paragraph at lines 5914--5916
[]| \T1/phv/m/n/10 OS-API_LOG_HEAP_INTERNAL_ALLOCATE_EC,
 []


Underfull \hbox (badness 10000) in paragraph at lines 5922--5923
[]| \T1/phv/m/n/10 OS-API_LOG_PTHREAD_COND_DESTROY_EC,
 []


Underfull \hbox (badness 10000) in paragraph at lines 5928--5929
[]| \T1/phv/m/n/10 OS-API_LOG_PTHREAD_CONDATTR_INIT_EC,
 []


Overfull \hbox (28.09251pt too wide) in paragraph at lines 5929--5931
[]| \T1/phv/m/n/10 OS-API_LOG_PTHREAD_CONDATTR_SETPSHARED_EC,
 []


Underfull \hbox (badness 10000) in paragraph at lines 5933--5934
[]| \T1/phv/m/n/10 OS-API_LOG_PTHREAD_MUTEX_DESTROY_EC,
 []


Underfull \hbox (badness 10000) in paragraph at lines 5936--5937
[]| \T1/phv/m/n/10 OS-API_LOG_PTHREAD_MUTEX_UNLOCK_EC,
 []


Overfull \hbox (15.14171pt too wide) in paragraph at lines 5937--5939
[]| \T1/phv/m/n/10 OS-API_LOG_PTHREAD_MUTEXATTR_DESTROY_EC,
 []


Underfull \hbox (badness 10000) in paragraph at lines 5939--5941
[]| \T1/phv/m/n/10 OS-API_LOG_PTHREAD_MUTEXATTR_INIT_EC,
 []


Overfull \hbox (47.96388pt too wide) in paragraph at lines 5941--5943
[]| \T1/phv/m/n/10 OS-API_LOG_PTHREAD_MUTEXATTR_SETPRIOCEILING_EC,
 []


Overfull \hbox (39.5584pt too wide) in paragraph at lines 5943--5945
[]| \T1/phv/m/n/10 OS-API_LOG_PTHREAD_MUTEXATTR_SETPROTOCOL_EC,
 []


Overfull \hbox (33.45634pt too wide) in paragraph at lines 5945--5947
[]| \T1/phv/m/n/10 OS-API_LOG_PTHREAD_MUTEXATTR_SETPSHARED_EC,
 []


Overfull \hbox (27.1835pt too wide) in paragraph at lines 5947--5949
[]| \T1/phv/m/n/10 OS-API_LOG_PTHREAD_MUTEXATTR_SETROBUST_EC,
 []


Underfull \hbox (badness 10000) in paragraph at lines 5953--5955
[]| \T1/phv/m/n/10 OS-API_LOG_SEGMENT_ALREADY_EXISTS_EC,
 []


Underfull \hbox (badness 10000) in paragraph at lines 5955--5956
[]| \T1/phv/m/n/10 OS-API_LOG_SEGMENT_DETACH_FAILED_EC,
 []


Underfull \hbox (badness 10000) in paragraph at lines 5956--5957
[]| \T1/phv/m/n/10 OS-API_LOG_SEGMENT_DOESNT_EXIST_EC,
 []


Overfull \hbox (16.25726pt too wide) in paragraph at lines 5957--5959
[]| \T1/phv/m/n/10 OS-API_LOG_SEGMENT_KEY_ALREADY_EXISTS_EC,
 []

[1059]
Underfull \hbox (badness 10000) in paragraph at lines 5971--5973
[]| \T1/phv/m/n/10 OS-API_LOG_SHMEM_ALREADY_ATTACHED_EC,
 []


Underfull \hbox (badness 10000) in paragraph at lines 5974--5975
[]| \T1/phv/m/n/10 OS-API_LOG_SHMEM_CHECK_UNLINKED_EC,
 []


Underfull \hbox (badness 10000) in paragraph at lines 5978--5979
[]| \T1/phv/m/n/10 OS-API_LOG_SHMEM_INIT_DESCRIPTOR_EC,
 []


Overfull \hbox (19.82129pt too wide) in paragraph at lines 5979--5981
[]| \T1/phv/m/n/10 OS-API_LOG_SHMEM_INVALID_SEGMENT_MODE_EC,
 []


Overfull \hbox (18.82231pt too wide) in paragraph at lines 5981--5983
[]| \T1/phv/m/n/10 OS-API_LOG_SHMEM_INVALID_SEGMENT_NAME_EC,
 []


Overfull \hbox (32.83505pt too wide) in paragraph at lines 5989--5991
[]| \T1/phv/m/n/10 OS-API_LOG_SHMEM_SEGMENT_FILE_MAP_FAILED_EC,
 []


Overfull \hbox (62.75061pt too wide) in paragraph at lines 5991--5993
[]| \T1/phv/m/n/10 OS-API_LOG_SHMEM_SEGMENT_NAME_ALREADY_EXISTS_EC,
 []


Overfull \hbox (53.04877pt too wide) in paragraph at lines 5993--5995
[]| \T1/phv/m/n/10 OS-API_LOG_SHMEM_SEGMENT_NAME_DOESNT_EXIST_EC,
 []


Overfull \hbox (24.69029pt too wide) in paragraph at lines 5995--5997
[]| \T1/phv/m/n/10 OS-API_LOG_SHMEM_SEGMENT_NOT_LOCKABLE_EC,
 []


Underfull \hbox (badness 10000) in paragraph at lines 5999--6001
[]| \T1/phv/m/n/10 OS-API_LOG_SHMEM_SEM_DELETE_FAILED_EC,
 []


Underfull \hbox (badness 10000) in paragraph at lines 6005--6006
[]| \T1/phv/m/n/10 OS-API_LOG_SHMEM_SET_DESCRIPTOR_EC,
 []


Underfull \hbox (badness 10000) in paragraph at lines 6022--6024
[]| \T1/phv/m/n/10 OS-API_LOG_THREAD_GET_MAX_PRIORITY_EC,
 []


Overfull \hbox (15.83427pt too wide) in paragraph at lines 6034--6036
[]| \T1/phv/m/n/10 OS-API_LOG_THREAD_SEMPOOL_INVALID_SEM_EC,
 []


Underfull \hbox (badness 10000) in paragraph at lines 6039--6041
[]| \T1/phv/m/n/10 OS-API_LOG_TIMER_DELETE_STOP_TIMER_EC,
 []


Underfull \hbox (badness 10000) in paragraph at lines 6047--6049
[]| \T1/phv/m/n/10 OS-API_LOG_TIMER_NEW_START_TIMER_EC,
 []

[1060]
Underfull \hbox (badness 10000) in paragraph at lines 6102--6103
[]| \T1/phv/m/n/10 OS-API_THREAD_PRIORITY_ABOVE_NORMAL,
 []


Underfull \hbox (badness 10000) in paragraph at lines 6103--6104
[]| \T1/phv/m/n/10 OS-API_THREAD_PRIORITY_BELOW_NORMAL,
 []


Underfull \hbox (badness 10000) in paragraph at lines 6111--6113
[]| \T1/phv/m/n/10 OS-API_THREAD_USE_OSDEFAULT_STACKSIZE,
 []

[1061]
Overfull \hbox (25.46199pt too wide) in paragraph at lines 6278--6279
[]\T1/phv/m/n/10 OSAPI_LOG_PTHREAD_MUTEXATTR_SETPRIOCEILING_EC 
 []


Overfull \hbox (17.0565pt too wide) in paragraph at lines 6280--6281
[]\T1/phv/m/n/10 OSAPI_LOG_PTHREAD_MUTEXATTR_SETPROTOCOL_EC 
 []

[1062]
Overfull \hbox (40.24872pt too wide) in paragraph at lines 6360--6361
[]\T1/phv/m/n/10 OSAPI_LOG_SHMEM_SEGMENT_NAME_ALREADY_EXISTS_EC 
 []


Overfull \hbox (30.54688pt too wide) in paragraph at lines 6362--6363
[]\T1/phv/m/n/10 OSAPI_LOG_SHMEM_SEGMENT_NAME_DOESNT_EXIST_EC 
 []

[1063] [1064]
Underfull \hbox (badness 10000) in paragraph at lines 6518--6520
[]| \T1/phv/m/n/10 OS-API_SharedMemoryMonitor_mark_consistent,
 []


Underfull \hbox (badness 10000) in paragraph at lines 6552--6554
[]| \T1/phv/m/n/10 OS-API_SharedMemorySegment_is_owner_alive,
 []


Underfull \hbox (badness 10000) in paragraph at lines 6559--6561
[]| \T1/phv/m/n/10 OS-API_SharedMemorySegmentHandle_get_size,
 []


Underfull \hbox (badness 10000) in paragraph at lines 6561--6563
[]| \T1/phv/m/n/10 OS-API_SharedMemorySegmentHeader_get_size,
 []


Overfull \hbox (44.57152pt too wide) in paragraph at lines 6565--6567
[]| \T1/phv/m/n/10 OS-API_SHMEM_ATTACH_STATUS_SEGMENT_NOT_FOUND,
 []


Overfull \hbox (22.06963pt too wide) in paragraph at lines 6609--6610
[]\T1/phv/m/n/10 OSAPI_SHMEM_ATTACH_STATUS_SEGMENT_NOT_FOUND 
 []

[1065] [1066]
Underfull \hbox (badness 10000) in paragraph at lines 6749--6751
[]| \T1/phv/m/n/10 DDS_DomainParticipantResourceLimitsQosPolicy,
 []


Underfull \hbox (badness 10000) in paragraph at lines 6752--6754
[]| \T1/phv/m/n/10 DDS_DomainParticipantResourceLimitsQosPolicy,
 []

[1067]
Underfull \hbox (badness 10000) in paragraph at lines 6842--6843
[]| \T1/phv/m/n/10 DDS_ASYNCHRONOUS_PUBLISH_MODE_QOS,
 []


Underfull \hbox (badness 10000) in paragraph at lines 6847--6848
[]| \T1/phv/m/n/10 DDS_SYNCHRONOUS_PUBLISH_MODE_QOS,
 []


Underfull \hbox (badness 10000) in paragraph at lines 6854--6856
[]| \T1/phv/m/n/10 DDS_DomainParticipantResourceLimitsQosPolicy,
 []


Underfull \hbox (badness 10000) in paragraph at lines 6857--6859
[]| \T1/phv/m/n/10 DDS_DomainParticipantResourceLimitsQosPolicy,
 []


Underfull \hbox (badness 10000) in paragraph at lines 6871--6872
[]| \T1/phv/m/n/10 DDS_OWNERSHIPSTRENGTH_QOS_POLICY_ID,
 []


Underfull \hbox (badness 10000) in paragraph at lines 6894--6896
[]| \T1/phv/m/n/10 DDS_DomainParticipantResourceLimitsQosPolicy,
 []


Underfull \hbox (badness 10000) in paragraph at lines 6897--6899
[]| \T1/phv/m/n/10 DDS_DomainParticipantResourceLimitsQosPolicy,
 []


Overfull \hbox (32.88008pt too wide) in paragraph at lines 6912--6914
[]| \T1/phv/m/n/10 NE-TIO_SHMEM_LOG_CQ_INCOMPATIBLE_VERSION_EC,
 []


Overfull \hbox (21.36948pt too wide) in paragraph at lines 6914--6916
[]| \T1/phv/m/n/10 NE-TIO_SHMEM_LOG_CQ_INCONSISTENT_STATE_EC,
 []


Overfull \hbox (22.36845pt too wide) in paragraph at lines 6916--6918
[]| \T1/phv/m/n/10 NE-TIO_SHMEM_LOG_CQ_INT_REPRESENTATION_EC,
 []


Underfull \hbox (badness 10000) in paragraph at lines 6921--6922
[]| \T1/phv/m/n/10 REDA_LOG_BUFFER_OUT_OF_MEMORY_EC,
 []


Overfull \hbox (70.21162pt too wide) in paragraph at lines 6922--6924
[]| \T1/phv/m/n/10 REDA_LOG_BUFFERPOOL_BUFFER_INITIALIZATION_FAILED_EC,
 []


Underfull \hbox (badness 10000) in paragraph at lines 6924--6925
[]| \T1/phv/m/n/10 REDA_LOG_BUFFERPOOL_DOUBLE_FREE_EC,
 []


Underfull \hbox (badness 10000) in paragraph at lines 6925--6926
[]| \T1/phv/m/n/10 REDA_LOG_BUFFERPOOL_NOT_EMPTY_EC,
 []


Underfull \hbox (badness 10000) in paragraph at lines 6926--6928
[]| \T1/phv/m/n/10 REDA_LOG_BUFFERPOOL_NULL_POINTER_EC,
 []


Overfull \hbox (27.08452pt too wide) in paragraph at lines 6928--6930
[]| \T1/phv/m/n/10 REDA_LOG_BUFFERPOOL_OUT_OF_RESOURCES_EC,
 []


Underfull \hbox (badness 10000) in paragraph at lines 6936--6938
[]| \T1/phv/m/n/10 REDA_LOG_HEAP_MGR_MUTEX_FAILURE_EC,
 []

[1068]
Overfull \hbox (43.2301pt too wide) in paragraph at lines 6944--6946
[]| \T1/phv/m/n/10 REDA_LOG_MEMPOOL_INCONSISTENT_PROPERTIES_EC,
 []


Underfull \hbox (badness 10000) in paragraph at lines 6948--6950
[]| \T1/phv/m/n/10 REDA_LOG_MEMPOOL_POOL_ALLOCATION_EC,
 []


Underfull \hbox (badness 10000) in paragraph at lines 6950--6951
[]| \T1/phv/m/n/10 REDA_LOG_SEQUENCE_ALLOC_FAILED_EC,
 []


Overfull \hbox (30.58539pt too wide) in paragraph at lines 6952--6954
[]| \T1/phv/m/n/10 REDA_LOG_SEQUENCE_INDEX_OUT_OF_BOUNDS_EC,
 []


Underfull \hbox (badness 10000) in paragraph at lines 6954--6956
[]| \T1/phv/m/n/10 REDA_LOG_SEQUENCE_INVALID_LENGTH_EC,
 []


Underfull \hbox (badness 10000) in paragraph at lines 6958--6959
[]| \T1/phv/m/n/10 REDA_LOG_SEQUENCE_REALLOCATION_EC,
 []


Underfull \hbox (badness 10000) in paragraph at lines 6959--6961
[]| \T1/phv/m/n/10 REDA_LOG_SEQUENCE_SET_MAX_FAILED_EC,
 []


Overfull \hbox (47.70973pt too wide) in paragraph at lines 6967--6968
[]\T1/phv/m/n/10 REDA_LOG_BUFFERPOOL_BUFFER_INITIALIZATION_FAILED_EC 
 []


Overfull \hbox (20.72821pt too wide) in paragraph at lines 6999--7000
[]\T1/phv/m/n/10 REDA_LOG_MEMPOOL_INCONSISTENT_PROPERTIES_EC 
 []

[1069]
Underfull \hbox (badness 10000) in paragraph at lines 7051--7053
[]| \T1/phv/m/n/10 DDS_DomainParticipantResourceLimitsQosPolicy,
 []


Underfull \hbox (badness 10000) in paragraph at lines 7054--7056
[]| \T1/phv/m/n/10 DDS_DomainParticipantResourceLimitsQosPolicy,
 []


Underfull \hbox (badness 10000) in paragraph at lines 7057--7059
[]| \T1/phv/m/n/10 DDS_DomainParticipantResourceLimitsQosPolicy,
 []


Overfull \hbox (68.82587pt too wide) in paragraph at lines 7114--7116
[]| \T1/phv/m/n/10 RHSM_LOG_DESTINATION_BY_SOURCE_NOT_SUPPORTED_EC,
 []


Underfull \hbox (badness 10000) in paragraph at lines 7116--7118
[]| \T1/phv/m/n/10 RHSM_LOG_ENTRY_RESERVATION_FAILED_EC,
 []


Underfull \hbox (badness 10000) in paragraph at lines 7118--7120
[]| \T1/phv/m/n/10 RHSM_LOG_FAILED_TO_REMOVE_OLDEST_EC,
 []


Underfull \hbox (badness 10000) in paragraph at lines 7120--7122
[]| \T1/phv/m/n/10 RHSM_LOG_GET_RECEPTION_TIMESTAMP_EC,
 []


Overfull \hbox (20.46057pt too wide) in paragraph at lines 7125--7127
[]| \T1/phv/m/n/10 RHSM_LOG_INVALID_INSTANCE_REPLACEMENT_EC,
 []


Overfull \hbox (38.1093pt too wide) in paragraph at lines 7127--7129
[]| \T1/phv/m/n/10 RHSM_LOG_KEEP_ALL_HISTORY_NOT_SUPPORTED_EC,
 []


Underfull \hbox (badness 10000) in paragraph at lines 7129--7130
[]| \T1/phv/m/n/10 RHSM_LOG_MAX_SAMPLE_TOO_SMALL_EC,
 []

[1070]
Overfull \hbox (46.32397pt too wide) in paragraph at lines 7162--7163
[]\T1/phv/m/n/10 RHSM_LOG_DESTINATION_BY_SOURCE_NOT_SUPPORTED_EC 
 []


Overfull \hbox (15.6074pt too wide) in paragraph at lines 7182--7183
[]\T1/phv/m/n/10 RHSM_LOG_KEEP_ALL_HISTORY_NOT_SUPPORTED_EC 
 []


Underfull \hbox (badness 10000) in paragraph at lines 7243--7245
[]| \T1/phv/m/n/10 RT_LOG_REGISTRY_INCONSISTENT_CID_EC,
 []

[1071]
Underfull \hbox (badness 10000) in paragraph at lines 7306--7308
[]| \T1/phv/m/n/10 RTPS_LOG_BITCOUNT_OUT_OF_BOUNDS_EC,
 []


Overfull \hbox (72.46188pt too wide) in paragraph at lines 7311--7313
[]| \T1/phv/m/n/10 RTPS_LOG_CHECKSUM_CHECKSUM_CALCULATION_FAILED_EC,
 []


Overfull \hbox (70.58083pt too wide) in paragraph at lines 7313--7315
[]| \T1/phv/m/n/10 RTPS_LOG_CHECKSUM_CHECKSUM_DESERIALIZE_ERROR_EC,
 []


Overfull \hbox (77.83449pt too wide) in paragraph at lines 7317--7319
[]| \T1/phv/m/n/10 RTPS_LOG_CHECKSUM_ILLEGAL_OVERRIDE_CHECKSUM128_EC,
 []


Overfull \hbox (72.83058pt too wide) in paragraph at lines 7319--7321
[]| \T1/phv/m/n/10 RTPS_LOG_CHECKSUM_ILLEGAL_OVERRIDE_CHECKSUM32_EC,
 []


Overfull \hbox (72.83058pt too wide) in paragraph at lines 7321--7323
[]| \T1/phv/m/n/10 RTPS_LOG_CHECKSUM_ILLEGAL_OVERRIDE_CHECKSUM64_EC,
 []


Overfull \hbox (26.75154pt too wide) in paragraph at lines 7323--7325
[]| \T1/phv/m/n/10 RTPS_LOG_CHECKSUM_INCONSISTENT_LENGTH_EC,
 []


Overfull \hbox (21.2796pt too wide) in paragraph at lines 7325--7327
[]| \T1/phv/m/n/10 RTPS_LOG_CHECKSUM_INVALID_CRC32_FLAGS_EC,
 []


Overfull \hbox (57.53076pt too wide) in paragraph at lines 7327--7329
[]| \T1/phv/m/n/10 RTPS_LOG_CHECKSUM_INVALID_OVERRIDE_BUILTIN128_EC,
 []


Overfull \hbox (52.52686pt too wide) in paragraph at lines 7329--7331
[]| \T1/phv/m/n/10 RTPS_LOG_CHECKSUM_INVALID_OVERRIDE_BUILTIN32_EC,
 []


Overfull \hbox (52.52686pt too wide) in paragraph at lines 7331--7333
[]| \T1/phv/m/n/10 RTPS_LOG_CHECKSUM_INVALID_OVERRIDE_BUILTIN64_EC,
 []


Overfull \hbox (55.58702pt too wide) in paragraph at lines 7333--7335
[]| \T1/phv/m/n/10 RTPS_LOG_CHECKSUM_LENGTH_DESERIALIZE_ERROR_EC,
 []


Overfull \hbox (54.25505pt too wide) in paragraph at lines 7335--7337
[]| \T1/phv/m/n/10 RTPS_LOG_CHECKSUM_MISSING_CHECKSUM_LENGTH_EC,
 []


Overfull \hbox (33.3125pt too wide) in paragraph at lines 7337--7339
[]| \T1/phv/m/n/10 RTPS_LOG_CHECKSUM_TOO_MANY_SG_BUFFERS_EC,
 []


Underfull \hbox (badness 10000) in paragraph at lines 7339--7340
[]| \T1/phv/m/n/10 RTPS_LOG_CHECKSUM_UNSUPPORTED_EC,
 []


Underfull \hbox (badness 10000) in paragraph at lines 7345--7347
[]| \T1/phv/m/n/10 RTPS_LOG_CREATE_REASSEMBLY_TABLE_EC,
 []


Underfull \hbox (badness 10000) in paragraph at lines 7353--7355
[]| \T1/phv/m/n/10 RTPS_LOG_DB_CREATE_DIRECT_INDEX_EC,
 []


Underfull \hbox (badness 10000) in paragraph at lines 7355--7357
[]| \T1/phv/m/n/10 RTPS_LOG_DB_CREATE_EXT_BIND_ENTRY_EC,
 []


Underfull \hbox (badness 10000) in paragraph at lines 7357--7358
[]| \T1/phv/m/n/10 RTPS_LOG_DB_CREATE_GROUP_INDEX_EC,
 []


Underfull \hbox (badness 10000) in paragraph at lines 7358--7359
[]| \T1/phv/m/n/10 RTPS_LOG_DB_CREATE_ROUTE_ENTRY_EC,
 []


Overfull \hbox (19.23671pt too wide) in paragraph at lines 7361--7363
[]| \T1/phv/m/n/10 RTPS_LOG_DB_CREATE_ROUTE_XPORT_INDEX_EC,
 []

[1072]
Overfull \hbox (37.5153pt too wide) in paragraph at lines 7363--7365
[]| \T1/phv/m/n/10 RTPS_LOG_DB_CREATE_SELECTED_GROUP_INDEX_EC,
 []


Overfull \hbox (28.32642pt too wide) in paragraph at lines 7365--7367
[]| \T1/phv/m/n/10 RTPS_LOG_DB_DELETE_EXTERNAL_BIND_ENTRY_EC,
 []


Underfull \hbox (badness 10000) in paragraph at lines 7367--7368
[]| \T1/phv/m/n/10 RTPS_LOG_DB_DELETE_ROUTE_ENTRY_EC,
 []


Underfull \hbox (badness 10000) in paragraph at lines 7369--7370
[]| \T1/phv/m/n/10 RTPS_LOG_DB_INSERT_ROUTE_ENTRY_EC,
 []


Overfull \hbox (31.87231pt too wide) in paragraph at lines 7372--7374
[]| \T1/phv/m/n/10 RTPS_LOG_DB_REMOVE_EXTERNAL_BIND_ENTRY_EC,
 []


Underfull \hbox (badness 10000) in paragraph at lines 7386--7388
[]| \T1/phv/m/n/10 RTPS_LOG_DESERIALIZE_INSTANCE_ID_EC,
 []


Underfull \hbox (badness 10000) in paragraph at lines 7394--7396
[]| \T1/phv/m/n/10 RTPS_LOG_FIND_EXTERNAL_INTERFACE_EC,
 []


Underfull \hbox (badness 10000) in paragraph at lines 7396--7398
[]| \T1/phv/m/n/10 RTPS_LOG_FIRST_SN_GREATER_LAST_SN_EC,
 []


Overfull \hbox (54.57915pt too wide) in paragraph at lines 7404--7406
[]| \T1/phv/m/n/10 RTPS_LOG_INCONSISTENT_HDR_EXT_LENGTH_ERROR_EC,
 []


Underfull \hbox (badness 10000) in paragraph at lines 7415--7417
[]| \T1/phv/m/n/10 RTPS_LOG_INVALID_HDR_EXT_PID_LIST_EC,
 []


Underfull \hbox (badness 10000) in paragraph at lines 7419--7420
[]| \T1/phv/m/n/10 RTPS_LOG_LOOKUP_EXT_BIND_ENTRY_EC,
 []


Overfull \hbox (26.82349pt too wide) in paragraph at lines 7421--7423
[]| \T1/phv/m/n/10 RTPS_LOG_MESSAGE_EXCEED_LENGTH_ERROR_EC,
 []


Overfull \hbox (36.82237pt too wide) in paragraph at lines 7425--7427
[]| \T1/phv/m/n/10 RTPS_LOG_NETIO_PACKET_INSUFFICIENT_BUFFER_EC,
 []


Underfull \hbox (badness 10000) in paragraph at lines 7439--7441
[]| \T1/phv/m/n/10 RTPS_LOG_PROCESS_HEARTBEAT_BATCH_EC,
 []


Underfull \hbox (badness 10000) in paragraph at lines 7458--7459
[]| \T1/phv/m/n/10 RTPS_LOG_SEQ_NUM_OUT_OF_RANGE_EC,
 []


Underfull \hbox (badness 10000) in paragraph at lines 7465--7467
[]| \T1/phv/m/n/10 RTPS_LOG_SHIFT_SN_OUT_OF_RANGE_EC,
 []

[1073]
Overfull \hbox (74.03697pt too wide) in paragraph at lines 7473--7475
[]| \T1/phv/m/n/10 RTPS_LOG_TRUST_INCONSISTENT_INTERCEPTOR_HANDLE_EC,
 []


Overfull \hbox (53.0493pt too wide) in paragraph at lines 7475--7477
[]| \T1/phv/m/n/10 RTPS_LOG_TRUST_INTERCEPTOR_HANDLE_LIST_FULL_EC,
 []


Overfull \hbox (114.32942pt too wide) in paragraph at lines 7478--7480
[]| \T1/phv/m/n/10 RTPS_LOG_TRUST_REMOTE_PARTICIPANT_HANDLE_CREATE_FAILED_EC,
 []


Overfull \hbox (111.63844pt too wide) in paragraph at lines 7480--7482
[]| \T1/phv/m/n/10 RTPS_LOG_TRUST_REMOTE_PARTICIPANT_HANDLE_INSERT_FAILED_EC,
 []


Overfull \hbox (116.41725pt too wide) in paragraph at lines 7482--7484
[]| \T1/phv/m/n/10 RTPS_LOG_TRUST_REMOTE_PARTICIPANT_HANDLE_LOOKUP_FAILED_EC,
 []


Overfull \hbox (36.68736pt too wide) in paragraph at lines 7484--7486
[]| \T1/phv/m/n/10 RTPS_LOG_TRUST_SUBMSG_CONVERSION_FAILED_EC,
 []


Overfull \hbox (32.24168pt too wide) in paragraph at lines 7486--7488
[]| \T1/phv/m/n/10 RTPS_LOG_TRUST_UNEXPECTED_READER_STATE_EC,
 []


Underfull \hbox (badness 10000) in paragraph at lines 7490--7491
[]| \T1/phv/m/n/10 RTPS_LOG_UNSUPPORTED_INFO_REPLY_EC,
 []


Underfull \hbox (badness 10000) in paragraph at lines 7494--7495
[]| \T1/phv/m/n/10 RTPS_LOG_UNSUPPORTED_INTERFACE_EC,
 []


Overfull \hbox (53.1753pt too wide) in paragraph at lines 7495--7497
[]| \T1/phv/m/n/10 RTPS_LOG_UNSUPPORTED_MANDTORY_HDR_EXT_PID_EC,
 []


Overfull \hbox (15.35757pt too wide) in paragraph at lines 7497--7499
[]| \T1/phv/m/n/10 RTPS_LOG_UPDATE_RELIABLE_PEERS_FILTER_EC,
 []


Underfull \hbox (badness 10000) in paragraph at lines 7500--7501
[]| \T1/phv/m/n/10 RTPS_LOG_WINDOW_ADVANCE_UNACKED_EC,
 []


Overfull \hbox (18.85864pt too wide) in paragraph at lines 7503--7505
[]| \T1/phv/m/n/10 RTPS_LOG_WRITER_REQUEST_SENT_HISTORY_EC,
 []


Underfull \hbox (badness 10000) in paragraph at lines 7558--7560
[]| \T1/phv/m/n/10 RTPS_LOG_DB_REMOVE_ROUTE_ENTRY_EC,
 []

[1074]
Overfull \hbox (49.95999pt too wide) in paragraph at lines 7584--7585
[]\T1/phv/m/n/10 RTPS_LOG_CHECKSUM_CHECKSUM_CALCULATION_FAILED_EC 
 []


Overfull \hbox (48.07893pt too wide) in paragraph at lines 7586--7587
[]\T1/phv/m/n/10 RTPS_LOG_CHECKSUM_CHECKSUM_DESERIALIZE_ERROR_EC 
 []


Overfull \hbox (55.3326pt too wide) in paragraph at lines 7590--7591
[]\T1/phv/m/n/10 RTPS_LOG_CHECKSUM_ILLEGAL_OVERRIDE_CHECKSUM128_EC 
 []


Overfull \hbox (50.32869pt too wide) in paragraph at lines 7592--7593
[]\T1/phv/m/n/10 RTPS_LOG_CHECKSUM_ILLEGAL_OVERRIDE_CHECKSUM32_EC 
 []


Overfull \hbox (50.32869pt too wide) in paragraph at lines 7594--7595
[]\T1/phv/m/n/10 RTPS_LOG_CHECKSUM_ILLEGAL_OVERRIDE_CHECKSUM64_EC 
 []


Overfull \hbox (35.02887pt too wide) in paragraph at lines 7600--7601
[]\T1/phv/m/n/10 RTPS_LOG_CHECKSUM_INVALID_OVERRIDE_BUILTIN128_EC 
 []


Overfull \hbox (30.02496pt too wide) in paragraph at lines 7602--7603
[]\T1/phv/m/n/10 RTPS_LOG_CHECKSUM_INVALID_OVERRIDE_BUILTIN32_EC 
 []


Overfull \hbox (30.02496pt too wide) in paragraph at lines 7604--7605
[]\T1/phv/m/n/10 RTPS_LOG_CHECKSUM_INVALID_OVERRIDE_BUILTIN64_EC 
 []


Overfull \hbox (33.08513pt too wide) in paragraph at lines 7606--7607
[]\T1/phv/m/n/10 RTPS_LOG_CHECKSUM_LENGTH_DESERIALIZE_ERROR_EC 
 []


Overfull \hbox (31.75316pt too wide) in paragraph at lines 7608--7609
[]\T1/phv/m/n/10 RTPS_LOG_CHECKSUM_MISSING_CHECKSUM_LENGTH_EC 
 []


Overfull \hbox (15.01341pt too wide) in paragraph at lines 7648--7649
[]\T1/phv/m/n/10 RTPS_LOG_DB_CREATE_SELECTED_GROUP_INDEX_EC 
 []

[1075]
Overfull \hbox (32.07726pt too wide) in paragraph at lines 7718--7719
[]\T1/phv/m/n/10 RTPS_LOG_INCONSISTENT_HDR_EXT_LENGTH_ERROR_EC 
 []

[1076]
Overfull \hbox (51.53508pt too wide) in paragraph at lines 7836--7837
[]\T1/phv/m/n/10 RTPS_LOG_TRUST_INCONSISTENT_INTERCEPTOR_HANDLE_EC 
 []


Overfull \hbox (30.54741pt too wide) in paragraph at lines 7838--7839
[]\T1/phv/m/n/10 RTPS_LOG_TRUST_INTERCEPTOR_HANDLE_LIST_FULL_EC 
 []


Overfull \hbox (91.82753pt too wide) in paragraph at lines 7842--7843
[]\T1/phv/m/n/10 RTPS_LOG_TRUST_REMOTE_PARTICIPANT_HANDLE_CREATE_FAILED_EC 
 []


Overfull \hbox (89.13655pt too wide) in paragraph at lines 7844--7845
[]\T1/phv/m/n/10 RTPS_LOG_TRUST_REMOTE_PARTICIPANT_HANDLE_INSERT_FAILED_EC 
 []


Overfull \hbox (93.91536pt too wide) in paragraph at lines 7846--7847
[]\T1/phv/m/n/10 RTPS_LOG_TRUST_REMOTE_PARTICIPANT_HANDLE_LOOKUP_FAILED_EC 
 []


Overfull \hbox (30.6734pt too wide) in paragraph at lines 7864--7865
[]\T1/phv/m/n/10 RTPS_LOG_UNSUPPORTED_MANDTORY_HDR_EXT_PID_EC 
 []

[1077]
Underfull \hbox (badness 10000) in paragraph at lines 7984--7986
[]| \T1/phv/m/n/10 NE-TIO_SharedMemorySegment_create_or_attach,
 []


Underfull \hbox (badness 10000) in paragraph at lines 7994--7996
[]| \T1/phv/m/n/10 NE-TIO_SharedMemorySignalingSemaphore_attach,
 []


Underfull \hbox (badness 10000) in paragraph at lines 7996--7998
[]| \T1/phv/m/n/10 NE-TIO_SharedMemorySignalingSemaphore_create,
 []


Overfull \hbox (41.85257pt too wide) in paragraph at lines 7998--8000
[]| \T1/phv/m/n/10 NE-TIO_SharedMemorySignalingSemaphore_create_or_attach,
 []


Underfull \hbox (badness 10000) in paragraph at lines 8000--8002
[]| \T1/phv/m/n/10 NE-TIO_SharedMemorySignalingSemaphore_delete,
 []


Underfull \hbox (badness 10000) in paragraph at lines 8004--8006
[]| \T1/phv/m/n/10 NE-TIO_SharedMemorySignalingSemaphore_signal,
 []


Underfull \hbox (badness 10000) in paragraph at lines 8006--8008
[]| \T1/phv/m/n/10 NE-TIO_SharedMemorySignalingSemaphore_wait,
 []

[1078]
Underfull \hbox (badness 10000) in paragraph at lines 8016--8018
[]| \T1/phv/m/n/10 DDS_DomainParticipantResourceLimitsQosPolicy,
 []


Underfull \hbox (badness 10000) in paragraph at lines 8045--8046
[]| \T1/phv/m/n/10 DDS_OFFERED_INCOMPATIBLE_QOS_STATUS,
 []


Overfull \hbox (34.60834pt too wide) in paragraph at lines 8047--8049
[]| \T1/phv/m/n/10 DDS_RELIABLE_READER_ACTIVITY_CHANGED_STATUS,
 []


Underfull \hbox (badness 10000) in paragraph at lines 8049--8050
[]| \T1/phv/m/n/10 DDS_REQUESTED_DEADLINE_MISSED_STATUS,
 []


Underfull \hbox (badness 10000) in paragraph at lines 8069--8071
[]| \T1/phv/m/n/10 DDS_DomainParticipantResourceLimitsQosPolicy,
 []


Underfull \hbox (badness 10000) in paragraph at lines 8072--8074
[]| \T1/phv/m/n/10 DDS_DomainParticipantResourceLimitsQosPolicy,
 []

[1079]
Underfull \hbox (badness 10000) in paragraph at lines 8140--8142
[]| \T1/phv/m/n/10 DDS_DomainParticipantResourceLimitsQosPolicy,
 []


Underfull \hbox (badness 10000) in paragraph at lines 8143--8145
[]| \T1/phv/m/n/10 DDS_DomainParticipantResourceLimitsQosPolicy,
 []

[1080] [1081]
Overfull \hbox (37.5043pt too wide) in paragraph at lines 8392--8393
[]\T1/phv/m/n/10 UDP_TRANSFORM_LOG_INVALID_FACTORY_REFERENCE_EC 
 []


Overfull \hbox (33.86821pt too wide) in paragraph at lines 8394--8395
[]\T1/phv/m/n/10 UDP_TRANSFORM_LOG_INVALID_TUDP_LOCATOR_KIND_EC 
 []


Overfull \hbox (26.92932pt too wide) in paragraph at lines 8410--8411
[]\T1/phv/m/n/10 UDP_TRANSFORM_LOG_KIND_TRANSFORM_DESTINATION 
 []


Overfull \hbox (43.51604pt too wide) in paragraph at lines 8412--8413
[]\T1/phv/m/n/10 UDP_TRANSFORM_LOG_KIND_TRANSFORM_NETMASK_INDEX 
 []

[1082]
Overfull \hbox (40.10725pt too wide) in paragraph at lines 8508--8510
[]| \T1/phv/m/n/10 WHSM_LOG_KEEP_ALL_HISTORY_NOT_SUPPORTED_EC,
 []


Underfull \hbox (badness 10000) in paragraph at lines 8510--8511
[]| \T1/phv/m/n/10 WHSM_LOG_MAX_SAMPLES_TOO_SMALL_EC,
 []


Overfull \hbox (43.58131pt too wide) in paragraph at lines 8515--8517
[]| \T1/phv/m/n/10 WHSM_LOG_UNLIMITED_HISTORY_NOT_SUPPORTED_EC,
 []


Overfull \hbox (17.60536pt too wide) in paragraph at lines 8535--8536
[]\T1/phv/m/n/10 WHSM_LOG_KEEP_ALL_HISTORY_NOT_SUPPORTED_EC 
 []

[1083]
Overfull \hbox (21.07942pt too wide) in paragraph at lines 8559--8560
[]\T1/phv/m/n/10 WHSM_LOG_UNLIMITED_HISTORY_NOT_SUPPORTED_EC 
 []


Overfull \hbox (39.61221pt too wide) in paragraph at lines 8566--8568
[]| \T1/phv/m/n/10 WHSQ_LOG_KEEP_ALL_HISTORY_NOT_SUPPORTED_EC,
 []


Underfull \hbox (badness 10000) in paragraph at lines 8568--8569
[]| \T1/phv/m/n/10 WHSQ_LOG_MAX_SAMPLES_TOO_SMALL_EC,
 []


Overfull \hbox (43.08627pt too wide) in paragraph at lines 8573--8575
[]| \T1/phv/m/n/10 WHSQ_LOG_UNLIMITED_HISTORY_NOT_SUPPORTED_EC,
 []


Overfull \hbox (17.11032pt too wide) in paragraph at lines 8582--8583
[]\T1/phv/m/n/10 WHSQ_LOG_KEEP_ALL_HISTORY_NOT_SUPPORTED_EC 
 []


Overfull \hbox (20.58438pt too wide) in paragraph at lines 8594--8595
[]\T1/phv/m/n/10 WHSQ_LOG_UNLIMITED_HISTORY_NOT_SUPPORTED_EC 
 []


Overfull \hbox (24.04263pt too wide) in paragraph at lines 8606--8608
[]| \T1/phv/m/n/10 DDS_INTEROPERABLE_RTPS_WELL_KNOWN_PORTS,
 []


Overfull \hbox (86.07872pt too wide) in paragraph at lines 8608--8610
[]| \T1/phv/m/n/10 DDS_RTI_BACKWARDS_COMPATIBLE_RTPS_WELL_KNOWN_PORTS,
 []


Underfull \hbox (badness 10000) in paragraph at lines 8627--8629
[]| \T1/phv/m/n/10 DDS_DomainParticipantResourceLimitsQosPolicy,
 []


Underfull \hbox (badness 10000) in paragraph at lines 8630--8632
[]| \T1/phv/m/n/10 DDS_DomainParticipantResourceLimitsQosPolicy,
 []

[1084] [1085]
Underfull \hbox (badness 10000) in paragraph at lines 8810--8812
[]| \T1/phv/m/n/10 ZCOPY_NotifUserInterface_release_addressFunc,
 []


Underfull \hbox (badness 10000) in paragraph at lines 8812--8814
[]| \T1/phv/m/n/10 ZCOPY_NotifUserInterface_reserve_addressFunc,
 []


Underfull \hbox (badness 10000) in paragraph at lines 8823--8825
[]| \T1/phv/m/n/10 ZCOPY_LOG_NOTIF_DB_CREATE_RECORD_EC,
 []


Underfull \hbox (badness 10000) in paragraph at lines 8825--8826
[]| \T1/phv/m/n/10 ZCOPY_LOG_NOTIF_DB_CURSOR_NEXT_EC,
 []


Underfull \hbox (badness 10000) in paragraph at lines 8826--8828
[]| \T1/phv/m/n/10 ZCOPY_LOG_NOTIF_DB_DELETE_RECORD_EC,
 []


Underfull \hbox (badness 10000) in paragraph at lines 8828--8830
[]| \T1/phv/m/n/10 ZCOPY_LOG_NOTIF_DB_INSERT_RECORD_EC,
 []


Underfull \hbox (badness 10000) in paragraph at lines 8833--8835
[]| \T1/phv/m/n/10 ZCOPY_LOG_NOTIF_DB_SELECT_RECORD_EC,
 []


Underfull \hbox (badness 10000) in paragraph at lines 8835--8837
[]| \T1/phv/m/n/10 ZCOPY_LOG_NOTIF_DB_TABLE_CREATE_EC,
 []


Underfull \hbox (badness 10000) in paragraph at lines 8837--8839
[]| \T1/phv/m/n/10 ZCOPY_LOG_NOTIF_DB_TABLE_DELETE_EC,
 []


Overfull \hbox (22.72856pt too wide) in paragraph at lines 8840--8842
[]| \T1/phv/m/n/10 ZCOPY_LOG_NOTIF_GUID_BUFFER_TOO_SMALL_EC,
 []


Underfull \hbox (badness 10000) in paragraph at lines 8847--8849
[]| \T1/phv/m/n/10 ZCOPY_LOG_NOTIF_INVALID_NUM_SLOTS_EC,
 []


Underfull \hbox (badness 10000) in paragraph at lines 8851--8853
[]| \T1/phv/m/n/10 ZCOPY_LOG_NOTIF_INVALID_PROPERTY_EC,
 []


Overfull \hbox (15.97874pt too wide) in paragraph at lines 8853--8855
[]| \T1/phv/m/n/10 ZCOPY_LOG_NOTIF_MECHANISM_ADD_ROUTE_EC,
 []


Overfull \hbox (21.58557pt too wide) in paragraph at lines 8856--8858
[]| \T1/phv/m/n/10 ZCOPY_LOG_NOTIF_MECHANISM_CREATE_INST_EC,
 []


Overfull \hbox (31.98944pt too wide) in paragraph at lines 8858--8860
[]| \T1/phv/m/n/10 ZCOPY_LOG_NOTIF_MECHANISM_DELETE_ROUTE_EC,
 []


Overfull \hbox (32.67334pt too wide) in paragraph at lines 8860--8862
[]| \T1/phv/m/n/10 ZCOPY_LOG_NOTIF_MECHANISM_RELEASE_ADDR_EC,
 []


Overfull \hbox (33.71735pt too wide) in paragraph at lines 8862--8864
[]| \T1/phv/m/n/10 ZCOPY_LOG_NOTIF_MECHANISM_RESERVE_ADDR_EC,
 []


Underfull \hbox (badness 10000) in paragraph at lines 8864--8865
[]| \T1/phv/m/n/10 ZCOPY_LOG_NOTIF_MECHANISM_SEND_EC,
 []


Underfull \hbox (badness 10000) in paragraph at lines 8865--8867
[]| \T1/phv/m/n/10 ZCOPY_LOG_NOTIF_MECHANISM_UNBIND_EC,
 []


Underfull \hbox (badness 10000) in paragraph at lines 8868--8870
[]| \T1/phv/m/n/10 ZCOPY_LOG_NOTIF_NO_MORE_NOTIFIERS_EC,
 []


Underfull \hbox (badness 10000) in paragraph at lines 8871--8873
[]| \T1/phv/m/n/10 ZCOPY_LOG_NOTIF_NOTIFIEE_DESTROY_EC,
 []


Underfull \hbox (badness 10000) in paragraph at lines 8877--8879
[]| \T1/phv/m/n/10 ZCOPY_LOG_NOTIF_NOTIFIER_CONNECT_EC,
 []

[1086]
Underfull \hbox (badness 10000) in paragraph at lines 8884--8886
[]| \T1/phv/m/n/10 ZCOPY_LOG_NOTIF_RECEIVE_ON_EVENT_EC,
 []


Overfull \hbox (21.5225pt too wide) in paragraph at lines 8886--8888
[]| \T1/phv/m/n/10 ZCOPY_LOG_NOTIF_SLOT_ALREADY_ASSIGNED_EC,
 []


Underfull \hbox (badness 10000) in paragraph at lines 8891--8892
[]| \T1/phv/m/n/10 ZCOPY_LOG_NOTIF_THREAD_DESTROY_EC,
 []


Overfull \hbox (31.76434pt too wide) in paragraph at lines 8896--8898
[]| \T1/phv/m/n/10 ZCOPY_LOG_SHARED_MEM_POOL_OWNER_DEAD_EC,
 []

[1087

])
Package atveryend Info: Empty hook `BeforeClearDocument' on input line 474.
Package atveryend Info: Empty hook `AfterLastShipout' on input line 474.
 (./refman.aux)
Package atveryend Info: Executing hook `AtVeryEndDocument' on input line 474.
Package atveryend Info: Executing hook `AtEndAfterFileList' on input line 474.
Package rerunfilecheck Info: File `refman.out' has not changed.
(rerunfilecheck)             Checksum: 8FDAE2DC01DAA61D42301F8CC38A1EFA;169607.

 ) 
Here is how much of TeX's memory you used:
 31211 strings out of 480994
 752827 string characters out of 5915061
 1668285 words of memory out of 5000000
 36953 multiletter control sequences out of 15000+600000
 594788 words of font info for 113 fonts, out of 8000000 for 9000
 1141 hyphenation exceptions out of 8191
 55i,17n,96p,3788b,763s stack positions out of 5000i,500n,10000p,200000b,80000s
pdfTeX warning (dest): name{group__DDSWireProtocolQosModule_ga5dec5b80bd3efbf
65ab1b5b2640b2ec1a74c5028e0747356f719a0660c3089bec} has been referenced but doe
s not exist, replaced by a fixed one

{/opt/texlive/2019/texmf-dist/fonts/enc/dvips/base/8r.enc}</opt/texlive/2019/te
xmf-dist/fonts/type1/public/amsfonts/cm/cmmi10.pfb></opt/texlive/2019/texmf-dis
t/fonts/type1/public/amsfonts/cm/cmmi7.pfb></opt/texlive/2019/texmf-dist/fonts/
type1/public/amsfonts/cm/cmmi8.pfb></opt/texlive/2019/texmf-dist/fonts/type1/pu
blic/amsfonts/cm/cmmi9.pfb></opt/texlive/2019/texmf-dist/fonts/type1/public/ams
fonts/cm/cmsy10.pfb></opt/texlive/2019/texmf-dist/fonts/type1/public/amsfonts/c
m/cmsy6.pfb></opt/texlive/2019/texmf-dist/fonts/type1/public/amsfonts/cm/cmsy7.
pfb></opt/texlive/2019/texmf-dist/fonts/type1/public/amsfonts/cm/cmsy8.pfb></op
t/texlive/2019/texmf-dist/fonts/type1/public/amsfonts/cm/cmsy9.pfb></opt/texliv
e/2019/texmf-dist/fonts/type1/urw/courier/ucrb8a.pfb></opt/texlive/2019/texmf-d
ist/fonts/type1/urw/courier/ucrr8a.pfb></opt/texlive/2019/texmf-dist/fonts/type
1/urw/courier/ucrro8a.pfb></opt/texlive/2019/texmf-dist/fonts/type1/urw/helveti
c/uhvb8a.pfb></opt/texlive/2019/texmf-dist/fonts/type1/urw/helvetic/uhvb8ac.pfb
></opt/texlive/2019/texmf-dist/fonts/type1/urw/helvetic/uhvbo8a.pfb></opt/texli
ve/2019/texmf-dist/fonts/type1/urw/helvetic/uhvr8a.pfb></opt/texlive/2019/texmf
-dist/fonts/type1/urw/helvetic/uhvro8a.pfb>
Output written on refman.pdf (1106 pages, 3164499 bytes).
PDF statistics:
 43171 PDF objects out of 45951 (max. 8388607)
 39828 compressed objects within 399 object streams
 8661 named destinations out of 8907 (max. 500000)
 5848 words of extra memory for PDF output out of 10000 (max. 10000000)

