This is pdfTeX, Version 3.14159265-2.6-1.40.20 (TeX Live 2019) (preloaded format=pdflatex 2024.3.11)  30 MAR 2026 22:57
entering extended mode
 restricted \write18 enabled.
 %&-line parsing enabled.
**refman
(./refman.tex
LaTeX2e <2020-02-02> patch level 5
L3 programming layer <2020-02-25>
(/opt/texlive/2019/texmf-dist/tex/generic/iftex/iftex.sty
Package: iftex 2019/11/07 v1.0c TeX engine tests
)
(/opt/texlive/2019/texmf-dist/tex/latex/base/article.cls
Document Class: article 2019/12/20 v1.4l Standard LaTeX document class
(/opt/texlive/2019/texmf-dist/tex/latex/base/size10.clo
File: size10.clo 2019/12/20 v1.4l Standard LaTeX file (size option)
)
\c@part=\count167
\c@section=\count168
\c@subsection=\count169
\c@subsubsection=\count170
\c@paragraph=\count171
\c@subparagraph=\count172
\c@figure=\count173
\c@table=\count174
\abovecaptionskip=\skip47
\belowcaptionskip=\skip48
\bibindent=\dimen134
)
(/opt/texlive/2019/texmf-dist/tex/latex/base/ifthen.sty
Package: ifthen 2014/09/29 v1.1c Standard LaTeX ifthen package (DPC)
)
(/opt/texlive/2019/texmf-dist/tex/latex/tools/array.sty
Rollback for package 'array' requested -> date 2016-10-06.
         Best approximation is the release introduced on 2016-10-06.

(/opt/texlive/2019/texmf-dist/tex/latex/tools/array-2016-10-06.sty
Package: array 2016/10/06 v2.4d Tabular extension package (FMi)
\col@sep=\dimen135
\extrarowheight=\dimen136
\NC@list=\toks15
\extratabsurround=\skip49
\backup@length=\skip50
))
(/opt/texlive/2019/texmf-dist/tex/generic/infwarerr/infwarerr.sty
package info suppressed
)
(./doxygen.sty
Package: doxygen 
 (/opt/texlive/2019/texmf-dist/tex/latex/base/alltt.sty
Package: alltt 1997/06/16 v2.0g defines alltt environment
)
(/opt/texlive/2019/texmf-dist/tex/latex/tools/calc.sty
Package: calc 2017/05/25 v4.3 Infix arithmetic (KKT,FJ)
\calc@Acount=\count175
\calc@Bcount=\count176
\calc@Adimen=\dimen137
\calc@Bdimen=\dimen138
\calc@Askip=\skip51
\calc@Bskip=\skip52
LaTeX Info: Redefining \setlength on input line 80.
LaTeX Info: Redefining \addtolength on input line 81.
\calc@Ccount=\count177
\calc@Cskip=\skip53
)
(/opt/texlive/2019/texmf-dist/tex/latex/float/float.sty
Package: float 2001/11/08 v1.3d Float enhancements (AL)
\c@float@type=\count178
\float@exts=\toks16
\float@box=\box45
\@float@everytoks=\toks17
\@floatcapt=\box46
)
(/opt/texlive/2019/texmf-dist/tex/latex/tools/verbatim.sty
Package: verbatim 2019/11/10 v1.5r LaTeX2e package for verbatim enhancements
\every@verbatim=\toks18
\verbatim@line=\toks19
\verbatim@in@stream=\read2
)
(/opt/texlive/2019/texmf-dist/tex/latex/xcolor/xcolor.sty
Package: xcolor 2016/05/11 v2.12 LaTeX color extensions (UK)

(/opt/texlive/2019/texmf-dist/tex/latex/graphics-cfg/color.cfg
File: color.cfg 2016/01/02 v1.6 sample color configuration
)
Package xcolor Info: Driver file: pdftex.def on input line 225.

(/opt/texlive/2019/texmf-dist/tex/latex/graphics-def/pdftex.def
File: pdftex.def 2018/01/08 v1.0l Graphics/color driver for pdftex
)
(/opt/texlive/2019/texmf-dist/tex/latex/colortbl/colortbl.sty
Package: colortbl 2020/01/04 v1.0e Color table columns (DPC)
\everycr=\toks20
\minrowclearance=\skip54
)
\rownum=\count179
Package xcolor Info: Model `cmy' substituted by `cmy0' on input line 1348.
Package xcolor Info: Model `hsb' substituted by `rgb' on input line 1352.
Package xcolor Info: Model `RGB' extended on input line 1364.
Package xcolor Info: Model `HTML' substituted by `rgb' on input line 1366.
Package xcolor Info: Model `Hsb' substituted by `hsb' on input line 1367.
Package xcolor Info: Model `tHsb' substituted by `hsb' on input line 1368.
Package xcolor Info: Model `HSB' substituted by `hsb' on input line 1369.
Package xcolor Info: Model `Gray' substituted by `gray' on input line 1370.
Package xcolor Info: Model `wave' substituted by `hsb' on input line 1371.
)
(./longtable_doxygen.sty
Package: longtable_doxygen 2014/10/28 v4.11 Multi-page Table package (DPC) - fr
ozen version for doxygen
\LTleft=\skip55
\LTright=\skip56
\LTpre=\skip57
\LTpost=\skip58
\LTchunksize=\count180
\LTcapwidth=\dimen139
\LT@head=\box47
\LT@firsthead=\box48
\LT@foot=\box49
\LT@lastfoot=\box50
\LT@cols=\count181
\LT@rows=\count182
\c@LT@tables=\count183
\c@LT@chunks=\count184
\LT@p@ftn=\toks21
) (./tabu_doxygen.sty
Package: tabu_doxygen 2011/02/26 v2.8 - flexible LaTeX tabulars (FC), frozen ve
rsion for doxygen

(/opt/texlive/2019/texmf-dist/tex/latex/varwidth/varwidth.sty
Package: varwidth 2009/03/30 ver 0.92;  Variable-width minipages
\@vwid@box=\box51
\sift@deathcycles=\count185
\@vwid@loff=\dimen140
\@vwid@roff=\dimen141
)
\c@taburow=\count186
\tabu@nbcols=\count187
\tabu@cnt=\count188
\tabu@Xcol=\count189
\tabu@alloc=\count190
\tabu@nested=\count191
\tabu@target=\dimen142
\tabu@spreadtarget=\dimen143
\tabu@naturalX=\dimen144
\tabucolX=\dimen145
\tabu@Xsum=\dimen146
\extrarowdepth=\dimen147
\abovetabulinesep=\dimen148
\belowtabulinesep=\dimen149
\tabustrutrule=\dimen150
\tabu@thebody=\toks22
\tabu@footnotes=\toks23
\tabu@box=\box52
\tabu@arstrutbox=\box53
\tabu@hleads=\box54
\tabu@vleads=\box55
\tabu@cellskip=\skip59
)
(/opt/texlive/2019/texmf-dist/tex/latex/fancyvrb/fancyvrb.sty
Package: fancyvrb 2020/01/13 v3.5 verbatim text (tvz,hv)

(/opt/texlive/2019/texmf-dist/tex/latex/graphics/keyval.sty
Package: keyval 2014/10/28 v1.15 key=value parser (DPC)
\KV@toks@=\toks24
)
\FV@CodeLineNo=\count192
\FV@InFile=\read3
\FV@TabBox=\box56
\c@FancyVerbLine=\count193
\FV@StepNumber=\count194
\FV@OutFile=\write3
)
(/opt/texlive/2019/texmf-dist/tex/latex/tools/tabularx.sty
Package: tabularx 2020/01/15 v2.11c `tabularx' package (DPC)
\TX@col@width=\dimen151
\TX@old@table=\dimen152
\TX@old@col=\dimen153
\TX@target=\dimen154
\TX@delta=\dimen155
\TX@cols=\count195
\TX@ftn=\toks25
)
(/opt/texlive/2019/texmf-dist/tex/latex/tools/multicol.sty
Package: multicol 2019/12/09 v1.8y multicolumn formatting (FMi)
\c@tracingmulticols=\count196
\mult@box=\box57
\multicol@leftmargin=\dimen156
\c@unbalance=\count197
\c@collectmore=\count198
\doublecol@number=\count199
\multicoltolerance=\count266
\multicolpretolerance=\count267
\full@width=\dimen157
\page@free=\dimen158
\premulticols=\dimen159
\postmulticols=\dimen160
\multicolsep=\skip60
\multicolbaselineskip=\skip61
\partial@page=\box58
\last@line=\box59
\maxbalancingoverflow=\dimen161
\mult@rightbox=\box60
\mult@grightbox=\box61
\mult@gfirstbox=\box62
\mult@firstbox=\box63
\@tempa=\box64
\@tempa=\box65
\@tempa=\box66
\@tempa=\box67
\@tempa=\box68
\@tempa=\box69
\@tempa=\box70
\@tempa=\box71
\@tempa=\box72
\@tempa=\box73
\@tempa=\box74
\@tempa=\box75
\@tempa=\box76
\@tempa=\box77
\@tempa=\box78
\@tempa=\box79
\@tempa=\box80
\@tempa=\box81
\@tempa=\box82
\@tempa=\box83
\@tempa=\box84
\@tempa=\box85
\@tempa=\box86
\@tempa=\box87
\@tempa=\box88
\@tempa=\box89
\@tempa=\box90
\@tempa=\box91
\@tempa=\box92
\@tempa=\box93
\@tempa=\box94
\@tempa=\box95
\@tempa=\box96
\@tempa=\box97
\@tempa=\box98
\@tempa=\box99
\@tempa=\box100
\c@minrows=\count268
\c@columnbadness=\count269
\c@finalcolumnbadness=\count270
\last@try=\dimen162
\multicolovershoot=\dimen163
\multicolundershoot=\dimen164
\mult@nat@firstbox=\box101
\colbreak@box=\box102
\mc@col@check@num=\count271
)
(/opt/texlive/2019/texmf-dist/tex/latex/multirow/multirow.sty
Package: multirow 2019/05/31 v2.5 Span multiple rows of a table
\multirow@colwidth=\skip62
\multirow@cntb=\count272
\multirow@dima=\skip63
\bigstrutjot=\dimen165
)
(/opt/texlive/2019/texmf-dist/tex/latex/hanging/hanging.sty
Package: hanging 2009/09/02 v1.2b hanging paragraphs and punctuation
\h@ngcommawd=\skip64
\h@ngfstopwd=\skip65
\h@ngquotewd=\skip66
\h@ngdquotewd=\skip67
\h@ngquerywd=\skip68
\h@ngexclwd=\skip69
\h@ngcolonwd=\skip70
\h@ngscolonwd=\skip71
)
(/opt/texlive/2019/texmf-dist/tex/generic/iftex/ifpdf.sty
Package: ifpdf 2019/10/25 v3.4 ifpdf legacy package. Use iftex instead.
)
(/opt/texlive/2019/texmf-dist/tex/latex/adjustbox/adjustbox.sty
Package: adjustbox 2019/01/04 v1.2 Adjusting TeX boxes (trim, clip, ...)

(/opt/texlive/2019/texmf-dist/tex/latex/xkeyval/xkeyval.sty
Package: xkeyval 2014/12/03 v2.7a package option processing (HA)

(/opt/texlive/2019/texmf-dist/tex/generic/xkeyval/xkeyval.tex
(/opt/texlive/2019/texmf-dist/tex/generic/xkeyval/xkvutils.tex
\XKV@toks=\toks26
\XKV@tempa@toks=\toks27
)
\XKV@depth=\count273
File: xkeyval.tex 2014/12/03 v2.7a key=value parser (HA)
))
(/opt/texlive/2019/texmf-dist/tex/latex/adjustbox/adjcalc.sty
Package: adjcalc 2012/05/16 v1.1 Provides advanced setlength with multiple back
-ends (calc, etex, pgfmath)
)
(/opt/texlive/2019/texmf-dist/tex/latex/adjustbox/trimclip.sty
Package: trimclip 2018/04/08 v1.1 Trim and clip general TeX material

(/opt/texlive/2019/texmf-dist/tex/latex/graphics/graphicx.sty
Package: graphicx 2019/11/30 v1.2a Enhanced LaTeX Graphics (DPC,SPQR)

(/opt/texlive/2019/texmf-dist/tex/latex/graphics/graphics.sty
Package: graphics 2019/11/30 v1.4a Standard LaTeX Graphics (DPC,SPQR)

(/opt/texlive/2019/texmf-dist/tex/latex/graphics/trig.sty
Package: trig 2016/01/03 v1.10 sin cos tan (DPC)
)
(/opt/texlive/2019/texmf-dist/tex/latex/graphics-cfg/graphics.cfg
File: graphics.cfg 2016/06/04 v1.11 sample graphics configuration
)
Package graphics Info: Driver file: pdftex.def on input line 105.
)
\Gin@req@height=\dimen166
\Gin@req@width=\dimen167
)
(/opt/texlive/2019/texmf-dist/tex/latex/collectbox/collectbox.sty
Package: collectbox 2012/05/17 v0.4b Collect macro arguments as boxes
\collectedbox=\box103
)
\tc@llx=\dimen168
\tc@lly=\dimen169
\tc@urx=\dimen170
\tc@ury=\dimen171
Package trimclip Info: Using driver 'tc-pdftex.def'.

(/opt/texlive/2019/texmf-dist/tex/latex/adjustbox/tc-pdftex.def
File: tc-pdftex.def 2019/01/04 v2.2 Clipping driver for pdftex
))
\adjbox@Width=\dimen172
\adjbox@Height=\dimen173
\adjbox@Depth=\dimen174
\adjbox@Totalheight=\dimen175
\adjbox@pwidth=\dimen176
\adjbox@pheight=\dimen177
\adjbox@pdepth=\dimen178
\adjbox@ptotalheight=\dimen179

(/opt/texlive/2019/texmf-dist/tex/latex/ifoddpage/ifoddpage.sty
Package: ifoddpage 2016/04/23 v1.1 Conditionals for odd/even page detection
\c@checkoddpage=\count274
))
(/opt/texlive/2019/texmf-dist/tex/latex/amsfonts/amssymb.sty
Package: amssymb 2013/01/14 v3.01 AMS font symbols

(/opt/texlive/2019/texmf-dist/tex/latex/amsfonts/amsfonts.sty
Package: amsfonts 2013/01/14 v3.01 Basic AMSFonts support
\@emptytoks=\toks28
\symAMSa=\mathgroup4
\symAMSb=\mathgroup5
LaTeX Font Info:    Redeclaring math symbol \hbar on input line 98.
LaTeX Font Info:    Overwriting math alphabet `\mathfrak' in version `bold'
(Font)                  U/euf/m/n --> U/euf/b/n on input line 106.
))
(/opt/texlive/2019/texmf-dist/tex/latex/stackengine/stackengine.sty
Package: stackengine 2017/02/13 v4.01\ Stacking text and objects in convenient 
ways

(/opt/texlive/2019/texmf-dist/tex/latex/etoolbox/etoolbox.sty
Package: etoolbox 2019/09/21 v2.5h e-TeX tools for LaTeX (JAW)
\etb@tempcnta=\count275
)
(/opt/texlive/2019/texmf-dist/tex/generic/listofitems/listofitems.sty
(/opt/texlive/2019/texmf-dist/tex/generic/listofitems/listofitems.tex
\loi_cnt_foreach_nest=\count276
\loi_nestcnt=\count277
)
Package: listofitems 2019/08/21 v1.63 Grab items in lists using user-specified 
sep char (CT)
)
\c@@stackindex=\count278
\@boxshift=\skip72
\stack@tmplength=\skip73
\temp@stkl=\skip74
\@stackedboxwidth=\skip75
\@addedbox=\box104
\@anchorbox=\box105
\stackedbox=\box106
\@centerbox=\box107
\c@ROWcellindex@=\count279
)
(/opt/texlive/2019/texmf-dist/tex/latex/enumitem/enumitem.sty
Package: enumitem 2019/06/20 v3.9 Customized lists
\labelindent=\skip76
\enit@outerparindent=\dimen180
\enit@toks=\toks29
\enit@inbox=\box108
\enit@count@id=\count280
\enitdp@description=\count281
)
(/opt/texlive/2019/texmf-dist/tex/generic/alphalph/alphalph.sty
Package: alphalph 2019/12/09 v2.6 Convert numbers to letters (HO)

(/opt/texlive/2019/texmf-dist/tex/generic/intcalc/intcalc.sty
Package: intcalc 2019/12/15 v1.3 Expandable calculations with integers (HO)
))
(/opt/texlive/2019/texmf-dist/tex/generic/ulem/ulem.sty
\UL@box=\box109
\UL@hyphenbox=\box110
\UL@skip=\skip77
\UL@hook=\toks30
\UL@height=\dimen181
\UL@pe=\count282
\UL@pixel=\dimen182
\ULC@box=\box111
Package: ulem 2019/11/18
\ULdepth=\dimen183
)
\xrefbox=\box112
\xreflength=\skip78
\CodeWidthChar=\skip79
\CodeHeightChar=\skip80
\DoxyCodeWidth=\skip81
\c@DoxyEnumeratei=\count283
\c@DoxyEnumerateii=\count284
\c@DoxyEnumerateiii=\count285
\c@DoxyEnumerateiv=\count286
\c@DoxyEnumeratev=\count287
\c@DoxyEnumeratevi=\count288
\c@DoxyEnumeratevii=\count289
\c@DoxyEnumerateviii=\count290
\c@DoxyEnumerateix=\count291
\c@DoxyEnumeratex=\count292
\c@DoxyEnumeratexi=\count293
\c@DoxyEnumeratexii=\count294
\enitdp@DoxyEnumerate=\count295
\enitdp@DoxyItemize=\count296
\c@subsubsubsection=\count297
\c@subsubsubsubsection=\count298
\c@subsubsubsubsubsection=\count299
\c@subsubsubsubsubsubsection=\count300
\c@subsubsubsubsubsubsubsection=\count301
)
(/opt/texlive/2019/texmf-dist/tex/latex/base/inputenc.sty
Package: inputenc 2018/08/11 v1.3c Input encoding file
\inpenc@prehook=\toks31
\inpenc@posthook=\toks32
)
(/opt/texlive/2019/texmf-dist/tex/latex/base/makeidx.sty
Package: makeidx 2014/09/29 v1.0m Standard LaTeX package
)
(/opt/texlive/2019/texmf-dist/tex/latex/base/textcomp.sty
Package: textcomp 2020/02/02 v2.0n Standard LaTeX package
)
(/opt/texlive/2019/texmf-dist/tex/latex/wasysym/wasysym.sty
Package: wasysym 2020/01/19 v2.4 Wasy-2 symbol support package
\symwasy=\mathgroup6
LaTeX Font Info:    Overwriting symbol font `wasy' in version `bold'
(Font)                  U/wasy/m/n --> U/wasy/b/n on input line 93.
)
(/opt/texlive/2019/texmf-dist/tex/generic/iftex/ifxetex.sty
Package: ifxetex 2019/10/25 v0.7 ifxetex legacy package. Use iftex instead.
)
(/opt/texlive/2019/texmf-dist/tex/latex/base/fontenc.sty
Package: fontenc 2020/02/11 v2.0o Standard LaTeX package
)
(/opt/texlive/2019/texmf-dist/tex/latex/psnfss/helvet.sty
Package: helvet 2005/04/12 PSNFSS-v9.2a (WaS) 
)
(/opt/texlive/2019/texmf-dist/tex/latex/psnfss/courier.sty
Package: courier 2005/04/12 PSNFSS-v9.2a (WaS) 
)
(/opt/texlive/2019/texmf-dist/tex/latex/geometry/geometry.sty
Package: geometry 2020/01/02 v5.9 Page Geometry

(/opt/texlive/2019/texmf-dist/tex/generic/iftex/ifvtex.sty
Package: ifvtex 2019/10/25 v1.7 ifvtex legacy package. Use iftex instead.
)
\Gm@cnth=\count302
\Gm@cntv=\count303
\c@Gm@tempcnt=\count304
\Gm@bindingoffset=\dimen184
\Gm@wd@mp=\dimen185
\Gm@odd@mp=\dimen186
\Gm@even@mp=\dimen187
\Gm@layoutwidth=\dimen188
\Gm@layoutheight=\dimen189
\Gm@layouthoffset=\dimen190
\Gm@layoutvoffset=\dimen191
\Gm@dimlist=\toks33
)
(/opt/texlive/2019/texmf-dist/tex/latex/changepage/changepage.sty
Package: changepage 2009/10/20 v1.0c check page and change page layout
\c@cp@cntr=\count305
\cp@tempcnt=\count306
LaTeX Info: Redefining \checkoddpage on input line 59.
)
(/opt/texlive/2019/texmf-dist/tex/latex/fancyhdr/fancyhdr.sty
Package: fancyhdr 2019/01/31 v3.10 Extensive control of page headers and footer
s
\f@nch@headwidth=\skip82
\f@nch@O@elh=\skip83
\f@nch@O@erh=\skip84
\f@nch@O@olh=\skip85
\f@nch@O@orh=\skip86
\f@nch@O@elf=\skip87
\f@nch@O@erf=\skip88
\f@nch@O@olf=\skip89
\f@nch@O@orf=\skip90
)
(/opt/texlive/2019/texmf-dist/tex/latex/natbib/natbib.sty
Package: natbib 2010/09/13 8.31b (PWD, AO)
\bibhang=\skip91
\bibsep=\skip92
LaTeX Info: Redefining \cite on input line 694.
\c@NAT@ctr=\count307
)
(/opt/texlive/2019/texmf-dist/tex/latex/tocloft/tocloft.sty
Package: tocloft 2017/08/31 v2.3i parameterised ToC, etc., typesetting
Package tocloft Info: The document has section divisions on input line 51.
\cftparskip=\skip93
\cftbeforetoctitleskip=\skip94
\cftaftertoctitleskip=\skip95
\cftbeforepartskip=\skip96
\cftpartnumwidth=\skip97
\cftpartindent=\skip98
\cftbeforesecskip=\skip99
\cftsecindent=\skip100
\cftsecnumwidth=\skip101
\cftbeforesubsecskip=\skip102
\cftsubsecindent=\skip103
\cftsubsecnumwidth=\skip104
\cftbeforesubsubsecskip=\skip105
\cftsubsubsecindent=\skip106
\cftsubsubsecnumwidth=\skip107
\cftbeforeparaskip=\skip108
\cftparaindent=\skip109
\cftparanumwidth=\skip110
\cftbeforesubparaskip=\skip111
\cftsubparaindent=\skip112
\cftsubparanumwidth=\skip113
\cftbeforeloftitleskip=\skip114
\cftafterloftitleskip=\skip115
\cftbeforefigskip=\skip116
\cftfigindent=\skip117
\cftfignumwidth=\skip118
\c@lofdepth=\count308
\c@lotdepth=\count309
\cftbeforelottitleskip=\skip119
\cftafterlottitleskip=\skip120
\cftbeforetabskip=\skip121
\cfttabindent=\skip122
\cfttabnumwidth=\skip123
)
\@indexfile=\write4
\openout4 = `refman.idx'.


Writing index file refman.idx
(/opt/texlive/2019/texmf-dist/tex/latex/newunicodechar/newunicodechar.sty
Package: newunicodechar 2018/04/08 v1.2 Defining Unicode characters
)
(/opt/texlive/2019/texmf-dist/tex/latex/hyperref/hyperref.sty
Package: hyperref 2020/01/14 v7.00d Hypertext links for LaTeX

(/opt/texlive/2019/texmf-dist/tex/generic/ltxcmds/ltxcmds.sty
Package: ltxcmds 2019/12/15 v1.24 LaTeX kernel commands for general use (HO)
)
(/opt/texlive/2019/texmf-dist/tex/latex/pdftexcmds/pdftexcmds.sty
Package: pdftexcmds 2019/11/24 v0.31 Utility functions of pdfTeX for LuaTeX (HO
)
Package pdftexcmds Info: \pdf@primitive is available.
Package pdftexcmds Info: \pdf@ifprimitive is available.
Package pdftexcmds Info: \pdfdraftmode found.
)
(/opt/texlive/2019/texmf-dist/tex/generic/kvsetkeys/kvsetkeys.sty
Package: kvsetkeys 2019/12/15 v1.18 Key value parser (HO)
)
(/opt/texlive/2019/texmf-dist/tex/generic/kvdefinekeys/kvdefinekeys.sty
Package: kvdefinekeys 2019-12-19 v1.6 Define keys (HO)
)
(/opt/texlive/2019/texmf-dist/tex/generic/pdfescape/pdfescape.sty
Package: pdfescape 2019/12/09 v1.15 Implements pdfTeX's escape features (HO)
)
(/opt/texlive/2019/texmf-dist/tex/latex/hycolor/hycolor.sty
Package: hycolor 2020-01-27 v1.10 Color options for hyperref/bookmark (HO)
)
(/opt/texlive/2019/texmf-dist/tex/latex/letltxmacro/letltxmacro.sty
Package: letltxmacro 2019/12/03 v1.6 Let assignment for LaTeX macros (HO)
)
(/opt/texlive/2019/texmf-dist/tex/latex/auxhook/auxhook.sty
Package: auxhook 2019-12-17 v1.6 Hooks for auxiliary files (HO)
)
(/opt/texlive/2019/texmf-dist/tex/latex/kvoptions/kvoptions.sty
Package: kvoptions 2019/11/29 v3.13 Key value format for package options (HO)
)
\@linkdim=\dimen192
\Hy@linkcounter=\count310
\Hy@pagecounter=\count311

(/opt/texlive/2019/texmf-dist/tex/latex/hyperref/pd1enc.def
File: pd1enc.def 2020/01/14 v7.00d Hyperref: PDFDocEncoding definition (HO)
Now handling font encoding PD1 ...
... no UTF-8 mapping file for font encoding PD1
)
(/opt/texlive/2019/texmf-dist/tex/generic/etexcmds/etexcmds.sty
Package: etexcmds 2019/12/15 v1.7 Avoid name clashes with e-TeX commands (HO)
)
\Hy@SavedSpaceFactor=\count312
\pdfmajorversion=\count313
Package hyperref Info: Hyper figures OFF on input line 4547.
Package hyperref Info: Link nesting OFF on input line 4552.
Package hyperref Info: Hyper index ON on input line 4555.
Package hyperref Info: Plain pages OFF on input line 4562.
Package hyperref Info: Backreferencing ON on input line 4565.
Package hyperref Info: Implicit mode ON; LaTeX internals redefined.
Package hyperref Info: Bookmarks ON on input line 4800.

(/opt/texlive/2019/texmf-dist/tex/latex/hyperref/backref.sty
Package: backref 2020/01/14 v1.40 Bibliographical back referencing

(/opt/texlive/2019/texmf-dist/tex/latex/rerunfilecheck/rerunfilecheck.sty
Package: rerunfilecheck 2019/12/05 v1.9 Rerun checks for auxiliary files (HO)

(/opt/texlive/2019/texmf-dist/tex/latex/atveryend/atveryend.sty
Package: atveryend 2019-12-11 v1.11 Hooks at the very end of document (HO)
)
(/opt/texlive/2019/texmf-dist/tex/generic/uniquecounter/uniquecounter.sty
Package: uniquecounter 2019/12/15 v1.4 Provide unlimited unique counter (HO)

(/opt/texlive/2019/texmf-dist/tex/generic/bigintcalc/bigintcalc.sty
Package: bigintcalc 2019/12/15 v1.5 Expandable calculations on big integers (HO
)
))
Package uniquecounter Info: New unique counter `rerunfilecheck' on input line 2
86.
))
\c@Hy@tempcnt=\count314

(/opt/texlive/2019/texmf-dist/tex/latex/url/url.sty
\Urlmuskip=\muskip16
Package: url 2013/09/16  ver 3.4  Verb mode for urls, etc.
)
LaTeX Info: Redefining \url on input line 5159.
\XeTeXLinkMargin=\dimen193

(/opt/texlive/2019/texmf-dist/tex/generic/bitset/bitset.sty
Package: bitset 2019/12/09 v1.3 Handle bit-vector datatype (HO)
)
\Fld@menulength=\count315
\Field@Width=\dimen194
\Fld@charsize=\dimen195
Package hyperref Info: Hyper figures OFF on input line 6430.
Package hyperref Info: Link nesting OFF on input line 6435.
Package hyperref Info: Hyper index ON on input line 6438.
Package hyperref Info: backreferencing ON on input line 6443.
Package hyperref Info: Link coloring OFF on input line 6450.
Package hyperref Info: Link coloring with OCG OFF on input line 6455.
Package hyperref Info: PDF/A mode OFF on input line 6460.
LaTeX Info: Redefining \ref on input line 6500.
LaTeX Info: Redefining \pageref on input line 6504.

(/opt/texlive/2019/texmf-dist/tex/generic/atbegshi/atbegshi.sty
Package: atbegshi 2019/12/05 v1.19 At begin shipout hook (HO)
)
\Hy@abspage=\count316
\c@Item=\count317
\c@Hfootnote=\count318


LaTeX Warning: Command \LT@p@ftntext  has changed.
               Check if current package is valid.

)
Package hyperref Info: Driver: hpdftex.
 (/opt/texlive/2019/texmf-dist/tex/latex/hyperref/hpdftex.def
File: hpdftex.def 2020/01/14 v7.00d Hyperref driver for pdfTeX
\Fld@listcount=\count319
\c@bookmark@seq@number=\count320
\Hy@SectionHShift=\skip124
)
Package hyperref Info: Option `colorlinks' set `true' on input line 186.
Package hyperref Info: Option `unicode' set `true' on input line 186.

(/opt/texlive/2019/texmf-dist/tex/latex/hyperref/puenc.def
File: puenc.def 2020/01/14 v7.00d Hyperref: PDF Unicode definition (HO)
Now handling font encoding PU ...
... no UTF-8 mapping file for font encoding PU
)
(/opt/texlive/2019/texmf-dist/tex/latex/caption/caption.sty
Package: caption 2020/01/03 v3.4h Customizing captions (AR)

(/opt/texlive/2019/texmf-dist/tex/latex/caption/caption3.sty
Package: caption3 2020/01/03 v1.8h caption3 kernel (AR)
Package caption3 Info: TeX engine: e-TeX on input line 61.
\captionmargin=\dimen196
\captionmargin@=\dimen197
\captionwidth=\dimen198
\caption@tempdima=\dimen199
\caption@indent=\dimen256
\caption@parindent=\dimen257
\caption@hangindent=\dimen258
Package caption Info: Standard document class detected.
)
\c@caption@flags=\count321
\c@continuedfloat=\count322
Package caption Info: float package is loaded.
Package caption Info: hyperref package is loaded.
Package caption Info: longtable package is loaded.

(/opt/texlive/2019/texmf-dist/tex/latex/caption/ltcaption.sty
Package: ltcaption 2018/08/26 v1.4a longtable captions (AR)
))
(./etoc_doxygen.sty
Package: etoc_doxygen 2023/07/01 v1.2b Completely customisable TOCs (JFB)
Package etoc Info: Old LaTeX (2020-02-02) detected!
(etoc)             Since 1.1a (2023/01/14), etoc prefers LaTeX at least
(etoc)             as recent as 2020-10-01, for reasons of the .toc file,
(etoc)             and used to require it (from 1.1a to 1.2).
(etoc)             This etoc (1.2b) does not *require* it, but has not been
(etoc)             tested thoroughly on old LaTeX (especially if document
(etoc)             does not use hyperref) and retrofitting was done only
(etoc)             on basis of author partial remembrances of old context.
(etoc)             Reported on input line 46.
\Etoc@toctoks=\toks34
\c@etoc@tocid=\count323
\etoc@framed@titlebox=\box113
\etoc@framed@contentsbox=\box114
)
(/opt/texlive/2019/texmf-dist/tex/latex/l3backend/l3backend-pdfmode.def
File: l3backend-pdfmode.def 2020-02-23 L3 backend support: PDF mode
\l__kernel_color_stack_int=\count324
\l__pdf_internal_box=\box115
)
(./refman.aux)
\openout1 = `refman.aux'.

LaTeX Font Info:    Checking defaults for OML/cmm/m/it on input line 208.
LaTeX Font Info:    ... okay on input line 208.
LaTeX Font Info:    Checking defaults for OMS/cmsy/m/n on input line 208.
LaTeX Font Info:    ... okay on input line 208.
LaTeX Font Info:    Checking defaults for OT1/cmr/m/n on input line 208.
LaTeX Font Info:    ... okay on input line 208.
LaTeX Font Info:    Checking defaults for T1/cmr/m/n on input line 208.
LaTeX Font Info:    ... okay on input line 208.
LaTeX Font Info:    Checking defaults for TS1/cmr/m/n on input line 208.
LaTeX Font Info:    ... okay on input line 208.
LaTeX Font Info:    Checking defaults for OMX/cmex/m/n on input line 208.
LaTeX Font Info:    ... okay on input line 208.
LaTeX Font Info:    Checking defaults for U/cmr/m/n on input line 208.
LaTeX Font Info:    ... okay on input line 208.
LaTeX Font Info:    Checking defaults for PD1/pdf/m/n on input line 208.
LaTeX Font Info:    ... okay on input line 208.
LaTeX Font Info:    Checking defaults for PU/pdf/m/n on input line 208.
LaTeX Font Info:    ... okay on input line 208.
LaTeX Font Info:    Trying to load font information for T1+phv on input line 20
8.
 (/opt/texlive/2019/texmf-dist/tex/latex/psnfss/t1phv.fd
File: t1phv.fd 2001/06/04 scalable font definitions for T1/phv.


LaTeX Warning: Font shape declaration has incorrect series value `mc'.
               It should not contain an `m'! Please correct it.
               Found on input line 20.


LaTeX Warning: Font shape declaration has incorrect series value `mc'.
               It should not contain an `m'! Please correct it.
               Found on input line 23.


LaTeX Warning: Font shape declaration has incorrect series value `mc'.
               It should not contain an `m'! Please correct it.
               Found on input line 26.


LaTeX Warning: Font shape declaration has incorrect series value `mc'.
               It should not contain an `m'! Please correct it.
               Found on input line 46.

)
LaTeX Font Info:    Font shape `T1/phv/m/n' will be
(Font)              scaled to size 8.99994pt on input line 208.
 (/opt/texlive/2019/texmf-dist/tex/context/base/mkii/supp-pdf.mkii
[Loading MPS to PDF converter (version 2006.09.02).]
\scratchcounter=\count325
\scratchdimen=\dimen259
\scratchbox=\box116
\nofMPsegments=\count326
\nofMParguments=\count327
\everyMPshowfont=\toks35
\MPscratchCnt=\count328
\MPscratchDim=\dimen260
\MPnumerator=\count329
\makeMPintoPDFobject=\count330
\everyMPtoPDFconversion=\toks36
) (/opt/texlive/2019/texmf-dist/tex/latex/epstopdf-pkg/epstopdf-base.sty
Package: epstopdf-base 2020-01-24 v2.11 Base part for package epstopdf
Package epstopdf-base Info: Redefining graphics rule for `.eps' on input line 4
85.

(/opt/texlive/2019/texmf-dist/tex/latex/latexconfig/epstopdf-sys.cfg
File: epstopdf-sys.cfg 2010/07/13 v1.3 Configuration of (r)epstopdf for TeX Liv
e
))
*geometry* driver: auto-detecting
*geometry* detected driver: pdftex
*geometry* verbose mode - [ preamble ] result:
* driver: pdftex
* paper: letterpaper
* layout: <same size as paper>
* layoutoffset:(h,v)=(0.0pt,0.0pt)
* modes: twoside 
* h-part:(L,W,R)=(71.13188pt, 472.03123pt, 71.13188pt)
* v-part:(T,H,B)=(71.13188pt, 652.70622pt, 71.13188pt)
* \paperwidth=614.295pt
* \paperheight=794.96999pt
* \textwidth=472.03123pt
* \textheight=652.70622pt
* \oddsidemargin=-1.1381pt
* \evensidemargin=-1.1381pt
* \topmargin=-38.1381pt
* \headheight=12.0pt
* \headsep=25.0pt
* \topskip=10.0pt
* \footskip=30.0pt
* \marginparwidth=121.0pt
* \marginparsep=11.0pt
* \columnsep=10.0pt
* \skip\footins=9.0pt plus 4.0pt minus 2.0pt
* \hoffset=0.0pt
* \voffset=0.0pt
* \mag=1000
* \@twocolumnfalse
* \@twosidetrue
* \@mparswitchtrue
* \@reversemarginfalse
* (1in=72.27pt=25.4mm, 1cm=28.453pt)

Package backref Info: ** backref set up for natbib ** on input line 208.
\AtBeginShipoutBox=\box117
Package hyperref Info: Link coloring ON on input line 208.
(/opt/texlive/2019/texmf-dist/tex/latex/hyperref/nameref.sty
Package: nameref 2019/09/16 v2.46 Cross-referencing by name of section

(/opt/texlive/2019/texmf-dist/tex/latex/refcount/refcount.sty
Package: refcount 2019/12/15 v3.6 Data extraction from label references (HO)
)
(/opt/texlive/2019/texmf-dist/tex/generic/gettitlestring/gettitlestring.sty
Package: gettitlestring 2019/12/15 v1.6 Cleanup title references (HO)
)
\c@section@level=\count331
)
LaTeX Info: Redefining \ref on input line 208.
LaTeX Info: Redefining \pageref on input line 208.
LaTeX Info: Redefining \nameref on input line 208.

(./refman.out) (./refman.out)
\@outlinefile=\write5
\openout5 = `refman.out'.

Package caption Info: Begin \AtBeginDocument code.
Package caption Info: End \AtBeginDocument code.
\Etoc@tf=\read4
Package hyperref Info: Option `pageanchor' set `false' on input line 216.
Package hyperref Info: Option `bookmarksnumbered' set `true' on input line 216.

Package hyperref Info: Option `unicode' set `true' on input line 216.
LaTeX Font Info:    Font shape `T1/phv/m/n' will be
(Font)              scaled to size 12.9599pt on input line 221.
LaTeX Font Info:    Font shape `T1/phv/m/n' will be
(Font)              scaled to size 10.79993pt on input line 222.
LaTeX Font Info:    Font shape `T1/phv/m/n' will be
(Font)              scaled to size 6.29996pt on input line 222.
LaTeX Font Info:    Trying to load font information for U+msa on input line 222
.

(/opt/texlive/2019/texmf-dist/tex/latex/amsfonts/umsa.fd
File: umsa.fd 2013/01/14 v3.01 AMS symbols A
)
LaTeX Font Info:    Trying to load font information for U+msb on input line 222
.

(/opt/texlive/2019/texmf-dist/tex/latex/amsfonts/umsb.fd
File: umsb.fd 2013/01/14 v3.01 AMS symbols B
)
LaTeX Font Info:    Trying to load font information for U+wasy on input line 22
2.

(/opt/texlive/2019/texmf-dist/tex/latex/wasysym/uwasy.fd
File: uwasy.fd 2020/01/19 v2.4 Wasy-2 symbol font definitions
) [1

{/opt/texlive/2019/texmf-var/fonts/map/pdftex/updmap/pdftex.map}]
\tf@toc=\write6
\openout6 = `refman.toc'.

LaTeX Font Info:    Font shape `T1/phv/b/n' will be
(Font)              scaled to size 8.99994pt on input line 228.
LaTeX Font Info:    Font shape `T1/phv/b/n' will be
(Font)              scaled to size 6.29996pt on input line 228.
LaTeX Font Info:    Trying to load font information for TS1+phv on input line 2
28.

(/opt/texlive/2019/texmf-dist/tex/latex/psnfss/ts1phv.fd
File: ts1phv.fd 2001/06/04 scalable font definitions for TS1/phv.


LaTeX Warning: Font shape declaration has incorrect series value `mc'.
               It should not contain an `m'! Please correct it.
               Found on input line 17.


LaTeX Warning: Font shape declaration has incorrect series value `mc'.
               It should not contain an `m'! Please correct it.
               Found on input line 20.


LaTeX Warning: Font shape declaration has incorrect series value `mc'.
               It should not contain an `m'! Please correct it.
               Found on input line 34.

)
LaTeX Font Info:    Font shape `TS1/phv/b/n' will be
(Font)              scaled to size 6.29996pt on input line 228.
 [1] [2] [3] [4] [5] [6] [7] [8] [9] [10] [11] [12] [13] [14] [15] [16]
[17] [18] [19] [20]
Package hyperref Info: Option `pageanchor' set `true' on input line 230.
 (./index.tex
LaTeX Font Info:    Font shape `T1/phv/b/n' will be
(Font)              scaled to size 12.9599pt on input line 1.
LaTeX Font Info:    Trying to load font information for T1+pcr on input line 5.


(/opt/texlive/2019/texmf-dist/tex/latex/psnfss/t1pcr.fd
File: t1pcr.fd 2001/06/04 font definitions for T1/pcr.
) [1]
LaTeX Font Info:    Font shape `TS1/phv/m/n' will be
(Font)              scaled to size 8.99994pt on input line 11.
) (./topics.tex
LaTeX Font Info:    Font shape `T1/phv/b/n' will be
(Font)              scaled to size 10.79993pt on input line 1.

[2] [3] [4] [5] [6] [7]) (./annotated.tex
LaTeX Font Info:    Font shape `T1/phv/b/it' in size <10> not available
(Font)              Font shape `T1/phv/b/sl' tried instead on input line 5.
LaTeX Font Info:    Font shape `T1/phv/b/sl' will be
(Font)              scaled to size 8.99994pt on input line 5.
LaTeX Font Info:    Font shape `T1/phv/b/it' in size <7> not available
(Font)              Font shape `T1/phv/b/sl' tried instead on input line 5.
LaTeX Font Info:    Font shape `T1/phv/b/sl' will be
(Font)              scaled to size 6.29996pt on input line 5.
 [8]
Underfull \hbox (badness 1210) in paragraph at lines 15--15
 \T1/phv/b/n/10 This QoS pol-icy con-tains a list of rep-re-sen-ta-tion iden-ti
-fiers used by [] and 
 []

[9] [10] [11] [12]
Underfull \hbox (badness 10000) in paragraph at lines 97--97
 []  
 []

[13]
LaTeX Font Info:    Font shape `TS1/phv/b/n' will be
(Font)              scaled to size 8.99994pt on input line 102.
 [14] [15] [16]) (./files.tex [17] [18] [19] [20] [21])
(./group__DDSDocGuideModule.tex
LaTeX Font Info:    Font shape `T1/phv/m/it' in size <10> not available
(Font)              Font shape `T1/phv/m/sl' tried instead on input line 6.
LaTeX Font Info:    Font shape `T1/phv/m/sl' will be
(Font)              scaled to size 8.99994pt on input line 6.
 [22]
LaTeX Font Info:    Font shape `T1/phv/m/it' in size <7> not available
(Font)              Font shape `T1/phv/m/sl' tried instead on input line 15.
LaTeX Font Info:    Font shape `T1/phv/m/sl' will be
(Font)              scaled to size 6.29996pt on input line 15.
LaTeX Font Info:    Font shape `T1/pcr/m/it' in size <10> not available
(Font)              Font shape `T1/pcr/m/sl' tried instead on input line 35.
LaTeX Font Info:    Font shape `T1/pcr/m/it' in size <7> not available
(Font)              Font shape `T1/pcr/m/sl' tried instead on input line 35.
 [23]) (./group__DDSDcpsModule.tex
LaTeX Font Info:    Font shape `T1/phv/m/n' will be
(Font)              scaled to size 8.09995pt on input line 12.
LaTeX Font Info:    Font shape `T1/phv/m/it' in size <9> not available
(Font)              Font shape `T1/phv/m/sl' tried instead on input line 12.
LaTeX Font Info:    Font shape `T1/phv/m/sl' will be
(Font)              scaled to size 8.09995pt on input line 12.

Underfull \hbox (badness 3930) in paragraph at lines 20--20
[]\T1/phv/m/sl/9 Contains the [] and [] classes, as well as the [] and
 []

[24]
Underfull \hbox (badness 10000) in paragraph at lines 53--56

 []

[25] <./DDSPackages.pdf>
<DDSPackages.pdf, id=5662, 424.58624pt x 399.4925pt>
File: DDSPackages.pdf Graphic file (type pdf)
<use DDSPackages.pdf>
Package pdftex.def Info: DDSPackages.pdf  used on input line 79.
(pdftex.def)             Requested size: 346.86723pt x 326.3668pt.
 [26] (./group__DDSFILTERModule.tex [27]
LaTeX Font Info:    Font shape `T1/phv/m/n' will be
(Font)              scaled to size 7.19995pt on input line 31.
LaTeX Font Info:    Font shape `T1/pcr/m/it' in size <8> not available
(Font)              Font shape `T1/pcr/m/sl' tried instead on input line 45.
LaTeX Font Info:    Font shape `T1/phv/bc/n' will be
(Font)              scaled to size 8.99994pt on input line 53.

Underfull \hbox (badness 10000) detected at line 53
[][][]
 []


Underfull \hbox (badness 10000) detected at line 56
[][][]
 []


Underfull \hbox (badness 10000) detected at line 73
[][][]
 []

) (./group__DDSDomainModule.tex [28]
(./group__DDSDomainParticipantFactoryModule.tex [29]
Overfull \hbox (44.77676pt too wide) in paragraph at lines 19--19
[][] \T1/phv/m/sl/9 Can be used as an alias for the sin-gle-ton fac-tory re-tur
ned by the op-er-a-tion []. 
 []


Underfull \hbox (badness 968) in paragraph at lines 28--29
[][] [] \T1/phv/m/n/10 (struct []
 []


Underfull \hbox (badness 2762) in paragraph at lines 30--31
[][] [] \T1/phv/m/n/10 (struct []
 []

[30]
Overfull \hbox (54.0051pt too wide) in paragraph at lines 44--45
\OMS/cmsy/m/n/10 ^^C$\T1/phv/m/n/10 self, [] domain[]Id, const struct [] $\OMS/
cmsy/m/n/10 ^^C$\T1/phv/m/n/10 qos, const struct []
 []


Overfull \hbox (39.14499pt too wide) in paragraph at lines 50--51
[][] $\OMS/cmsy/m/n/10 ^^C$ [] \T1/phv/m/n/10 ([]
 []


Underfull \hbox (badness 2538) in paragraph at lines 52--53
[][] [] \T1/phv/m/n/10 ([] $\OMS/cmsy/m/n/10 ^^C$\T1/phv/m/n/10 self, struct
 []


Underfull \hbox (badness 3029) in paragraph at lines 54--55
[][] [] \T1/phv/m/n/10 ([] $\OMS/cmsy/m/n/10 ^^C$\T1/phv/m/n/10 self, const
 []


Overfull \hbox (47.82071pt too wide) in paragraph at lines 58--59
[][] $\OMS/cmsy/m/n/10 ^^C$ [] \T1/phv/m/n/10 ([]
 []

[31]
Overfull \hbox (57.75154pt too wide) in paragraph at lines 93--94
[][] \T1/phv/m/n/10 Can be used as an alias for the sin-gle-ton fac-tory re-tur
ned by the op-er-a-tion []. 
 []

[32]
Underfull \hbox (badness 10000) detected at line 122
[][][]
 []

LaTeX Font Info:    Font shape `T1/phv/bc/n' will be
(Font)              scaled to size 6.29996pt on input line 143.

Underfull \hbox (badness 10000) detected at line 143
[][][]
 []

[33]
Underfull \hbox (badness 10000) detected at line 167
[][][]
 []


Underfull \hbox (badness 10000) detected at line 170
[][][]
 []


Underfull \hbox (badness 10000) detected at line 173
[][][]
 []


Underfull \hbox (badness 10000) detected at line 197
[][][]
 []


Underfull \hbox (badness 10000) detected at line 200
[][][]
 []


Underfull \hbox (badness 10000) detected at line 203
[][][]
 []


Underfull \hbox (badness 10000) detected at line 206
[][][]
 []

[34]
Underfull \hbox (badness 10000) detected at line 226
[][][]
 []


Underfull \hbox (badness 10000) detected at line 229
[][][]
 []


Underfull \hbox (badness 10000) detected at line 232
[][][]
 []


Underfull \hbox (badness 10000) detected at line 247
[][][]
 []


Overfull \hbox (27.37804pt too wide) in paragraph at lines 252--253
\T1/phv/m/n/10 be-fore any other API, un-less the API is ex-plic-itly men-tione
d as safe to call be-fore []. 
 []


Underfull \hbox (badness 10000) detected at line 254
[][][]
 []


Underfull \hbox (badness 10000) detected at line 257
[][][]
 []


Underfull \hbox (badness 10000) detected at line 260
[][][]
 []

[35]
Underfull \hbox (badness 10000) detected at line 275
[][][]
 []


Underfull \hbox (badness 10000) detected at line 278
[][][]
 []


Underfull \hbox (badness 10000) detected at line 281
[][][]
 []


Underfull \hbox (badness 5578) in paragraph at lines 282--283
[]\T1/phv/m/n/10 UNSAFE for two threads to si-mul-ta-ne-ously call [] or
 []


Underfull \hbox (badness 10000) detected at line 284
[][][]
 []


Underfull \hbox (badness 10000) detected at line 308
[][][]
 []


Underfull \hbox (badness 10000) detected at line 311
[][][]
 []

[36]
Overfull \hbox (101.51054pt too wide) in paragraph at lines 326--327
[]\T1/phv/m/n/10 The re-trieved \T1/pcr/m/n/10 qos \T1/phv/m/n/10 will match th
e set of val-ues spec-i-fied on the last suc-cess-ful call to [],
 []


Underfull \hbox (badness 10000) detected at line 337
[][][]
 []


Underfull \hbox (badness 10000) detected at line 340
[][][]
 []


Underfull \hbox (badness 10000) detected at line 361
[][][]
 []


Overfull \hbox (1.47571pt too wide) in paragraph at lines 3--3
[]\T1/phv/m/sl/10 domain[] 
 []

[37]
Underfull \hbox (badness 10000) detected at line 377
[][][]
 []


Underfull \hbox (badness 10000) detected at line 380
[][][]
 []


Underfull \hbox (badness 10000) detected at line 383
[][][]
 []


Underfull \hbox (badness 10000) detected at line 386
[][][]
 []


Underfull \hbox (badness 10000) detected at line 403
[][][]
 []


Underfull \hbox (badness 10000) detected at line 406
[][][]
 []

[38]
Underfull \hbox (badness 10000) detected at line 416
[][][]
 []


Overfull \hbox (1.47571pt too wide) in paragraph at lines 3--3
[]\T1/phv/m/sl/10 domain[] 
 []


Underfull \hbox (badness 10000) detected at line 440
[][][]
 []


Underfull \hbox (badness 10000) detected at line 443
[][][]
 []

[39]
Underfull \hbox (badness 10000) detected at line 469
[][][]
 []


Underfull \hbox (badness 10000) detected at line 472
[][][]
 []


Underfull \hbox (badness 10000) detected at line 492
[][][]
 []


Underfull \hbox (badness 10000) detected at line 495
[][][]
 []

[40]
Underfull \hbox (badness 10000) detected at line 521
[][][]
 []


Underfull \hbox (badness 10000) detected at line 524
[][][]
 []


Underfull \hbox (badness 10000) detected at line 527
[][][]
 []


Underfull \hbox (badness 10000) detected at line 545
[][][]
 []


Underfull \hbox (badness 10000) detected at line 548
[][][]
 []


Underfull \hbox (badness 1320) in paragraph at lines 561--562
[]\T1/phv/m/n/10 This op-er-a-tion cre-ates a [] and all the con-tained en-ti-t
ies ([], [],
 []

[41]
Underfull \hbox (badness 10000) detected at line 576
[][][]
 []


Underfull \hbox (badness 1675) in paragraph at lines 594--595
[]\T1/phv/b/n/10 NOTE[]: \T1/phv/m/n/10 You can-not use this value to \T1/phv/m
/sl/10 get \T1/phv/m/n/10 the de-fault QoS for a Domain[]Participant; for this 
pur-pose, use
 []


Underfull \hbox (badness 10000) detected at line 596
[][][]
 []

) (./group__DDSDomainParticipantModule.tex [42]
LaTeX Font Info:    Font shape `TS1/phv/m/it' in size <9> not available
(Font)              Font shape `TS1/phv/m/sl' tried instead on input line 39.
LaTeX Font Info:    Font shape `TS1/phv/m/sl' will be
(Font)              scaled to size 8.09995pt on input line 39.

Underfull \hbox (badness 4479) in paragraph at lines 48--49
[][] [] \T1/phv/m/n/10 ([] $\OMS/cmsy/m/n/10 ^^C$\T1/phv/m/n/10 self, struct
 []

[43]
Underfull \hbox (badness 3803) in paragraph at lines 52--53
[][] $\OMS/cmsy/m/n/10 ^^C$ [] \T1/phv/m/n/10 ([] $\OMS/cmsy/m/n/10 ^^C$\T1/phv
/m/n/10 self, const struct
 []


Underfull \hbox (badness 1024) in paragraph at lines 56--57
[][] $\OMS/cmsy/m/n/10 ^^C$ [] \T1/phv/m/n/10 ([] $\OMS/cmsy/m/n/10 ^^C$\T1/phv
/m/n/10 self, const struct
 []


Underfull \hbox (badness 1968) in paragraph at lines 60--61
[][] $\OMS/cmsy/m/n/10 ^^C$ [] \T1/phv/m/n/10 ([] $\OMS/cmsy/m/n/10 ^^C$\T1/phv
/m/n/10 self, const char $\OMS/cmsy/m/n/10 ^^C$\T1/phv/m/n/10 topic[]_[]
 []


Underfull \hbox (badness 2884) in paragraph at lines 74--75
[][] $\OMS/cmsy/m/n/10 ^^C$ [] \T1/phv/m/n/10 ([] $\OMS/cmsy/m/n/10 ^^C$\T1/phv
/m/n/10 self,
 []

[44]
Overfull \hbox (58.2625pt too wide) in paragraph at lines 90--91
[][] [] \T1/phv/m/n/10 ([] $\OMS/cmsy/m/n/10 ^^C$\T1/phv/m/n/10 self, const str
uct []
 []


Overfull \hbox (35.34882pt too wide) in paragraph at lines 92--93
[][] [] \T1/phv/m/n/10 ([] $\OMS/cmsy/m/n/10 ^^C$\T1/phv/m/n/10 self, struct []

 []


Underfull \hbox (badness 10000) in paragraph at lines 94--95
[][] [] \T1/phv/m/n/10 ([] $\OMS/cmsy/m/n/10 ^^C$\T1/phv/m/n/10 self, const str
uct
 []


Underfull \hbox (badness 10000) in paragraph at lines 102--103
[][] [] \T1/phv/m/n/10 ([]
 []


Underfull \hbox (badness 10000) in paragraph at lines 104--105
[][] [] \T1/phv/m/n/10 ([]
 []


Overfull \hbox (29.51721pt too wide) in paragraph at lines 108--109
[][] [] \T1/phv/m/n/10 ([] $\OMS/cmsy/m/n/10 ^^C$\T1/phv/m/n/10 self, []
 []

[45]
Underfull \hbox (badness 10000) detected at line 155
[][][]
 []

[46]
Underfull \hbox (badness 10000) detected at line 181
[][][]
 []


Underfull \hbox (badness 10000) detected at line 210
[][][]
 []


Underfull \hbox (badness 10000) detected at line 213
[][][]
 []


Underfull \hbox (badness 10000) detected at line 216
[][][]
 []

[47]
Underfull \hbox (badness 10000) detected at line 240
[][][]
 []


Underfull \hbox (badness 10000) detected at line 243
[][][]
 []


Underfull \hbox (badness 10000) detected at line 265
[][][]
 []


Underfull \hbox (badness 10000) detected at line 268
[][][]
 []


Underfull \hbox (badness 10000) detected at line 271
[][][]
 []

[48]
Underfull \hbox (badness 10000) detected at line 274
[][][]
 []


Underfull \hbox (badness 10000) detected at line 298
[][][]
 []


Underfull \hbox (badness 10000) detected at line 301
[][][]
 []


Underfull \hbox (badness 10000) detected at line 304
[][][]
 []

[49]
Underfull \hbox (badness 10000) detected at line 330
[][][]
 []


Underfull \hbox (badness 10000) detected at line 333
[][][]
 []


Underfull \hbox (badness 10000) detected at line 336
[][][]
 []


Underfull \hbox (badness 10000) detected at line 356
[][][]
 []


Overfull \hbox (66.14145pt too wide) in paragraph at lines 369--370
[]\T1/phv/m/n/10 The re-trieved \T1/pcr/m/n/10 qos \T1/phv/m/n/10 will match th
e set of val-ues spec-i-fied on the last suc-cess-ful call to [],
 []

[50]
Overfull \hbox (117.24442pt too wide) in paragraph at lines 373--374
\T1/phv/m/n/10 is called, the de-fault value of the QoS set in the fac-tory, eq
uiv-a-lent to the value ob-tained by call-ing [],
 []


Underfull \hbox (badness 10000) detected at line 382
[][][]
 []


Underfull \hbox (badness 10000) detected at line 385
[][][]
 []


Underfull \hbox (badness 10000) detected at line 388
[][][]
 []


Underfull \hbox (badness 2762) in paragraph at lines 405--406
[]\T1/phv/m/n/10 The spec-i-fied QoS poli-cies must be con-sis-tent, or else th
e op-er-a-tion will have no ef-fect and fail with
 []

[51]
Underfull \hbox (badness 10000) detected at line 414
[][][]
 []


Underfull \hbox (badness 10000) detected at line 417
[][][]
 []


Underfull \hbox (badness 10000) detected at line 420
[][][]
 []


Overfull \hbox (71.45132pt too wide) in paragraph at lines 435--436
[]\T1/phv/m/n/10 The re-trieved \T1/pcr/m/n/10 qos \T1/phv/m/n/10 will match th
e set of val-ues spec-i-fied on the last suc-cess-ful call to [],
 []


Overfull \hbox (20.15253pt too wide) in paragraph at lines 439--440
[]\T1/phv/m/n/10 If [] is spec-i-fied as the \T1/pcr/m/n/10 qos \T1/phv/m/n/10 
pa-ram-e-ter when []
 []


Overfull \hbox (122.55429pt too wide) in paragraph at lines 439--440
\T1/phv/m/n/10 is called, the de-fault value of the QoS set in the fac-tory, eq
uiv-a-lent to the value ob-tained by call-ing [],
 []


Underfull \hbox (badness 10000) detected at line 448
[][][]
 []


Underfull \hbox (badness 10000) detected at line 451
[][][]
 []


Underfull \hbox (badness 10000) detected at line 454
[][][]
 []

[52]
Underfull \hbox (badness 2762) in paragraph at lines 471--472
[]\T1/phv/m/n/10 The spec-i-fied QoS poli-cies must be con-sis-tent, or else th
e op-er-a-tion will have no ef-fect and fail with
 []


Underfull \hbox (badness 10000) detected at line 480
[][][]
 []


Underfull \hbox (badness 10000) detected at line 483
[][][]
 []


Underfull \hbox (badness 10000) detected at line 486
[][][]
 []


Overfull \hbox (48.8167pt too wide) in paragraph at lines 501--502
[]\T1/phv/m/n/10 The re-trieved \T1/pcr/m/n/10 qos \T1/phv/m/n/10 will match th
e set of val-ues spec-i-fied on the last suc-cess-ful call to [],
 []

[53]
Underfull \hbox (badness 10000) detected at line 512
[][][]
 []


Underfull \hbox (badness 10000) detected at line 515
[][][]
 []


Underfull \hbox (badness 10000) detected at line 518
[][][]
 []


Underfull \hbox (badness 2762) in paragraph at lines 535--536
[]\T1/phv/m/n/10 The spec-i-fied QoS poli-cies must be con-sis-tent, or else th
e op-er-a-tion will have no ef-fect and fail with
 []


Underfull \hbox (badness 10000) detected at line 544
[][][]
 []


Underfull \hbox (badness 10000) detected at line 547
[][][]
 []


Underfull \hbox (badness 10000) detected at line 550
[][][]
 []

[54]
Underfull \hbox (badness 10000) detected at line 567
[][][]
 []


Underfull \hbox (badness 10000) detected at line 581
[][][]
 []


Underfull \hbox (badness 10000) detected at line 584
[][][]
 []


Underfull \hbox (badness 10000) detected at line 587
[][][]
 []


Underfull \hbox (badness 10000) detected at line 590
[][][]
 []


Underfull \hbox (badness 10000) detected at line 607
[][][]
 []


Overfull \hbox (111.43565pt too wide) in paragraph at lines 610--611
[][] \T1/phv/m/n/10 must have been cre-ated by this [], or else it will fail wi
th []. 
 []

[55]
Underfull \hbox (badness 10000) detected at line 612
[][][]
 []


Underfull \hbox (badness 10000) detected at line 622
[][][]
 []


Overfull \hbox (23.4798pt too wide) in paragraph at lines 633--634
[][] \T1/phv/m/n/10 Cre-ates a [] with the de-sired QoS poli-cies and at-taches
 to it the spec-i-fied []. 
 []


Underfull \hbox (badness 10000) detected at line 637
[][][]
 []


Underfull \hbox (badness 10000) detected at line 651
[][][]
 []

[56]
Underfull \hbox (badness 10000) detected at line 654
[][][]
 []


Underfull \hbox (badness 10000) detected at line 657
[][][]
 []


Underfull \hbox (badness 10000) detected at line 660
[][][]
 []


Underfull \hbox (badness 10000) detected at line 677
[][][]
 []


Underfull \hbox (badness 2884) in paragraph at lines 678--679
[]\T1/phv/m/n/10 The [] must not have any at-tached [] ob-jects. If there are e
x-ist-ing
 []


Underfull \hbox (badness 1389) in paragraph at lines 680--681
[]\T1/phv/m/n/10 The [] must have been cre-ated by this [], or else it will fai
l with
 []


Underfull \hbox (badness 10000) detected at line 682
[][][]
 []


Underfull \hbox (badness 10000) detected at line 692
[][][]
 []

[57]
Underfull \hbox (badness 10000) detected at line 707
[][][]
 []


Underfull \hbox (badness 10000) detected at line 727
[][][]
 []


Underfull \hbox (badness 10000) detected at line 730
[][][]
 []


Underfull \hbox (badness 10000) detected at line 733
[][][]
 []


Underfull \hbox (badness 10000) detected at line 736
[][][]
 []

[58]
Underfull \hbox (badness 10000) detected at line 753
[][][]
 []


Underfull \hbox (badness 1028) in paragraph at lines 754--755
[]\T1/phv/m/n/10 If the [] does not be-long to the ap-pli-ca-tion\TS1/phv/m/n/1
0 '\T1/phv/m/n/10 s [], this op-er-a-tion fails with
 []


Underfull \hbox (badness 10000) detected at line 758
[][][]
 []


Underfull \hbox (badness 10000) detected at line 768
[][][]
 []


Overfull \hbox (51.61545pt too wide) in paragraph at lines 783--784
[][] \T1/phv/m/n/10 ob-tained by [] must also be deleted by means of [].
 []


Overfull \hbox (39.25853pt too wide) in paragraph at lines 783--784
\T1/phv/m/n/10 If [] is ob-tained mul-ti-ple times by means of [] or [],
 []

[59]
Underfull \hbox (badness 10000) detected at line 792
[][][]
 []


Underfull \hbox (badness 1087) in paragraph at lines 807--808
[]\T1/phv/m/n/10 The op-er-a-tion [] searches among the lo-cally cre-ated top-i
cs and
 []


Underfull \hbox (badness 836) in paragraph at lines 807--808
\T1/phv/m/n/10 re-turns a pointer to a []. It is pos-si-ble to delete the [] re
-turned by
 []


Underfull \hbox (badness 10000) detected at line 816
[][][]
 []


Underfull \hbox (badness 10000) detected at line 819
[][][]
 []

[60]
Underfull \hbox (badness 10000) detected at line 845
[][][]
 []


Underfull \hbox (badness 10000) detected at line 848
[][][]
 []


Underfull \hbox (badness 10000) detected at line 874
[][][]
 []


Underfull \hbox (badness 10000) detected at line 877
[][][]
 []

[61]
Underfull \hbox (badness 10000) detected at line 903
[][][]
 []


Underfull \hbox (badness 10000) detected at line 906
[][][]
 []

[62]
Underfull \hbox (badness 10000) detected at line 932
[][][]
 []


Underfull \hbox (badness 10000) detected at line 935
[][][]
 []


Underfull \hbox (badness 10000) detected at line 965
[][][]
 []


Underfull \hbox (badness 10000) detected at line 968
[][][]
 []

[63]
Underfull \hbox (badness 10000) detected at line 971
[][][]
 []


Underfull \hbox (badness 10000) detected at line 991
[][][]
 []


Underfull \hbox (badness 10000) detected at line 994
[][][]
 []


Underfull \hbox (badness 10000) detected at line 997
[][][]
 []


Underfull \hbox (badness 2809) in paragraph at lines 1012--1013
[]\T1/phv/m/n/10 You need to use this op-er-a-tion if the [] con-tains [] en-ti
-ties with the
 []

[64]
Underfull \hbox (badness 10000) detected at line 1021
[][][]
 []


Underfull \hbox (badness 10000) detected at line 1024
[][][]
 []


Underfull \hbox (badness 10000) detected at line 1050
[][][]
 []

[65]
Underfull \hbox (badness 10000) detected at line 1072
[][][]
 []


Underfull \hbox (badness 10000) detected at line 1075
[][][]
 []


Underfull \hbox (badness 10000) detected at line 1095
[][][]
 []


Underfull \hbox (badness 10000) detected at line 1117
[][][]
 []

[66]
Underfull \hbox (badness 10000) detected at line 1139
[][][]
 []


Underfull \hbox (badness 10000) detected at line 1142
[][][]
 []


Underfull \hbox (badness 10000) detected at line 1166
[][][]
 []


Underfull \hbox (badness 10000) detected at line 1169
[][][]
 []

[67]
Underfull \hbox (badness 10000) detected at line 1191
[][][]
 []


Underfull \hbox (badness 10000) detected at line 1194
[][][]
 []


Underfull \hbox (badness 10000) detected at line 1197
[][][]
 []


Underfull \hbox (badness 10000) detected at line 1215
[][][]
 []

[68]
Underfull \hbox (badness 10000) detected at line 1240
[][][]
 []


Overfull \hbox (16.98016pt too wide) in paragraph at lines 1241--1242
[]\T1/phv/m/n/10 Cannot use the same \T1/pcr/m/n/10 type[]_[]name \T1/phv/m/n/1
0 to reg-is-ter two dif-fer-ent []::[]DDS[]_[][]Type[]PluginI with the same [],

 []


Underfull \hbox (badness 10000) detected at line 1252
[][][]
 []


Overfull \hbox (68.02036pt too wide) in paragraph at lines 1253--1254
[]\T1/phv/m/n/10 One of the [], [] or []. 
 []


Underfull \hbox (badness 10000) detected at line 1255
[][][]
 []


Underfull \hbox (badness 10000) detected at line 1258
[][][]
 []

[69]
Underfull \hbox (badness 10000) detected at line 1273
[][][]
 []


Underfull \hbox (badness 10000) detected at line 1276
[][][]
 []


Underfull \hbox (badness 10000) detected at line 1286
[][][]
 []


Underfull \hbox (badness 10000) detected at line 1289
[][][]
 []


Underfull \hbox (badness 10000) detected at line 1292
[][][]
 []


Overfull \hbox (107.54669pt too wide) in paragraph at lines 1309--1310
[]\T1/phv/m/n/10 The re-trieved \T1/pcr/m/n/10 prop \T1/phv/m/n/10 will match t
he set of val-ues spec-i-fied on the last suc-cess-ful call to [],
 []

[70]
Underfull \hbox (badness 10000) detected at line 1311
[][][]
 []


Underfull \hbox (badness 10000) detected at line 1321
[][][]
 []


Underfull \hbox (badness 10000) detected at line 1324
[][][]
 []


Overfull \hbox (19.41493pt too wide) in paragraph at lines 1339--1340
[]\T1/phv/m/n/10 This de-fault value will be used for newly cre-ated [] if []
 []


Underfull \hbox (badness 1742) in paragraph at lines 1341--1342
[]\T1/phv/m/n/10 The spec-i-fied prop-erty val-ues must be con-sis-tent, or els
e the op-er-a-tion will have no ef-fect and fail with
 []


Underfull \hbox (badness 10000) detected at line 1343
[][][]
 []


Underfull \hbox (badness 1248) in paragraph at lines 1344--1345
[]\T1/phv/m/n/10 UNSAFE. It is not safe to set the de-fault flow con-troller pr
op-er-ties for a Domain[]Participant while an-
 []


Underfull \hbox (badness 2189) in paragraph at lines 1344--1345
\T1/phv/m/n/10 other thread may be si-mul-ta-ne-ously call-ing [] ,
 []


Overfull \hbox (18.16779pt too wide) in paragraph at lines 1344--1345
[] \T1/phv/m/n/10 or call-ing []
 []

[71]
Underfull \hbox (badness 10000) detected at line 1353
[][][]
 []


Underfull \hbox (badness 10000) detected at line 1356
[][][]
 []


Underfull \hbox (badness 10000) detected at line 1375
[][][]
 []


Overfull \hbox (33.49455pt too wide) in paragraph at lines 1376--1377
\T1/phv/m/n/10 con-troller while an-other thread may be si-mul-ta-ne-ously call
-ing []
 []


Underfull \hbox (badness 10000) detected at line 1389
[][][]
 []


Underfull \hbox (badness 10000) detected at line 1392
[][][]
 []


Overfull \hbox (30.49309pt too wide) in paragraph at lines 1399--1400
\T1/phv/m/n/10 The cre-ated [] is as-so-ci-ated with a [] via [].
 []


Underfull \hbox (badness 1590) in paragraph at lines 1399--1400
\T1/phv/m/n/10 A sin-gle Flow[]Controller may ser-vice mul-ti-ple [] in-stances
, even if they be-long to a dif-fer-ent
 []

[72]
Underfull \hbox (badness 10000) detected at line 1411
[][][]
 []


Underfull \hbox (badness 10000) detected at line 1416
[][][]
 []


Underfull \hbox (badness 10000) detected at line 1419
[][][]
 []


Underfull \hbox (badness 10000) detected at line 1429
[][][]
 []

[73]
Underfull \hbox (badness 10000) detected at line 1444
[][][]
 []


Underfull \hbox (badness 10000) detected at line 1454
[][][]
 []


Overfull \hbox (64.48605pt too wide) in paragraph at lines 1482--1483
[]\T1/phv/b/n/10 NOTE[]: \T1/phv/m/n/10 You can-not use this value to \T1/phv/m
/sl/10 get \T1/phv/m/n/10 the de-fault QoS for a Topic; for this pur-pose, use 
[]. 
 []


Underfull \hbox (badness 10000) detected at line 1484
[][][]
 []


Overfull \hbox (98.48737pt too wide) in paragraph at lines 1499--1500
[]\T1/phv/b/n/10 NOTE[]: \T1/phv/m/n/10 You can-not use this value to \T1/phv/m
/sl/10 get \T1/phv/m/n/10 the de-fault QoS for a Pub-lisher; for this pur-pose,
 use []. 
 []

[74]
Underfull \hbox (badness 10000) detected at line 1501
[][][]
 []


Underfull \hbox (badness 3514) in paragraph at lines 1514--1515
[]\T1/phv/m/n/10 When used in [], this spe-cial value is used to in-di-cate tha
t the
 []


Overfull \hbox (109.61105pt too wide) in paragraph at lines 1516--1517
[]\T1/phv/b/n/10 NOTE[]: \T1/phv/m/n/10 You can-not use this value to \T1/phv/m
/sl/10 get \T1/phv/m/n/10 the de-fault QoS for a Sub-scriber; for this pur-pose
, use []. 
 []


Underfull \hbox (badness 10000) detected at line 1518
[][][]
 []


Underfull \hbox (badness 1881) in paragraph at lines 1531--1532
[]\T1/phv/m/n/10 When used in [], this spe-cial value is used to in-di-cate tha
t the
 []


Underfull \hbox (badness 1331) in paragraph at lines 1533--1534
[]\T1/phv/m/n/10 Note[]: You can-not use this value to \T1/phv/m/sl/10 get \T1/
phv/m/n/10 the de-fault prop-er-ties for a Flow[]Controller; for this pur-pose,
 use
 []


Underfull \hbox (badness 10000) detected at line 1535
[][][]
 []

) (./group__DDSDiscoveryModule.tex [75]
LaTeX Font Info:    Font shape `T1/pcr/m/it' in size <9> not available
(Font)              Font shape `T1/pcr/m/sl' tried instead on input line 27.
 [76] [77]
LaTeX Font Info:    Trying to load font information for TS1+pcr on input line 1
15.

(/opt/texlive/2019/texmf-dist/tex/latex/psnfss/ts1pcr.fd
File: ts1pcr.fd 2001/06/04 font definitions for TS1/pcr.
)
Overfull \hbox (41.32051pt too wide) in paragraph at lines 138--139
[]\T1/phv/m/n/10 For ex-am-ple, to con-fig-ure a re-mote [] with ob-ject ID 100
 by set-ting the key in the [][]
 []


Underfull \hbox (badness 10000) detected at line 145
[][][]
 []

[78] [79] (./group__DDSParticipantBuiltInTopicModule.tex
Underfull \hbox (badness 4595) in paragraph at lines 23--24
[][] [] \T1/phv/m/n/10 (struct []
 []

[80] [81]
Underfull \hbox (badness 10000) detected at line 74
[][][]
 []


Underfull \hbox (badness 10000) detected at line 98
[][][]
 []


Underfull \hbox (badness 10000) detected at line 118
[][][]
 []

[82]
Underfull \hbox (badness 10000) detected at line 140
[][][]
 []


Underfull \hbox (badness 10000) detected at line 143
[][][]
 []


Underfull \hbox (badness 10000) detected at line 146
[][][]
 []


Underfull \hbox (badness 10000) detected at line 168
[][][]
 []


Underfull \hbox (badness 10000) detected at line 171
[][][]
 []

[83]
Underfull \hbox (badness 10000) detected at line 189
[][][]
 []

) (./group__DDSPublicationBuiltInTopicModule.tex
Underfull \hbox (badness 2680) in paragraph at lines 23--24
[][] [] \T1/phv/m/n/10 (struct []
 []

[84]
Underfull \hbox (badness 10000) detected at line 74
[][][]
 []

[85]
Underfull \hbox (badness 10000) detected at line 98
[][][]
 []


Underfull \hbox (badness 10000) detected at line 118
[][][]
 []


Underfull \hbox (badness 10000) detected at line 140
[][][]
 []


Underfull \hbox (badness 10000) detected at line 143
[][][]
 []

[86]
Underfull \hbox (badness 10000) detected at line 146
[][][]
 []


Underfull \hbox (badness 10000) detected at line 168
[][][]
 []


Underfull \hbox (badness 10000) detected at line 171
[][][]
 []


Underfull \hbox (badness 10000) detected at line 189
[][][]
 []

) (./group__DDSSubscriptionBuiltInTopicModule.tex [87]
Underfull \hbox (badness 3029) in paragraph at lines 29--30
[][] [] \T1/phv/m/n/10 (const struct []
 []

[88]
Underfull \hbox (badness 10000) detected at line 74
[][][]
 []

[89]
Underfull \hbox (badness 10000) detected at line 98
[][][]
 []


Underfull \hbox (badness 10000) detected at line 118
[][][]
 []


Underfull \hbox (badness 10000) detected at line 140
[][][]
 []


Underfull \hbox (badness 10000) detected at line 143
[][][]
 []

[90]
Underfull \hbox (badness 10000) detected at line 146
[][][]
 []


Underfull \hbox (badness 10000) detected at line 168
[][][]
 []


Underfull \hbox (badness 10000) detected at line 171
[][][]
 []


Underfull \hbox (badness 10000) detected at line 189
[][][]
 []

))) (./group__DDSTopicModule.tex [91] (./group__DDSCdrTypesModule.tex [92]
[93]
Underfull \hbox (badness 10000) detected at line 95
[][][]
 []


Underfull \hbox (badness 10000) detected at line 110
[][][]
 []


Underfull \hbox (badness 10000) detected at line 125
[][][]
 []

[94]
Underfull \hbox (badness 10000) detected at line 140
[][][]
 []


Underfull \hbox (badness 10000) detected at line 155
[][][]
 []


Underfull \hbox (badness 10000) detected at line 170
[][][]
 []


Underfull \hbox (badness 10000) detected at line 185
[][][]
 []

[95]
Underfull \hbox (badness 10000) detected at line 202
[][][]
 []


Underfull \hbox (badness 10000) detected at line 219
[][][]
 []


Underfull \hbox (badness 10000) detected at line 234
[][][]
 []

[96]
Underfull \hbox (badness 10000) detected at line 249
[][][]
 []


Underfull \hbox (badness 10000) detected at line 266
[][][]
 []


Underfull \hbox (badness 10000) detected at line 281
[][][]
 []

[97]
Underfull \hbox (badness 10000) detected at line 296
[][][]
 []


Underfull \hbox (badness 10000) detected at line 309
[][][]
 []


Underfull \hbox (badness 10000) detected at line 326
[][][]
 []

) (./group__DDSTopicEntityModule.tex [98]
Overfull \hbox (20.63434pt too wide) in paragraph at lines 56--57
[][] [] \T1/phv/m/n/10 ([] $\OMS/cmsy/m/n/10 ^^C$\T1/phv/m/n/10 self, struct []

 []

[99]
Underfull \hbox (badness 1635) in paragraph at lines 62--63
[][] [] \T1/phv/m/n/10 ([] $\OMS/cmsy/m/n/10 ^^C$\T1/phv/m/n/10 self, const str
uct [] $\OMS/cmsy/m/n/10 ^^C$\T1/phv/m/n/10 listener,
 []


Underfull \hbox (badness 10000) detected at line 107
[][][]
 []

[100]
Underfull \hbox (badness 10000) detected at line 132
[][][]
 []


Underfull \hbox (badness 10000) detected at line 160
[][][]
 []


Underfull \hbox (badness 10000) detected at line 163
[][][]
 []


Underfull \hbox (badness 10000) detected at line 166
[][][]
 []

[101]
Underfull \hbox (badness 10000) detected at line 214
[][][]
 []


Underfull \hbox (badness 10000) detected at line 217
[][][]
 []

[102]
Underfull \hbox (badness 10000) detected at line 241
[][][]
 []


Underfull \hbox (badness 10000) detected at line 244
[][][]
 []


Underfull \hbox (badness 10000) detected at line 272
[][][]
 []


Underfull \hbox (badness 10000) detected at line 275
[][][]
 []

[103] [104]
Underfull \hbox (badness 10000) detected at line 301
[][][]
 []


Underfull \hbox (badness 10000) detected at line 304
[][][]
 []


Underfull \hbox (badness 10000) detected at line 307
[][][]
 []


Underfull \hbox (badness 10000) detected at line 325
[][][]
 []


Underfull \hbox (badness 3168) in paragraph at lines 326--327
[]\T1/phv/m/n/10 the name used to cre-ate this []. The re-turned topic name is 
valid un-til the
 []


Underfull \hbox (badness 10000) detected at line 328
[][][]
 []


Underfull \hbox (badness 10000) detected at line 331
[][][]
 []

[105]
Underfull \hbox (badness 10000) detected at line 349
[][][]
 []


Underfull \hbox (badness 10000) detected at line 352
[][][]
 []


Underfull \hbox (badness 10000) detected at line 355
[][][]
 []


Underfull \hbox (badness 10000) detected at line 368
[][][]
 []


Underfull \hbox (badness 10000) detected at line 381
[][][]
 []


Underfull \hbox (badness 10000) detected at line 394
[][][]
 []

[106]
Underfull \hbox (badness 10000) detected at line 416
[][][]
 []


Underfull \hbox (badness 10000) detected at line 419
[][][]
 []


Underfull \hbox (badness 10000) detected at line 422
[][][]
 []


Underfull \hbox (badness 1231) in paragraph at lines 440--441
[]\T1/phv/m/n/10 Policies must be con-sis-tent. Poli-cies can-not be changed af
-ter [] is en-abled. The spe-cial value
 []


Underfull \hbox (badness 10000) detected at line 447
[][][]
 []


Underfull \hbox (badness 10000) detected at line 450
[][][]
 []

[107]
Underfull \hbox (badness 10000) detected at line 474
[][][]
 []


Underfull \hbox (badness 10000) detected at line 477
[][][]
 []


Underfull \hbox (badness 10000) detected at line 499
[][][]
 []

[108]
Underfull \hbox (badness 10000) detected at line 517
[][][]
 []

) (./group__RTIFlatDataModule.tex
Underfull \hbox (badness 10000) detected at line 10
[][][]
 []


Underfull \hbox (badness 10000) detected at line 15
[][][]
 []


Overfull \hbox (50.43184pt too wide) in paragraph at lines 18--19
[]\T1/phv/m/n/10 For build-able \T1/phv/b/n/10 code ex-am-ples\T1/phv/m/n/10 , 
see [][] \T1/pcr/m/n/10 https[]://community.[]rti.[]com/kb/flatdata-and-zerocop
y-examples[][]\T1/phv/m/n/10 . 
 []

) (./group__RTIZeroCopyModule.tex
Underfull \hbox (badness 10000) detected at line 10
[][][]
 []


Overfull \hbox (50.43184pt too wide) in paragraph at lines 13--14
[]\T1/phv/m/n/10 For build-able \T1/phv/b/n/10 code ex-am-ples\T1/phv/m/n/10 , 
see [][] \T1/pcr/m/n/10 https[]://community.[]rti.[]com/kb/flatdata-and-zerocop
y-examples[][]\T1/phv/m/n/10 . 
 []

) (./group__DDSUserDataModule.tex [109] [110]
Underfull \hbox (badness 10000) detected at line 81
[][][]
 []


Underfull \hbox (badness 10000) detected at line 84
[][][]
 []


Underfull \hbox (badness 10000) detected at line 97
[][][]
 []

[111]
Underfull \hbox (badness 10000) detected at line 110
[][][]
 []


Underfull \hbox (badness 10000) detected at line 113
[][][]
 []


Underfull \hbox (badness 10000) detected at line 116
[][][]
 []


Underfull \hbox (badness 10000) detected at line 134
[][][]
 []


Underfull \hbox (badness 10000) detected at line 158
[][][]
 []

[112]
Underfull \hbox (badness 10000) detected at line 161
[][][]
 []


Underfull \hbox (badness 10000) detected at line 164
[][][]
 []


Underfull \hbox (badness 10000) detected at line 167
[][][]
 []


Underfull \hbox (badness 10000) detected at line 187
[][][]
 []


Underfull \hbox (badness 10000) detected at line 190
[][][]
 []

[113]
Underfull \hbox (badness 1107) in paragraph at lines 205--206
\T1/phv/m/n/10 same or dif-fer-ent val-ues for the \T1/pcr/m/n/10 type[]_[]name
\T1/phv/m/n/10 . If \T1/pcr/m/n/10 register[]_[]type \T1/phv/m/n/10 is called m
ul-ti-ple times on the same
 []


Underfull \hbox (badness 10000) detected at line 207
[][][]
 []


Underfull \hbox (badness 2302) in paragraph at lines 208--209
[]\T1/phv/m/n/10 Cannot use the same \T1/pcr/m/n/10 type[]_[]name \T1/phv/m/n/1
0 to reg-is-ter two dif-fer-ent [] with the same
 []


Underfull \hbox (badness 10000) detected at line 217
[][][]
 []


Overfull \hbox (68.02036pt too wide) in paragraph at lines 218--219
[]\T1/phv/m/n/10 One of the [], [] or []. 
 []


Underfull \hbox (badness 10000) detected at line 220
[][][]
 []


Underfull \hbox (badness 10000) detected at line 223
[][][]
 []


Underfull \hbox (badness 10000) detected at line 238
[][][]
 []

[114]
Underfull \hbox (badness 10000) detected at line 241
[][][]
 []


Underfull \hbox (badness 10000) detected at line 251
[][][]
 []


Underfull \hbox (badness 10000) detected at line 254
[][][]
 []


Underfull \hbox (badness 10000) detected at line 257
[][][]
 []


Overfull \hbox (84.33836pt too wide) in paragraph at lines 270--271
[]\T1/phv/m/n/10 This func-tion se-ri-al-izes a sam-ple into a buffer of octets
 us-ing the in-put data rep-re-sen-ta-tion. See []
 []

[115]
Underfull \hbox (badness 10000) detected at line 285
[][][]
 []


Underfull \hbox (badness 10000) detected at line 315
[][][]
 []

[116]
Underfull \hbox (badness 10000) detected at line 341
[][][]
 []


Underfull \hbox (badness 10000) detected at line 361
[][][]
 []


Underfull \hbox (badness 10000) detected at line 364
[][][]
 []


Underfull \hbox (badness 10000) detected at line 367
[][][]
 []


Underfull \hbox (badness 10000) detected at line 380
[][][]
 []


Underfull \hbox (badness 10000) detected at line 383
[][][]
 []

[117]
Underfull \hbox (badness 10000) detected at line 401
[][][]
 []

)) (./group__DDSPublicationModule.tex (./group__DDSFlowControllerModule.tex
Overfull \hbox (162.66585pt too wide) in paragraph at lines 23--27
[]\T1/phv/m/n/10 enum [] { [] , []
 []

[118]
Overfull \hbox (55.5446pt too wide) in paragraph at lines 35--36
[][] [] \T1/phv/m/n/10 ([] $\OMS/cmsy/m/n/10 ^^C$\T1/phv/m/n/10 self, const str
uct []
 []


Overfull \hbox (32.63092pt too wide) in paragraph at lines 37--38
[][] [] \T1/phv/m/n/10 ([] $\OMS/cmsy/m/n/10 ^^C$\T1/phv/m/n/10 self, struct []

 []

LaTeX Font Info:    Font shape `T1/phv/b/it' in size <9> not available
(Font)              Font shape `T1/phv/b/sl' tried instead on input line 45.
LaTeX Font Info:    Font shape `T1/phv/b/sl' will be
(Font)              scaled to size 8.09995pt on input line 45.

Underfull \hbox (badness 1199) in paragraph at lines 55--56
\T1/phv/m/n/10 For use cases and ad-van-tages of pub-lish-ing as-ny-chronously,
 please re-fer to [] of
 []

[119]
Underfull \hbox (badness 10000) detected at line 57
[][][]
 []


Underfull \hbox (badness 10000) detected at line 75
[][][]
 []


Underfull \hbox (badness 10000) detected at line 91
[][][]
 []

[120] [121]
Underfull \hbox (badness 10000) detected at line 144
[][][]
 []

[122]
Underfull \hbox (badness 10000) detected at line 162
[][][]
 []


Underfull \hbox (badness 10000) detected at line 165
[][][]
 []


Underfull \hbox (badness 10000) detected at line 193
[][][]
 []


Overfull \hbox (49.94096pt too wide) in paragraph at lines 194--195
[]\T1/phv/m/n/10 One of the [], [], or []. 
 []


Underfull \hbox (badness 10000) detected at line 196
[][][]
 []

[123]
Underfull \hbox (badness 10000) detected at line 216
[][][]
 []


Underfull \hbox (badness 10000) detected at line 234
[][][]
 []


Overfull \hbox (195.62308pt too wide) in paragraph at lines 239--240
[]\T1/phv/m/n/10 This func-tion pro-vides an ad-di-tional, ex-ter-nal trig-ger 
to the []. This trig-ger adds []
 []


Overfull \hbox (90.21593pt too wide) in paragraph at lines 241--242
[]\T1/phv/m/n/10 An \T1/phv/m/sl/10 on-demand [] \T1/phv/m/n/10 can be cre-ated
 with a [] as [],
 []

[124]
Underfull \hbox (badness 10000) detected at line 274
[][][]
 []

[125]
Underfull \hbox (badness 10000) detected at line 309
[][][]
 []

[126]
Underfull \hbox (badness 10000) detected at line 342
[][][]
 []

) (./group__DDSPublisherModule.tex
Overfull \hbox (31.7218pt too wide) in paragraph at lines 40--41
[][] [] \T1/phv/m/n/10 ([] $\OMS/cmsy/m/n/10 ^^C$\T1/phv/m/n/10 self, const str
uct []
 []

[127]
Underfull \hbox (badness 10000) detected at line 96
[][][]
 []

[128]
Underfull \hbox (badness 10000) detected at line 121
[][][]
 []


Underfull \hbox (badness 10000) detected at line 139
[][][]
 []


Underfull \hbox (badness 10000) detected at line 142
[][][]
 []

[129]
Underfull \hbox (badness 10000) detected at line 169
[][][]
 []


Underfull \hbox (badness 10000) detected at line 172
[][][]
 []


Underfull \hbox (badness 10000) detected at line 194
[][][]
 []


Underfull \hbox (badness 10000) detected at line 197
[][][]
 []


Underfull \hbox (badness 10000) detected at line 200
[][][]
 []


Underfull \hbox (badness 10000) detected at line 203
[][][]
 []

[130]
Underfull \hbox (badness 10000) detected at line 231
[][][]
 []


Underfull \hbox (badness 10000) detected at line 234
[][][]
 []


Underfull \hbox (badness 10000) detected at line 237
[][][]
 []


Underfull \hbox (badness 10000) detected at line 257
[][][]
 []


Overfull \hbox (30.58304pt too wide) in paragraph at lines 270--271
[]\T1/phv/m/n/10 The re-trieved \T1/pcr/m/n/10 qos \T1/phv/m/n/10 will match th
e set of val-ues spec-i-fied on the last suc-cess-ful call to []
 []

[131]
Underfull \hbox (badness 10000) detected at line 274
[][][]
 []


Underfull \hbox (badness 10000) detected at line 277
[][][]
 []


Underfull \hbox (badness 10000) detected at line 280
[][][]
 []


Underfull \hbox (badness 10000) detected at line 299
[][][]
 []


Underfull \hbox (badness 995) in paragraph at lines 300--301
[]\T1/phv/m/n/10 The spec-i-fied QoS poli-cies must be con-sis-tent, or else th
e op-er-a-tion will have no ef-fect and fail with
 []


Underfull \hbox (badness 10000) detected at line 302
[][][]
 []

[132]
Underfull \hbox (badness 10000) detected at line 312
[][][]
 []


Underfull \hbox (badness 10000) detected at line 325
[][][]
 []


Underfull \hbox (badness 10000) detected at line 348
[][][]
 []


Underfull \hbox (badness 10000) detected at line 351
[][][]
 []

[133]
Underfull \hbox (badness 10000) detected at line 354
[][][]
 []


Underfull \hbox (badness 10000) detected at line 357
[][][]
 []


Underfull \hbox (badness 10000) detected at line 376
[][][]
 []


Overfull \hbox (86.67639pt too wide) in paragraph at lines 377--378
[]\T1/phv/m/n/10 If the [] does not be-long to the [], the op-er-a-tion will fa
il with []. 
 []


Underfull \hbox (badness 10000) detected at line 379
[][][]
 []


Underfull \hbox (badness 10000) detected at line 389
[][][]
 []

[134]
Underfull \hbox (badness 10000) detected at line 411
[][][]
 []


Underfull \hbox (badness 10000) detected at line 416
[][][]
 []


Underfull \hbox (badness 10000) detected at line 442
[][][]
 []


Underfull \hbox (badness 10000) detected at line 445
[][][]
 []

[135]
Underfull \hbox (badness 10000) detected at line 463
[][][]
 []


Underfull \hbox (badness 10000) detected at line 466
[][][]
 []


Underfull \hbox (badness 10000) detected at line 488
[][][]
 []

[136]
Underfull \hbox (badness 10000) detected at line 512
[][][]
 []


Overfull \hbox (49.94096pt too wide) in paragraph at lines 513--514
[]\T1/phv/m/n/10 One of the [], [], or []. 
 []


Underfull \hbox (badness 10000) detected at line 515
[][][]
 []


Underfull \hbox (badness 10000) detected at line 539
[][][]
 []


Underfull \hbox (badness 10000) detected at line 542
[][][]
 []

[137]
Underfull \hbox (badness 10000) detected at line 564
[][][]
 []


Underfull \hbox (badness 10000) detected at line 567
[][][]
 []


Underfull \hbox (badness 10000) detected at line 585
[][][]
 []


Underfull \hbox (badness 2189) in paragraph at lines 611--612
[]\T1/phv/b/n/10 NOTE[]: \T1/phv/m/n/10 You can-not use this value to \T1/phv/m
/sl/10 get \T1/phv/m/n/10 the de-fault QoS for a []; for this pur-pose, use
 []


Underfull \hbox (badness 10000) detected at line 613
[][][]
 []

) (./group__DDSWriterModule.tex [138] [139]
Underfull \hbox (badness 764) in paragraph at lines 57--58
[]\T1/phv/m/n/10 typedef void($\OMS/cmsy/m/n/10 ^^C$ []\T1/phv/m/n/10 ) (void $
\OMS/cmsy/m/n/10 ^^C$\T1/phv/m/n/10 listener[]_[]data, []
 []


Underfull \hbox (badness 10000) in paragraph at lines 59--60
[]\T1/phv/m/n/10 typedef void($\OMS/cmsy/m/n/10 ^^C$ []\T1/phv/m/n/10 ) (void $
\OMS/cmsy/m/n/10 ^^C$\T1/phv/m/n/10 listener[]_[]data,
 []


Underfull \hbox (badness 10000) in paragraph at lines 61--62
[]\T1/phv/m/n/10 typedef void($\OMS/cmsy/m/n/10 ^^C$ []\T1/phv/m/n/10 ) (void $
\OMS/cmsy/m/n/10 ^^C$\T1/phv/m/n/10 listener[]_[]data,
 []


Underfull \hbox (badness 3291) in paragraph at lines 63--64
[]\T1/phv/m/n/10 typedef void($\OMS/cmsy/m/n/10 ^^C$ []\T1/phv/m/n/10 ) (void $
\OMS/cmsy/m/n/10 ^^C$\T1/phv/m/n/10 listener[]_[]data, []
 []


Underfull \hbox (badness 5681) in paragraph at lines 74--75
[][] [] \T1/phv/m/n/10 ([] $\OMS/cmsy/m/n/10 ^^C$\T1/phv/m/n/10 self, const voi
d
 []


Underfull \hbox (badness 8094) in paragraph at lines 78--79
[][] [] \T1/phv/m/n/10 ([] $\OMS/cmsy/m/n/10 ^^C$\T1/phv/m/n/10 self, const voi
d
 []


Underfull \hbox (badness 10000) in paragraph at lines 80--81
[][] [] \T1/phv/m/n/10 ([] $\OMS/cmsy/m/n/10 ^^C$\T1/phv/m/n/10 self, const voi
d $\OMS/cmsy/m/n/10 ^^C$\T1/phv/m/n/10 instance[]_[]data, const
 []

[140]
Overfull \hbox (30.7116pt too wide) in paragraph at lines 84--85
[][] [] \T1/phv/m/n/10 ([] $\OMS/cmsy/m/n/10 ^^C$\T1/phv/m/n/10 self, const voi
d $\OMS/cmsy/m/n/10 ^^C$\T1/phv/m/n/10 instance[]_[]data, const []
 []


Overfull \hbox (40.75748pt too wide) in paragraph at lines 106--107
[][] [] \T1/phv/m/n/10 ([] $\OMS/cmsy/m/n/10 ^^C$\T1/phv/m/n/10 self, struct []

 []


Overfull \hbox (94.32428pt too wide) in paragraph at lines 108--109
[][] [] \T1/phv/m/n/10 ([] $\OMS/cmsy/m/n/10 ^^C$\T1/phv/m/n/10 self, struct []

 []


Overfull \hbox (36.15862pt too wide) in paragraph at lines 114--115
[][] [] \T1/phv/m/n/10 ([] $\OMS/cmsy/m/n/10 ^^C$\T1/phv/m/n/10 self, struct []

 []


Underfull \hbox (badness 5607) in paragraph at lines 116--117
[][] [] \T1/phv/m/n/10 ([] $\OMS/cmsy/m/n/10 ^^C$\T1/phv/m/n/10 self, struct
 []


Underfull \hbox (badness 4144) in paragraph at lines 118--119
[][] [] \T1/phv/m/n/10 ([] $\OMS/cmsy/m/n/10 ^^C$\T1/phv/m/n/10 self, struct
 []


Overfull \hbox (85.28854pt too wide) in paragraph at lines 120--121
[][] [] \T1/phv/m/n/10 ([] $\OMS/cmsy/m/n/10 ^^C$\T1/phv/m/n/10 self, struct []

 []

[141]
Underfull \hbox (badness 5802) in paragraph at lines 122--123
[][] [] \T1/phv/m/n/10 ([] $\OMS/cmsy/m/n/10 ^^C$\T1/phv/m/n/10 self,
 []

[142]
Underfull \hbox (badness 10000) detected at line 221
[][][]
 []

[143]
Underfull \hbox (badness 10000) detected at line 246
[][][]
 []


Underfull \hbox (badness 10000) detected at line 264
[][][]
 []


Underfull \hbox (badness 10000) detected at line 267
[][][]
 []


Underfull \hbox (badness 10000) in paragraph at lines 268--272

 []


Underfull \hbox (badness 10000) detected at line 274
[][][]
 []


Overfull \hbox (170.96022pt too wide) in paragraph at lines 284--284
[][] [] []
 []


Overfull \hbox (30.8692pt too wide) in paragraph at lines 289--290
\T1/pcr/m/n/8 typedef void($\OMS/cmsy/m/n/8 ^^C$ \T1/pcr/m/n/8 DDS[]_[][]Data[]
Writer[]Listener[]_[][]Offered[]Deadline[]Missed[]Callback) (void $\OMS/cmsy/m/
n/8 ^^C$\T1/pcr/m/n/8 listener[]_[]data, []
 []

[144]
Underfull \hbox (badness 10000) in paragraph at lines 299--300
\T1/pcr/m/n/8 typedef void($\OMS/cmsy/m/n/8 ^^C$ \T1/pcr/m/n/8 DDS[]_[][]Data[]
Writer[]Listener[]_[][]Liveliness[]Lost[]Callback) (void $\OMS/cmsy/m/n/8 ^^C$\
T1/pcr/m/n/8 listener[]_[]data, []
 []


Overfull \hbox (35.6692pt too wide) in paragraph at lines 318--319
\T1/pcr/m/n/8 typedef void($\OMS/cmsy/m/n/8 ^^C$ \T1/pcr/m/n/8 DDS[]_[][]Data[]
Writer[]Listener[]_[][]Offered[]Incompatible[]Qos[]Callback) (void $\OMS/cmsy/m
/n/8 ^^C$\T1/pcr/m/n/8 listener[]_[]data, []
 []


Overfull \hbox (16.4692pt too wide) in paragraph at lines 337--338
\T1/pcr/m/n/8 typedef void($\OMS/cmsy/m/n/8 ^^C$ \T1/pcr/m/n/8 DDS[]_[][]Data[]
Writer[]Listener[]_[][]Publication[]Matched[]Callback) (void $\OMS/cmsy/m/n/8 ^
^C$\T1/pcr/m/n/8 listener[]_[]data, []
 []


Underfull \hbox (badness 10000) in paragraph at lines 347--348
\T1/pcr/m/n/8 typedef void($\OMS/cmsy/m/n/8 ^^C$ \T1/pcr/m/n/8 DDS[]_[][]Data[]
Writer[]Listener[]_[][]Reliable[]Reader[]Activity[]Changed[]Callback) (void $\O
MS/cmsy/m/n/8 ^^C$\T1/pcr/m/n/8 listener[]_[]data,
 []

[145]
Underfull \hbox (badness 10000) in paragraph at lines 366--367
\T1/pcr/m/n/8 typedef void($\OMS/cmsy/m/n/8 ^^C$ \T1/pcr/m/n/8 DDS[]_[][]Data[]
Writer[]Listener[]_[][]Reliable[]Sample[]Unacknowledged[]Callback) (void $\OMS/
cmsy/m/n/8 ^^C$\T1/pcr/m/n/8 listener[]_[]data,
 []


Underfull \hbox (badness 10000) in paragraph at lines 385--386
\T1/pcr/m/n/8 typedef void($\OMS/cmsy/m/n/8 ^^C$ \T1/pcr/m/n/8 DDS[]_[][]Data[]
Writer[]Listener[]_[][]Sample[]Removed[]Callback) (void $\OMS/cmsy/m/n/8 ^^C$\T
1/pcr/m/n/8 listener[]_[]data, []
 []

[146]
Underfull \hbox (badness 10000) detected at line 420
[][][]
 []


Underfull \hbox (badness 10000) detected at line 438
[][][]
 []


Overfull \hbox (25.68077pt too wide) in paragraph at lines 457--458
[]\T1/phv/m/n/10 , [], [] and []
 []

[147]
Underfull \hbox (badness 10000) detected at line 474
[][][]
 []


Underfull \hbox (badness 10000) detected at line 477
[][][]
 []


Underfull \hbox (badness 10000) detected at line 480
[][][]
 []


Underfull \hbox (badness 10000) detected at line 508
[][][]
 []

[148]
Underfull \hbox (badness 10000) detected at line 511
[][][]
 []


Underfull \hbox (badness 10000) detected at line 514
[][][]
 []


Overfull \hbox (25.3098pt too wide) in paragraph at lines 543--544
[]\T1/phv/m/n/10 If af-ter a [], the ap-pli-ca-tion wants to mod-ify ([] or [])

 []

[149]
Overfull \hbox (24.03249pt too wide) in paragraph at lines 549--550
\T1/phv/m/n/10 the re-source lim-its of this writer or of a reader, this op-er-
a-tion may block for up to [];
 []


Underfull \hbox (badness 10000) detected at line 560
[][][]
 []


Underfull \hbox (badness 10000) detected at line 563
[][][]
 []


Underfull \hbox (badness 10000) detected at line 566
[][][]
 []

[150]
Underfull \hbox (badness 10000) detected at line 598
[][][]
 []


Underfull \hbox (badness 10000) detected at line 601
[][][]
 []


Underfull \hbox (badness 10000) detected at line 604
[][][]
 []

[151] [152]
Underfull \hbox (badness 10000) detected at line 650
[][][]
 []


Underfull \hbox (badness 10000) detected at line 653
[][][]
 []


Underfull \hbox (badness 10000) detected at line 656
[][][]
 []

[153]
Underfull \hbox (badness 10000) detected at line 686
[][][]
 []


Underfull \hbox (badness 10000) detected at line 689
[][][]
 []


Underfull \hbox (badness 10000) detected at line 692
[][][]
 []


Underfull \hbox (badness 968) in paragraph at lines 707--708
[]\T1/phv/m/n/10 As a side ef-fect, this op-er-a-tion as-serts live-li-ness on 
the [] it-self, the [] and the
 []

[154]
Underfull \hbox (badness 10000) in paragraph at lines 718--718
[]\T1/phv/m/n/10 If ([] $\OML/cmm/m/it/10 <$ [] $\OMS/cmsy/m/n/10 ^^C$
 []


Underfull \hbox (badness 10000) detected at line 734
[][][]
 []


Underfull \hbox (badness 10000) detected at line 737
[][][]
 []

[155]
Underfull \hbox (badness 10000) detected at line 740
[][][]
 []


Underfull \hbox (badness 10000) detected at line 776
[][][]
 []

[156]
Underfull \hbox (badness 10000) detected at line 779
[][][]
 []


Underfull \hbox (badness 10000) detected at line 782
[][][]
 []


Underfull \hbox (badness 10000) detected at line 802
[][][]
 []


Underfull \hbox (badness 10000) detected at line 824
[][][]
 []


Underfull \hbox (badness 10000) detected at line 827
[][][]
 []

[157]
Overfull \hbox (148.55257pt too wide) in paragraph at lines 846--847
[][] \T1/phv/m/n/10 fails with [] if []
 []


Underfull \hbox (badness 2503) in paragraph at lines 856--857
[]\T1/phv/m/n/10 A loaned sam-ple that has not been writ-ten can be re-turned t
o the Data[]Writer\TS1/phv/m/n/10 '\T1/phv/m/n/10 s sam-ple pool by us-ing
 []

[158]
Underfull \hbox (badness 10000) detected at line 867
[][][]
 []


Underfull \hbox (badness 10000) detected at line 870
[][][]
 []


Underfull \hbox (badness 10000) detected at line 896
[][][]
 []


Underfull \hbox (badness 10000) detected at line 899
[][][]
 []


Underfull \hbox (badness 10000) detected at line 902
[][][]
 []

[159]
Underfull \hbox (badness 10000) detected at line 922
[][][]
 []


Underfull \hbox (badness 10000) detected at line 925
[][][]
 []


Underfull \hbox (badness 10000) detected at line 947
[][][]
 []


Underfull \hbox (badness 10000) detected at line 950
[][][]
 []


Underfull \hbox (badness 10000) detected at line 953
[][][]
 []


Underfull \hbox (badness 10000) detected at line 956
[][][]
 []

[160]
Underfull \hbox (badness 10000) detected at line 984
[][][]
 []


Underfull \hbox (badness 10000) detected at line 987
[][][]
 []


Underfull \hbox (badness 10000) detected at line 990
[][][]
 []


Underfull \hbox (badness 10000) detected at line 1010
[][][]
 []

[161]
Underfull \hbox (badness 10000) detected at line 1034
[][][]
 []


Underfull \hbox (badness 10000) detected at line 1037
[][][]
 []


Underfull \hbox (badness 10000) detected at line 1040
[][][]
 []


Underfull \hbox (badness 1205) in paragraph at lines 1055--1056
[]\T1/phv/m/n/10 The han-dles re-turned in the \T1/pcr/m/n/10 subscription[]_[]
handles \T1/phv/m/n/10 list are the ones that are used by the DDS im-
 []


Underfull \hbox (badness 1072) in paragraph at lines 1055--1056
\T1/phv/m/n/10 ple-men-ta-tion to lo-cally iden-tify the cor-re-spond-ing match
ed [] en-ti-ties. These han-dles match
 []

[162]
Underfull \hbox (badness 10000) detected at line 1070
[][][]
 []


Underfull \hbox (badness 10000) detected at line 1094
[][][]
 []

[163]
Underfull \hbox (badness 10000) detected at line 1114
[][][]
 []


Underfull \hbox (badness 10000) detected at line 1117
[][][]
 []


Underfull \hbox (badness 10000) detected at line 1135
[][][]
 []


Underfull \hbox (badness 10000) detected at line 1138
[][][]
 []


Underfull \hbox (badness 10000) detected at line 1158
[][][]
 []


Underfull \hbox (badness 10000) detected at line 1161
[][][]
 []

[164]
Underfull \hbox (badness 10000) detected at line 1181
[][][]
 []


Underfull \hbox (badness 10000) detected at line 1184
[][][]
 []


Underfull \hbox (badness 10000) detected at line 1204
[][][]
 []


Underfull \hbox (badness 10000) detected at line 1207
[][][]
 []

[165]
Underfull \hbox (badness 10000) detected at line 1227
[][][]
 []


Underfull \hbox (badness 10000) detected at line 1230
[][][]
 []


Underfull \hbox (badness 10000) detected at line 1250
[][][]
 []


Underfull \hbox (badness 10000) detected at line 1253
[][][]
 []

[166]
Underfull \hbox (badness 10000) detected at line 1277
[][][]
 []


Overfull \hbox (44.81839pt too wide) in paragraph at lines 1278--1279
[]\T1/phv/m/n/10 One of the [], [] or [] 
 []


Underfull \hbox (badness 10000) detected at line 1280
[][][]
 []


Underfull \hbox (badness 10000) detected at line 1304
[][][]
 []


Underfull \hbox (badness 10000) detected at line 1307
[][][]
 []

[167]
Underfull \hbox (badness 10000) detected at line 1329
[][][]
 []


Underfull \hbox (badness 10000) detected at line 1332
[][][]
 []


Underfull \hbox (badness 10000) detected at line 1350
[][][]
 []

)) (./group__DDSSubscriptionModule.tex
Underfull \hbox (badness 2376) in paragraph at lines 5--6
\T1/phv/m/n/10 Contains the [] and [] classes, as well as the [] and
 []


Underfull \hbox (badness 2376) in paragraph at lines 20--21
\T1/phv/m/n/10 Contains the [] and [] classes, as well as the [] and
 []

[168]
Underfull \hbox (badness 10000) detected at line 33
[][][]
 []

(./group__DDSSubscriberModule.tex [169]
Overfull \hbox (29.87683pt too wide) in paragraph at lines 40--41
[][] [] \T1/phv/m/n/10 ([] $\OMS/cmsy/m/n/10 ^^C$\T1/phv/m/n/10 self, struct []

 []


Underfull \hbox (badness 10000) in paragraph at lines 42--43
[][] [] \T1/phv/m/n/10 ([] $\OMS/cmsy/m/n/10 ^^C$\T1/phv/m/n/10 self, const str
uct
 []


Underfull \hbox (badness 1968) in paragraph at lines 46--47
[][] [] \T1/phv/m/n/10 ([] $\OMS/cmsy/m/n/10 ^^C$\T1/phv/m/n/10 self, [] $\OMS/
cmsy/m/n/10 ^^C$\T1/phv/m/n/10 a[]_[]
 []

[170]
Underfull \hbox (badness 5288) in paragraph at lines 54--55
[][] $\OMS/cmsy/m/n/10 ^^C$ [] \T1/phv/m/n/10 ([] $\OMS/cmsy/m/n/10 ^^C$\T1/phv
/m/n/10 self, const char
 []


Underfull \hbox (badness 10000) detected at line 98
[][][]
 []

[171]
Underfull \hbox (badness 10000) detected at line 124
[][][]
 []


Underfull \hbox (badness 10000) detected at line 127
[][][]
 []


Underfull \hbox (badness 10000) detected at line 130
[][][]
 []


Overfull \hbox (29.50229pt too wide) in paragraph at lines 138--138
[][] \T1/phv/m/n/10 ,[], []. 
 []


Overfull \hbox (51.12967pt too wide) in paragraph at lines 139--141
\T1/phv/m/n/10 All op-er-a-tions ex-cept for the base-class op-er-a-tions en-ab
le() and create[]_[]datareader() may fail with [].
 []


Underfull \hbox (badness 10000) in paragraph at lines 143--144
\T1/pcr/m/n/8 typedef void($\OMS/cmsy/m/n/8 ^^C$ \T1/pcr/m/n/8 DDS[]_[][]Subscr
iber[]Listener[]_[][]Data[]On[]Readers[]Callback) (void $\OMS/cmsy/m/n/8 ^^C$\T
1/pcr/m/n/8 listener[]_[]data, []
 []

[172]
Underfull \hbox (badness 10000) detected at line 169
[][][]
 []


Underfull \hbox (badness 10000) detected at line 172
[][][]
 []


Underfull \hbox (badness 10000) detected at line 175
[][][]
 []

[173]
Underfull \hbox (badness 10000) detected at line 199
[][][]
 []


Underfull \hbox (badness 10000) detected at line 202
[][][]
 []


Underfull \hbox (badness 10000) detected at line 205
[][][]
 []


Underfull \hbox (badness 10000) detected at line 229
[][][]
 []


Underfull \hbox (badness 10000) detected at line 232
[][][]
 []

[174]
Underfull \hbox (badness 10000) detected at line 250
[][][]
 []


Overfull \hbox (42.95775pt too wide) in paragraph at lines 263--264
[]\T1/phv/m/n/10 The re-trieved \T1/pcr/m/n/10 qos \T1/phv/m/n/10 will match th
e set of val-ues spec-i-fied on the last suc-cess-ful call to [],
 []


Underfull \hbox (badness 10000) detected at line 267
[][][]
 []


Underfull \hbox (badness 10000) detected at line 277
[][][]
 []


Underfull \hbox (badness 10000) detected at line 280
[][][]
 []


Underfull \hbox (badness 10000) detected at line 299
[][][]
 []


Underfull \hbox (badness 995) in paragraph at lines 300--301
[]\T1/phv/m/n/10 The spec-i-fied QoS poli-cies must be con-sis-tent, or else th
e op-er-a-tion will have no ef-fect and fail with
 []

[175]
Underfull \hbox (badness 10000) detected at line 302
[][][]
 []


Underfull \hbox (badness 10000) detected at line 312
[][][]
 []


Underfull \hbox (badness 10000) detected at line 325
[][][]
 []

[176]
Underfull \hbox (badness 10000) detected at line 343
[][][]
 []


Underfull \hbox (badness 10000) detected at line 346
[][][]
 []


Underfull \hbox (badness 10000) detected at line 349
[][][]
 []


Underfull \hbox (badness 10000) detected at line 352
[][][]
 []


Underfull \hbox (badness 10000) detected at line 367
[][][]
 []


Underfull \hbox (badness 10000) detected at line 370
[][][]
 []

[177]
Underfull \hbox (badness 10000) detected at line 380
[][][]
 []


Underfull \hbox (badness 10000) detected at line 398
[][][]
 []


Underfull \hbox (badness 10000) detected at line 401
[][][]
 []

[178]
Underfull \hbox (badness 10000) detected at line 425
[][][]
 []


Underfull \hbox (badness 10000) detected at line 445
[][][]
 []


Underfull \hbox (badness 10000) detected at line 452
[][][]
 []

[179]
Underfull \hbox (badness 10000) detected at line 478
[][][]
 []


Underfull \hbox (badness 10000) detected at line 481
[][][]
 []


Underfull \hbox (badness 10000) detected at line 499
[][][]
 []


Underfull \hbox (badness 10000) detected at line 502
[][][]
 []

[180]
Underfull \hbox (badness 10000) detected at line 526
[][][]
 []


Overfull \hbox (49.94096pt too wide) in paragraph at lines 527--528
[]\T1/phv/m/n/10 One of the [], [], or []. 
 []


Underfull \hbox (badness 10000) detected at line 529
[][][]
 []


Underfull \hbox (badness 10000) detected at line 553
[][][]
 []


Underfull \hbox (badness 10000) detected at line 556
[][][]
 []

[181]
Underfull \hbox (badness 10000) detected at line 578
[][][]
 []


Underfull \hbox (badness 10000) detected at line 581
[][][]
 []


Underfull \hbox (badness 10000) detected at line 599
[][][]
 []


Underfull \hbox (badness 1748) in paragraph at lines 625--626
[]\T1/phv/b/n/10 NOTE[]: \T1/phv/m/n/10 You can-not use this value to \T1/phv/m
/sl/10 get \T1/phv/m/n/10 the de-fault QoS for a []; for this pur-pose, use
 []


Underfull \hbox (badness 10000) detected at line 627
[][][]
 []

) (./group__DDSReaderModule.tex [182] [183]
Overfull \hbox (21.64748pt too wide) in paragraph at lines 57--58
[]\T1/phv/m/n/10 typedef void($\OMS/cmsy/m/n/10 ^^C$ []\T1/phv/m/n/10 ) (void $
\OMS/cmsy/m/n/10 ^^C$\T1/phv/m/n/10 listener[]_[]data, []
 []


Overfull \hbox (24.97728pt too wide) in paragraph at lines 61--62
[]\T1/phv/m/n/10 typedef void($\OMS/cmsy/m/n/10 ^^C$ []\T1/phv/m/n/10 ) (void $
\OMS/cmsy/m/n/10 ^^C$\T1/phv/m/n/10 listener[]_[]data, []
 []


Underfull \hbox (badness 1019) in paragraph at lines 63--64
[]\T1/phv/m/n/10 typedef void($\OMS/cmsy/m/n/10 ^^C$ []\T1/phv/m/n/10 ) (void $
\OMS/cmsy/m/n/10 ^^C$\T1/phv/m/n/10 listener[]_[]data, []
 []


Underfull \hbox (badness 4686) in paragraph at lines 65--66
[]\T1/phv/m/n/10 typedef void($\OMS/cmsy/m/n/10 ^^C$ []\T1/phv/m/n/10 ) (void $
\OMS/cmsy/m/n/10 ^^C$\T1/phv/m/n/10 listener[]_[]data, []
 []


Underfull \hbox (badness 1939) in paragraph at lines 73--74
[]\T1/phv/m/n/10 typedef []($\OMS/cmsy/m/n/10 ^^C$ []\T1/phv/m/n/10 ) (void $\O
MS/cmsy/m/n/10 ^^C$\T1/phv/m/n/10 listener[]_[]data,
 []


Underfull \hbox (badness 10000) in paragraph at lines 75--76
[]\T1/phv/m/n/10 typedef []($\OMS/cmsy/m/n/10 ^^C$ []\T1/phv/m/n/10 ) (void $\O
MS/cmsy/m/n/10 ^^C$\T1/phv/m/n/10 listener[]_[]data,
 []


Underfull \hbox (badness 768) in paragraph at lines 75--76
[] $\OMS/cmsy/m/n/10 ^^C$\T1/phv/m/n/10 reader, const void $\OMS/cmsy/m/n/10 ^^
C$\T1/phv/m/n/10 const sam-ple, const struct [] $\OMS/cmsy/m/n/10 ^^C$\T1/phv/m
/n/10 const sample[]_[]info,
 []


Overfull \hbox (36.76674pt too wide) in paragraph at lines 80--89
[] \T1/phv/m/n/10 , []
 []


Overfull \hbox (80.6604pt too wide) in paragraph at lines 90--100
[] \T1/phv/m/n/10 , [] , []
 []


Overfull \hbox (28.32458pt too wide) in paragraph at lines 90--100
[] \T1/phv/m/n/10 , []
 []

[184]
Underfull \hbox (badness 3088) in paragraph at lines 108--109
[][] [] \T1/phv/m/n/10 ([] $\OMS/cmsy/m/n/10 ^^C$\T1/phv/m/n/10 self, struct []
 $\OMS/cmsy/m/n/10 ^^C$\T1/phv/m/n/10 received[]_[]data, struct
 []


Overfull \hbox (36.44208pt too wide) in paragraph at lines 108--109
[] $\OMS/cmsy/m/n/10 ^^C$\T1/phv/m/n/10 info[]_[]seq, [] max[]_[]samples, [] sa
mple[]_[]states, []
 []


Underfull \hbox (badness 3407) in paragraph at lines 110--111
[][] [] \T1/phv/m/n/10 ([] $\OMS/cmsy/m/n/10 ^^C$\T1/phv/m/n/10 self, struct []
 $\OMS/cmsy/m/n/10 ^^C$\T1/phv/m/n/10 received[]_[]data, struct
 []


Overfull \hbox (36.44208pt too wide) in paragraph at lines 110--111
[] $\OMS/cmsy/m/n/10 ^^C$\T1/phv/m/n/10 info[]_[]seq, [] max[]_[]samples, [] sa
mple[]_[]states, []
 []


Underfull \hbox (badness 991) in paragraph at lines 112--113
[][] [] \T1/phv/m/n/10 ([] $\OMS/cmsy/m/n/10 ^^C$\T1/phv/m/n/10 self, struct Fo
o $\OMS/cmsy/m/n/10 ^^C$\T1/phv/m/n/10 received[]_[]data,
 []


Underfull \hbox (badness 1184) in paragraph at lines 116--117
[][] [] \T1/phv/m/n/10 ([] $\OMS/cmsy/m/n/10 ^^C$\T1/phv/m/n/10 self, struct []
 $\OMS/cmsy/m/n/10 ^^C$\T1/phv/m/n/10 received[]_[]data,
 []


Underfull \hbox (badness 1394) in paragraph at lines 118--119
[][] [] \T1/phv/m/n/10 ([] $\OMS/cmsy/m/n/10 ^^C$\T1/phv/m/n/10 self, struct []
 $\OMS/cmsy/m/n/10 ^^C$\T1/phv/m/n/10 received[]_[]data,
 []


Underfull \hbox (badness 3601) in paragraph at lines 120--121
[][] [] \T1/phv/m/n/10 ([] $\OMS/cmsy/m/n/10 ^^C$\T1/phv/m/n/10 self, [] $\OMS/
cmsy/m/n/10 ^^C$\T1/phv/m/n/10 received[]_[]data, struct
 []


Overfull \hbox (27.53732pt too wide) in paragraph at lines 128--129
[][] [] \T1/phv/m/n/10 (struct [] $\OMS/cmsy/m/n/10 ^^C$\T1/phv/m/n/10 self, co
nst struct []
 []


Overfull \hbox (46.21176pt too wide) in paragraph at lines 134--135
[][] [] \T1/phv/m/n/10 ([] $\OMS/cmsy/m/n/10 ^^C$\T1/phv/m/n/10 self, struct []

 []


Underfull \hbox (badness 10000) in paragraph at lines 136--137
[][] [] \T1/phv/m/n/10 ([] $\OMS/cmsy/m/n/10 ^^C$\T1/phv/m/n/10 self, struct
 []

[185]
Overfull \hbox (67.38829pt too wide) in paragraph at lines 142--143
[][] [] \T1/phv/m/n/10 ([] $\OMS/cmsy/m/n/10 ^^C$\T1/phv/m/n/10 self, struct []

 []


Underfull \hbox (badness 10000) in paragraph at lines 144--145
[][] [] \T1/phv/m/n/10 ([] $\OMS/cmsy/m/n/10 ^^C$\T1/phv/m/n/10 self, struct
 []


Underfull \hbox (badness 6978) in paragraph at lines 150--151
[][] [] \T1/phv/m/n/10 ([] $\OMS/cmsy/m/n/10 ^^C$\T1/phv/m/n/10 self, struct
 []


Overfull \hbox (30.87595pt too wide) in paragraph at lines 152--153
[][] [] \T1/phv/m/n/10 ([] $\OMS/cmsy/m/n/10 ^^C$\T1/phv/m/n/10 self, struct []

 []


Underfull \hbox (badness 10000) in paragraph at lines 154--155
[][] [] \T1/phv/m/n/10 ([] $\OMS/cmsy/m/n/10 ^^C$\T1/phv/m/n/10 self, struct
 []

[186] [187]
Underfull \hbox (badness 10000) detected at line 275
[][][]
 []

[188]
Underfull \hbox (badness 10000) detected at line 301
[][][]
 []


Underfull \hbox (badness 10000) detected at line 304
[][][]
 []


Underfull \hbox (badness 10000) in paragraph at lines 305--313

 []


Underfull \hbox (badness 10000) detected at line 315
[][][]
 []


Underfull \hbox (badness 1205) in paragraph at lines 323--323
[]\T1/phv/m/n/10 The base-class op-er-a-tions [] ,[] ,[]
 []


Overfull \hbox (40.46921pt too wide) in paragraph at lines 328--329
\T1/pcr/m/n/8 typedef void($\OMS/cmsy/m/n/8 ^^C$ \T1/pcr/m/n/8 DDS[]_[][]Data[]
Reader[]Listener[]_[][]Requested[]Deadline[]Missed[]Callback) (void $\OMS/cmsy/
m/n/8 ^^C$\T1/pcr/m/n/8 listener[]_[]data, []
 []

[189]
Underfull \hbox (badness 10000) in paragraph at lines 348--349
\T1/pcr/m/n/8 typedef void($\OMS/cmsy/m/n/8 ^^C$ \T1/pcr/m/n/8 DDS[]_[][]Data[]
Reader[]Listener[]_[][]Requested[]Incompatible[]Qos[]Callback) (void $\OMS/cmsy
/m/n/8 ^^C$\T1/pcr/m/n/8 listener[]_[]data,
 []


Underfull \hbox (badness 10000) in paragraph at lines 358--359
\T1/pcr/m/n/8 typedef void($\OMS/cmsy/m/n/8 ^^C$ \T1/pcr/m/n/8 DDS[]_[][]Data[]
Reader[]Listener[]_[][]Sample[]Rejected[]Callback) (void $\OMS/cmsy/m/n/8 ^^C$\
T1/pcr/m/n/8 listener[]_[]data, []
 []


Underfull \hbox (badness 10000) in paragraph at lines 368--369
\T1/pcr/m/n/8 typedef void($\OMS/cmsy/m/n/8 ^^C$ \T1/pcr/m/n/8 DDS[]_[][]Data[]
Reader[]Listener[]_[][]Data[]Available[]Callback) (void $\OMS/cmsy/m/n/8 ^^C$\T
1/pcr/m/n/8 listener[]_[]data, []
 []


Overfull \hbox (21.2692pt too wide) in paragraph at lines 378--379
\T1/pcr/m/n/8 typedef void($\OMS/cmsy/m/n/8 ^^C$ \T1/pcr/m/n/8 DDS[]_[][]Data[]
Reader[]Listener[]_[][]Subscription[]Matched[]Callback) (void $\OMS/cmsy/m/n/8 
^^C$\T1/pcr/m/n/8 listener[]_[]data, []
 []


Underfull \hbox (badness 10000) in paragraph at lines 388--389
\T1/pcr/m/n/8 typedef void($\OMS/cmsy/m/n/8 ^^C$ \T1/pcr/m/n/8 DDS[]_[][]Data[]
Reader[]Listener[]_[][]Sample[]Lost[]Callback) (void $\OMS/cmsy/m/n/8 ^^C$\T1/p
cr/m/n/8 listener[]_[]data, []
 []


Underfull \hbox (badness 10000) in paragraph at lines 408--409
\T1/pcr/m/n/8 typedef []($\OMS/cmsy/m/n/8 ^^C$ \T1/pcr/m/n/8 DDS[]_[][]Data[]Re
ader[]Listener[]_[][]Before[]Sample[]Deserialize[]Callback) (void $\OMS/cmsy/m/
n/8 ^^C$\T1/pcr/m/n/8 listener[]_[]
 []


Overfull \hbox (20.71925pt too wide) in paragraph at lines 408--409
\T1/pcr/m/n/8 data, [] $\OMS/cmsy/m/n/8 ^^C$\T1/pcr/m/n/8 reader, struct [] $\O
MS/cmsy/m/n/8 ^^C$\T1/pcr/m/n/8 plugin, struct [] $\OMS/cmsy/m/n/8 ^^C$\T1/pcr/
m/n/8 stream, []
 []

[190]
Underfull \hbox (badness 10000) in paragraph at lines 418--419
\T1/pcr/m/n/8 typedef []($\OMS/cmsy/m/n/8 ^^C$ \T1/pcr/m/n/8 DDS[]_[][]Data[]Re
ader[]Listener[]_[][]Before[]Sample[]Commit[]Callback) (void $\OMS/cmsy/m/n/8 ^
^C$\T1/pcr/m/n/8 listener[]_[]data,
 []


Underfull \hbox (badness 10000) in paragraph at lines 418--419
[] $\OMS/cmsy/m/n/8 ^^C$\T1/pcr/m/n/8 reader, const void $\OMS/cmsy/m/n/8 ^^C$\
T1/pcr/m/n/8 const sample, const struct [] $\OMS/cmsy/m/n/8 ^^C$\T1/pcr/m/n/8 c
onst sample[]_[]info,
 []


Underfull \hbox (badness 10000) detected at line 2
[][][]
 []


Underfull \hbox (badness 10000) detected at line 9
[][][]
 []


Underfull \hbox (badness 10000) detected at line 16
[][][]
 []


Underfull \hbox (badness 10000) detected at line 23
[][][]
 []


Underfull \hbox (badness 10000) detected at line 30
[][][]
 []


Underfull \hbox (badness 10000) detected at line 37
[][][]
 []

[191]
Underfull \hbox (badness 10000) detected at line 2
[][][]
 []


Underfull \hbox (badness 10000) detected at line 9
[][][]
 []


Underfull \hbox (badness 10000) detected at line 16
[][][]
 []


Underfull \hbox (badness 10000) detected at line 23
[][][]
 []


Underfull \hbox (badness 10000) detected at line 30
[][][]
 []


Underfull \hbox (badness 10000) detected at line 37
[][][]
 []


Underfull \hbox (badness 10000) detected at line 44
[][][]
 []

[192] [193] [194]
Underfull \hbox (badness 10000) detected at line 610
[][][]
 []


Underfull \hbox (badness 10000) detected at line 613
[][][]
 []


Underfull \hbox (badness 10000) detected at line 616
[][][]
 []


Overfull \hbox (39.60101pt too wide) in paragraph at lines 633--634
[]\T1/phv/m/n/10 This op-er-a-tion may fail with [] if the []
 []


Overfull \hbox (84.46892pt too wide) in paragraph at lines 642--642
\T1/phv/m/n/10 lim-ited by the prod-uct ([] $\OMS/cmsy/m/n/10 ^^C$ []
 []

[195] [196]
Overfull \hbox (101.0688pt too wide) in paragraph at lines 681--682
[]\T1/phv/m/n/10 If the ini-tial \T1/pcr/m/n/10 max[]_[]len$\OML/cmm/m/it/10 >$
\T1/pcr/m/n/10 0 \T1/phv/m/n/10 and \T1/pcr/m/n/10 owns==FALSE\T1/phv/m/n/10 , 
then the read or take op-er-a-tion will fail with [].
 []


Overfull \hbox (65.3487pt too wide) in paragraph at lines 694--695
[]\T1/phv/m/n/10 If \T1/pcr/m/n/10 max[]_[]samples $\OML/cmm/m/it/10 >$ \T1/pcr
/m/n/10 max[]_[]len\T1/phv/m/n/10 , then the read or take op-er-a-tion will fai
l with [].
 []

[197]
Underfull \hbox (badness 10000) detected at line 729
[][][]
 []


Underfull \hbox (badness 10000) detected at line 732
[][][]
 []


Underfull \hbox (badness 10000) detected at line 735
[][][]
 []

[198]
Underfull \hbox (badness 10000) detected at line 767
[][][]
 []


Underfull \hbox (badness 10000) detected at line 770
[][][]
 []


Underfull \hbox (badness 10000) detected at line 773
[][][]
 []

[199]
Underfull \hbox (badness 10000) detected at line 803
[][][]
 []


Underfull \hbox (badness 10000) detected at line 806
[][][]
 []


Underfull \hbox (badness 10000) detected at line 809
[][][]
 []

[200]
Underfull \hbox (badness 10000) detected at line 855
[][][]
 []


Underfull \hbox (badness 10000) detected at line 858
[][][]
 []


Underfull \hbox (badness 10000) detected at line 861
[][][]
 []

[201]
Underfull \hbox (badness 1735) in paragraph at lines 878--879
[]\T1/phv/m/n/10 The se-man-tics are the same for the [] op-er-a-tion, ex-cept 
in build-ing the col-lec-tion, the
 []

[202]
Underfull \hbox (badness 10000) detected at line 907
[][][]
 []


Underfull \hbox (badness 10000) detected at line 910
[][][]
 []


Underfull \hbox (badness 10000) detected at line 913
[][][]
 []

[203]
Underfull \hbox (badness 10000) detected at line 953
[][][]
 []


Overfull \hbox (35.16191pt too wide) in paragraph at lines 954--955
[]\T1/phv/m/n/10 One of the [], [] or []. 
 []


Underfull \hbox (badness 10000) detected at line 956
[][][]
 []

[204]
Underfull \hbox (badness 10000) detected at line 980
[][][]
 []


Underfull \hbox (badness 10000) detected at line 983
[][][]
 []


Overfull \hbox (43.2988pt too wide) in paragraph at lines 998--999
[]\T1/phv/m/n/10 A pre-con-di-tion for us-ing this op-er-a-tion is to set []
 []


Underfull \hbox (badness 10000) detected at line 1011
[][][]
 []

[205] [206]
Underfull \hbox (badness 10000) detected at line 1031
[][][]
 []


Underfull \hbox (badness 10000) detected at line 1055
[][][]
 []


Underfull \hbox (badness 10000) detected at line 1058
[][][]
 []

[207]
Underfull \hbox (badness 10000) detected at line 1122
[][][]
 []

[208]
Overfull \hbox (67.96991pt too wide) in paragraph at lines 1137--1138
\T1/phv/m/n/10 er-wise, the op-er-a-tion will fail with []. Use the op-er-a-tio
n []
 []


Underfull \hbox (badness 10000) detected at line 1148
[][][]
 []


Underfull \hbox (badness 10000) detected at line 1168
[][][]
 []


Underfull \hbox (badness 10000) detected at line 1171
[][][]
 []

[209]
Underfull \hbox (badness 10000) detected at line 1189
[][][]
 []


Underfull \hbox (badness 10000) detected at line 1192
[][][]
 []


Underfull \hbox (badness 10000) detected at line 1212
[][][]
 []


Underfull \hbox (badness 10000) detected at line 1215
[][][]
 []

[210]
Underfull \hbox (badness 10000) detected at line 1235
[][][]
 []


Underfull \hbox (badness 10000) detected at line 1238
[][][]
 []


Underfull \hbox (badness 10000) detected at line 1258
[][][]
 []


Underfull \hbox (badness 10000) detected at line 1278
[][][]
 []


Underfull \hbox (badness 10000) detected at line 1281
[][][]
 []

[211]
Underfull \hbox (badness 10000) detected at line 1301
[][][]
 []


Underfull \hbox (badness 10000) detected at line 1304
[][][]
 []


Underfull \hbox (badness 10000) detected at line 1324
[][][]
 []


Underfull \hbox (badness 10000) detected at line 1327
[][][]
 []

[212]
Underfull \hbox (badness 10000) detected at line 1347
[][][]
 []


Underfull \hbox (badness 10000) detected at line 1350
[][][]
 []


Underfull \hbox (badness 10000) detected at line 1374
[][][]
 []


Overfull \hbox (49.94096pt too wide) in paragraph at lines 1375--1376
[]\T1/phv/m/n/10 One of the [], [], or []. 
 []


Underfull \hbox (badness 10000) detected at line 1377
[][][]
 []

[213]
Underfull \hbox (badness 10000) detected at line 1401
[][][]
 []


Underfull \hbox (badness 10000) detected at line 1404
[][][]
 []


Underfull \hbox (badness 10000) detected at line 1426
[][][]
 []


Underfull \hbox (badness 10000) detected at line 1429
[][][]
 []

[214]
Underfull \hbox (badness 10000) detected at line 1447
[][][]
 []

) (./group__DDSDataSampleModule.tex (./group__DDSSampleStateModule.tex
Overfull \hbox (15.44078pt too wide) in paragraph at lines 16--19
[]\T1/phv/m/n/10 enum [] { [] = 0x0001 $\OML/cmm/m/it/10 <$$<$ \T1/phv/m/n/10 0
 , []
 []

[215] [216]) (./group__DDSViewStateModule.tex [217]
Underfull \hbox (badness 1137) in paragraph at lines 56--57
[]\T1/phv/m/n/10 For each in-stance (iden-ti-fied by the key), the mid-dle-ware
 in-ter-nally main-tains a view state rel-a-tive to each
 []

) (./group__DDSInstanceStateModule.tex [218]
Overfull \hbox (87.31331pt too wide) in paragraph at lines 16--20
[]\T1/phv/m/n/10 enum [] { [] = 0x0001 $\OML/cmm/m/it/10 <$$<$ \T1/phv/m/n/10 0
 , []
 []


Underfull \hbox (badness 4366) in paragraph at lines 66--66
[]\T1/phv/m/n/10 If [] is set to [], then the in-stance state be-comes
 []

[219]
Overfull \hbox (135.08955pt too wide) in paragraph at lines 68--68
[]\T1/phv/m/n/10 If [] is set to [], then the in-stance state be-comes []
 []

[220]))) (./group__DDSInfrastructureModule.tex [221]
(./group__DDSTimeSupportModule.tex [222] [223]
Underfull \hbox (badness 10000) detected at line 110
[][][]
 []


Underfull \hbox (badness 10000) detected at line 126
[][][]
 []


Underfull \hbox (badness 10000) detected at line 135
[][][]
 []

[224]
Underfull \hbox (badness 10000) detected at line 151
[][][]
 []


Underfull \hbox (badness 10000) detected at line 171
[][][]
 []


Underfull \hbox (badness 10000) detected at line 184
[][][]
 []

[225]) (./group__DDSGUIDSupportModule.tex [226])
(./group__DDSSequenceNumberSupportModule.tex
Overfull \hbox (34.78214pt too wide) in paragraph at lines 16--17
[]\T1/phv/m/n/10 int [] (const struct [] $\OMS/cmsy/m/n/10 ^^C$\T1/phv/m/n/10 s
n1, const struct []
 []

[227]
Underfull \hbox (badness 10000) detected at line 43
[][][]
 []

) (./group__DDSReturnTypesModule.tex
Overfull \hbox (56.79536pt too wide) in paragraph at lines 11--30
[] \T1/phv/m/n/10 , [] , [] , []
 []


Overfull \hbox (65.6764pt too wide) in paragraph at lines 11--30
[] \T1/phv/m/n/10 , [] , []
 []


Overfull \hbox (18.0939pt too wide) in paragraph at lines 11--30
[] \T1/phv/m/n/10 , [] , []
 []

[228] [229]) (./group__DDSStatusTypesModule.tex
Overfull \hbox (130.00706pt too wide) in paragraph at lines 23--44
[] \T1/phv/m/n/10 , [] , []
 []


Overfull \hbox (57.72023pt too wide) in paragraph at lines 23--44
[] \T1/phv/m/n/10 , [] , []
 []


Overfull \hbox (147.25998pt too wide) in paragraph at lines 23--44
[] \T1/phv/m/n/10 , [] , []
 []

[230]
Underfull \hbox (badness 10000) detected at line 50
[][][]
 []


Underfull \hbox (badness 10000) detected at line 53
[][][]
 []


Underfull \hbox (badness 10000) detected at line 56
[][][]
 []


Overfull \hbox (24.55473pt too wide) in paragraph at lines 70--70
[]\T1/phv/m/sl/10 read com-mu-ni-ca-tion statuses[]\T1/phv/m/n/10 : i.[]e., tho
se that are re-lated to ar-rival of data, namely []
 []

[231]
Overfull \hbox (20.98528pt too wide) in paragraph at lines 88--89
\T1/pcr/m/n/10 Changed[]Flag \T1/phv/m/n/10 be-comes TRUE when ei-ther a data-s
ample ar-rives or else the [], [],
 []


Overfull \hbox (37.95383pt too wide) in paragraph at lines 88--89
\T1/phv/m/n/10 or [] of any ex-ist-ing sam-ple changes for any rea-son other th
an a call to [],
 []


Underfull \hbox (badness 4205) in paragraph at lines 115--116
[]\T1/phv/m/n/10 The on[]_[]data[]_[]available lis-tener op-er-a-tion is called
 on any [] be-long-ing to the
 []


Underfull \hbox (badness 10000) detected at line 126
[][][]
 []

[232]
Underfull \hbox (badness 10000) detected at line 206
[][][]
 []


Underfull \hbox (badness 10000) detected at line 2
[][][]
 []


Underfull \hbox (badness 10000) detected at line 5
[][][]
 []


Underfull \hbox (badness 10000) detected at line 8
[][][]
 []


Underfull \hbox (badness 10000) detected at line 15
[][][]
 []


Underfull \hbox (badness 10000) detected at line 18
[][][]
 []


Underfull \hbox (badness 10000) detected at line 21
[][][]
 []


Underfull \hbox (badness 10000) detected at line 24
[][][]
 []


Underfull \hbox (badness 10000) detected at line 31
[][][]
 []


Underfull \hbox (badness 10000) detected at line 34
[][][]
 []


Underfull \hbox (badness 10000) detected at line 37
[][][]
 []


Underfull \hbox (badness 10000) detected at line 40
[][][]
 []


Underfull \hbox (badness 10000) detected at line 47
[][][]
 []


Underfull \hbox (badness 10000) detected at line 50
[][][]
 []


Underfull \hbox (badness 10000) detected at line 53
[][][]
 []


Underfull \hbox (badness 10000) detected at line 60
[][][]
 []


Underfull \hbox (badness 10000) detected at line 63
[][][]
 []


Underfull \hbox (badness 10000) detected at line 66
[][][]
 []


Underfull \hbox (badness 10000) detected at line 73
[][][]
 []


Underfull \hbox (badness 10000) detected at line 76
[][][]
 []


Underfull \hbox (badness 10000) detected at line 79
[][][]
 []


Underfull \hbox (badness 10000) detected at line 86
[][][]
 []


Underfull \hbox (badness 10000) detected at line 89
[][][]
 []


Underfull \hbox (badness 10000) detected at line 92
[][][]
 []


Underfull \hbox (badness 10000) detected at line 95
[][][]
 []


Underfull \hbox (badness 10000) detected at line 102
[][][]
 []


Underfull \hbox (badness 10000) detected at line 105
[][][]
 []


Underfull \hbox (badness 10000) detected at line 112
[][][]
 []


Underfull \hbox (badness 10000) detected at line 115
[][][]
 []


Underfull \hbox (badness 10000) detected at line 122
[][][]
 []


Underfull \hbox (badness 10000) detected at line 125
[][][]
 []


Underfull \hbox (badness 10000) detected at line 128
[][][]
 []


Underfull \hbox (badness 10000) detected at line 131
[][][]
 []


Underfull \hbox (badness 10000) detected at line 138
[][][]
 []


Underfull \hbox (badness 10000) detected at line 141
[][][]
 []


Underfull \hbox (badness 10000) detected at line 144
[][][]
 []


Underfull \hbox (badness 10000) detected at line 147
[][][]
 []


Underfull \hbox (badness 10000) detected at line 154
[][][]
 []


Underfull \hbox (badness 10000) detected at line 157
[][][]
 []


Underfull \hbox (badness 10000) detected at line 160
[][][]
 []


Underfull \hbox (badness 10000) detected at line 167
[][][]
 []


Underfull \hbox (badness 10000) detected at line 170
[][][]
 []


Underfull \hbox (badness 10000) detected at line 173
[][][]
 []


Underfull \hbox (badness 10000) detected at line 180
[][][]
 []


Underfull \hbox (badness 10000) detected at line 183
[][][]
 []


Underfull \hbox (badness 10000) detected at line 186
[][][]
 []


Underfull \hbox (badness 10000) detected at line 193
[][][]
 []


Underfull \hbox (badness 10000) detected at line 196
[][][]
 []


Underfull \hbox (badness 10000) detected at line 199
[][][]
 []


Underfull \hbox (badness 10000) detected at line 206
[][][]
 []


Underfull \hbox (badness 10000) detected at line 209
[][][]
 []


Underfull \hbox (badness 10000) detected at line 212
[][][]
 []

[233] [234] [235] [236] [237] [238]) (./group__DDSQosTypesModule.tex [239]
[240]
Underfull \hbox (badness 958) in paragraph at lines 72--72
[]\T1/phv/m/sl/9 The USER[]_[][]DATA QoS pol-icy al-lows the user to at-tach a 
buffer of opaque data to a [],
 []


Overfull \hbox (63.34404pt too wide) in paragraph at lines 87--120
[] \T1/phv/m/n/10 , \T1/phv/b/n/10 DDS[]_[][]LATENCYBUDGET[]_[][]QOS[]_[][]POLI
CY[]_[][]ID \T1/phv/m/n/10 = 5 , []
 []


Underfull \hbox (badness 10000) in paragraph at lines 87--120
\T1/phv/b/n/10 DDS[]_[][]DESTINATIONORDER[]_[][]QOS[]_[][]POLICY[]_[][]ID \T1/p
hv/m/n/10 = 12 , [] , \T1/phv/b/n/10 DDS[]_[][]
 []

[241]
Underfull \hbox (badness 931) in paragraph at lines 163--164
\T1/phv/m/n/10 Qos[]Policies can be set pro-gram-mat-i-cally when an [] is cre-
ated, or mod-i-fied with the []\TS1/phv/m/n/10 '\T1/phv/m/n/10 s
 []

[242]
Underfull \hbox (badness 1014) in paragraph at lines 180--181
\T1/phv/m/n/10 lisher side spec-i-fies an "of-fered" value for that \T1/pcr/m/n
/10 Qos[]Policy\T1/phv/m/n/10 . RTI Con-next DDS Mi-cro will then de-ter-mine
 []


Underfull \hbox (badness 892) in paragraph at lines 180--181
\T1/phv/m/n/10 pat-i-ble, RTI Con-next DDS Mi-cro will not es-tab-lish com-mu-n
i-ca-tions be-tween the two [] ob-jects and
 []

(./group__DDSFilterQosModule.tex [243] [244])
(./group__DDSContentFilterQosModule.tex [245])
(./group__DDSDiscoveryQosModule.tex) (./group__UserTrafficQosModule.tex)
(./group__TrustQosModule.tex) (./group__DDSDeadlineQosModule.tex [246])
(./group__DDSLatencyBudgetQosModule.tex) (./group__DDSOwnershipQosModule.tex
[247]
Overfull \hbox (22.15068pt too wide) in paragraph at lines 16--19
[]\T1/phv/m/n/10 enum [] { [] , []
 []


Underfull \hbox (badness 10000) detected at line 38
[][][]
 []

) (./group__DDSOwnershipStrengthQosModule.tex [248])
(./group__DDSLivelinessQosModule.tex
Overfull \hbox (90.33345pt too wide) in paragraph at lines 16--20
[]\T1/phv/m/n/10 enum [] { [] , []
 []


Underfull \hbox (badness 10000) detected at line 39
[][][]
 []

[249]) (./group__DDSReliabilityQosModule.tex
Overfull \hbox (33.463pt too wide) in paragraph at lines 16--19
[]\T1/phv/m/n/10 enum [] { [] , []
 []

[250]
Underfull \hbox (badness 10000) detected at line 38
[][][]
 []


Underfull \hbox (badness 10000) detected at line 13
[][][]
 []

) (./group__DDSHistoryQosModule.tex [251]
Underfull \hbox (badness 10000) detected at line 38
[][][]
 []

) (./group__DurabilityQosPolicyModule.tex [252]
Overfull \hbox (51.184pt too wide) in paragraph at lines 16--21
[]\T1/phv/m/n/10 enum [] { [] , []
 []

) (./group__DDSDataRepresentationQosModule.tex [253]
Underfull \hbox (badness 10000) detected at line 59
[][][]
 []

[254]
Underfull \hbox (badness 2205) in paragraph at lines 84--85
[]\T1/phv/m/n/10 For the [] "Flat[]Data lan-guage bind-ing", RTI Con-next DDS M
i-cro trans-lates this field to
 []

) (./group__DDSResourceLimitsQosModule.tex [255])
(./group__DDSPresentationQosModule.tex
Overfull \hbox (92.97064pt too wide) in paragraph at lines 16--21
[]\T1/phv/m/n/10 enum [] { [] , []
 []

[256]
Underfull \hbox (badness 10000) detected at line 42
[][][]
 []

) (./group__DestinationOrderQosPolicyModule.tex [257]
Underfull \hbox (badness 10000) detected at line 2
[][][]
 []


Underfull \hbox (badness 10000) detected at line 5
[][][]
 []


Underfull \hbox (badness 10000) detected at line 16
[][][]
 []


Underfull \hbox (badness 10000) detected at line 19
[][][]
 []

[258]) (./group__DDSEntityFactoryQosModule.tex)
(./group__DDSExtendedQosSupportModule.tex
(./group__DDSDataReaderResourceLimitsQosModule.tex [259]
Underfull \hbox (badness 10000) detected at line 38
[][][]
 []

[260]) (./group__DDSDataWriterResourceLimitsQosModule.tex))
(./group__DDSSystemResourceLimitsQosModule.tex)
(./group__DDSWireProtocolQosModule.tex [261] [262]
Underfull \hbox (badness 10000) detected at line 60
[][][]
 []


Underfull \hbox (badness 10000) in paragraph at lines 61--62

 []


Underfull \hbox (badness 10000) detected at line 74
[][][]
 []


Underfull \hbox (badness 10000) in paragraph at lines 75--76

 []


Underfull \hbox (badness 10000) detected at line 88
[][][]
 []


Underfull \hbox (badness 10000) in paragraph at lines 89--90

 []


Underfull \hbox (badness 10000) detected at line 102
[][][]
 []


Underfull \hbox (badness 10000) in paragraph at lines 103--104

 []


Underfull \hbox (badness 10000) detected at line 116
[][][]
 []


Underfull \hbox (badness 10000) in paragraph at lines 117--118

 []

[263]
Underfull \hbox (badness 10000) detected at line 133
[][][]
 []


Underfull \hbox (badness 10000) in paragraph at lines 134--135

 []


Underfull \hbox (badness 10000) detected at line 147
[][][]
 []


Underfull \hbox (badness 10000) in paragraph at lines 148--149

 []


Overfull \hbox (82.54158pt too wide) in paragraph at lines 166--167
[]\T1/phv/m/n/10 The fol-low-ing are the \T1/pcr/m/n/10 rtps[]_[]well[]_[]known
[]_[]ports \T1/phv/m/n/10 val-ues for [][]
 []

[264]
Underfull \hbox (badness 10000) detected at line 178
[][][]
 []


Overfull \hbox (20.5055pt too wide) in paragraph at lines 195--196
[]\T1/phv/m/n/10 The fol-low-ing are the \T1/pcr/m/n/10 rtps[]_[]well[]_[]known
[]_[]ports \T1/phv/m/n/10 val-ues for [][]
 []


Overfull \hbox (65.47787pt too wide) in paragraph at lines 207--208
\T1/phv/m/n/10 fixed port map-pings. For back-wards com-pat-i-bil-ity, please u
se []. 
 []


Underfull \hbox (badness 10000) detected at line 209
[][][]
 []

) (./group__DDSDataReaderProtocolQosModule.tex [265])
(./group__DDSDataWriterProtocolQosModule.tex) (./group__TransportQosModule.tex)
(./group__DDSDomainParticipantResourceLimitsQosModule.tex)
(./group__DDSEntityNameQosModule.tex [266] [267]
Underfull \hbox (badness 10000) detected at line 63
[][][]
 []

) (./group__DDSPublishModeQosModule.tex
Overfull \hbox (121.16719pt too wide) in paragraph at lines 23--27
[]\T1/phv/m/n/10 enum [] { [] , []
 []

[268]
Underfull \hbox (badness 10000) detected at line 69
[][][]
 []


Underfull \hbox (badness 10000) detected at line 10
[][][]
 []


Underfull \hbox (badness 10000) detected at line 23
[][][]
 []

[269]) (./group__DDSPartitionQosModule.tex) (./group__DDSPropertyQosModule.tex
[270]
Underfull \hbox (badness 3895) in paragraph at lines 22--23
[][] [] \T1/phv/m/n/10 (struct [] $\OMS/cmsy/m/n/10 ^^C$\T1/phv/m/n/10 policy,
 []

[271]
Underfull \hbox (badness 10000) detected at line 52
[][][]
 []


Underfull \hbox (badness 10000) detected at line 66
[][][]
 []


Underfull \hbox (badness 10000) detected at line 85
[][][]
 []


Underfull \hbox (badness 10000) detected at line 101
[][][]
 []


Overfull \hbox (58.23033pt too wide) in paragraph at lines 102--103
[]\T1/phv/m/n/10 One of the [], [], [] 
 []

[272]
Underfull \hbox (badness 10000) detected at line 114
[][][]
 []


Underfull \hbox (badness 10000) detected at line 124
[][][]
 []


Underfull \hbox (badness 10000) detected at line 139
[][][]
 []


Underfull \hbox (badness 10000) detected at line 151
[][][]
 []

) (./group__DDSTransportPriorityQosModule.tex)
(./group__DDSUserDataQosModule.tex [273]) (./group__DDSGroupDataQosModule.tex)
(./group__DDSTopicDataQosModule.tex [274])
(./group__DDSDataWriterTransferModeQosModule.tex [275]
Underfull \hbox (badness 10000) detected at line 40
[][][]
 []


Underfull \hbox (badness 10000) detected at line 43
[][][]
 []


Underfull \hbox (badness 10000) in paragraph at lines 44--46

 []

)) (./group__DDSConditionsModule.tex [276]
Underfull \hbox (badness 981) in paragraph at lines 42--43
[][] [] \T1/phv/m/n/10 ([] $\OMS/cmsy/m/n/10 ^^C$\T1/phv/m/n/10 self, struct []
 $\OMS/cmsy/m/n/10 ^^C$\T1/phv/m/n/10 active[]_[]conditions,
 []

[277]
Underfull \hbox (badness 10000) detected at line 76
[][][]
 []


Underfull \hbox (badness 10000) detected at line 91
[][][]
 []


Underfull \hbox (badness 10000) detected at line 110
[][][]
 []

[278]
Underfull \hbox (badness 991) in paragraph at lines 133--133
[]\T1/phv/m/n/10 The ap-pli-ca-tion in-di-cates which rel-e-vant in-for-ma-tion
 it wants to get by cre-at-ing [] ob-jects
 []

[279]
Underfull \hbox (badness 10000) detected at line 158
[][][]
 []


Underfull \hbox (badness 10000) detected at line 183
[][][]
 []


Underfull \hbox (badness 10000) detected at line 186
[][][]
 []

[280]
Underfull \hbox (badness 10000) detected at line 216
[][][]
 []


Underfull \hbox (badness 10000) detected at line 219
[][][]
 []


Underfull \hbox (badness 10000) detected at line 222
[][][]
 []


Underfull \hbox (badness 10000) detected at line 225
[][][]
 []

[281]
Underfull \hbox (badness 10000) detected at line 262
[][][]
 []


Underfull \hbox (badness 10000) detected at line 295
[][][]
 []


Underfull \hbox (badness 10000) detected at line 298
[][][]
 []

[282] [283]
Underfull \hbox (badness 10000) detected at line 324
[][][]
 []


Underfull \hbox (badness 10000) detected at line 327
[][][]
 []


Underfull \hbox (badness 10000) detected at line 347
[][][]
 []


Underfull \hbox (badness 10000) detected at line 350
[][][]
 []


Underfull \hbox (badness 10000) detected at line 365
[][][]
 []


Underfull \hbox (badness 10000) detected at line 368
[][][]
 []

[284]
Underfull \hbox (badness 10000) detected at line 371
[][][]
 []


Underfull \hbox (badness 10000) detected at line 374
[][][]
 []


Underfull \hbox (badness 972) in paragraph at lines 389--390
[]\T1/phv/m/n/10 The re-sult of the wait op-er-a-tion is the list of all the at
-tached con-di-tions that have a \T1/pcr/m/n/10 trigger[]_[]value \T1/phv/m/n/1
0 of
 []

[285]
Underfull \hbox (badness 10000) detected at line 410
[][][]
 []


Overfull \hbox (17.2954pt too wide) in paragraph at lines 411--412
[]\T1/phv/m/n/10 One of the [] or [] or []. 
 []


Underfull \hbox (badness 10000) detected at line 413
[][][]
 []


Underfull \hbox (badness 10000) detected at line 435
[][][]
 []


Underfull \hbox (badness 10000) detected at line 438
[][][]
 []

[286]
Underfull \hbox (badness 10000) detected at line 458
[][][]
 []


Underfull \hbox (badness 10000) detected at line 480
[][][]
 []


Underfull \hbox (badness 10000) detected at line 483
[][][]
 []


Underfull \hbox (badness 10000) detected at line 503
[][][]
 []


Underfull \hbox (badness 10000) detected at line 506
[][][]
 []

) (./group__DDSEntityModule.tex [287] [288]
Underfull \hbox (badness 10000) detected at line 87
[][][]
 []


Underfull \hbox (badness 10000) detected at line 90
[][][]
 []


Underfull \hbox (badness 10000) detected at line 93
[][][]
 []

[289]
Underfull \hbox (badness 10000) detected at line 102
[][][]
 []


Underfull \hbox (badness 10000) detected at line 109
[][][]
 []


Underfull \hbox (badness 6725) in paragraph at lines 112--113
[]\T1/phv/m/n/10 ) has a cor-re-spond-ing spe-cial value of the QoS ([],
 []


Overfull \hbox (108.68977pt too wide) in paragraph at lines 112--113
[]\T1/phv/m/n/10 , [], [], [],
 []


Underfull \hbox (badness 1168) in paragraph at lines 124--125
[]\T1/phv/m/n/10 It is per-mit-ted to use NULL as the value of the lis-tener. T
he NULL lis-tener be-haves as if the \T1/pcr/m/n/10 mask \T1/phv/m/n/10 is
 []

[290]
Underfull \hbox (badness 10000) detected at line 126
[][][]
 []

[291]
Overfull \hbox (31.21393pt too wide) in paragraph at lines 214--215
[]\T1/phv/m/n/10 Entities cre-ated from a fac-tory that is dis-abled are cre-at
ed dis-abled, re-gard-less of the set-ting of the []. 
 []

[292]
Underfull \hbox (badness 10000) detected at line 227
[][][]
 []


Underfull \hbox (badness 10000) detected at line 230
[][][]
 []


Underfull \hbox (badness 10000) detected at line 248
[][][]
 []


Underfull \hbox (badness 10000) detected at line 268
[][][]
 []


Underfull \hbox (badness 10000) detected at line 271
[][][]
 []

[293] [294]
Underfull \hbox (badness 10000) detected at line 289
[][][]
 []


Underfull \hbox (badness 10000) detected at line 292
[][][]
 []


Underfull \hbox (badness 10000) detected at line 316
[][][]
 []


Underfull \hbox (badness 10000) detected at line 319
[][][]
 []


Underfull \hbox (badness 10000) detected at line 322
[][][]
 []

) (./group__DDSSequenceModule.tex [295]
Underfull \hbox (badness 3312) in paragraph at lines 45--46
[][] [] \T1/phv/m/n/10 (struct [] $\OMS/cmsy/m/n/10 ^^C$\T1/phv/m/n/10 self, vo
id $\OMS/cmsy/m/n/10 ^^C$\T1/phv/m/n/10 buffer, [] new[]_[]length,
 []

[296]
Underfull \hbox (badness 1454) in paragraph at lines 63--64
[][] [] \T1/phv/m/n/10 (struct [] $\OMS/cmsy/m/n/10 ^^C$\T1/phv/m/n/10 self, []
 length, [] max,
 []


Underfull \hbox (badness 2213) in paragraph at lines 67--68
[][] [] \T1/phv/m/n/10 (struct [] $\OMS/cmsy/m/n/10 ^^C$\T1/phv/m/n/10 self, co
nst Foo array[]$ $[], [] length,
 []


Underfull \hbox (badness 4531) in paragraph at lines 71--72
[][] [] \T1/phv/m/n/10 (struct [] $\OMS/cmsy/m/n/10 ^^C$\T1/phv/m/n/10 self, co
nst Foo array[]$ $[], [] length,
 []

[297]
Underfull \hbox (badness 10000) detected at line 111
[][][]
 []

[298]
Underfull \hbox (badness 10000) detected at line 150
[][][]
 []


Underfull \hbox (badness 10000) detected at line 153
[][][]
 []


Underfull \hbox (badness 10000) detected at line 170
[][][]
 []


Underfull \hbox (badness 10000) detected at line 173
[][][]
 []


Underfull \hbox (badness 10000) detected at line 185
[][][]
 []

[299]
Underfull \hbox (badness 10000) detected at line 202
[][][]
 []


Underfull \hbox (badness 10000) detected at line 205
[][][]
 []


Underfull \hbox (badness 10000) detected at line 219
[][][]
 []


Underfull \hbox (badness 10000) detected at line 239
[][][]
 []

[300]
Underfull \hbox (badness 10000) detected at line 258
[][][]
 []


Underfull \hbox (badness 10000) detected at line 268
[][][]
 []


Underfull \hbox (badness 10000) detected at line 288
[][][]
 []

[301]
Underfull \hbox (badness 10000) detected at line 312
[][][]
 []


Underfull \hbox (badness 10000) detected at line 336
[][][]
 []

[302]
Underfull \hbox (badness 10000) detected at line 356
[][][]
 []


Underfull \hbox (badness 10000) detected at line 388
[][][]
 []


Underfull \hbox (badness 10000) detected at line 393
[][][]
 []

[303]
Underfull \hbox (badness 10000) detected at line 413
[][][]
 []


Underfull \hbox (badness 10000) detected at line 416
[][][]
 []


Underfull \hbox (badness 10000) detected at line 442
[][][]
 []

[304]
Underfull \hbox (badness 10000) detected at line 459
[][][]
 []


Underfull \hbox (badness 10000) detected at line 462
[][][]
 []


Underfull \hbox (badness 10000) detected at line 472
[][][]
 []


Underfull \hbox (badness 10000) detected at line 475
[][][]
 []

[305]
Underfull \hbox (badness 10000) detected at line 493
[][][]
 []

[306] [307]
Underfull \hbox (badness 10000) detected at line 563
[][][]
 []


Underfull \hbox (badness 10000) detected at line 587
[][][]
 []


Underfull \hbox (badness 10000) detected at line 606
[][][]
 []


Underfull \hbox (badness 10000) detected at line 611
[][][]
 []

[308] [309]
Underfull \hbox (badness 10000) detected at line 625
[][][]
 []


Underfull \hbox (badness 10000) detected at line 644
[][][]
 []


Underfull \hbox (badness 10000) detected at line 649
[][][]
 []


Underfull \hbox (badness 10000) detected at line 665
[][][]
 []

[310]
Underfull \hbox (badness 10000) detected at line 680
[][][]
 []


Underfull \hbox (badness 10000) detected at line 683
[][][]
 []


Underfull \hbox (badness 10000) detected at line 699
[][][]
 []


Underfull \hbox (badness 10000) detected at line 714
[][][]
 []


Underfull \hbox (badness 10000) detected at line 717
[][][]
 []

[311]
Underfull \hbox (badness 10000) detected at line 735
[][][]
 []


Underfull \hbox (badness 10000) detected at line 759
[][][]
 []

[312]
Underfull \hbox (badness 10000) detected at line 785
[][][]
 []

) (./group__DDSMicroTypesModule.tex
Underfull \hbox (badness 2189) in paragraph at lines 28--32
[]\T1/phv/m/n/10 enum [] { [] , \T1/phv/b/n/10 NDDS[]_[][]TYPEPLUGIN[]_[][]GUID
[]_[][]KEY \T1/phv/m/n/10 ,
 []

[313]
Underfull \hbox (badness 10000) detected at line 70
[][][]
 []

[314]) (./group__DDSExceptionTypesModule.tex
Overfull \hbox (55.41426pt too wide) in paragraph at lines 11--26
[] \T1/phv/m/n/10 , []
 []

[315]) (./group__DDSStringClass.tex [316] [317]
Underfull \hbox (badness 10000) detected at line 87
[][][]
 []


Underfull \hbox (badness 10000) detected at line 107
[][][]
 []


Underfull \hbox (badness 10000) detected at line 120
[][][]
 []


Underfull \hbox (badness 10000) detected at line 142
[][][]
 []

[318]
Underfull \hbox (badness 10000) detected at line 152
[][][]
 []


Underfull \hbox (badness 10000) detected at line 180
[][][]
 []


Underfull \hbox (badness 10000) detected at line 197
[][][]
 []

[319]
Underfull \hbox (badness 10000) detected at line 205
[][][]
 []

)) (./group__NDDSUtilityModule.tex (./group__NDDSGlobalConfigurationModule.tex)
(./group__NDDSGlobalPropertyModule.tex))) (./group__DPSEModule.tex [320]
Overfull \hbox (47.3388pt too wide) in paragraph at lines 16--17
[]\T1/phv/m/n/10 DISC[]_[][]DPSEDll[]Export [] [] (struct []
 []

[321] [322]
Underfull \hbox (badness 10000) detected at line 117
[][][]
 []


Underfull \hbox (badness 10000) detected at line 120
[][][]
 []

[323]) (./group__DPDEModule.tex [324]) (./group__CDRStreamModule.tex [325]
[326]
Underfull \hbox (badness 10000) detected at line 51
[][][]
 []


Underfull \hbox (badness 10000) detected at line 71
[][][]
 []


Underfull \hbox (badness 10000) detected at line 95
[][][]
 []

[327]
Underfull \hbox (badness 10000) detected at line 119
[][][]
 []


Underfull \hbox (badness 10000) detected at line 141
[][][]
 []


Underfull \hbox (badness 10000) detected at line 163
[][][]
 []

) (./group__RTModule.tex
Underfull \hbox (badness 1521) in paragraph at lines 8--9
[]\T1/phv/m/n/10 RTDll[]Export [] [] (RT[]_[][]Registry[]_[]T $\OMS/cmsy/m/n/10
 ^^C$\T1/phv/m/n/10 self, const char $\OMS/cmsy/m/n/10 ^^C$\T1/phv/m/n/10 name,
 struct RT[]_[][]
 []

[328]
Underfull \hbox (badness 10000) detected at line 45
[][][]
 []


Underfull \hbox (badness 10000) detected at line 48
[][][]
 []

[329]
Underfull \hbox (badness 10000) detected at line 74
[][][]
 []


Underfull \hbox (badness 10000) detected at line 77
[][][]
 []


Underfull \hbox (badness 10000) detected at line 103
[][][]
 []

) (./group__RHSMModule.tex [330]
Underfull \hbox (badness 10000) detected at line 28
[][][]
 []


Underfull \hbox (badness 10000) detected at line 31
[][][]
 []

) (./group__WHSMModule.tex [331]
Underfull \hbox (badness 10000) detected at line 28
[][][]
 []

) (./group__NETIO.tex (./group__NETIO__PacketClass.tex [332] [333]
Underfull \hbox (badness 10000) detected at line 65
[][][]
 []


Underfull \hbox (badness 10000) detected at line 68
[][][]
 []


Underfull \hbox (badness 10000) detected at line 90
[][][]
 []


Underfull \hbox (badness 10000) detected at line 93
[][][]
 []

[334]
Underfull \hbox (badness 10000) detected at line 117
[][][]
 []


Underfull \hbox (badness 10000) detected at line 120
[][][]
 []

) (./group__NETIO__InterfaceClass.tex [335]
Overfull \hbox (3.9776pt too wide) in paragraph at lines 1--1
[]\T1/phv/m/sl/10 self[] 
 []


Overfull \hbox (1.97075pt too wide) in paragraph at lines 3--3
[]\T1/phv/m/sl/10 src[] 
 []


Overfull \hbox (1.97964pt too wide) in paragraph at lines 5--5
[]\T1/phv/m/sl/10 dst[] 
 []


Underfull \hbox (badness 10000) detected at line 63
[][][]
 []


Underfull \hbox (badness 10000) in paragraph at lines 79--80
\T1/pcr/m/n/8 typedef []($\OMS/cmsy/m/n/8 ^^C$ \T1/pcr/m/n/8 NETIO[]_[][]Interf
ace[]_[]send[]Func) ([] $\OMS/cmsy/m/n/8 ^^C$\T1/pcr/m/n/8 self, struct []
 []

[336]
Underfull \hbox (badness 10000) detected at line 98
[][][]
 []


Underfull \hbox (badness 10000) detected at line 124
[][][]
 []


Overfull \hbox (30.8692pt too wide) in paragraph at lines 131--132
\T1/pcr/m/n/8 typedef []($\OMS/cmsy/m/n/8 ^^C$ \T1/pcr/m/n/8 NETIO[]_[][]Interf
ace[]_[]reserve[]_[]address[]Func) ([] $\OMS/cmsy/m/n/8 ^^C$\T1/pcr/m/n/8 self,
 struct []
 []


Underfull \hbox (badness 10000) detected at line 148
[][][]
 []


Overfull \hbox (16.4692pt too wide) in paragraph at lines 155--156
\T1/pcr/m/n/8 typedef []($\OMS/cmsy/m/n/8 ^^C$ \T1/pcr/m/n/8 NETIO[]_[][]Interf
ace[]_[]release[]_[]address[]Func) ([] $\OMS/cmsy/m/n/8 ^^C$\T1/pcr/m/n/8 self,
 struct []
 []

[337]
Underfull \hbox (badness 10000) detected at line 168
[][][]
 []

) (./group__NETIOAddressClass.tex
Overfull \hbox (103.25873pt too wide) in paragraph at lines 26--26
[][] [] \T1/phv/m/sl/9 Ad-dresses in the range [][], [][]
 []


Overfull \hbox (103.25873pt too wide) in paragraph at lines 28--28
[][] [] \T1/phv/m/sl/9 Ad-dresses in the range [][], [][]
 []

[338]
Overfull \hbox (121.86774pt too wide) in paragraph at lines 74--75
[][] [] \T1/phv/m/n/10 Ad-dresses in the range [][], [][]
 []


Overfull \hbox (121.86774pt too wide) in paragraph at lines 84--85
[][] [] \T1/phv/m/n/10 Ad-dresses in the range [][], [][]
 []

[339]
Underfull \hbox (badness 10000) detected at line 142
[][][]
 []


Underfull \hbox (badness 10000) detected at line 145
[][][]
 []

[340]
Underfull \hbox (badness 10000) detected at line 173
[][][]
 []

)) (./group__UDPPluginModule.tex
Overfull \hbox (74.40436pt too wide) in paragraph at lines 42--45
[]\T1/phv/m/n/10 enum [] { [] , []
 []

[341]
Underfull \hbox (badness 1688) in paragraph at lines 49--50
[]\T1/phv/m/n/10 NETIOPSLDll[]Export [] [] (struct [] $\OMS/cmsy/m/n/10 ^^C$\T1
/phv/m/n/10 seq,
 []


Underfull \hbox (badness 3281) in paragraph at lines 55--56
[]\T1/phv/m/n/10 NETIOPSLDll[]Export [] [] (struct []
 []


Underfull \hbox (badness 853) in paragraph at lines 63--64
[]\T1/phv/m/n/10 static bool [] (struct [] $\OMS/cmsy/m/n/10 ^^C$\T1/phv/m/n/10
 seq, [] ad-dress,
 []

[342] [343] [344]
Underfull \hbox (badness 10000) detected at line 226
[][][]
 []


Underfull \hbox (badness 10000) detected at line 248
[][][]
 []


Underfull \hbox (badness 10000) detected at line 266
[][][]
 []

[345]
Underfull \hbox (badness 10000) detected at line 294
[][][]
 []


Underfull \hbox (badness 10000) detected at line 326
[][][]
 []

[346]
Underfull \hbox (badness 10000) detected at line 345
[][][]
 []


Underfull \hbox (badness 10000) detected at line 360
[][][]
 []

[347]
Underfull \hbox (badness 10000) detected at line 388
[][][]
 []


Underfull \hbox (badness 10000) in paragraph at lines 402--403
\T1/pcr/m/n/8 NETIOPSLDll[]Variable struct [] UDP[]_[][]INTERFACE[]_[][]FACTORY
[]_[][]PROPERTY[]_[][]DEFAULT
 []

) (./group__UDPTransformModule.tex
Overfull \hbox (28.95259pt too wide) in paragraph at lines 19--20
[]\T1/phv/m/n/10 #define []  REDA[]_[][]DEFINE[]_[][]SEQUENCE[]_[][]INITIALIZER
(struct []) 
 []

[348] [349]
Underfull \hbox (badness 10000) detected at line 151
[][][]
 []


Underfull \hbox (badness 10000) detected at line 154
[][][]
 []

[350]
Underfull \hbox (badness 10000) detected at line 188
[][][]
 []


Underfull \hbox (badness 10000) detected at line 191
[][][]
 []


Underfull \hbox (badness 10000) detected at line 223
[][][]
 []

[351]
Underfull \hbox (badness 10000) detected at line 255
[][][]
 []


Underfull \hbox (badness 10000) detected at line 285
[][][]
 []


Underfull \hbox (badness 10000) detected at line 288
[][][]
 []

[352] [353]
Underfull \hbox (badness 10000) detected at line 316
[][][]
 []


Underfull \hbox (badness 10000) detected at line 362
[][][]
 []


Underfull \hbox (badness 10000) detected at line 367
[][][]
 []

[354]
Underfull \hbox (badness 10000) detected at line 386
[][][]
 []

) (./group__RTPSPluginModule.tex
Overfull \hbox (27.34457pt too wide) in paragraph at lines 30--33
[]\T1/phv/m/n/10 enum [] { [] , []
 []

[355]
Overfull \hbox (15.91925pt too wide) in paragraph at lines 98--99
\T1/pcr/m/n/8 typedef []($\OMS/cmsy/m/n/8 ^^C$ \T1/pcr/m/n/8 RTPS[]_[][]Checksu
m[]Calculate[]_[]T) (void $\OMS/cmsy/m/n/8 ^^C$\T1/pcr/m/n/8 context, const str
uct REDA[]_[][]Buffer $\OMS/cmsy/m/n/8 ^^C$\T1/pcr/m/n/8 buf, []
 []

[356]
Underfull \hbox (badness 10000) detected at line 115
[][][]
 []

[357]
Underfull \hbox (badness 10000) detected at line 176
[][][]
 []


Underfull \hbox (badness 10000) detected at line 179
[][][]
 []

[358] [359]) (./group__SHMEMPluginModule.tex
Overfull \hbox (99.61853pt too wide) in paragraph at lines 16--17
[]\T1/phv/m/n/10 NETIO[]_[][]SHMEMDll[]Export [] [] (struct []
 []


Overfull \hbox (95.62274pt too wide) in paragraph at lines 18--19
[]\T1/phv/m/n/10 NETIO[]_[][]SHMEMDll[]Export [] [] (struct []
 []

[360]
Underfull \hbox (badness 10000) detected at line 43
[][][]
 []


Underfull \hbox (badness 10000) detected at line 61
[][][]
 []


Underfull \hbox (badness 10000) detected at line 76
[][][]
 []

(./group__NETIO__SharedMemoryClass.tex [361] [362]
(./group__NETIO__SharedMemoryMutexClass.tex [363]
Underfull \hbox (badness 10000) detected at line 51
[][][]
 []


Underfull \hbox (badness 10000) detected at line 68
[][][]
 []


Underfull \hbox (badness 10000) detected at line 71
[][][]
 []

[364]
Underfull \hbox (badness 10000) detected at line 89
[][][]
 []


Underfull \hbox (badness 10000) detected at line 92
[][][]
 []


Underfull \hbox (badness 10000) detected at line 95
[][][]
 []


Underfull \hbox (badness 10000) detected at line 112
[][][]
 []


Underfull \hbox (badness 10000) detected at line 115
[][][]
 []


Underfull \hbox (badness 10000) detected at line 133
[][][]
 []

[365]
Underfull \hbox (badness 10000) detected at line 150
[][][]
 []


Underfull \hbox (badness 10000) detected at line 153
[][][]
 []


Underfull \hbox (badness 10000) detected at line 168
[][][]
 []


Underfull \hbox (badness 10000) detected at line 171
[][][]
 []


Underfull \hbox (badness 10000) detected at line 188
[][][]
 []


Underfull \hbox (badness 10000) detected at line 191
[][][]
 []

[366]
Underfull \hbox (badness 10000) detected at line 206
[][][]
 []


Underfull \hbox (badness 10000) detected at line 209
[][][]
 []


Underfull \hbox (badness 10000) detected at line 226
[][][]
 []


Underfull \hbox (badness 10000) detected at line 229
[][][]
 []


Underfull \hbox (badness 10000) detected at line 237
[][][]
 []

[367]
Underfull \hbox (badness 10000) detected at line 254
[][][]
 []


Underfull \hbox (badness 10000) detected at line 257
[][][]
 []


Underfull \hbox (badness 10000) detected at line 265
[][][]
 []

) (./group__NETIO__SharedMemorySegmentClass.tex
Underfull \hbox (badness 10000) in paragraph at lines 16--17
[]\T1/phv/m/n/10 RTIBool [] (struct NETIO[]_[][]Shared[]Memory[]Segment[]Handle

 []


Underfull \hbox (badness 10000) in paragraph at lines 18--19
[]\T1/phv/m/n/10 RTIBool [] (struct NETIO[]_[][]Shared[]Memory[]Segment[]Handle
 $\OMS/cmsy/m/n/10 ^^C$\T1/phv/m/n/10 handle,
 []


Underfull \hbox (badness 10000) in paragraph at lines 22--23
[]\T1/phv/m/n/10 RTIBool [] (struct NETIO[]_[][]Shared[]Memory[]Segment[]Handle
 $\OMS/cmsy/m/n/10 ^^C$\T1/phv/m/n/10 handle,
 []

[368]
Underfull \hbox (badness 1515) in paragraph at lines 28--29
[]\T1/phv/m/n/10 NETIOPSLDll[]Export [] [] (struct NETIO[]_[][]Shared[]Memory[]

 []

[369]
Underfull \hbox (badness 10000) detected at line 72
[][][]
 []

[370]
Underfull \hbox (badness 10000) detected at line 110
[][][]
 []


Underfull \hbox (badness 10000) detected at line 113
[][][]
 []


Underfull \hbox (badness 10000) detected at line 135
[][][]
 []


Underfull \hbox (badness 10000) detected at line 138
[][][]
 []


Overfull \hbox (75.69464pt too wide) in paragraph at lines 141--142
[]\T1/phv/m/n/10 When you cre-ate a seg-ment with [] or with [],
 []


Overfull \hbox (69.42181pt too wide) in paragraph at lines 141--142
\T1/phv/m/n/10 you can delete it by call-ing di-rectly NETIO[]_[][]Shared[]Memo
ry[]Segment[]_[]delete with-out call-ing []. 
 []

[371]
Underfull \hbox (badness 10000) detected at line 169
[][][]
 []

[372]
Underfull \hbox (badness 10000) detected at line 191
[][][]
 []


Underfull \hbox (badness 10000) detected at line 206
[][][]
 []


Underfull \hbox (badness 10000) detected at line 209
[][][]
 []


Underfull \hbox (badness 10000) detected at line 217
[][][]
 []


Underfull \hbox (badness 1584) in paragraph at lines 218--219
[]\T1/phv/m/n/10 the ad-dress that can be used to read and write the mem-ory. F
or per-for-mance this func-tion never
 []


Underfull \hbox (badness 2980) in paragraph at lines 218--219
\T1/phv/m/n/10 checks pre-conditions. It is the caller\TS1/phv/m/n/10 '\T1/phv/
m/n/10 s re-spon-si-bil-ity to en-sure the han-dle is NON null and AT-
 []


Underfull \hbox (badness 10000) detected at line 236
[][][]
 []


Underfull \hbox (badness 10000) detected at line 239
[][][]
 []

[373]
Underfull \hbox (badness 10000) detected at line 247
[][][]
 []


Overfull \hbox (45.22104pt too wide) in paragraph at lines 248--249
[]\T1/phv/m/n/10 the num-ber of bytes that can be read/written stat-ing at the 
ad-dress pro-vided by [].
 []

) (./group__NETIO__SharedMemorySignalingSemaphoreClass.tex
Underfull \hbox (badness 10000) in paragraph at lines 6--7
[]\T1/phv/m/n/10 RTIBool [] (struct NETIO[]_[][]Shared[]Memory[]Signaling[]
 []


Underfull \hbox (badness 10000) in paragraph at lines 8--9
[]\T1/phv/m/n/10 RTIBool [] (struct NETIO[]_[][]Shared[]Memory[]Signaling[]
 []


Underfull \hbox (badness 10000) in paragraph at lines 10--11
[]\T1/phv/m/n/10 RTIBool [] (struct NETIO[]_[][]Shared[]Memory[]
 []


Underfull \hbox (badness 10000) in paragraph at lines 12--13
[]\T1/phv/m/n/10 RTIBool [] (struct NETIO[]_[][]Shared[]Memory[]Signaling[]
 []


Underfull \hbox (badness 10000) in paragraph at lines 16--17
[]\T1/phv/m/n/10 RTIBool [] (struct NETIO[]_[][]Shared[]Memory[]Signaling[]
 []


Underfull \hbox (badness 10000) in paragraph at lines 18--19
[]\T1/phv/m/n/10 RTIBool [] (struct NETIO[]_[][]Shared[]Memory[]Signaling[]
 []

[374]
Underfull \hbox (badness 10000) detected at line 36
[][][]
 []


Underfull \hbox (badness 10000) detected at line 39
[][][]
 []


Underfull \hbox (badness 10000) detected at line 57
[][][]
 []

[375]
Underfull \hbox (badness 10000) detected at line 74
[][][]
 []


Underfull \hbox (badness 10000) detected at line 77
[][][]
 []


Underfull \hbox (badness 10000) detected at line 95
[][][]
 []


Underfull \hbox (badness 10000) detected at line 98
[][][]
 []


Underfull \hbox (badness 10000) detected at line 101
[][][]
 []

[376]
Underfull \hbox (badness 10000) detected at line 118
[][][]
 []


Underfull \hbox (badness 10000) detected at line 121
[][][]
 []


Underfull \hbox (badness 10000) detected at line 139
[][][]
 []


Underfull \hbox (badness 10000) detected at line 156
[][][]
 []

[377]
Underfull \hbox (badness 10000) detected at line 159
[][][]
 []


Underfull \hbox (badness 10000) detected at line 174
[][][]
 []


Underfull \hbox (badness 10000) detected at line 177
[][][]
 []


Underfull \hbox (badness 10000) detected at line 194
[][][]
 []


Underfull \hbox (badness 10000) detected at line 197
[][][]
 []

[378]
Underfull \hbox (badness 10000) detected at line 212
[][][]
 []


Underfull \hbox (badness 10000) detected at line 215
[][][]
 []


Underfull \hbox (badness 10000) detected at line 232
[][][]
 []


Underfull \hbox (badness 10000) detected at line 235
[][][]
 []


Underfull \hbox (badness 10000) detected at line 243
[][][]
 []

[379]
Underfull \hbox (badness 10000) detected at line 260
[][][]
 []


Underfull \hbox (badness 10000) detected at line 263
[][][]
 []


Underfull \hbox (badness 10000) detected at line 271
[][][]
 []

))) (./group__NETIO__DGRAMInterface.tex [380]
Underfull \hbox (badness 2401) in paragraph at lines 47--48
[]\T1/phv/m/n/10 typedef []($\OMS/cmsy/m/n/10 ^^C$ []\T1/phv/m/n/10 ) ([] $\OMS
/cmsy/m/n/10 ^^C$\T1/phv/m/n/10 user[]_[]intf,
 []


Underfull \hbox (badness 2376) in paragraph at lines 49--50
[]\T1/phv/m/n/10 typedef []($\OMS/cmsy/m/n/10 ^^C$ []\T1/phv/m/n/10 ) ([] $\OMS
/cmsy/m/n/10 ^^C$\T1/phv/m/n/10 netio[]_[]intf,
 []


Overfull \hbox (58.42192pt too wide) in paragraph at lines 60--61
[][] [] \T1/phv/m/n/10 (RT[]_[][]Registry[]_[]T $\OMS/cmsy/m/n/10 ^^C$\T1/phv/m
/n/10 registry, const char $\OMS/cmsy/m/n/10 ^^C$\T1/phv/m/n/10 name, []
 []


Underfull \hbox (badness 1448) in paragraph at lines 64--65
[][] [] \T1/phv/m/n/10 (struct [] $\OMS/cmsy/m/n/10 ^^C$\T1/phv/m/n/10 address[
]_[]seq, struct
 []

[381]
Underfull \hbox (badness 2961) in paragraph at lines 66--67
[][] [] \T1/phv/m/n/10 (struct [] $\OMS/cmsy/m/n/10 ^^C$\T1/phv/m/n/10 address[
]_[]seq,
 []


Overfull \hbox (43.5142pt too wide) in paragraph at lines 71--72
[]\T1/phv/m/n/10 DDSCPPDll[]Export const struct [] [] 
 []


Overfull \hbox (54.02606pt too wide) in paragraph at lines 73--74
[]\T1/phv/m/n/10 DDSCPPDll[]Export const struct [] [] 
 []


Overfull \hbox (43.5142pt too wide) in paragraph at lines 75--76
[]\T1/phv/m/n/10 DDSCPPDll[]Export const struct [] [] 
 []


Overfull \hbox (54.02606pt too wide) in paragraph at lines 77--78
[]\T1/phv/m/n/10 DDSCPPDll[]Export const struct [] [] 
 []

[382]
Overfull \hbox (73.69131pt too wide) in paragraph at lines 115--117
[]\T1/phv/m/n/10 Each NETIO[]_[][]DGRAM Trans-port in-stance is as-so-ci-ated w
ith net-work in-ter-face as re-turned by the [].
 []

[383]
Underfull \hbox (badness 10000) in paragraph at lines 227--228
\T1/pcr/m/n/8 #define NETIO[]_[][]DGRAM[]_[][]Interface[]Table[]Entry[]Seq[]_[]
[]INITIALIZER  REDA[]_[][]DEFINE[]_[][]SEQUENCE[]_[][]INITIALIZER(struct
 []


Underfull \hbox (badness 10000) in paragraph at lines 240--241
\T1/pcr/m/n/8 typedef [] $\OMS/cmsy/m/n/8 ^^C$\T1/pcr/m/n/8 ($\OMS/cmsy/m/n/8 ^
^C$ \T1/pcr/m/n/8 NETIO[]_[][]DGRAM[]_[][]Interface[]_[]create[]Func) ([] $\OMS
/cmsy/m/n/8 ^^C$\T1/pcr/m/n/8 upstream, void
 []

[384]
Underfull \hbox (badness 10000) in paragraph at lines 250--251
\T1/pcr/m/n/8 typedef []($\OMS/cmsy/m/n/8 ^^C$ \T1/pcr/m/n/8 NETIO[]_[][]DGRAMU
ser[]Interface[]_[]get[]_[]interface[]_[]list[]Func) ([] $\OMS/cmsy/m/n/8 ^^C$\
T1/pcr/m/n/8 user[]_[]intf,
 []


Underfull \hbox (badness 10000) in paragraph at lines 260--261
\T1/pcr/m/n/8 typedef []($\OMS/cmsy/m/n/8 ^^C$ \T1/pcr/m/n/8 NETIO[]_[][]DGRAMU
ser[]Interface[]_[]resolve[]_[]address[]Func) ([] $\OMS/cmsy/m/n/8 ^^C$\T1/pcr/
m/n/8 netio[]_[]
 []


Underfull \hbox (badness 10000) in paragraph at lines 260--261
\T1/pcr/m/n/8 intf, const struct [] $\OMS/cmsy/m/n/8 ^^C$\T1/pcr/m/n/8 if[]_[]e
ntry, const char $\OMS/cmsy/m/n/8 ^^C$\T1/pcr/m/n/8 address[]_[]string, struct
 []

[385]
Underfull \hbox (badness 10000) detected at line 324
[][][]
 []


Underfull \hbox (badness 10000) detected at line 327
[][][]
 []

[386]
Underfull \hbox (badness 10000) detected at line 349
[][][]
 []


Underfull \hbox (badness 10000) detected at line 352
[][][]
 []


Underfull \hbox (badness 10000) detected at line 378
[][][]
 []


Underfull \hbox (badness 10000) detected at line 381
[][][]
 []

[387]
Underfull \hbox (badness 10000) detected at line 405
[][][]
 []


Underfull \hbox (badness 10000) detected at line 408
[][][]
 []


Underfull \hbox (badness 10000) in paragraph at lines 418--419
\T1/pcr/m/n/8 DDSCPPDll[]Export const struct [] NETIO[]_[][]ADDRESS[]_[][]UDPv4
[]_[][]ANY[]_[][]UNICAST[]_[][]ROUTE
 []


Underfull \hbox (badness 10000) in paragraph at lines 428--429
\T1/pcr/m/n/8 DDSCPPDll[]Export const struct [] NETIO[]_[][]ADDRESS[]_[][]UDPv4
[]_[][]ANY[]_[][]MULTICAST[]_[][]
 []


Underfull \hbox (badness 10000) in paragraph at lines 438--439
\T1/pcr/m/n/8 DDSCPPDll[]Export const struct [] NETIO[]_[][]ADDRESS[]_[][]UDPv6
[]_[][]ANY[]_[][]UNICAST[]_[][]ROUTE
 []


Underfull \hbox (badness 10000) in paragraph at lines 448--449
\T1/pcr/m/n/8 DDSCPPDll[]Export const struct [] NETIO[]_[][]ADDRESS[]_[][]UDPv6
[]_[][]ANY[]_[][]MULTICAST[]_[][]
 []

[388]) (./group__ZCV2Module.tex
Underfull \hbox (badness 2073) in paragraph at lines 30--31
[]\T1/phv/m/n/10 typedef []($\OMS/cmsy/m/n/10 ^^C$ []\T1/phv/m/n/10 ) ([] $\OMS
/cmsy/m/n/10 ^^C$\T1/phv/m/n/10 netio[]_[]intf, const char
 []


Overfull \hbox (32.0955pt too wide) in paragraph at lines 32--33
[]\T1/phv/m/n/10 typedef []($\OMS/cmsy/m/n/10 ^^C$ []\T1/phv/m/n/10 ) ([] $\OMS
/cmsy/m/n/10 ^^C$\T1/phv/m/n/10 netio[]_[]intf, struct []
 []

[389]
Underfull \hbox (badness 6364) in paragraph at lines 42--43
[]\T1/phv/m/n/10 typedef []($\OMS/cmsy/m/n/10 ^^C$ []\T1/phv/m/n/10 ) ([] $\OMS
/cmsy/m/n/10 ^^C$\T1/phv/m/n/10 user[]_[]intf, struct
 []


Underfull \hbox (badness 2150) in paragraph at lines 44--45
[]\T1/phv/m/n/10 typedef []($\OMS/cmsy/m/n/10 ^^C$ []\T1/phv/m/n/10 ) ([] $\OMS
/cmsy/m/n/10 ^^C$\T1/phv/m/n/10 user[]_[]intf, struct
 []


Overfull \hbox (19.73907pt too wide) in paragraph at lines 50--51
[]\T1/phv/m/n/10 typedef []($\OMS/cmsy/m/n/10 ^^C$ []\T1/phv/m/n/10 ) ([] $\OMS
/cmsy/m/n/10 ^^C$\T1/phv/m/n/10 user[]_[]intf, struct []
 []


Overfull \hbox (92.60309pt too wide) in paragraph at lines 65--66
[][] [] \T1/phv/m/n/10 (RT[]_[][]Registry[]_[]T $\OMS/cmsy/m/n/10 ^^C$\T1/phv/m
/n/10 registry, const char $\OMS/cmsy/m/n/10 ^^C$\T1/phv/m/n/10 name, struct []

 []

[390]
Underfull \hbox (badness 4634) in paragraph at lines 69--70
[][] [] \T1/phv/m/n/10 (RT[]_[][]Registry[]_[]T $\OMS/cmsy/m/n/10 ^^C$\T1/phv/m
/n/10 registry, const char $\OMS/cmsy/m/n/10 ^^C$\T1/phv/m/n/10 name, struct
 []


Underfull \hbox (badness 10000) in paragraph at lines 112--113
\T1/pcr/m/n/8 typedef []($\OMS/cmsy/m/n/8 ^^C$ \T1/pcr/m/n/8 NETIO[]_[][]Interf
ace[]_[]resolve[]_[]address[]Func) ([] $\OMS/cmsy/m/n/8 ^^C$\T1/pcr/m/n/8 netio
[]_[]intf, const char
 []


Underfull \hbox (badness 10000) in paragraph at lines 122--123
\T1/pcr/m/n/8 typedef []($\OMS/cmsy/m/n/8 ^^C$ \T1/pcr/m/n/8 NETIO[]_[][]Interf
ace[]_[]get[]_[]route[]_[]table[]Func) ([] $\OMS/cmsy/m/n/8 ^^C$\T1/pcr/m/n/8 n
etio[]_[]intf, struct
 []

[391]
Underfull \hbox (badness 10000) in paragraph at lines 132--133
\T1/pcr/m/n/8 typedef [] $\OMS/cmsy/m/n/8 ^^C$\T1/pcr/m/n/8 ($\OMS/cmsy/m/n/8 ^
^C$ \T1/pcr/m/n/8 ZCOPY[]_[][]Notif[]User[]Interface[]_[]create[]Func) ([] $\OM
S/cmsy/m/n/8 ^^C$\T1/pcr/m/n/8 upstream,
 []


Underfull \hbox (badness 10000) in paragraph at lines 152--153
\T1/pcr/m/n/8 typedef []($\OMS/cmsy/m/n/8 ^^C$ \T1/pcr/m/n/8 ZCOPY[]_[][]Notif[
]User[]Interface[]_[]reserve[]_[]address[]Func) ([] $\OMS/cmsy/m/n/8 ^^C$\T1/pc
r/m/n/8 user[]_[]intf,
 []


Underfull \hbox (badness 10000) in paragraph at lines 162--163
\T1/pcr/m/n/8 typedef []($\OMS/cmsy/m/n/8 ^^C$ \T1/pcr/m/n/8 ZCOPY[]_[][]Notif[
]User[]Interface[]_[]release[]_[]address[]Func) ([] $\OMS/cmsy/m/n/8 ^^C$\T1/pc
r/m/n/8 user[]_[]intf,
 []


Underfull \hbox (badness 10000) in paragraph at lines 172--173
\T1/pcr/m/n/8 typedef []($\OMS/cmsy/m/n/8 ^^C$ \T1/pcr/m/n/8 ZCOPY[]_[][]Notif[
]User[]Interface[]_[]add[]_[]route[]Func) ([] $\OMS/cmsy/m/n/8 ^^C$\T1/pcr/m/n/
8 user[]_[]intf, struct
 []

[392]
Overfull \hbox (30.8692pt too wide) in paragraph at lines 204--205
\T1/pcr/m/n/8 typedef []($\OMS/cmsy/m/n/8 ^^C$ \T1/pcr/m/n/8 ZCOPY[]_[][]Notif[
]User[]Interface[]_[]bind[]Func) ([] $\OMS/cmsy/m/n/8 ^^C$\T1/pcr/m/n/8 user[]_
[]intf, struct []
 []


Underfull \hbox (badness 10000) in paragraph at lines 214--215
\T1/pcr/m/n/8 typedef []($\OMS/cmsy/m/n/8 ^^C$ \T1/pcr/m/n/8 ZCOPY[]_[][]Notif[
]User[]Interface[]_[]unbind[]Func) ([] $\OMS/cmsy/m/n/8 ^^C$\T1/pcr/m/n/8 user[
]_[]intf, struct
 []


Underfull \hbox (badness 10000) in paragraph at lines 224--225
\T1/pcr/m/n/8 typedef []($\OMS/cmsy/m/n/8 ^^C$ \T1/pcr/m/n/8 ZCOPY[]_[][]Notif[
]User[]Interface[]_[]notify[]_[]port[]Func) ([] $\OMS/cmsy/m/n/8 ^^C$\T1/pcr/m/
n/8 user[]_[]intf, void
 []

[393]
Underfull \hbox (badness 10000) detected at line 240
[][][]
 []


Underfull \hbox (badness 10000) detected at line 269
[][][]
 []


Underfull \hbox (badness 10000) detected at line 272
[][][]
 []

[394]
Underfull \hbox (badness 10000) detected at line 296
[][][]
 []


Underfull \hbox (badness 10000) detected at line 299
[][][]
 []


Underfull \hbox (badness 10000) detected at line 312
[][][]
 []

[395]
Underfull \hbox (badness 10000) detected at line 334
[][][]
 []


Underfull \hbox (badness 10000) detected at line 354
[][][]
 []


Underfull \hbox (badness 10000) detected at line 376
[][][]
 []

[396] [397]
Underfull \hbox (badness 10000) detected at line 396
[][][]
 []


Underfull \hbox (badness 10000) detected at line 411
[][][]
 []


Underfull \hbox (badness 10000) detected at line 426
[][][]
 []

(./group__ZCOPY__NotifInterfaceClass.tex [398])) (./group__OSAPIModule.tex
[399] (./group__OSAPI__HeapClass.tex [400] [401]
Underfull \hbox (badness 10000) detected at line 144
[][][]
 []

[402]
Underfull \hbox (badness 10000) detected at line 164
[][][]
 []

[403]) (./group__OSAPITraceClass.tex [404]) (./group__OSAPI__MutexClass.tex
[405]
Underfull \hbox (badness 10000) detected at line 56
[][][]
 []


Underfull \hbox (badness 10000) detected at line 69
[][][]
 []

[406]
Underfull \hbox (badness 10000) detected at line 91
[][][]
 []


Underfull \hbox (badness 10000) detected at line 111
[][][]
 []

) (./group__OSAPI__ProcessClass.tex [407]
Underfull \hbox (badness 10000) detected at line 51
[][][]
 []


Underfull \hbox (badness 10000) detected at line 66
[][][]
 []

) (./group__OSAPI__SemaphoreClass.tex [408]
Overfull \hbox (15.65288pt too wide) in paragraph at lines 51--52
[]\T1/phv/m/n/10 If [] is called with OSAPI[]_[][]SEMAPHORE[]_[][]TIMEOUT[]_[][
]INFINITE as time-out, []
 []

[409]
Underfull \hbox (badness 10000) detected at line 113
[][][]
 []

[410]
Underfull \hbox (badness 10000) detected at line 131
[][][]
 []

[411]
Underfull \hbox (badness 10000) detected at line 155
[][][]
 []


Underfull \hbox (badness 776) in paragraph at lines 172--173
[]\T1/phv/m/n/10 Signal the semaphore by in-cre-ment-ing its count. If any thre
ads are blocked wait-ing on this semaphore via
 []


Underfull \hbox (badness 10000) detected at line 179
[][][]
 []

) (./group__OSAPI__MemoryClass.tex [412]
Underfull \hbox (badness 10000) detected at line 55
[][][]
 []

[413] [414]
Underfull \hbox (badness 10000) detected at line 82
[][][]
 []


Underfull \hbox (badness 10000) detected at line 110
[][][]
 []

[415]
Underfull \hbox (badness 10000) detected at line 139
[][][]
 []


Underfull \hbox (badness 10000) detected at line 163
[][][]
 []

) (./group__OSAPI__StringClass.tex [416]
Underfull \hbox (badness 10000) detected at line 52
[][][]
 []

[417]
Underfull \hbox (badness 10000) detected at line 78
[][][]
 []


Underfull \hbox (badness 10000) detected at line 106
[][][]
 []


Underfull \hbox (badness 10000) detected at line 126
[][][]
 []

[418]
Underfull \hbox (badness 10000) detected at line 146
[][][]
 []


Underfull \hbox (badness 10000) detected at line 164
[][][]
 []


Underfull \hbox (badness 10000) detected at line 167
[][][]
 []

[419]
Underfull \hbox (badness 10000) detected at line 187
[][][]
 []


Underfull \hbox (badness 10000) detected at line 209
[][][]
 []


Underfull \hbox (badness 10000) detected at line 212
[][][]
 []

) (./group__OSAPI__SystemClass.tex [420] [421] [422]
Underfull \hbox (badness 10000) in paragraph at lines 160--161
\T1/pcr/m/n/8 typedef []($\OMS/cmsy/m/n/8 ^^C$ \T1/pcr/m/n/8 OSAPI[]_[][]System
[]_[]start[]_[]timer[]_[]T) (OSAPI[]_[][]Timer[]_[]T self, OSAPI[]_[][]Timer[]T
ick[]Handler[]Function
 []


Underfull \hbox (badness 10000) detected at line 173
[][][]
 []


Underfull \hbox (badness 10000) detected at line 188
[][][]
 []

[423]
Underfull \hbox (badness 10000) detected at line 214
[][][]
 []


Underfull \hbox (badness 10000) detected at line 229
[][][]
 []

[424]
Underfull \hbox (badness 10000) detected at line 247
[][][]
 []


Underfull \hbox (badness 10000) detected at line 265
[][][]
 []


Underfull \hbox (badness 10000) detected at line 287
[][][]
 []

[425]
Underfull \hbox (badness 10000) detected at line 320
[][][]
 []


Underfull \hbox (badness 10000) detected at line 323
[][][]
 []


Underfull \hbox (badness 10000) detected at line 326
[][][]
 []

[426]
Underfull \hbox (badness 10000) detected at line 346
[][][]
 []


Underfull \hbox (badness 10000) detected at line 349
[][][]
 []


Underfull \hbox (badness 10000) detected at line 352
[][][]
 []


Underfull \hbox (badness 10000) detected at line 372
[][][]
 []


Underfull \hbox (badness 10000) detected at line 375
[][][]
 []


Underfull \hbox (badness 10000) detected at line 378
[][][]
 []

[427]
Underfull \hbox (badness 10000) detected at line 398
[][][]
 []


Underfull \hbox (badness 10000) detected at line 401
[][][]
 []


Underfull \hbox (badness 10000) detected at line 425
[][][]
 []


Underfull \hbox (badness 10000) detected at line 428
[][][]
 []


Underfull \hbox (badness 10000) detected at line 431
[][][]
 []

[428]
Underfull \hbox (badness 10000) detected at line 454
[][][]
 []


Underfull \hbox (badness 10000) detected at line 457
[][][]
 []


Underfull \hbox (badness 10000) detected at line 460
[][][]
 []

) (./group__OSAPI__ThreadClass.tex [429] [430] [431])
(./group__OSAPI__TimeClass.tex [432]) (./group__OSAPI__TimerClass.tex)
(./group__OSAPI__TypeClass.tex [433]
Overfull \hbox (15.38571pt too wide) in paragraph at lines 68--69
[]\T1/phv/m/n/10 Referenced by [], [], and []. 
 []

[434]
Overfull \hbox (30.20969pt too wide) in paragraph at lines 102--103
[]\T1/phv/m/n/10 Referenced by [], [], [], [],
 []


Overfull \hbox (59.767pt too wide) in paragraph at lines 102--103
[]\T1/phv/m/n/10 , [], [], [], [],
 []


Underfull \hbox (badness 10000) in paragraph at lines 102--103
[]\T1/phv/m/n/10 , [], [],
 []


Overfull \hbox (35.97705pt too wide) in paragraph at lines 102--103
[]\T1/phv/m/n/10 , [], [],
 []


Overfull \hbox (27.02208pt too wide) in paragraph at lines 102--103
[]\T1/phv/m/n/10 , [], [],
 []


Overfull \hbox (135.89304pt too wide) in paragraph at lines 102--103
[]\T1/phv/m/n/10 , [], [],
 []


Overfull \hbox (223.06514pt too wide) in paragraph at lines 102--103
[]\T1/phv/m/n/10 , [], [],
 []


Overfull \hbox (95.11461pt too wide) in paragraph at lines 102--103
[]\T1/phv/m/n/10 , [], [],
 []


Overfull \hbox (68.5324pt too wide) in paragraph at lines 102--103
[]\T1/phv/m/n/10 , [], [], [], [],
 []


Overfull \hbox (25.05208pt too wide) in paragraph at lines 102--103
[]\T1/phv/m/n/10 , [], [], [],
 []


Overfull \hbox (18.57146pt too wide) in paragraph at lines 116--117
[]\T1/phv/m/n/10 , [], [],
 []


Underfull \hbox (badness 10000) in paragraph at lines 116--117
[]\T1/phv/m/n/10 , [], [], [],
 []


Overfull \hbox (63.26425pt too wide) in paragraph at lines 116--117
[]\T1/phv/m/n/10 , [], [],
 []


Overfull \hbox (76.8013pt too wide) in paragraph at lines 116--117
[]\T1/phv/m/n/10 , [], [], [],
 []


Underfull \hbox (badness 1028) in paragraph at lines 116--117
[]\T1/phv/m/n/10 , [], [],
 []

[435]) (./group__OSAPI__SharedMemoryMonitorClass.tex [436]
Underfull \hbox (badness 2213) in paragraph at lines 21--22
[]\T1/phv/m/n/10 NETIOPSLDll[]Export [] [] (struct OSAPI[]_[][]Shared[]Memory[]
Monitor
 []


Underfull \hbox (badness 4205) in paragraph at lines 25--26
[]\T1/phv/m/n/10 NETIOPSLDll[]Export [] [] (struct OSAPI[]_[][]Shared[]
 []


Underfull \hbox (badness 10000) detected at line 45
[][][]
 []

[437]
Underfull \hbox (badness 10000) detected at line 67
[][][]
 []


Underfull \hbox (badness 10000) detected at line 85
[][][]
 []

[438]
Underfull \hbox (badness 10000) detected at line 110
[][][]
 []


Underfull \hbox (badness 10000) detected at line 128
[][][]
 []


Underfull \hbox (badness 10000) detected at line 152
[][][]
 []

[439]
Underfull \hbox (badness 10000) detected at line 170
[][][]
 []


Underfull \hbox (badness 10000) detected at line 190
[][][]
 []

) (./group__OSAPI__SharedMemorySegmentClass.tex
Underfull \hbox (badness 841) in paragraph at lines 18--27
[] \T1/phv/m/n/10 , [] , [] ,
 []


Overfull \hbox (147.51947pt too wide) in paragraph at lines 31--34
[]\T1/phv/m/n/10 enum [] { [] , []
 []

[440]
Underfull \hbox (badness 5288) in paragraph at lines 40--41
[][] [] \T1/phv/m/n/10 (struct []
 []


Underfull \hbox (badness 1168) in paragraph at lines 42--43
[]\T1/phv/m/n/10 NETIOPSLDll[]Export [] [] ([]
 []


Underfull \hbox (badness 857) in paragraph at lines 44--45
[]\T1/phv/m/n/10 NETIOPSLDll[]Export [] [] ([]
 []


Overfull \hbox (52.01831pt too wide) in paragraph at lines 46--47
[]\T1/phv/m/n/10 NETIOPSLDll[]Export [] [] (struct []
 []


Overfull \hbox (51.52327pt too wide) in paragraph at lines 48--49
[]\T1/phv/m/n/10 NETIOPSLDll[]Export [] [] (struct []
 []


Overfull \hbox (51.52327pt too wide) in paragraph at lines 50--51
[]\T1/phv/m/n/10 NETIOPSLDll[]Export [] [] (struct []
 []


Overfull \hbox (54.02528pt too wide) in paragraph at lines 52--53
[]\T1/phv/m/n/10 NETIOPSLDll[]Export [] [] (struct []
 []


Overfull \hbox (42.82964pt too wide) in paragraph at lines 54--55
[]\T1/phv/m/n/10 NETIOPSLDll[]Export [] [] (struct []
 []


Overfull \hbox (52.83745pt too wide) in paragraph at lines 56--57
[]\T1/phv/m/n/10 NETIOPSLDll[]Export [] [] (struct []
 []


Overfull \hbox (92.66159pt too wide) in paragraph at lines 58--59
[]\T1/phv/m/n/10 NETIOPSLDll[]Export [] [] (struct []
 []


Underfull \hbox (badness 2970) in paragraph at lines 59--59
[]\T1/phv/m/sl/9 Mark a shared mem-ory seg-ment as con-sis-tent. This func-tion
 can only be called if a pre-vi-ous call to
 []

[441] [442]
Underfull \hbox (badness 10000) detected at line 143
[][][]
 []


Underfull \hbox (badness 10000) detected at line 163
[][][]
 []


Underfull \hbox (badness 10000) detected at line 181
[][][]
 []

[443]
Underfull \hbox (badness 10000) detected at line 199
[][][]
 []


Underfull \hbox (badness 10000) detected at line 225
[][][]
 []

[444]
Underfull \hbox (badness 10000) detected at line 247
[][][]
 []


Underfull \hbox (badness 10000) detected at line 271
[][][]
 []


Underfull \hbox (badness 10000) detected at line 289
[][][]
 []

[445]
Underfull \hbox (badness 10000) detected at line 309
[][][]
 []


Underfull \hbox (badness 10000) detected at line 327
[][][]
 []


Underfull \hbox (badness 1448) in paragraph at lines 330--332
\T1/phv/m/n/10 The be-hav-ior of this method is un-de-fined if the call-ing pro
-cess has not pre-vi-ously ac-quired the lock with
 []


Underfull \hbox (badness 2165) in paragraph at lines 338--339
[]\T1/phv/m/n/10 Mark a shared mem-ory seg-ment as con-sis-tent. This func-tion
 can only be called if a pre-vi-ous call to
 []

[446]
Underfull \hbox (badness 10000) detected at line 345
[][][]
 []


Underfull \hbox (badness 10000) detected at line 358
[][][]
 []

) (./group__OSAPILogClass.tex [447] [448] [449]
Underfull \hbox (badness 10000) detected at line 219
[][][]
 []

[450]
Underfull \hbox (badness 10000) detected at line 239
[][][]
 []


Underfull \hbox (badness 10000) detected at line 261
[][][]
 []


Underfull \hbox (badness 10000) detected at line 283
[][][]
 []

[451]
Underfull \hbox (badness 10000) detected at line 317
[][][]
 []

[452]
Underfull \hbox (badness 10000) detected at line 366
[][][]
 []


Underfull \hbox (badness 10000) detected at line 385
[][][]
 []

)) (./group__DDSAPPGENModule.tex
Underfull \hbox (badness 1400) in paragraph at lines 10--11
[]\T1/phv/m/n/10 APPGENDll[]Export [] [] (RT[]_[][]Registry[]_[]T $\OMS/cmsy/m/
n/10 ^^C$\T1/phv/m/n/10 registry, struct APPGEN[]_[][]
 []

[453]
Underfull \hbox (badness 10000) detected at line 34
[][][]
 []


Underfull \hbox (badness 10000) detected at line 54
[][][]
 []

[454]
Underfull \hbox (badness 10000) detected at line 74
[][][]
 []

) (./group__DDSPSKModule.tex
Overfull \hbox (52.61905pt too wide) in paragraph at lines 25--26
[]\T1/phv/m/n/10 DDSPSKDll[]Export [] [] (RT[]_[][]Registry[]_[]T $\OMS/cmsy/m/
n/10 ^^C$\T1/phv/m/n/10 registry, struct []
 []

[455]
Underfull \hbox (badness 10000) detected at line 77
[][][]
 []

[456]
Underfull \hbox (badness 10000) detected at line 97
[][][]
 []


Underfull \hbox (badness 10000) detected at line 100
[][][]
 []


Underfull \hbox (badness 10000) detected at line 120
[][][]
 []


Underfull \hbox (badness 10000) detected at line 123
[][][]
 []

) (./group__DDSUserManuals__ResourceModule.tex [457]
(./group__DDSUserManuals__ResourceModule__dpf.tex
(./group__DDSUserManuals__ResourceModule__max__components.tex
Underfull \hbox (badness 10000) detected at line 3
[][][]
 []

[458]
Underfull \hbox (badness 10000) detected at line 6
[][][]
 []

) (./group__DDSUserManuals__ResourceModule__max__participants.tex
Underfull \hbox (badness 10000) detected at line 3
[][][]
 []


Underfull \hbox (badness 10000) detected at line 6
[][][]
 []

)) (./group__DDSUserManuals__ResourceModule__dp.tex
(./group__DDSUserManuals__ResourceModule__dp__local__topic__allocation.tex
Underfull \hbox (badness 963) in paragraph at lines 33--1
\T1/phv/m/n/10 sources spec-i-fied in the Domain[]Participant[]Qos are al-lo-ca
ted when the Domain[]Participant is cre-ated with the
 []

[459]
Underfull \hbox (badness 10000) detected at line 3
[][][]
 []


Underfull \hbox (badness 10000) detected at line 6
[][][]
 []


Overfull \hbox (27.24866pt too wide) in paragraph at lines 7--8
[]\TS1/phv/m/n/10 '\T1/phv/m/n/10 s that can be cre-ated within a sin-gle [] wi
th the []
 []

) (./group__DDSUserManuals__ResourceModule__dp__local__type__allocation.tex
Underfull \hbox (badness 10000) detected at line 3
[][][]
 []


Underfull \hbox (badness 10000) detected at line 6
[][][]
 []

)
(./group__DDSUserManuals__ResourceModule__dp__local__publisher__allocation.tex
Underfull \hbox (badness 10000) detected at line 3
[][][]
 []


Underfull \hbox (badness 10000) detected at line 6
[][][]
 []


Underfull \hbox (badness 1838) in paragraph at lines 7--8
[][] \T1/phv/m/n/10 lim-its the max-i-mum num-ber of
 []


Overfull \hbox (35.76231pt too wide) in paragraph at lines 7--8
[] \T1/phv/m/n/10 en-ti-ties that can be cre-ated within a Domain[]Participant 
with the []
 []

)
(./group__DDSUserManuals__ResourceModule__dp__local__subscriber__allocation.tex

Underfull \hbox (badness 10000) detected at line 3
[][][]
 []


Underfull \hbox (badness 10000) detected at line 6
[][][]
 []


Overfull \hbox (46.886pt too wide) in paragraph at lines 7--8
[] \T1/phv/m/n/10 en-ti-ties that can be cre-ated within a Domain[]Participant 
with the []
 []

) (./group__DDSUserManuals__ResourceModule__dp__local__reader__allocation.tex
Underfull \hbox (badness 10000) detected at line 3
[][][]
 []

[460]
Underfull \hbox (badness 10000) detected at line 6
[][][]
 []


Underfull \hbox (badness 6493) in paragraph at lines 7--8
[][] \T1/phv/m/n/10 lim-its the max-i-mum num-ber of
 []

)
(./group__DDSUserManuals__ResourceModule__dp__local__local__writer__allocation.
tex
Underfull \hbox (badness 10000) detected at line 3
[][][]
 []


Underfull \hbox (badness 10000) detected at line 6
[][][]
 []


Underfull \hbox (badness 10000) in paragraph at lines 7--8
[][] \T1/phv/m/n/10 lim-its the max-i-mum num-ber of
 []

)
(./group__DDSUserManuals__ResourceModule__dp__local__matching__matching__writer
__reader__pair__allocation.tex
Underfull \hbox (badness 10000) detected at line 3
[][][]
 []


Underfull \hbox (badness 10000) detected at line 6
[][][]
 []


Underfull \hbox (badness 10000) detected at line 9
[][][]
 []


Underfull \hbox (badness 10000) detected at line 14
[][][]
 []


Underfull \hbox (badness 10000) detected at line 17
[][][]
 []


Underfull \hbox (badness 10000) detected at line 20
[][][]
 []

[461]
Underfull \hbox (badness 10000) detected at line 23
[][][]
 []


Underfull \hbox (badness 10000) detected at line 26
[][][]
 []

)
(./group__DDSUserManuals__ResourceModule__dp__remote__participant__allocation.t
ex
Underfull \hbox (badness 10000) detected at line 3
[][][]
 []


Underfull \hbox (badness 10000) detected at line 6
[][][]
 []


Underfull \hbox (badness 10000) detected at line 9
[][][]
 []


Underfull \hbox (badness 10000) detected at line 12
[][][]
 []

) (./group__DDSUserManuals__ResourceModule__dp__remote__writer__allocation.tex
Underfull \hbox (badness 10000) detected at line 3
[][][]
 []


Underfull \hbox (badness 10000) detected at line 6
[][][]
 []

) (./group__DDSUserManuals__ResourceModule__dp__remote__reader__allocation.tex
Underfull \hbox (badness 10000) detected at line 3
[][][]
 []


Underfull \hbox (badness 10000) detected at line 6
[][][]
 []

) (./group__DDSUserManuals__ResourceModule__dp__max__destination__ports.tex
[462]
Underfull \hbox (badness 10000) detected at line 3
[][][]
 []


Underfull \hbox (badness 10000) detected at line 6
[][][]
 []


Overfull \hbox (17.24042pt too wide) in paragraph at lines 7--9
\T1/phv/m/n/10 queried from the reg-is-tered trans-ports. The []
 []


Underfull \hbox (badness 10000) detected at line 14
[][][]
 []


Underfull \hbox (badness 10000) detected at line 17
[][][]
 []


Underfull \hbox (badness 10000) detected at line 22
[][][]
 []


Underfull \hbox (badness 10000) detected at line 25
[][][]
 []


Underfull \hbox (badness 10000) detected at line 30
[][][]
 []


Underfull \hbox (badness 10000) detected at line 33
[][][]
 []

) (./group__DDSUserManuals__ResourceModule__dp__max__receive__ports.tex
[463]
Underfull \hbox (badness 10000) detected at line 3
[][][]
 []


Underfull \hbox (badness 10000) detected at line 6
[][][]
 []


Underfull \hbox (badness 10000) detected at line 15
[][][]
 []


Underfull \hbox (badness 10000) detected at line 22
[][][]
 []


Underfull \hbox (badness 10000) detected at line 25
[][][]
 []


Underfull \hbox (badness 10000) detected at line 32
[][][]
 []


Underfull \hbox (badness 10000) detected at line 35
[][][]
 []


Underfull \hbox (badness 10000) detected at line 42
[][][]
 []


Underfull \hbox (badness 10000) detected at line 45
[][][]
 []

)) (./group__DDSUserManuals__ResourceModule__drqos.tex [464]
(./group__DDSUserManuals__ResourceModule__drqos__max__instances.tex
Underfull \hbox (badness 10000) detected at line 3
[][][]
 []


Underfull \hbox (badness 10000) detected at line 6
[][][]
 []


Underfull \hbox (badness 10000) detected at line 9
[][][]
 []


Underfull \hbox (badness 1383) in paragraph at lines 10--11
[]\T1/phv/m/n/10 The re-sources al-lo-cated by an in-stance is nor-mally only r
e-leased when an in-stance is dis-posed \T1/phv/m/sl/10 and
 []


Underfull \hbox (badness 10000) detected at line 12
[][][]
 []


Underfull \hbox (badness 820) in paragraph at lines 13--14
\T1/phv/m/n/10 only the last N in-stances and when it is not nec-es-sary to kee
p sam-ples in the [] his-
 []


Underfull \hbox (badness 936) in paragraph at lines 13--14
\T1/phv/m/n/10 the old-est in-stance is au-to-mat-i-cally re-moved and the newl
y dis-cov-ered in-stance is re-ceived. The dis-
 []


Underfull \hbox (badness 10000) detected at line 15
[][][]
 []

)
(./group__DDSUserManuals__ResourceModule__drqos__max__remote__writers__per__ins
tance.tex [465]
Underfull \hbox (badness 10000) detected at line 3
[][][]
 []


Underfull \hbox (badness 10000) detected at line 6
[][][]
 []


Underfull \hbox (badness 3417) in paragraph at lines 7--8
[][] \T1/phv/m/n/10 lim-its the max-i-mum num-ber
 []


Underfull \hbox (badness 1158) in paragraph at lines 7--8
\T1/phv/m/n/10 limit is lower than the ac-tual num-ber of re-mote datawrit-ers 
up-dat-ing an in-stance only state for up to
 []

) (./group__DDSUserManuals__ResourceModule__drqos__max__samples.tex
Underfull \hbox (badness 10000) detected at line 3
[][][]
 []


Underfull \hbox (badness 10000) detected at line 6
[][][]
 []


Underfull \hbox (badness 10000) detected at line 9
[][][]
 []


Underfull \hbox (badness 10000) detected at line 16
[][][]
 []

)
(./group__DDSUserManuals__ResourceModule__drqos__max__samples__per__instance.te
x
Underfull \hbox (badness 10000) detected at line 3
[][][]
 []


Underfull \hbox (badness 10000) detected at line 6
[][][]
 []

[466]
Underfull \hbox (badness 10000) detected at line 9
[][][]
 []

) (./group__DDSUserManuals__ResourceModule__drqos__max__remote__writers.tex
Underfull \hbox (badness 10000) detected at line 3
[][][]
 []


Underfull \hbox (badness 10000) detected at line 6
[][][]
 []


Underfull \hbox (badness 10000) detected at line 9
[][][]
 []

)
(./group__DDSUserManuals__ResourceModule__drqos__max__samples__per__remote__wri
ter.tex
Underfull \hbox (badness 10000) detected at line 3
[][][]
 []


Underfull \hbox (badness 10000) detected at line 6
[][][]
 []


Underfull \hbox (badness 1242) in paragraph at lines 7--8
\T1/phv/m/n/10 : The sam-ples cached from a [] is al-lo-cated from the same sam
-ple pool con-trolled by
 []

) (./group__DDSUserManuals__ResourceModule__drqos__max__routes__per__writer.tex

Underfull \hbox (badness 10000) detected at line 3
[][][]
 []


Underfull \hbox (badness 10000) detected at line 6
[][][]
 []

[467]
Underfull \hbox (badness 10000) detected at line 9
[][][]
 []


Underfull \hbox (badness 3428) in paragraph at lines 10--11
[]\T1/phv/m/n/10 This resource-limit is shared across all matched [] per []. Th
us, if
 []


Overfull \hbox (117.61629pt too wide) in paragraph at lines 10--11
[] \T1/phv/m/n/10 is 2 and []
 []

) (./group__DDSUserManuals__ResourceModule__drqos__max__outstanding__reads.tex
Underfull \hbox (badness 10000) detected at line 3
[][][]
 []


Underfull \hbox (badness 10000) detected at line 6
[][][]
 []


Underfull \hbox (badness 10000) detected at line 9
[][][]
 []

) (./group__DDSUserManuals__ResourceModule__drqos__max__fragmented__samples.tex

Underfull \hbox (badness 10000) detected at line 3
[][][]
 []


Underfull \hbox (badness 10000) detected at line 6
[][][]
 []


Underfull \hbox (badness 1231) in paragraph at lines 7--8
[][] \T1/phv/m/n/10 lim-its the max-i-mum num-ber of frag-
 []


Underfull \hbox (badness 10000) detected at line 9
[][][]
 []

)
(./group__DDSUserManuals__ResourceModule__drqos__max__fragmented__samples__per_
_remote__writer.tex [468]
Underfull \hbox (badness 10000) detected at line 3
[][][]
 []


Underfull \hbox (badness 10000) detected at line 6
[][][]
 []


Underfull \hbox (badness 10000) detected at line 9
[][][]
 []

)) (./group__DDSUserManuals__ResourceModule__dwqos.tex
(./group__DDSUserManuals__ResourceModule__dwqos__max__samples.tex
Underfull \hbox (badness 10000) detected at line 3
[][][]
 []


Underfull \hbox (badness 10000) detected at line 6
[][][]
 []


Underfull \hbox (badness 10000) detected at line 9
[][][]
 []


Overfull \hbox (29.00772pt too wide) in paragraph at lines 11--11
[]\T1/phv/m/n/10 If the Data[]Writer is us-ing [] and not us-ing [],
 []


Underfull \hbox (badness 2875) in paragraph at lines 11--11
\T1/phv/m/n/10 the sam-ple is re-turned to the pool for reuse only if the his-t
ory depth is ex-ceeded and the
 []

[469]
Underfull \hbox (badness 10000) detected at line 14
[][][]
 []


Underfull \hbox (badness 10000) detected at line 17
[][][]
 []


Underfull \hbox (badness 10000) detected at line 20
[][][]
 []


Overfull \hbox (50.71936pt too wide) in paragraph at lines 21--22
[] \T1/phv/m/n/10 and []. 
 []

)
(./group__DDSUserManuals__ResourceModule__dwqos__max__samples__per__instance.te
x
Underfull \hbox (badness 10000) detected at line 3
[][][]
 []


Underfull \hbox (badness 10000) detected at line 6
[][][]
 []


Underfull \hbox (badness 10000) detected at line 9
[][][]
 []


Overfull \hbox (61.79077pt too wide) in paragraph at lines 10--11
[][] \T1/phv/m/n/10 de-ter-mines how many sam-ples are kept in case of []
 []


Overfull \hbox (62.8002pt too wide) in paragraph at lines 10--11
\T1/phv/m/n/10 dura-bil-ity and made avail-able to late join-ing [], while []
 []

) (./group__DDSUserManuals__ResourceModule__dwqos__max__instances.tex
Underfull \hbox (badness 10000) detected at line 3
[][][]
 []


Underfull \hbox (badness 10000) detected at line 6
[][][]
 []

) (./group__DDSUserManuals__ResourceModule__dwqos__max__routes__per__reader.tex
[470]
Underfull \hbox (badness 10000) detected at line 3
[][][]
 []


Underfull \hbox (badness 10000) detected at line 6
[][][]
 []


Underfull \hbox (badness 10000) detected at line 9
[][][]
 []


Overfull \hbox (171.7881pt too wide) in paragraph at lines 10--11
[]\T1/phv/m/n/10 This resource-limit is shared across all matched Data[]Readers
 per []. Thus, if []
 []

) (./group__DDSUserManuals__ResourceModule__dwqos__max__remote__readers.tex
Underfull \hbox (badness 10000) detected at line 3
[][][]
 []


Underfull \hbox (badness 10000) detected at line 6
[][][]
 []

)) (./group__DDSUserManuals__ResourceModule__osapi.tex
(./group__DDSUserManuals__ResourceModule__osapi__buffer.tex
Underfull \hbox (badness 10000) detected at line 3
[][][]
 []

[471]
Underfull \hbox (badness 10000) detected at line 6
[][][]
 []

)) (./group__DDSUserManuals__ResourceModule__udp.tex
(./group__DDSUserManuals__ResourceModule__udp__max__message__size.tex
Underfull \hbox (badness 10000) detected at line 3
[][][]
 []


Underfull \hbox (badness 10000) detected at line 6
[][][]
 []


Underfull \hbox (badness 10000) detected at line 9
[][][]
 []


Underfull \hbox (badness 10000) detected at line 12
[][][]
 []


Overfull \hbox (67.94562pt too wide) in paragraph at lines 13--14
[]\T1/phv/m/n/10 The UDP trans-port al-lo-cates one buffer for each re-source i
n [].
 []

)) (./group__DDSUserManuals__ResourceModule__dpse.tex
(./group__DDSUserManuals__ResourceModule__dpse__max__participant__locators.tex
[472]
Underfull \hbox (badness 10000) detected at line 3
[][][]
 []


Underfull \hbox (badness 10000) detected at line 6
[][][]
 []


Underfull \hbox (badness 10000) detected at line 9
[][][]
 []


Underfull \hbox (badness 10000) detected at line 12
[][][]
 []


Overfull \hbox (62.66367pt too wide) in paragraph at lines 13--14
[]\T1/phv/m/n/10 The max-i-mum num-ber of ad-dresses to send to is de-fined by 
the peer list (ei-ther spec-i-fied in []
 []


Underfull \hbox (badness 10000) detected at line 15
[][][]
 []

)
(./group__DDSUserManuals__ResourceModule__dpse__max__locators__per__discovered_
_participant.tex
Underfull \hbox (badness 10000) detected at line 3
[][][]
 []


Underfull \hbox (badness 10000) detected at line 6
[][][]
 []


Underfull \hbox (badness 10000) detected at line 9
[][][]
 []

)) (./group__DDSUserManuals__ResourceModule__dpde.tex
(./group__DDSUserManuals__ResourceModule__dpde__max__participant__locators.tex
[473]
Underfull \hbox (badness 10000) detected at line 3
[][][]
 []


Underfull \hbox (badness 10000) detected at line 6
[][][]
 []


Underfull \hbox (badness 10000) detected at line 9
[][][]
 []


Underfull \hbox (badness 10000) detected at line 12
[][][]
 []


Overfull \hbox (62.66367pt too wide) in paragraph at lines 13--14
[]\T1/phv/m/n/10 The max-i-mum num-ber of ad-dresses to send to is de-fined by 
the peer list (ei-ther spec-i-fied in []
 []


Underfull \hbox (badness 10000) detected at line 15
[][][]
 []

)
(./group__DDSUserManuals__ResourceModule__dpde__max__locators__per__discovered_
_participant.tex
Underfull \hbox (badness 10000) detected at line 3
[][][]
 []


Underfull \hbox (badness 10000) detected at line 6
[][][]
 []


Underfull \hbox (badness 10000) detected at line 9
[][][]
 []

[474]
Underfull \hbox (badness 10000) detected at line 14
[][][]
 []


Underfull \hbox (badness 10000) detected at line 17
[][][]
 []


Underfull \hbox (badness 10000) detected at line 20
[][][]
 []

)
(./group__DDSUserManuals__ResourceModule__dpde__max__samples__per__builtin__end
point__reader.tex
Underfull \hbox (badness 10000) detected at line 3
[][][]
 []


Underfull \hbox (badness 10000) detected at line 6
[][][]
 []

))) (./group__LoggingModule.tex [475] (./group__OSAPILogCodesClass.tex [476]
[477] [478] [479] [480] [481] [482] [483] [484] [485] [486] [487] [488]
[489] [490] [491] [492] [493] [494] [495] [496] [497] [498])
(./group__REDALogCodesClass.tex [499] [500] [501] [502] [503] [504] [505])
(./group__DBLogCodesClass.tex [506] [507] [508] [509] [510] [511])
(./group__RTLogCodesClass.tex [512] [513]) (./group__CDRLogCodesClass.tex
[514]) (./group__NETIOLogCodesClass.tex [515] [516] [517] [518] [519] [520]
[521] [522] [523] [524] [525] [526] [527] [528] [529] [530] [531] [532]
[533] [534] [535] [536] [537] [538] [539] [540] [541] [542])
(./group__RTPSLogCodesClass.tex [543] [544] [545] [546] [547] [548] [549]
[550] [551]
Underfull \hbox (badness 1648) in paragraph at lines 473--475
[]\T1/phv/m/n/10 If Domain[]Participant, may have ex-ceeded Domain[]Participant
[]Qos.[]resource[]_[]limits.[]matching[]_[]reader[]_[]writer[]_[]pair[]_[]
 []

[552] [553] [554] [555] [556] [557] [558] [559] [560]
Underfull \hbox (badness 1648) in paragraph at lines 1043--1045
[]\T1/phv/m/n/10 If Domain[]Participant, may have ex-ceeded Domain[]Participant
[]Qos.[]resource[]_[]limits.[]matching[]_[]reader[]_[]writer[]_[]pair[]_[]
 []

[561] [562] [563] [564] [565] [566] [567] [568] [569] [570] [571] [572])
(./group__DDSCLogCodesClass.tex [573] [574] [575] [576] [577] [578] [579]
[580] [581] [582] [583] [584] [585] [586] [587] [588] [589] [590]
Overfull \hbox (15.23718pt too wide) in paragraph at lines 809--810
[]\T1/phv/m/n/10 #define []  ([]
 []


Overfull \hbox (88.25314pt too wide) in paragraph at lines 811--812
[]\T1/phv/m/n/10 #define []  ([]
 []


Overfull \hbox (77.67825pt too wide) in paragraph at lines 813--814
[]\T1/phv/m/n/10 #define []  ([]
 []

[591] [592]
Underfull \hbox (badness 10000) in paragraph at lines 875--876
[]\T1/phv/m/n/10 #define [] ([] +
 []


Overfull \hbox (36.82811pt too wide) in paragraph at lines 877--878
[]\T1/phv/m/n/10 #define []  ([]
 []


Overfull \hbox (19.20648pt too wide) in paragraph at lines 905--906
[]\T1/phv/m/n/10 #define []  ([]
 []

[593]
Overfull \hbox (45.7111pt too wide) in paragraph at lines 913--914
[]\T1/phv/m/n/10 #define []  ([]
 []


Overfull \hbox (47.6192pt too wide) in paragraph at lines 915--916
[]\T1/phv/m/n/10 #define []  ([]
 []


Overfull \hbox (45.16222pt too wide) in paragraph at lines 917--918
[]\T1/phv/m/n/10 #define []  ([]
 []

[594]
Underfull \hbox (badness 5288) in paragraph at lines 993--994
[]\T1/phv/m/n/10 #define []  ([] +
 []

[595]
Overfull \hbox (54.45pt too wide) in paragraph at lines 1025--1026
[]\T1/phv/m/n/10 #define []  ([]
 []


Overfull \hbox (56.90698pt too wide) in paragraph at lines 1027--1028
[]\T1/phv/m/n/10 #define []  ([]
 []

[596]
Overfull \hbox (55.81795pt too wide) in paragraph at lines 1031--1032
[]\T1/phv/m/n/10 #define []  ([]
 []


Underfull \hbox (badness 1454) in paragraph at lines 1035--1036
[]\T1/phv/m/n/10 #define []  ([] +
 []


Underfull \hbox (badness 836) in paragraph at lines 1037--1038
[]\T1/phv/m/n/10 #define []  ([] +
 []


Overfull \hbox (19.77348pt too wide) in paragraph at lines 1041--1042
[]\T1/phv/m/n/10 #define []  ([]
 []


Overfull \hbox (19.03542pt too wide) in paragraph at lines 1047--1048
[]\T1/phv/m/n/10 #define []  ([]
 []


Overfull \hbox (20.06111pt too wide) in paragraph at lines 1051--1052
[]\T1/phv/m/n/10 #define []  ([]
 []


Overfull \hbox (17.05516pt too wide) in paragraph at lines 1053--1054
[]\T1/phv/m/n/10 #define []  ([]
 []


Underfull \hbox (badness 4001) in paragraph at lines 1055--1056
[]\T1/phv/m/n/10 #define []  ([] +
 []


Overfull \hbox (25.88446pt too wide) in paragraph at lines 1057--1058
[]\T1/phv/m/n/10 #define []  ([]
 []


Underfull \hbox (badness 2237) in paragraph at lines 1061--1062
[]\T1/phv/m/n/10 #define []  ([] +
 []

[597]
Underfull \hbox (badness 4108) in paragraph at lines 1067--1068
[]\T1/phv/m/n/10 #define []  ([] +
 []

[598] [599] [600] [601] [602] [603] [604] [605] [606] [607] [608] [609]
[610] [611] [612] [613] [614] [615] [616] [617] [618] [619] [620] [621]
[622] [623] [624] [625] [626] [627] [628] [629] [630] [631] [632] [633]
[634] [635] [636] [637] [638] [639] [640] [641] [642] [643] [644] [645]
[646] [647] [648] [649] [650] [651] [652] [653] [654] [655] [656] [657]
[658] [659]
Underfull \hbox (badness 10000) in paragraph at lines 5254--5255
\T1/pcr/m/n/8 #define DDSC[]_[][]LOG[]_[][]IPC[]_[][]CHANNEL[]_[][]FAILED[]_[][
]PROCESS[]_[][]ENDPOINT[]_[][]INTERCEPTOR[]_[][]STATE[]_[][]FAILED[]_[][]EC  ([
] +
 []

[660] [661] [662] [663] [664] [665] [666] [667] [668] [669] [670] [671]
[672] [673] [674]
Underfull \hbox (badness 10000) in paragraph at lines 6310--6311
\T1/pcr/m/n/8 #define DDSC[]_[][]LOG[]_[][]TRUST[]_[][]CREATE[]_[][]LOCAL[]_[][
]DATAWRITER[]_[][]INTERCEPTOR[]_[][]TOKENS[]_[][]FAILED[]_[][]EC  ([] +
 []


Underfull \hbox (badness 10000) in paragraph at lines 6320--6321
\T1/pcr/m/n/8 #define DDSC[]_[][]LOG[]_[][]TRUST[]_[][]CREATE[]_[][]LOCAL[]_[][
]DATAREADER[]_[][]INTERCEPTOR[]_[][]TOKENS[]_[][]FAILED[]_[][]EC  ([] +
 []


Underfull \hbox (badness 10000) in paragraph at lines 6340--6341
\T1/pcr/m/n/8 #define DDSC[]_[][]LOG[]_[][]TRUST[]_[][]RETURN[]_[][]AUTHENTICAT
ED[]_[][]PEER[]_[][]CREDENTIAL[]_[][]TOKEN[]_[][]FAILED[]_[][]EC  ([] +
 []

[675] [676] [677] [678] [679] [680] [681] [682] [683] [684])
(./group__ZeroCopyLogCodesClass.tex [685] [686] [687] [688] [689] [690]
[691] [692] [693] [694] [695]) (./group__WHSQLogCodesClass.tex [696] [697])
(./group__RHLogCodesClass.tex [698] [699] [700] [701] [702])
(./group__WHLogCodesClass.tex [703] [704]) (./group__DPSELogCodesClass.tex
[705] [706] [707] [708] [709] [710] [711] [712] [713] [714] [715] [716]
[717]) (./group__DPDELogCodesClass.tex [718] [719] [720] [721] [722] [723]
[724] [725] [726] [727] [728] [729]) (./group__APPGENLogCodesClass.tex [730]
[731] [732]) (./group__DDSFilterLogCodesClass.tex [733] [734] [735] [736]
[737] [738] [739] [740] [741] [742] [743])) (./structCDR__Stream__t.tex)
(./structDDS__BuiltinTopicKey__t.tex [744]
Overfull \hbox (41.32051pt too wide) in paragraph at lines 26--27
[]\T1/phv/m/n/10 For ex-am-ple, to con-fig-ure a re-mote [] with ob-ject ID 100
 by set-ting the key in the [][]
 []


Underfull \hbox (badness 10000) detected at line 33
[][][]
 []


Underfull \hbox (badness 10000) in paragraph at lines 47--48
\T1/pcr/m/n/8 DDS[]_[][]BUILTIN[]_[][]TOPIC[]_[][]KEY[]_[][]TYPE[]_[][]NATIVE D
DS[]_[][]Builtin[]Topic[]Key[]_[]t[]::value[]DDS[]_[][]BUILTIN[]_[][]TOPIC[]_[]
[]KEY[]_[][]TYPE[]_[][]NATIVE[]
 []

) (./structDDS__ChecksumProperty__t.tex [745]) (./structDDS__ConditionSeq.tex)
(./structDDS__ContentFilterProperty.tex [746]
Underfull \hbox (badness 10000) detected at line 30
[][][]
 []


Overfull \hbox (29.71pt too wide) in paragraph at lines 73--75
[]\T1/phv/m/n/10 Specifies which fil-ter class should be used to eval-u-ate the
 fil-ter ex-pres-sion. See []
 []

[747]
Underfull \hbox (badness 3199) in paragraph at lines 83--85
[]\T1/phv/m/n/10 Contains the fil-ter ex-pres-sion that de-ter-mines which sam-
ples are ac-cepted by the con-tent fil-ter. See
 []

) (./structDDS__ContentFilterQosPolicy.tex
Overfull \hbox (70.55916pt too wide) in paragraph at lines 93--1
[]\T1/phv/m/n/10 A se-quence of string pa-ram-e-ters that can be ref-er-enced i
n the fil-ter ex-pres-sion. See []
 []


Underfull \hbox (badness 10000) detected at line 28
[][][]
 []

[748]
Underfull \hbox (badness 10000) detected at line 31
[][][]
 []


Underfull \hbox (badness 10000) in paragraph at lines 32--34

 []


Underfull \hbox (badness 1009) in paragraph at lines 41--42
[]\T1/phv/m/n/10 Generally, RTI Con-next DDS Mi-cro does not sup-port chang-ing
 the QoS of DDS en-ti-ties af-ter they are en-
 []


Underfull \hbox (badness 1168) in paragraph at lines 41--42
\T1/phv/m/n/10 abled. [] is an ex-cep-tion to this rule, since it can be up-dat
ed at run-time us-ing
 []


Underfull \hbox (badness 10000) detected at line 63
[][][]
 []

[749]) (./structDDS__DataReaderInstanceReplacedStatus.tex [750] [751])
(./structDDS__DataReaderListener.tex [752]
Underfull \hbox (badness 10000) detected at line 42
[][][]
 []


Underfull \hbox (badness 10000) detected at line 45
[][][]
 []


Underfull \hbox (badness 10000) in paragraph at lines 46--54

 []


Underfull \hbox (badness 10000) detected at line 56
[][][]
 []


Underfull \hbox (badness 10000) in paragraph at lines 76--77
[] \T1/pcr/m/n/8 DDS[]_[][]Data[]Reader[]Listener[]::on[]_[]requested[]_[]
 []


Underfull \hbox (badness 10000) in paragraph at lines 86--87
[] \T1/pcr/m/n/8 DDS[]_[][]Data[]Reader[]Listener[]::on[]_[]requested[]_[]
 []

[753]
Underfull \hbox (badness 10000) in paragraph at lines 146--147
[] \T1/pcr/m/n/8 DDS[]_[][]Data[]Reader[]Listener[]::on[]_[]before[]_[]sample[]
_[]
 []

[754]) (./structDDS__DataReaderProtocolQosPolicy.tex [755]
Underfull \hbox (badness 10000) detected at line 28
[][][]
 []


Underfull \hbox (badness 10000) detected at line 31
[][][]
 []


Underfull \hbox (badness 10000) in paragraph at lines 32--34

 []

[756]) (./structDDS__DataReaderQos.tex [757]
Overfull \hbox (88.27345pt too wide) in paragraph at lines 54--55
[]\T1/phv/m/n/10 You must set the mem-bers in a con-sis-tent man-ner. If not, [
] will fail with [],
 []

[758] [759]
Underfull \hbox (badness 10000) detected at line 209
[][][]
 []

[760]) (./structDDS__DataReaderResourceLimitsQosPolicy.tex [761]
Underfull \hbox (badness 10000) detected at line 40
[][][]
 []


Underfull \hbox (badness 10000) detected at line 43
[][][]
 []


Underfull \hbox (badness 10000) in paragraph at lines 44--46

 []


Underfull \hbox (badness 3281) in paragraph at lines 75--76
[]\T1/phv/m/n/10 The [] lim-its the max-i-mum num-ber
 []

[762]
Underfull \hbox (badness 1033) in paragraph at lines 103--104
[]\T1/phv/m/n/10 The [] resource-limit lim-its the max-i-mum num-
 []


Underfull \hbox (badness 995) in paragraph at lines 103--104
\T1/phv/m/n/10 ber of si-mul-ta-ne-ous loans an ap-pli-ca-tion can make at any 
given time us-ing the [] and
 []


Underfull \hbox (badness 1796) in paragraph at lines 131--132
[]\T1/phv/m/n/10 This resource-limit is shared across all matched [] en-ti-ties
 per []. Thus, if
 []


Overfull \hbox (95.10268pt too wide) in paragraph at lines 131--132
[] \T1/phv/m/n/10 is 2 and []
 []

[763]) (./structDDS__DataRepresentationIdSeq.tex [764]
Underfull \hbox (badness 10000) detected at line 17
[][][]
 []

) (./structDDS__DataRepresentationQosPolicy.tex
Underfull \hbox (badness 10000) detected at line 22
[][][]
 []


Underfull \hbox (badness 10000) detected at line 25
[][][]
 []


Underfull \hbox (badness 10000) detected at line 28
[][][]
 []


Underfull \hbox (badness 10000) in paragraph at lines 29--31

 []

[765]
Underfull \hbox (badness 10000) detected at line 33
[][][]
 []


Overfull \hbox (50.1pt too wide) in paragraph at lines 49--50
[][]\T1/phv/b/n/10 default[] \T1/phv/m/n/10 For [], [], and [], a list with one
 element[]: []. 
 []


Underfull \hbox (badness 10000) detected at line 51
[][][]
 []

) (./structDDS__DataWriterListener.tex [766]
Underfull \hbox (badness 10000) detected at line 36
[][][]
 []


Underfull \hbox (badness 10000) detected at line 39
[][][]
 []


Underfull \hbox (badness 10000) in paragraph at lines 40--43

 []


Underfull \hbox (badness 10000) detected at line 45
[][][]
 []


Underfull \hbox (badness 10000) in paragraph at lines 65--66
[] \T1/pcr/m/n/8 DDS[]_[][]Data[]Writer[]Listener[]::on[]_[]offered[]_[]deadlin
e[]
 []


Overfull \hbox (21.75058pt too wide) in paragraph at lines 75--76
[] \T1/pcr/m/n/8 DDS[]_[][]Data[]Writer[]Listener[]::on[]_[]offered[]_[]incompa
tible[]
 []

[767]
Underfull \hbox (badness 10000) in paragraph at lines 105--106
[] \T1/pcr/m/n/8 DDS[]_[][]Data[]Writer[]Listener[]::on[]_[]reliable[]
 []


Underfull \hbox (badness 10000) in paragraph at lines 117--118
[] \T1/pcr/m/n/8 DDS[]_[][]Data[]Writer[]Listener[]::on[]_[]reliable[]_[]
 []

[768]
Underfull \hbox (badness 1521) in paragraph at lines 135--136
[]\T1/phv/m/n/10 Supported while us-ing [] "Zero Copy trans-fer over shared mem
-ory" or
 []


Underfull \hbox (badness 10000) detected at line 137
[][][]
 []

) (./structDDS__DataWriterProtocolQosPolicy.tex [769]
Underfull \hbox (badness 10000) detected at line 28
[][][]
 []


Underfull \hbox (badness 10000) detected at line 31
[][][]
 []


Underfull \hbox (badness 10000) in paragraph at lines 32--34

 []


Underfull \hbox (badness 4886) in paragraph at lines 65--71
\T1/phv/m/n/10 max[]_[]send[]_[]window[]: min-i-mum(256, []::[]DDS[]_[][]Histor
y[]Qos[]Policy[]::depth $\OMS/cmsy/m/n/10 ^^C$ []\T1/phv/m/n/10 ::[]DDS[]_[][]R
esource[]Limits[]Qos[]Policy[]::max[]_[]
 []

[770]) (./structDDS__DataWriterQos.tex [771]
Overfull \hbox (99.99104pt too wide) in paragraph at lines 62--63
[]\T1/phv/m/n/10 - [][]:[]::[]:[] $\OML/cmm/m/it/10 <$\T1/phv/m/n/10 = [][]:[]:
:[]:[] 
 []


Underfull \hbox (badness 1728) in paragraph at lines 64--65
[]\T1/phv/m/n/10 - [][]:[]::[]:[] $\OML/cmm/m/it/10 <$\T1/phv/m/n/10 = [][]:[]:
:[]
 []

[772]
Underfull \hbox (badness 10000) detected at line 66
[][][]
 []


Underfull \hbox (badness 10000) detected at line 69
[][][]
 []

[773] [774]) (./structDDS__DataWriterResourceLimitsQosPolicy.tex [775]
Underfull \hbox (badness 10000) detected at line 32
[][][]
 []


Underfull \hbox (badness 10000) detected at line 35
[][][]
 []


Underfull \hbox (badness 10000) in paragraph at lines 36--38

 []

[776]
Underfull \hbox (badness 1796) in paragraph at lines 69--70
[]\T1/phv/m/n/10 This resource-limit is shared across all matched [] en-ti-ties
 per []. Thus, if
 []


Overfull \hbox (92.0966pt too wide) in paragraph at lines 69--70
[] \T1/phv/m/n/10 is 2 and []
 []


Overfull \hbox (207.3123pt too wide) in paragraph at lines 83--84
[]\T1/phv/m/n/10 The num-ber of sam-ples loaned by a [] via [] is lim-ited by [
].
 []


Overfull \hbox (36.36858pt too wide) in paragraph at lines 83--84
[] \T1/phv/m/n/10 re-turns NULL if and only if []
 []


Overfull \hbox (155.10335pt too wide) in paragraph at lines 83--84
[]\T1/phv/m/n/10 . If the de-fault value of DDS[]_[][]SIZE[]_[][]AUTO is used t
he []
 []


Underfull \hbox (badness 10000) detected at line 89
[][][]
 []

[777]
Underfull \hbox (badness 10000) detected at line 104
[][][]
 []


Underfull \hbox (badness 779) in paragraph at lines 122--122
[]\T1/pcr/m/n/10 1 \T1/phv/m/n/10 to (2$[]$31)-1[]: The [] will per-form writer
-side fil-ter-ing for up to the spec-i-fied num-ber of
 []


Overfull \hbox (172.91344pt too wide) in paragraph at lines 122--122
[]\T1/phv/m/n/10 DDS[]_[][]LENGTH[]_[][]UNLIMITED[]: The [] will per-form write
r-side fil-ter-ing for up to []
 []


Underfull \hbox (badness 787) in paragraph at lines 125--126
\T1/phv/m/n/10 even if one of the pre-vi-ously fil-tered [] en-ti-ties goes awa
y. How-ever, any sub-se-quently cre-
 []


Underfull \hbox (badness 10000) detected at line 133
[][][]
 []

) (./structDDS__DataWriterShmemRefTransferModeSettings.tex [778]
Underfull \hbox (badness 10000) detected at line 22
[][][]
 []


Underfull \hbox (badness 10000) in paragraph at lines 23--25

 []


Underfull \hbox (badness 10000) detected at line 27
[][][]
 []


Underfull \hbox (badness 10000) in paragraph at lines 28--29

 []

) (./structDDS__DataWriterTransferModeQosPolicy.tex [779]
Underfull \hbox (badness 10000) detected at line 24
[][][]
 []


Underfull \hbox (badness 10000) detected at line 27
[][][]
 []


Underfull \hbox (badness 10000) in paragraph at lines 28--30

 []


Underfull \hbox (badness 10000) in paragraph at lines 39--40
\T1/pcr/m/n/8 struct [] DDS[]_[][]Data[]Writer[]Transfer[]Mode[]Qos[]Policy[]::
shmem[]_[]ref[]
 []

) (./structDDS__DeadlineQosPolicy.tex
Underfull \hbox (badness 849) in paragraph at lines 22--23
[][] \T1/phv/m/n/10 ex-pects a new sam-ple up-dat-ing the value of each in-stan
ce at least once ev-ery \T1/pcr/m/n/10 period\T1/phv/m/n/10 .
 []


Underfull \hbox (badness 10000) detected at line 26
[][][]
 []

[780]
Underfull \hbox (badness 10000) detected at line 29
[][][]
 []


Overfull \hbox (164.92387pt too wide) in paragraph at lines 30--31
[][]\T1/phv/m/n/10 , [], [],
 []


Underfull \hbox (badness 10000) detected at line 32
[][][]
 []


Underfull \hbox (badness 10000) in paragraph at lines 33--35

 []

) (./structDDS__DestinationOrderQosPolicy.tex [781]
Overfull \hbox (51.54362pt too wide) in paragraph at lines 47--48
[]\T1/phv/m/n/10 When a [] sets [] to [],
 []

) (./structDDS__DiscoveryComponent.tex [782])
(./structDDS__DiscoveryQosPolicy.tex [783]
Underfull \hbox (badness 10000) detected at line 34
[][][]
 []


Underfull \hbox (badness 10000) detected at line 37
[][][]
 []


Underfull \hbox (badness 10000) in paragraph at lines 38--40

 []

[784]
Overfull \hbox (24.89473pt too wide) in paragraph at lines 80--81
[]\T1/phv/m/n/10 When an empty se-quence is passed to [] in the []
 []


Underfull \hbox (badness 10000) detected at line 96
[][][]
 []

[785] [786]) (./structDDS__DomainParticipantFactoryQos.tex
Underfull \hbox (badness 10000) detected at line 24
[][][]
 []


Underfull \hbox (badness 10000) detected at line 27
[][][]
 []

[787]) (./structDDS__DomainParticipantListener.tex
Underfull \hbox (badness 10000) detected at line 26
[][][]
 []


Underfull \hbox (badness 10000) detected at line 29
[][][]
 []


Underfull \hbox (badness 883) in paragraph at lines 32--33
\T1/phv/m/n/10 This is the in-ter-face that can be im-ple-mented by an applicat
ion-provided class and then reg-is-tered with the
 []

[788]
Underfull \hbox (badness 10000) detected at line 40
[][][]
 []

) (./structDDS__DomainParticipantQos.tex [789]
Overfull \hbox (164.48393pt too wide) in paragraph at lines 42--42
[]\T1/phv/m/n/10 The Qos pol-icy must be set in a con-sis-tent man-ner, oth-er-
wise [] and []
 []


Underfull \hbox (badness 10000) detected at line 42
[][][]
 []


Underfull \hbox (badness 10000) detected at line 45
[][][]
 []

[790] [791]
Underfull \hbox (badness 10000) detected at line 133
[][][]
 []


Overfull \hbox (24.5307pt too wide) in paragraph at lines 134--135
[]\T1/phv/m/n/10 One or more Lightweight Se-cu-rity plu-g-ins must have been pr
e-vi-ously reg-is-tered with the [],
 []

) (./structDDS__DomainParticipantResourceLimitsQosPolicy.tex [792] [793]
Underfull \hbox (badness 841) in paragraph at lines 74--74
[]\T1/phv/m/sl/9 The max-i-mum num-ber of 8-bit char-ac-ters re-served for PART
ITION.[]name strings to al-lo-cate for the PAR-TI-TION
 []


Underfull \hbox (badness 10000) detected at line 82
[][][]
 []


Underfull \hbox (badness 10000) detected at line 85
[][][]
 []


Underfull \hbox (badness 10000) in paragraph at lines 86--88

 []


Underfull \hbox (badness 2662) in paragraph at lines 103--104
[]\T1/phv/m/n/10 This resource-limit lim-its the max-i-mum num-ber of [] en-ti-
ties that can be cre-ated with the
 []

[794]
Underfull \hbox (badness 2027) in paragraph at lines 115--116
[]\T1/phv/m/n/10 This resource-limit lim-its the max-i-mum num-ber of [] en-ti-
ties that can be cre-ated with the
 []


Underfull \hbox (badness 3547) in paragraph at lines 127--128
[]\T1/phv/m/n/10 This resource-limit lim-its the max-i-mum num-ber of [] en-ti-
ties that can be cre-ated within a
 []


Underfull \hbox (badness 2726) in paragraph at lines 139--140
[]\T1/phv/m/n/10 This resource-limit lim-its the max-i-mum num-ber of [] en-ti-
ties that can be cre-ated within a
 []

[795]
Underfull \hbox (badness 1107) in paragraph at lines 189--190
\T1/phv/m/n/10 a lo-cal []. Note that a re-mote [] can-not be dis-cov-ered un-t
il its par-ent
 []

[796] [797] [798]
Underfull \hbox (badness 10000) in paragraph at lines 291--292
[] \T1/pcr/m/n/8 DDS[]_[][]Domain[]Participant[]Resource[]Limits[]Qos[]Policy[]
::shmem[]_[]ref[]_[]transfer[]_[]mode[]_[]max[]_[]
 []


Overfull \hbox (16.10239pt too wide) in paragraph at lines 317--318
[]\T1/phv/m/n/10 Maximum num-ber of unique user data se-quences al-lowed across
 Domain[]Participants (the lo-cal []
 []

[799] [800] [801]
Underfull \hbox (badness 3623) in paragraph at lines 427--428
[]\T1/phv/m/n/10 Maximum num-ber of unique user data se-quences al-lowed in the
 [] across all lo-cal
 []

[802]) (./structDDS__DurabilityQosPolicy.tex) (./structDDS__Duration__t.tex
[803]) (./structDDS__EntityFactoryQosPolicy.tex [804]
Underfull \hbox (badness 10000) detected at line 22
[][][]
 []


Underfull \hbox (badness 10000) detected at line 25
[][][]
 []


Underfull \hbox (badness 10000) in paragraph at lines 26--28

 []

) (./structDDS__EntityNameQosPolicy.tex [805]
Underfull \hbox (badness 10000) detected at line 22
[][][]
 []


Underfull \hbox (badness 10000) detected at line 25
[][][]
 []


Underfull \hbox (badness 10000) in paragraph at lines 26--28

 []

) (./structDDS__FilterQosPolicy.tex [806]
Underfull \hbox (badness 10000) detected at line 28
[][][]
 []


Underfull \hbox (badness 10000) detected at line 31
[][][]
 []


Underfull \hbox (badness 10000) in paragraph at lines 32--34

 []

[807]
Underfull \hbox (badness 10000) detected at line 45
[][][]
 []

[808]) (./structDDS__FilterResourceLimits.tex [809] [810])
(./structDDS__FlowControllerProperty__t.tex [811]
Underfull \hbox (badness 10000) detected at line 28
[][][]
 []


Underfull \hbox (badness 10000) detected at line 31
[][][]
 []


Underfull \hbox (badness 10000) in paragraph at lines 32--33

 []


Overfull \hbox (33.3653pt too wide) in paragraph at lines 35--36
[] \T1/phv/m/n/10 = [] for [], [] for [].
 []


Underfull \hbox (badness 10000) in paragraph at lines 35--36

 []

) (./structDDS__FlowControllerTokenBucketProperty__t.tex [812]
Underfull \hbox (badness 10000) detected at line 36
[][][]
 []


Underfull \hbox (badness 10000) detected at line 39
[][][]
 []


Underfull \hbox (badness 10000) in paragraph at lines 40--41

 []


Overfull \hbox (55.14528pt too wide) in paragraph at lines 43--44
[] \T1/phv/m/n/10 = []. How-ever, the spe-cial value of [] as []
 []


Underfull \hbox (badness 10000) in paragraph at lines 43--44

 []

[813]
Overfull \hbox (70.50583pt too wide) in paragraph at lines 75--76
[]\T1/phv/m/n/10 Available to-kens are dis-tributed to as-so-ci-ated [] in-stan
ces based on the []. 
 []


Overfull \hbox (87.26385pt too wide) in paragraph at lines 77--78
[]\T1/phv/m/n/10 Use DDS[]_[][]LENGTH[]_[][]UNLIMITED to add the max-i-mum num-
ber of to-kens al-lowed by []. 
 []


Underfull \hbox (badness 900) in paragraph at lines 109--110
[]\T1/phv/m/n/10 The spe-cial value [] can be used to cre-ate an \T1/phv/m/sl/1
0 on-demand []\T1/phv/m/n/10 , for
 []


Underfull \hbox (badness 1867) in paragraph at lines 109--110
\T1/phv/m/n/10 which to-kens are no longer re-plen-ished pe-ri-od-i-cally. In-s
tead, to-kens must be added ex-plic-itly by call-ing
 []


Overfull \hbox (52.67714pt too wide) in paragraph at lines 109--110
[]\T1/phv/m/n/10 . This ex-ter-nal trig-ger adds []
 []

[814]
Overfull \hbox (122.36565pt too wide) in paragraph at lines 125--126
[]\T1/phv/m/n/10 Tokens are al-ways con-sumed in whole by each []. That is, in 
cases where []
 []

) (./structDDS__GroupDataQosPolicy.tex [815]
Underfull \hbox (badness 10000) detected at line 22
[][][]
 []


Underfull \hbox (badness 10000) detected at line 25
[][][]
 []


Underfull \hbox (badness 10000) in paragraph at lines 26--28

 []

) (./structDDS__GUID__t.tex [816]) (./structDDS__HistoryQosPolicy.tex [817]
Underfull \hbox (badness 10000) detected at line 32
[][][]
 []


Underfull \hbox (badness 10000) detected at line 35
[][][]
 []


Underfull \hbox (badness 10000) in paragraph at lines 36--38

 []


Underfull \hbox (badness 10000) detected at line 40
[][][]
 []


Underfull \hbox (badness 10000) detected at line 51
[][][]
 []

[818]) (./structDDS__InconsistentTopicStatus.tex
Underfull \hbox (badness 10000) detected at line 17
[][][]
 []


Underfull \hbox (badness 10000) detected at line 20
[][][]
 []

) (./structDDS__InstanceHandleSeq.tex
Underfull \hbox (badness 10000) detected at line 17
[][][]
 []

[819]
Underfull \hbox (badness 10000) detected at line 20
[][][]
 []

) (./structDDS__LatencyBudgetQosPolicy.tex
Underfull \hbox (badness 10000) detected at line 24
[][][]
 []


Underfull \hbox (badness 10000) detected at line 27
[][][]
 []


Underfull \hbox (badness 10000) detected at line 30
[][][]
 []


Underfull \hbox (badness 10000) in paragraph at lines 31--33

 []


Underfull \hbox (badness 10000) detected at line 35
[][][]
 []

[820]) (./structDDS__Listener.tex
Underfull \hbox (badness 10000) detected at line 22
[][][]
 []


Underfull \hbox (badness 10000) detected at line 25
[][][]
 []


Underfull \hbox (badness 10000) detected at line 28
[][][]
 []

[821]
Underfull \hbox (badness 2856) in paragraph at lines 52--52
\T1/phv/m/n/10 This be-hav-ior al-lows the ap-pli-ca-tion to set a de-fault be-
hav-ior (e.[]g., in the lis-tener as-so-ci-ated with the
 []

[822]
Underfull \hbox (badness 1603) in paragraph at lines 79--80
[]\T1/phv/m/n/10 Within a [] or [] lis-tener call-back, in-vok-ing any op-er-a-
tion on any other
 []


Underfull \hbox (badness 10000) detected at line 85
[][][]
 []

[823]) (./structDDS__LivelinessChangedStatus.tex [824])
(./structDDS__LivelinessLostStatus.tex
Underfull \hbox (badness 10000) detected at line 24
[][][]
 []


Underfull \hbox (badness 10000) detected at line 27
[][][]
 []

[825]) (./structDDS__LivelinessQosPolicy.tex [826]
Underfull \hbox (badness 10000) detected at line 40
[][][]
 []


Underfull \hbox (badness 10000) detected at line 43
[][][]
 []


Underfull \hbox (badness 10000) detected at line 48
[][][]
 []


Underfull \hbox (badness 10000) in paragraph at lines 49--51

 []


Overfull \hbox (94.41884pt too wide) in paragraph at lines 60--61
[]\T1/phv/m/n/10 The man-ual set-tings in-clude both [] and [].
 []


Underfull \hbox (badness 5667) in paragraph at lines 65--65
[]\T1/phv/m/n/10 The set-ting [] re-quires only that one []
 []


Underfull \hbox (badness 1048) in paragraph at lines 65--65
\T1/phv/m/n/10 within a par-tic-i-pant is as-serted to be alive to in-fer that 
all other [] ob-jects within the same
 []

[827]
Underfull \hbox (badness 812) in paragraph at lines 67--67
[]\T1/phv/m/n/10 The set-ting [] re-quires that at least one in-stance within t
he
 []


Overfull \hbox (62.32596pt too wide) in paragraph at lines 72--72
\T1/phv/m/n/10 val-ues are or-dered as follows[]: [] $\OML/cmm/m/it/10 <$ []
 []

) (./structDDS__Locator__t.tex [828]) (./structDDS__LocatorSeq.tex [829]
Underfull \hbox (badness 10000) detected at line 17
[][][]
 []

) (./structDDS__OfferedDeadlineMissedStatus.tex
Underfull \hbox (badness 10000) detected at line 26
[][][]
 []


Underfull \hbox (badness 10000) detected at line 29
[][][]
 []

[830]) (./structDDS__OfferedIncompatibleQosStatus.tex
Underfull \hbox (badness 870) in paragraph at lines 16--16
[]\T1/phv/m/sl/9 Total cu-mu-la-tive num-ber of times the con-cerned [] dis-cov
-ered a [] for the same
 []


Underfull \hbox (badness 10000) detected at line 28
[][][]
 []


Underfull \hbox (badness 10000) detected at line 31
[][][]
 []

[831]) (./structDDS__OwnershipQosPolicy.tex [832]
Underfull \hbox (badness 10000) detected at line 22
[][][]
 []


Underfull \hbox (badness 10000) detected at line 25
[][][]
 []


Underfull \hbox (badness 10000) detected at line 28
[][][]
 []


Underfull \hbox (badness 10000) in paragraph at lines 29--31

 []


Underfull \hbox (badness 10000) detected at line 33
[][][]
 []

[833]
Underfull \hbox (badness 1394) in paragraph at lines 47--48
\T1/phv/m/n/10 The be-hav-ior of the sys-tem is as if each [] made the de-ter-m
i-na-tion in-de-pen-dently. Each
 []

[834]
Underfull \hbox (badness 1067) in paragraph at lines 63--64
\T1/phv/m/n/10 Both cases above use the [] and ar-bi-trate them-selves by means
 of the
 []


Underfull \hbox (badness 2538) in paragraph at lines 72--72
[][]\T1/phv/m/n/10 application fault[] The ap-pli-ca-tion logic that was writ-i
ng the data is faulty and has stopped call-ing
 []

[835]
Underfull \hbox (badness 2057) in paragraph at lines 82--83
\T1/phv/m/n/10 writes data pe-ri-od-i-cally, the [] and the on[]_[]deadline[]_[
]missed lis-tener pro-vides the no-
 []


Underfull \hbox (badness 1708) in paragraph at lines 82--83
\T1/phv/m/n/10 ti-fi-ca-tion. The case where a [] does not pe-ri-od-i-cally up-
date data re-quires the use of the
 []

) (./structDDS__OwnershipStrengthQosPolicy.tex [836]
Underfull \hbox (badness 10000) detected at line 24
[][][]
 []


Underfull \hbox (badness 10000) detected at line 27
[][][]
 []


Underfull \hbox (badness 10000) in paragraph at lines 28--30

 []


Underfull \hbox (badness 10000) detected at line 34
[][][]
 []

) (./structDDS__ParticipantBuiltinTopicData.tex [837] [838] [839])
(./structDDS__PartitionQosPolicy.tex [840]
Underfull \hbox (badness 914) in paragraph at lines 32--33
[]\T1/phv/m/n/10 The PAR-TI-TION se-quence must be set be-fore en-abling the en
-tity. The user must cre-ate a Pub-lisher QoS
 []

[841]
Underfull \hbox (badness 918) in paragraph at lines 68--69
[]\T1/phv/m/n/10 When max[]_[]partition[]_[]string[]_[]allocation is DDS[]_[][]
LENGTH[]_[][]UNLIMITED max[]_[]partition[]_[]string[]_[]size should be set to
 []

[842]) (./structDDS__PresentationQosPolicy.tex
Overfull \hbox (60.46245pt too wide) in paragraph at lines 30--31
\T1/phv/m/n/10 These set-tings en-able a [] to match with a [] that re-quests e
i-ther []
 []

[843]
Underfull \hbox (badness 10000) detected at line 40
[][][]
 []


Underfull \hbox (badness 10000) detected at line 43
[][][]
 []

[844] [845]
Underfull \hbox (badness 5802) in paragraph at lines 76--77
[]\T1/phv/m/n/10 the in-equal-ity \T1/phv/m/sl/10 of-fered \T1/pcr/m/sl/10 acce
ss[]_[]scope $\OML/cmm/m/it/10 >$\T1/phv/m/sl/10 = re-quested \T1/pcr/m/sl/10 a
ccess[]_[]scope \T1/phv/m/n/10 eval-u-ates to \TS1/phv/m/n/10 '\T1/phv/m/n/10 T
RUE\TS1/phv/m/n/10 '\T1/phv/m/n/10 . For
 []


Underfull \hbox (badness 3333) in paragraph at lines 76--77
\T1/phv/m/n/10 the pur-poses of this in-equal-ity, the val-ues of \T1/pcr/m/n/1
0 access[]_[]scope \T1/phv/m/n/10 are con-sid-ered or-dered such that
 []


Overfull \hbox (48.64854pt too wide) in paragraph at lines 76--77
[] $\OML/cmm/m/it/10 <$ [] $<$ []\T1/phv/m/n/10 .
 []


Underfull \hbox (badness 10000) in paragraph at lines 76--77

 []


Underfull \hbox (badness 10000) in paragraph at lines 76--77

 []


Underfull \hbox (badness 10000) in paragraph at lines 77--78

 []


Underfull \hbox (badness 10000) in paragraph at lines 78--79

 []

[846]
Overfull \hbox (55.893pt too wide) in paragraph at lines 109--110
[]\T1/phv/m/n/10 To use this fea-ture, the [] must be con-fig-ured for RE-LI-AB
LE com-mu-ni-ca-tion, see []. 
 []


Overfull \hbox (27.76534pt too wide) in paragraph at lines 111--112
[]\T1/phv/b/n/10 NOTE[]: This QoS set-ting can only be set when us-ing the stat
ic dis-cov-ery API on the []. 
 []


Overfull \hbox (27.76534pt too wide) in paragraph at lines 125--126
[]\T1/phv/b/n/10 NOTE[]: This QoS set-ting can only be set when us-ing the stat
ic dis-cov-ery API on the []. 
 []

) (./structDDS__ProductVersion__t.tex [847]) (./structDDS__Property__t.tex
[848]) (./structDDS__PropertyQosPolicy.tex
Underfull \hbox (badness 10000) detected at line 22
[][][]
 []


Underfull \hbox (badness 10000) detected at line 25
[][][]
 []


Underfull \hbox (badness 10000) in paragraph at lines 26--28

 []

[849]) (./structDDS__PropertySeq.tex
Underfull \hbox (badness 10000) detected at line 17
[][][]
 []

) (./structDDS__ProtocolVersion__t.tex [850])
(./structDDS__PskPassTracker__InterfaceI.tex [851]
Underfull \hbox (badness 10000) detected at line 48
[][][]
 []


Underfull \hbox (badness 10000) detected at line 66
[][][]
 []

) (./structDDS__PskServiceFactoryProperty.tex [852]
Underfull \hbox (badness 10000) detected at line 55
[][][]
 []

[853]
Underfull \hbox (badness 10000) detected at line 72
[][][]
 []


Underfull \hbox (badness 10000) detected at line 85
[][][]
 []


Underfull \hbox (badness 1000) in paragraph at lines 86--87
[]\T1/phv/m/n/10 Include \T1/pcr/m/n/10 psk[]_[]file[]_[]tracker/psk[]_[]file[]
_[]pass[]_[]tracker.[]h \T1/phv/m/n/10 when us-ing the RTI-provided file-based
 []


Underfull \hbox (badness 10000) detected at line 102
[][][]
 []


Underfull \hbox (badness 1000) in paragraph at lines 103--104
[]\T1/phv/m/n/10 Include \T1/pcr/m/n/10 psk[]_[]file[]_[]tracker/psk[]_[]file[]
_[]pass[]_[]tracker.[]h \T1/phv/m/n/10 when us-ing the RTI-provided file-based
 []

) (./structDDS__PublicationBuiltinTopicData.tex [854]
Underfull \hbox (badness 3058) in paragraph at lines 40--40
[]\T1/phv/m/sl/9 Custom uni-cast lo-ca-tor se-quence that the end-point can spe
c-ify. The de-fault lo-ca-tor se-quence from the
 []

[855]
Underfull \hbox (badness 10000) detected at line 97
[][][]
 []


Underfull \hbox (badness 10000) detected at line 114
[][][]
 []

[856] [857]
Underfull \hbox (badness 2088) in paragraph at lines 205--206
[]\T1/phv/m/n/10 Custom uni-cast lo-ca-tor se-quence that the end-point can spe
c-ify. The de-fault lo-ca-tor se-quence from the
 []

) (./structDDS__PublicationMatchedStatus.tex [858] [859])
(./structDDS__PublisherListener.tex
Underfull \hbox (badness 10000) detected at line 22
[][][]
 []

[860]
Underfull \hbox (badness 10000) detected at line 25
[][][]
 []


Underfull \hbox (badness 10000) in paragraph at lines 26--30

 []


Underfull \hbox (badness 10000) detected at line 32
[][][]
 []

) (./structDDS__PublisherQos.tex
Overfull \hbox (77.9386pt too wide) in paragraph at lines 28--29
[]\T1/phv/m/n/10 If the call to [] at-tempts to change the PAR-TI-TION QoS then
 it will re-turn [] 
 []

[861]) (./structDDS__PublishModeQosPolicy.tex [862]
Underfull \hbox (badness 10000) detected at line 28
[][][]
 []


Underfull \hbox (badness 10000) detected at line 33
[][][]
 []


Underfull \hbox (badness 10000) detected at line 36
[][][]
 []


Underfull \hbox (badness 10000) in paragraph at lines 37--39

 []

[863]
Underfull \hbox (badness 10000) detected at line 81
[][][]
 []

[864]) (./structDDS__QosPolicyCount.tex) (./structDDS__ReliabilityQosPolicy.tex
[865]
Underfull \hbox (badness 10000) detected at line 24
[][][]
 []


Underfull \hbox (badness 10000) detected at line 27
[][][]
 []


Underfull \hbox (badness 10000) detected at line 30
[][][]
 []


Underfull \hbox (badness 10000) in paragraph at lines 31--33

 []


Underfull \hbox (badness 10000) detected at line 44
[][][]
 []

[866]
Overfull \hbox (75.98665pt too wide) in paragraph at lines 77--78
[]\T1/phv/m/n/10 For a [][]: This set-ting ap-plies only to the case where [] =
 [].
 []


Underfull \hbox (badness 10000) in paragraph at lines 79--81

 []


Underfull \hbox (badness 10000) in paragraph at lines 79--81

 []


Underfull \hbox (badness 10000) in paragraph at lines 85--87

 []


Underfull \hbox (badness 10000) in paragraph at lines 85--87

 []


Underfull \hbox (badness 10000) in paragraph at lines 91--92

 []


Underfull \hbox (badness 10000) detected at line 94
[][][]
 []

) (./structDDS__ReliableReaderActivityChangedStatus.tex [867]
Underfull \hbox (badness 10000) detected at line 30
[][][]
 []


Underfull \hbox (badness 10000) detected at line 33
[][][]
 []


Overfull \hbox (37.03423pt too wide) in paragraph at lines 61--63
[]\T1/phv/m/n/10 A reader is con-sid-ered to be in-ac-tive af-ter is has been s
ent heart-beats []
 []

[868]) (./structDDS__ReliableSampleUnacknowledgedStatus.tex
Underfull \hbox (badness 10000) detected at line 26
[][][]
 []

[869]
Underfull \hbox (badness 10000) detected at line 29
[][][]
 []

) (./structDDS__RequestedDeadlineMissedStatus.tex [870])
(./structDDS__RequestedIncompatibleQosStatus.tex [871]
Underfull \hbox (badness 10000) detected at line 28
[][][]
 []

) (./structDDS__ResourceLimitsQosPolicy.tex [872]
Underfull \hbox (badness 10000) detected at line 26
[][][]
 []


Underfull \hbox (badness 10000) detected at line 29
[][][]
 []


Underfull \hbox (badness 10000) detected at line 32
[][][]
 []


Underfull \hbox (badness 10000) in paragraph at lines 33--35

 []


Underfull \hbox (badness 10000) detected at line 42
[][][]
 []

[873]
Underfull \hbox (badness 10000) detected at line 57
[][][]
 []


Underfull \hbox (badness 2837) in paragraph at lines 79--80
[]\T1/phv/m/n/10 The [] re-source limit lim-its the max-i-mum num-ber of sam-pl
es a
 []


Underfull \hbox (badness 2837) in paragraph at lines 87--88
[]\T1/phv/m/n/10 The [] re-source limit lim-its the max-i-mum num-ber of sam-pl
es a
 []

[874]
Overfull \hbox (63.26968pt too wide) in paragraph at lines 90--90
[] \T1/phv/m/n/10 has given up on de-liv-er-ing the sam-ple, con-trolled by [],

 []


Overfull \hbox (33.49678pt too wide) in paragraph at lines 90--90
[]\T1/phv/m/n/10 If the [] is us-ing [] and not us-ing [],
 []


Underfull \hbox (badness 1092) in paragraph at lines 93--94
[]\T1/phv/m/n/10 For re-li-able com-mu-ni-ca-tion, the value of this re-source 
limit de-ter-mines the max-i-mum num-ber of sam-ples a
 []


Underfull \hbox (badness 1859) in paragraph at lines 93--94
[] \T1/phv/m/n/10 can keep in un-ac-knowl-edged state be-fore reusing po-ten-ti
ally un-ac-knowl-edged sam-ples for
 []


Underfull \hbox (badness 787) in paragraph at lines 93--94
[]\T1/phv/m/n/10 . For re-li-able data, the value should take into ac-count the
 data rate, the
 []


Overfull \hbox (30.82643pt too wide) in paragraph at lines 93--94
[]\T1/phv/m/n/10 , and []. 
 []


Underfull \hbox (badness 10000) detected at line 95
[][][]
 []


Underfull \hbox (badness 5022) in paragraph at lines 116--117
[]\T1/phv/m/n/10 The [] pol-icy is use-ful to main-tain state for
 []


Underfull \hbox (badness 2126) in paragraph at lines 116--117
\T1/phv/m/n/10 only the last N in-stances, and when it is not nec-es-sary to ke
ep sam-ples in the [] his-
 []


Underfull \hbox (badness 1867) in paragraph at lines 116--117
\T1/phv/m/n/10 tory cache. When the [] pol-icy is set to re-
 []


Underfull \hbox (badness 7081) in paragraph at lines 116--117
\T1/phv/m/n/10 place the old-est in-stance, [], in-for-ma-tion about
 []


Underfull \hbox (badness 2828) in paragraph at lines 116--117
\T1/phv/m/n/10 the old-est in-stance is au-to-mat-i-cally re-moved and the newl
y dis-cov-ered in-stance is re-ceived. The dis-
 []


Underfull \hbox (badness 3769) in paragraph at lines 116--117
\T1/phv/m/n/10 ad-van-tage is that [] state can-not be main-tained. The
 []

[875]
Underfull \hbox (badness 10000) detected at line 118
[][][]
 []


Underfull \hbox (badness 1460) in paragraph at lines 125--126
[]\T1/phv/m/n/10 The [] re-source limit lim-its the max-i-mum num-ber of in-sta
nces a
 []


Overfull \hbox (58.67117pt too wide) in paragraph at lines 141--142
\T1/phv/m/n/10 or equal to max[]_[]samples and greater or equal to the his-tory
 depth. When []
 []


Underfull \hbox (badness 1231) in paragraph at lines 143--144
[]\T1/phv/m/n/10 When this resource-limit or [] is ex-ceeded and the [] is
 []


Overfull \hbox (39.27716pt too wide) in paragraph at lines 153--154
[][] \T1/phv/m/n/10 de-ter-mines how many sam-ples are kept in case of []
 []


Overfull \hbox (40.28659pt too wide) in paragraph at lines 153--154
\T1/phv/m/n/10 dura-bil-ity and made avail-able to late join-ing [], while []
 []

[876]) (./structDDS__RtpsReliableReaderProtocol__t.tex
Underfull \hbox (badness 10000) detected at line 24
[][][]
 []


Underfull \hbox (badness 10000) in paragraph at lines 25--27

 []


Underfull \hbox (badness 10000) detected at line 29
[][][]
 []


Underfull \hbox (badness 10000) in paragraph at lines 30--31

 []

[877]
Underfull \hbox (badness 10000) in paragraph at lines 48--49

 []

) (./structDDS__RtpsReliableWriterProtocol__t.tex
Underfull \hbox (badness 10000) detected at line 30
[][][]
 []


Underfull \hbox (badness 10000) in paragraph at lines 31--33

 []


Underfull \hbox (badness 10000) detected at line 35
[][][]
 []


Underfull \hbox (badness 10000) in paragraph at lines 36--37

 []

[878]) (./structDDS__RtpsWellKnownPorts__t.tex [879] [880]
Overfull \hbox (195.16919pt too wide) in paragraph at lines 46--46
[]\T1/pcr/m/n/8 metatraffic_unicast_port = port_base + (domain_id_gain * domain
_id) + (participant_id_gain * participant_id) + builtin_unicast_port_offset  
 []


Overfull \hbox (17.56908pt too wide) in paragraph at lines 49--49
[]\T1/pcr/m/n/8 metatraffic_multicast_port = port_base + (domain_id_gain * doma
in_id) + builtin_multicast_port_offset  
 []


Overfull \hbox (180.76918pt too wide) in paragraph at lines 54--54
[]\T1/pcr/m/n/8 usertraffic_unicast_port = port_base + (domain_id_gain * domain
_id) + (participant_id_gain * participant_id) + user_unicast_port_offset  
 []


Underfull \hbox (badness 10000) detected at line 66
[][][]
 []


Underfull \hbox (badness 10000) in paragraph at lines 67--68

 []

[881]
Underfull \vbox (badness 10000) detected at line 118
 []

[882] [883]) (./structDDS__SampleIdentity__t.tex [884])
(./structDDS__SampleInfo.tex [885]
Underfull \hbox (badness 10000) detected at line 58
[][][]
 []

[886]
Underfull \hbox (badness 10000) detected at line 76
[][][]
 []


Underfull \hbox (badness 10000) detected at line 91
[][][]
 []


Underfull \hbox (badness 10000) detected at line 106
[][][]
 []


Overfull \hbox (105.8322pt too wide) in paragraph at lines 129--131
[]\T1/phv/m/n/10 The \T1/pcr/m/n/10 publication[]_[]handle \T1/phv/m/n/10 is th
e same [] that is re-turned by the op-er-a-tion []
 []

[887]) (./structDDS__SampleInfoSeq.tex [888]
Underfull \hbox (badness 10000) detected at line 17
[][][]
 []

) (./structDDS__SampleLostStatus.tex [889])
(./structDDS__SampleRejectedStatus.tex [890]
Underfull \hbox (badness 10000) detected at line 61
[][][]
 []

) (./structDDS__SecTransform__Configuration.tex [891])
(./structDDS__SequenceNumber__t.tex [892]) (./structDDS__SubscriberListener.tex

Underfull \hbox (badness 10000) detected at line 24
[][][]
 []


Underfull \hbox (badness 10000) detected at line 27
[][][]
 []


Underfull \hbox (badness 10000) in paragraph at lines 28--37

 []

[893]
Underfull \hbox (badness 10000) detected at line 39
[][][]
 []

) (./structDDS__SubscriberQos.tex [894]
Overfull \hbox (86.2842pt too wide) in paragraph at lines 28--29
[]\T1/phv/m/n/10 You must set the mem-bers in a con-sis-tent man-ner. If not, [
] and []
 []

) (./structDDS__SubscriptionBuiltinTopicData.tex [895]
Underfull \hbox (badness 3058) in paragraph at lines 38--38
[]\T1/phv/m/sl/9 Custom uni-cast lo-ca-tor se-quence that the end-point can spe
c-ify. The de-fault lo-ca-tor se-quence from the
 []


Underfull \hbox (badness 2671) in paragraph at lines 40--40
[]\T1/phv/m/sl/9 Custom mul-ti-cast lo-ca-tor that the end-point can spec-ify. 
The de-fault mul-ti-cast lo-ca-tor se-quence from the
 []

[896]
Underfull \hbox (badness 10000) detected at line 62
[][][]
 []


Underfull \hbox (badness 10000) detected at line 102
[][][]
 []

[897]
Underfull \hbox (badness 10000) detected at line 119
[][][]
 []

[898]
Underfull \hbox (badness 2088) in paragraph at lines 200--201
[]\T1/phv/m/n/10 Custom uni-cast lo-ca-tor se-quence that the end-point can spe
c-ify. The de-fault lo-ca-tor se-quence from the
 []


Underfull \hbox (badness 1789) in paragraph at lines 210--211
[]\T1/phv/m/n/10 Custom mul-ti-cast lo-ca-tor that the end-point can spec-ify. 
The de-fault mul-ti-cast lo-ca-tor se-quence from the
 []

[899]
Underfull \hbox (badness 10000) detected at line 284
[][][]
 []

) (./structDDS__SubscriptionMatchedStatus.tex [900])
(./structDDS__SystemResourceLimitsQosPolicy.tex [901]
Underfull \hbox (badness 10000) detected at line 26
[][][]
 []


Underfull \hbox (badness 10000) detected at line 29
[][][]
 []


Underfull \hbox (badness 10000) in paragraph at lines 30--32

 []

[902]) (./structDDS__Time__t.tex [903]) (./structDDS__TopicDataQosPolicy.tex
Underfull \hbox (badness 10000) detected at line 22
[][][]
 []


Underfull \hbox (badness 10000) detected at line 25
[][][]
 []


Underfull \hbox (badness 10000) in paragraph at lines 26--28

 []

[904]) (./structDDS__TopicListener.tex
Underfull \hbox (badness 10000) detected at line 24
[][][]
 []


Underfull \hbox (badness 10000) detected at line 27
[][][]
 []


Underfull \hbox (badness 10000) detected at line 32
[][][]
 []

[905]) (./structDDS__TopicQos.tex [906])
(./structDDS__TransportPriorityQosPolicy.tex)
(./structDDS__TransportQosPolicy.tex [907]
Underfull \hbox (badness 10000) detected at line 22
[][][]
 []


Underfull \hbox (badness 10000) detected at line 25
[][][]
 []


Underfull \hbox (badness 10000) in paragraph at lines 26--28

 []


Underfull \hbox (badness 10000) detected at line 45
[][][]
 []

) (./structDDS__TrustQosPolicy.tex [908]
Underfull \hbox (badness 10000) detected at line 22
[][][]
 []


Underfull \hbox (badness 10000) detected at line 25
[][][]
 []


Underfull \hbox (badness 10000) in paragraph at lines 26--28

 []


Underfull \hbox (badness 10000) detected at line 47
[][][]
 []

) (./structDDS__UserDataQosPolicy.tex [909]
Underfull \hbox (badness 10000) detected at line 22
[][][]
 []


Underfull \hbox (badness 10000) detected at line 25
[][][]
 []


Underfull \hbox (badness 10000) in paragraph at lines 26--28

 []

[910]) (./structDDS__UserTrafficQosPolicy.tex
Underfull \hbox (badness 10000) detected at line 22
[][][]
 []


Underfull \hbox (badness 10000) detected at line 25
[][][]
 []


Underfull \hbox (badness 10000) in paragraph at lines 26--28

 []

[911]
Underfull \hbox (badness 10000) detected at line 45
[][][]
 []

) (./structDDS__VendorId__t.tex) (./structDDS__WireProtocolQosPolicy.tex
[912]
Underfull \hbox (badness 10000) detected at line 40
[][][]
 []


Underfull \hbox (badness 10000) detected at line 43
[][][]
 []


Underfull \hbox (badness 10000) in paragraph at lines 44--46

 []

[913]
Underfull \hbox (badness 10000) detected at line 82
[][][]
 []


Overfull \hbox (124.04889pt too wide) in paragraph at lines 95--96
[]\T1/phv/m/n/10 Either all of [], [], and []
 []

[914]
Overfull \hbox (124.04889pt too wide) in paragraph at lines 109--110
[]\T1/phv/m/n/10 Either all of [], [], and []
 []


Overfull \hbox (124.04889pt too wide) in paragraph at lines 123--124
[]\T1/phv/m/n/10 Either all of [], [], and []
 []

[915]
Overfull \hbox (20.08032pt too wide) in paragraph at lines 173--174
[]\T1/phv/m/n/10 Require that dis-cov-ered par-tic-i-pants send one of the chec
k-sums en-abled in []. 
 []

[916]) (./structDDS__WriteParams__t.tex [917])
(./structDPDE__DiscoveryPluginProperty.tex [918] [919]
Overfull \hbox (40.15005pt too wide) in paragraph at lines 141--142
[]\T1/phv/m/n/10 The max-i-mum num-ber of ad-dresses to send to is de-fined by 
the peer list (ei-ther spec-i-fied in []
 []

[920] [921]
Overfull \hbox (212.45894pt too wide) in paragraph at lines 188--188
[]\T1/phv/b/n/10 DDS[]_[][]MAX[]_[][]UNLIMITED\T1/phv/m/n/10 . This al-lows eac
h re-mote builtin end-point Data[]Writer to use up to []
 []


Overfull \hbox (27.64888pt too wide) in paragraph at lines 190--190
[][]\T1/phv/m/n/10 1, 256[]. When a pos-i-tive value is spec-i-fied []
 []

[922]) (./structDPSE__DiscoveryPluginProperty.tex [923]
Underfull \hbox (badness 10000) detected at line 49
[][][]
 []


Underfull \hbox (badness 10000) detected at line 68
[][][]
 []

[924]) (./structFooDataReader.tex [925]
Underfull \hbox (badness 10000) detected at line 21
[][][]
 []

) (./structFooDataWriter.tex
Underfull \hbox (badness 10000) detected at line 21
[][][]
 []

) (./structFooSeq.tex [926] [927]) (./structFooTypeSupport.tex [928]
Underfull \hbox (badness 10000) detected at line 21
[][][]
 []

) (./structNDDS__Discovery__Property.tex)
(./structNDDS__Type__PluginVersion.tex [929]) (./structNETIO__Address.tex
[930]) (./structNETIO__AddressSeq.tex) (./structNETIO__AddressUInt32.tex)
(./unionNETIO__AddressValue.tex [931]) (./structNETIO__DGRAM__InterfaceI.tex
[932]
Underfull \hbox (badness 10000) detected at line 58
[][][]
 []

[933]
Underfull \hbox (badness 10000) detected at line 78
[][][]
 []


Underfull \hbox (badness 10000) detected at line 100
[][][]
 []

[934]
Underfull \hbox (badness 10000) detected at line 122
[][][]
 []


Underfull \hbox (badness 10000) detected at line 152
[][][]
 []


Underfull \hbox (badness 10000) detected at line 178
[][][]
 []

[935]
Underfull \hbox (badness 10000) detected at line 202
[][][]
 []


Underfull \hbox (badness 10000) detected at line 224
[][][]
 []

) (./structNETIO__DGRAM__InterfaceMultiCastGroup.tex [936])
(./structNETIO__DGRAM__InterfaceRouteEntry.tex [937])
(./structNETIO__DGRAM__InterfaceTableEntry.tex [938]
Underfull \hbox (badness 1609) in paragraph at lines 47--49
[]\T1/phv/m/n/10 Note that the locator[]_[]kind must be less than [] and greate
r than
 []

[939]) (./structNETIO__DGRAM__InterfaceTableEntrySeq.tex)
(./structNETIO__Interface.tex) (./structNETIO__InterfaceI.tex)
(./structNETIO__Netmask.tex [940]) (./structNETIO__NetmaskSeq.tex)
(./structNETIO__Packet.tex [941]) (./structNETIO__SharedMemorySegmentHeader.tex
) (./structNETIO__SHMEMInterfaceFactoryProperty.tex [942])
(./structOSAPI__LogEntry.tex) (./structOSAPI__LogProperty.tex [943] [944])
(./structOSAPI__SharedMemorySegmentHandle.tex)
(./structOSAPI__SharedMemorySegmentHeader.tex [945])
(./structOSAPI__SystemI.tex [946] [947]) (./structOSAPI__SystemProperty.tex
[948]
Overfull \hbox (60.2753pt too wide) in paragraph at lines 65--66
[]\T1/phv/m/n/10 If a block-ing op-er-a-tion is un-able to ac-quire a block-ing
 re-source, the op-er-a-tion will re-turn with []. 
 []


Underfull \hbox (badness 1460) in paragraph at lines 86--86
[]\T1/phv/m/n/10 One timer is al-lo-cated per [] for each [] trans-port en-able
d on a
 []

[949]) (./structOSAPI__SystemTime.tex [950]) (./structOSAPI__TaskProperty.tex)
(./structOSAPI__ThreadProperty.tex [951]) (./structOSAPI__TimerProperty.tex
[952]) (./structPSK__ErrListener.tex [953])
(./structPSK__FilePassTrackerErrListener.tex)
(./structPSK__PassTrackerConfiguration.tex [954]) (./unionRTPS__Checksum.tex
[955]) (./structRTPS__ChecksumClass.tex) (./structRTPS__ChecksumProperty.tex
[956]) (./structRTPS__InterfaceFactoryProperty.tex)
(./structUDP__InterfaceFactoryProperty.tex [957] [958] [959] [960] [961]
[962] [963]) (./structUDP__InterfaceTableEntry.tex [964])
(./structUDP__InterfaceTableEntrySeq.tex) (./structUDP__NatEntry.tex [965])
(./structUDP__NatEntrySeq.tex [966]) (./structUDP__Transform.tex)
(./structUDP__TransformProperty.tex
Underfull \hbox (badness 10000) detected at line 28
[][][]
 []

) (./structUDP__TransformRule.tex [967]
Underfull \hbox (badness 10000) detected at line 36
[][][]
 []

) (./structUDP__TransformRuleSeq.tex [968]) (./classUDPInterfaceFactory.tex)
(./classUDPInterfaceTable.tex)
(./structZCOPY__NotifInterfaceFactoryProperty.tex [969])
(./structZCOPY__NotifMechanismProperty.tex [970] [971])
(./structZCOPY__NotifUserInterfaceI.tex [972]
Underfull \hbox (badness 10000) detected at line 44
[][][]
 []


Underfull \hbox (badness 10000) detected at line 67
[][][]
 []

[973]
Underfull \hbox (badness 10000) detected at line 112
[][][]
 []


Underfull \hbox (badness 10000) detected at line 136
[][][]
 []

[974] [975]
Underfull \hbox (badness 10000) detected at line 181
[][][]
 []


Underfull \hbox (badness 10000) detected at line 207
[][][]
 []


Underfull \hbox (badness 10000) detected at line 233
[][][]
 []

[976]
Underfull \hbox (badness 10000) detected at line 261
[][][]
 []


Underfull \hbox (badness 10000) detected at line 289
[][][]
 []

[977]
Underfull \hbox (badness 10000) detected at line 315
[][][]
 []


Underfull \hbox (badness 10000) detected at line 339
[][][]
 []

) (./app__gen__dll_8h.tex
Underfull \hbox (badness 10000) in paragraph at lines 8--9

 []

) (./app__gen__log_8h.tex
Underfull \hbox (badness 10000) in paragraph at lines 3--4

 []

[978]) (./cdr__log_8h.tex
Underfull \hbox (badness 10000) in paragraph at lines 3--4

 []

[979]) (./db__dll_8h.tex
Underfull \hbox (badness 10000) in paragraph at lines 8--9

 []

) (./db__log_8h.tex
Underfull \hbox (badness 10000) in paragraph at lines 8--9

 []

[980]) (./dds__c__common_8h.tex [981]
Underfull \hbox (badness 10000) in paragraph at lines 8--11

 []

[982]) (./dds__c__common__impl_8h.tex
Underfull \hbox (badness 10000) in paragraph at lines 8--32

 []

) (./dds__c__config_8h.tex [983]
Underfull \hbox (badness 10000) in paragraph at lines 8--10

 []

) (./dds__c__content__filter_8h.tex
Underfull \hbox (badness 10000) in paragraph at lines 8--9

 []

) (./dds__c__discovery_8h.tex [984]
Underfull \hbox (badness 10000) in paragraph at lines 8--16

 []


Underfull \hbox (badness 4595) in paragraph at lines 39--40
[][] [] \T1/phv/m/n/10 (struct []
 []

[985]
Underfull \hbox (badness 2680) in paragraph at lines 49--50
[][] [] \T1/phv/m/n/10 (struct []
 []


Underfull \hbox (badness 3029) in paragraph at lines 65--66
[][] [] \T1/phv/m/n/10 (const struct []
 []

) (./dds__c__discovery__plugin_8h.tex
Underfull \hbox (badness 10000) in paragraph at lines 8--11

 []

[986]) (./dds__c__dll_8h.tex
Underfull \hbox (badness 10000) in paragraph at lines 8--9

 []

) (./dds__c__domain_8h.tex
Underfull \hbox (badness 10000) in paragraph at lines 8--22

 []

[987]
Overfull \hbox (44.77676pt too wide) in paragraph at lines 53--53
[][] \T1/phv/m/sl/9 Can be used as an alias for the sin-gle-ton fac-tory re-tur
ned by the op-er-a-tion []. 
 []


Underfull \hbox (badness 968) in paragraph at lines 70--71
[][] [] \T1/phv/m/n/10 (struct []
 []

[988]
Underfull \hbox (badness 2762) in paragraph at lines 72--73
[][] [] \T1/phv/m/n/10 (struct []
 []


Underfull \hbox (badness 4479) in paragraph at lines 88--89
[][] [] \T1/phv/m/n/10 ([] $\OMS/cmsy/m/n/10 ^^C$\T1/phv/m/n/10 self, struct
 []


Underfull \hbox (badness 3803) in paragraph at lines 92--93
[][] $\OMS/cmsy/m/n/10 ^^C$ [] \T1/phv/m/n/10 ([] $\OMS/cmsy/m/n/10 ^^C$\T1/phv
/m/n/10 self, const struct
 []


Underfull \hbox (badness 1024) in paragraph at lines 96--97
[][] $\OMS/cmsy/m/n/10 ^^C$ [] \T1/phv/m/n/10 ([] $\OMS/cmsy/m/n/10 ^^C$\T1/phv
/m/n/10 self, const struct
 []

[989]
Underfull \hbox (badness 1968) in paragraph at lines 100--101
[][] $\OMS/cmsy/m/n/10 ^^C$ [] \T1/phv/m/n/10 ([] $\OMS/cmsy/m/n/10 ^^C$\T1/phv
/m/n/10 self, const char $\OMS/cmsy/m/n/10 ^^C$\T1/phv/m/n/10 topic[]_[]
 []


Underfull \hbox (badness 2884) in paragraph at lines 114--115
[][] $\OMS/cmsy/m/n/10 ^^C$ [] \T1/phv/m/n/10 ([] $\OMS/cmsy/m/n/10 ^^C$\T1/phv
/m/n/10 self,
 []


Overfull \hbox (58.2625pt too wide) in paragraph at lines 130--131
[][] [] \T1/phv/m/n/10 ([] $\OMS/cmsy/m/n/10 ^^C$\T1/phv/m/n/10 self, const str
uct []
 []

[990]
Overfull \hbox (35.34882pt too wide) in paragraph at lines 132--133
[][] [] \T1/phv/m/n/10 ([] $\OMS/cmsy/m/n/10 ^^C$\T1/phv/m/n/10 self, struct []

 []


Underfull \hbox (badness 10000) in paragraph at lines 134--135
[][] [] \T1/phv/m/n/10 ([] $\OMS/cmsy/m/n/10 ^^C$\T1/phv/m/n/10 self, const str
uct
 []


Overfull \hbox (54.0051pt too wide) in paragraph at lines 150--151
\OMS/cmsy/m/n/10 ^^C$\T1/phv/m/n/10 self, [] domain[]Id, const struct [] $\OMS/
cmsy/m/n/10 ^^C$\T1/phv/m/n/10 qos, const struct []
 []


Overfull \hbox (39.14499pt too wide) in paragraph at lines 156--157
[][] $\OMS/cmsy/m/n/10 ^^C$ [] \T1/phv/m/n/10 ([]
 []


Underfull \hbox (badness 2538) in paragraph at lines 158--159
[][] [] \T1/phv/m/n/10 ([] $\OMS/cmsy/m/n/10 ^^C$\T1/phv/m/n/10 self, struct
 []


Underfull \hbox (badness 3029) in paragraph at lines 160--161
[][] [] \T1/phv/m/n/10 ([] $\OMS/cmsy/m/n/10 ^^C$\T1/phv/m/n/10 self, const
 []

[991]) (./dds__c__flowcontroller_8h.tex
Underfull \hbox (badness 10000) in paragraph at lines 8--11

 []

[992]
Overfull \hbox (162.66585pt too wide) in paragraph at lines 26--30
[]\T1/phv/m/n/10 enum [] { [] , []
 []


Overfull \hbox (55.5446pt too wide) in paragraph at lines 38--39
[][] [] \T1/phv/m/n/10 ([] $\OMS/cmsy/m/n/10 ^^C$\T1/phv/m/n/10 self, const str
uct []
 []


Overfull \hbox (32.63092pt too wide) in paragraph at lines 40--41
[][] [] \T1/phv/m/n/10 ([] $\OMS/cmsy/m/n/10 ^^C$\T1/phv/m/n/10 self, struct []

 []


Underfull \hbox (badness 10000) in paragraph at lines 44--45
[][] [] \T1/phv/m/n/10 ([]
 []


Underfull \hbox (badness 10000) in paragraph at lines 46--47
[][] [] \T1/phv/m/n/10 ([]
 []


Overfull \hbox (29.51721pt too wide) in paragraph at lines 50--51
[][] [] \T1/phv/m/n/10 ([] $\OMS/cmsy/m/n/10 ^^C$\T1/phv/m/n/10 self, []
 []

[993]) (./dds__c__infrastructure_8h.tex
Underfull \hbox (badness 10000) in paragraph at lines 8--22

 []

[994] [995] [996] [997]
Overfull \hbox (56.79536pt too wide) in paragraph at lines 204--223
[] \T1/phv/m/n/10 , [] , [] , []
 []


Overfull \hbox (65.6764pt too wide) in paragraph at lines 204--223
[] \T1/phv/m/n/10 , [] , []
 []


Overfull \hbox (18.0939pt too wide) in paragraph at lines 204--223
[] \T1/phv/m/n/10 , [] , []
 []


Overfull \hbox (130.00706pt too wide) in paragraph at lines 224--245
[] \T1/phv/m/n/10 , [] , []
 []


Overfull \hbox (57.72023pt too wide) in paragraph at lines 224--245
[] \T1/phv/m/n/10 , [] , []
 []


Overfull \hbox (147.25998pt too wide) in paragraph at lines 224--245
[] \T1/phv/m/n/10 , [] , []
 []

[998]
Overfull \hbox (63.34404pt too wide) in paragraph at lines 246--279
[] \T1/phv/m/n/10 , \T1/phv/b/n/10 DDS[]_[][]LATENCYBUDGET[]_[][]QOS[]_[][]POLI
CY[]_[][]ID \T1/phv/m/n/10 = 5 , []
 []


Underfull \hbox (badness 10000) in paragraph at lines 246--279
\T1/phv/b/n/10 DDS[]_[][]DESTINATIONORDER[]_[][]QOS[]_[][]POLICY[]_[][]ID \T1/p
hv/m/n/10 = 12 , [] , \T1/phv/b/n/10 DDS[]_[][]
 []


Overfull \hbox (22.15068pt too wide) in paragraph at lines 291--294
[]\T1/phv/m/n/10 enum [] { [] , []
 []


Overfull \hbox (90.33345pt too wide) in paragraph at lines 295--299
[]\T1/phv/m/n/10 enum [] { [] , []
 []


Overfull \hbox (33.463pt too wide) in paragraph at lines 300--303
[]\T1/phv/m/n/10 enum [] { [] , []
 []


Overfull \hbox (51.184pt too wide) in paragraph at lines 308--313
[]\T1/phv/m/n/10 enum [] { [] , []
 []


Overfull \hbox (92.97064pt too wide) in paragraph at lines 314--319
[]\T1/phv/m/n/10 enum [] { [] , []
 []

[999]
Overfull \hbox (121.16719pt too wide) in paragraph at lines 331--335
[]\T1/phv/m/n/10 enum [] { [] , []
 []


Overfull \hbox (55.41426pt too wide) in paragraph at lines 336--351
[] \T1/phv/m/n/10 , []
 []


Overfull \hbox (34.78214pt too wide) in paragraph at lines 369--370
[]\T1/phv/m/n/10 int [] (const struct [] $\OMS/cmsy/m/n/10 ^^C$\T1/phv/m/n/10 s
n1, const struct []
 []

[1000]
Underfull \hbox (badness 981) in paragraph at lines 393--394
[][] [] \T1/phv/m/n/10 ([] $\OMS/cmsy/m/n/10 ^^C$\T1/phv/m/n/10 self, struct []
 $\OMS/cmsy/m/n/10 ^^C$\T1/phv/m/n/10 active[]_[]conditions,
 []

[1001]
Underfull \hbox (badness 10000) detected at line 4
[][][]
 []

[1002]) (./dds__c__log_8h.tex
Underfull \hbox (badness 10000) in paragraph at lines 8--10

 []

[1003] [1004] [1005] [1006] [1007] [1008] [1009] [1010] [1011] [1012] [1013]
[1014] [1015] [1016] [1017] [1018] [1019] [1020]
Overfull \hbox (15.23718pt too wide) in paragraph at lines 811--812
[]\T1/phv/m/n/10 #define []  ([]
 []


Overfull \hbox (88.25314pt too wide) in paragraph at lines 813--814
[]\T1/phv/m/n/10 #define []  ([]
 []


Overfull \hbox (77.67825pt too wide) in paragraph at lines 815--816
[]\T1/phv/m/n/10 #define []  ([]
 []

[1021]
Underfull \hbox (badness 10000) in paragraph at lines 877--878
[]\T1/phv/m/n/10 #define [] ([] +
 []


Overfull \hbox (36.82811pt too wide) in paragraph at lines 879--880
[]\T1/phv/m/n/10 #define []  ([]
 []

[1022]
Overfull \hbox (19.20648pt too wide) in paragraph at lines 907--908
[]\T1/phv/m/n/10 #define []  ([]
 []


Overfull \hbox (45.7111pt too wide) in paragraph at lines 915--916
[]\T1/phv/m/n/10 #define []  ([]
 []


Overfull \hbox (47.6192pt too wide) in paragraph at lines 917--918
[]\T1/phv/m/n/10 #define []  ([]
 []


Overfull \hbox (45.16222pt too wide) in paragraph at lines 919--920
[]\T1/phv/m/n/10 #define []  ([]
 []

[1023] [1024]
Underfull \hbox (badness 5288) in paragraph at lines 995--996
[]\T1/phv/m/n/10 #define []  ([] +
 []

[1025]
Overfull \hbox (54.45pt too wide) in paragraph at lines 1027--1028
[]\T1/phv/m/n/10 #define []  ([]
 []


Overfull \hbox (56.90698pt too wide) in paragraph at lines 1029--1030
[]\T1/phv/m/n/10 #define []  ([]
 []


Overfull \hbox (55.81795pt too wide) in paragraph at lines 1033--1034
[]\T1/phv/m/n/10 #define []  ([]
 []


Underfull \hbox (badness 1454) in paragraph at lines 1037--1038
[]\T1/phv/m/n/10 #define []  ([] +
 []


Underfull \hbox (badness 836) in paragraph at lines 1039--1040
[]\T1/phv/m/n/10 #define []  ([] +
 []


Overfull \hbox (19.77348pt too wide) in paragraph at lines 1043--1044
[]\T1/phv/m/n/10 #define []  ([]
 []

[1026]
Overfull \hbox (19.03542pt too wide) in paragraph at lines 1049--1050
[]\T1/phv/m/n/10 #define []  ([]
 []


Overfull \hbox (20.06111pt too wide) in paragraph at lines 1053--1054
[]\T1/phv/m/n/10 #define []  ([]
 []


Overfull \hbox (17.05516pt too wide) in paragraph at lines 1055--1056
[]\T1/phv/m/n/10 #define []  ([]
 []


Underfull \hbox (badness 4001) in paragraph at lines 1057--1058
[]\T1/phv/m/n/10 #define []  ([] +
 []


Overfull \hbox (25.88446pt too wide) in paragraph at lines 1059--1060
[]\T1/phv/m/n/10 #define []  ([]
 []


Underfull \hbox (badness 2237) in paragraph at lines 1063--1064
[]\T1/phv/m/n/10 #define []  ([] +
 []


Underfull \hbox (badness 4108) in paragraph at lines 1069--1070
[]\T1/phv/m/n/10 #define []  ([] +
 []

[1027] [1028]) (./dds__c__partition__qos_8h.tex [1029]
Underfull \hbox (badness 10000) in paragraph at lines 8--10

 []

) (./dds__c__profile_8h.tex
Underfull \hbox (badness 10000) in paragraph at lines 8--12

 []


Overfull \hbox (47.82071pt too wide) in paragraph at lines 15--16
[][] $\OMS/cmsy/m/n/10 ^^C$ [] \T1/phv/m/n/10 ([]
 []

) (./dds__c__property__qos_8h.tex [1030]
Underfull \hbox (badness 3895) in paragraph at lines 22--23
[][] [] \T1/phv/m/n/10 (struct [] $\OMS/cmsy/m/n/10 ^^C$\T1/phv/m/n/10 policy,
 []

) (./dds__c__publication_8h.tex
Underfull \hbox (badness 10000) in paragraph at lines 8--17

 []

[1031] [1032]
Underfull \hbox (badness 764) in paragraph at lines 72--73
[]\T1/phv/m/n/10 typedef void($\OMS/cmsy/m/n/10 ^^C$ []\T1/phv/m/n/10 ) (void $
\OMS/cmsy/m/n/10 ^^C$\T1/phv/m/n/10 listener[]_[]data, []
 []


Underfull \hbox (badness 10000) in paragraph at lines 74--75
[]\T1/phv/m/n/10 typedef void($\OMS/cmsy/m/n/10 ^^C$ []\T1/phv/m/n/10 ) (void $
\OMS/cmsy/m/n/10 ^^C$\T1/phv/m/n/10 listener[]_[]data,
 []


Underfull \hbox (badness 10000) in paragraph at lines 76--77
[]\T1/phv/m/n/10 typedef void($\OMS/cmsy/m/n/10 ^^C$ []\T1/phv/m/n/10 ) (void $
\OMS/cmsy/m/n/10 ^^C$\T1/phv/m/n/10 listener[]_[]data,
 []


Underfull \hbox (badness 3291) in paragraph at lines 78--79
[]\T1/phv/m/n/10 typedef void($\OMS/cmsy/m/n/10 ^^C$ []\T1/phv/m/n/10 ) (void $
\OMS/cmsy/m/n/10 ^^C$\T1/phv/m/n/10 listener[]_[]data, []
 []


Overfull \hbox (31.7218pt too wide) in paragraph at lines 99--100
[][] [] \T1/phv/m/n/10 ([] $\OMS/cmsy/m/n/10 ^^C$\T1/phv/m/n/10 self, const str
uct []
 []

[1033]
Overfull \hbox (40.75748pt too wide) in paragraph at lines 125--126
[][] [] \T1/phv/m/n/10 ([] $\OMS/cmsy/m/n/10 ^^C$\T1/phv/m/n/10 self, struct []

 []


Overfull \hbox (94.32428pt too wide) in paragraph at lines 127--128
[][] [] \T1/phv/m/n/10 ([] $\OMS/cmsy/m/n/10 ^^C$\T1/phv/m/n/10 self, struct []

 []


Overfull \hbox (36.15862pt too wide) in paragraph at lines 133--134
[][] [] \T1/phv/m/n/10 ([] $\OMS/cmsy/m/n/10 ^^C$\T1/phv/m/n/10 self, struct []

 []


Underfull \hbox (badness 5607) in paragraph at lines 135--136
[][] [] \T1/phv/m/n/10 ([] $\OMS/cmsy/m/n/10 ^^C$\T1/phv/m/n/10 self, struct
 []


Underfull \hbox (badness 4144) in paragraph at lines 137--138
[][] [] \T1/phv/m/n/10 ([] $\OMS/cmsy/m/n/10 ^^C$\T1/phv/m/n/10 self, struct
 []


Overfull \hbox (85.28854pt too wide) in paragraph at lines 139--140
[][] [] \T1/phv/m/n/10 ([] $\OMS/cmsy/m/n/10 ^^C$\T1/phv/m/n/10 self, struct []

 []

[1034]
Underfull \hbox (badness 5802) in paragraph at lines 141--142
[][] [] \T1/phv/m/n/10 ([] $\OMS/cmsy/m/n/10 ^^C$\T1/phv/m/n/10 self,
 []

) (./dds__c__rh__plugin_8h.tex
Underfull \hbox (badness 10000) in paragraph at lines 8--12

 []

[1035]) (./dds__c__sequence_8h.tex
Underfull \hbox (badness 10000) in paragraph at lines 8--12

 []

[1036]
Underfull \hbox (badness 3312) in paragraph at lines 49--50
[][] [] \T1/phv/m/n/10 (struct [] $\OMS/cmsy/m/n/10 ^^C$\T1/phv/m/n/10 self, vo
id $\OMS/cmsy/m/n/10 ^^C$\T1/phv/m/n/10 buffer, [] new[]_[]length,
 []


Underfull \hbox (badness 1454) in paragraph at lines 67--68
[][] [] \T1/phv/m/n/10 (struct [] $\OMS/cmsy/m/n/10 ^^C$\T1/phv/m/n/10 self, []
 length, [] max,
 []

[1037]
Underfull \hbox (badness 2213) in paragraph at lines 71--72
[][] [] \T1/phv/m/n/10 (struct [] $\OMS/cmsy/m/n/10 ^^C$\T1/phv/m/n/10 self, co
nst Foo array[]$ $[], [] length,
 []


Underfull \hbox (badness 4531) in paragraph at lines 75--76
[][] [] \T1/phv/m/n/10 (struct [] $\OMS/cmsy/m/n/10 ^^C$\T1/phv/m/n/10 self, co
nst Foo array[]$ $[], [] length,
 []

) (./dds__c__string_8h.tex
Underfull \hbox (badness 10000) in paragraph at lines 8--11

 []

) (./dds__c__string__manager_8h.tex [1038]
Underfull \hbox (badness 10000) in paragraph at lines 8--11

 []

) (./dds__c__subscription_8h.tex
Underfull \hbox (badness 10000) in paragraph at lines 8--18

 []

[1039] [1040]
Overfull \hbox (21.64748pt too wide) in paragraph at lines 83--84
[]\T1/phv/m/n/10 typedef void($\OMS/cmsy/m/n/10 ^^C$ []\T1/phv/m/n/10 ) (void $
\OMS/cmsy/m/n/10 ^^C$\T1/phv/m/n/10 listener[]_[]data, []
 []


Overfull \hbox (24.97728pt too wide) in paragraph at lines 87--88
[]\T1/phv/m/n/10 typedef void($\OMS/cmsy/m/n/10 ^^C$ []\T1/phv/m/n/10 ) (void $
\OMS/cmsy/m/n/10 ^^C$\T1/phv/m/n/10 listener[]_[]data, []
 []


Underfull \hbox (badness 1019) in paragraph at lines 89--90
[]\T1/phv/m/n/10 typedef void($\OMS/cmsy/m/n/10 ^^C$ []\T1/phv/m/n/10 ) (void $
\OMS/cmsy/m/n/10 ^^C$\T1/phv/m/n/10 listener[]_[]data, []
 []


Underfull \hbox (badness 4686) in paragraph at lines 91--92
[]\T1/phv/m/n/10 typedef void($\OMS/cmsy/m/n/10 ^^C$ []\T1/phv/m/n/10 ) (void $
\OMS/cmsy/m/n/10 ^^C$\T1/phv/m/n/10 listener[]_[]data, []
 []


Underfull \hbox (badness 1939) in paragraph at lines 99--100
[]\T1/phv/m/n/10 typedef []($\OMS/cmsy/m/n/10 ^^C$ []\T1/phv/m/n/10 ) (void $\O
MS/cmsy/m/n/10 ^^C$\T1/phv/m/n/10 listener[]_[]data,
 []


Underfull \hbox (badness 10000) in paragraph at lines 101--102
[]\T1/phv/m/n/10 typedef []($\OMS/cmsy/m/n/10 ^^C$ []\T1/phv/m/n/10 ) (void $\O
MS/cmsy/m/n/10 ^^C$\T1/phv/m/n/10 listener[]_[]data,
 []


Underfull \hbox (badness 768) in paragraph at lines 101--102
[] $\OMS/cmsy/m/n/10 ^^C$\T1/phv/m/n/10 reader, const void $\OMS/cmsy/m/n/10 ^^
C$\T1/phv/m/n/10 const sam-ple, const struct [] $\OMS/cmsy/m/n/10 ^^C$\T1/phv/m
/n/10 const sample[]_[]info,
 []


Overfull \hbox (36.76674pt too wide) in paragraph at lines 108--117
[] \T1/phv/m/n/10 , []
 []

[1041]
Overfull \hbox (15.44078pt too wide) in paragraph at lines 118--121
[]\T1/phv/m/n/10 enum [] { [] = 0x0001 $\OML/cmm/m/it/10 <$$<$ \T1/phv/m/n/10 0
 , []
 []


Overfull \hbox (87.31331pt too wide) in paragraph at lines 126--130
[]\T1/phv/m/n/10 enum [] { [] = 0x0001 $\OML/cmm/m/it/10 <$$<$ \T1/phv/m/n/10 0
 , []
 []


Overfull \hbox (80.6604pt too wide) in paragraph at lines 131--141
[] \T1/phv/m/n/10 , [] , []
 []


Overfull \hbox (28.32458pt too wide) in paragraph at lines 131--141
[] \T1/phv/m/n/10 , []
 []


Overfull \hbox (27.53732pt too wide) in paragraph at lines 147--148
[][] [] \T1/phv/m/n/10 (struct [] $\OMS/cmsy/m/n/10 ^^C$\T1/phv/m/n/10 self, co
nst struct []
 []


Overfull \hbox (29.87683pt too wide) in paragraph at lines 159--160
[][] [] \T1/phv/m/n/10 ([] $\OMS/cmsy/m/n/10 ^^C$\T1/phv/m/n/10 self, struct []

 []


Underfull \hbox (badness 10000) in paragraph at lines 161--162
[][] [] \T1/phv/m/n/10 ([] $\OMS/cmsy/m/n/10 ^^C$\T1/phv/m/n/10 self, const str
uct
 []


Underfull \hbox (badness 1968) in paragraph at lines 165--166
[][] [] \T1/phv/m/n/10 ([] $\OMS/cmsy/m/n/10 ^^C$\T1/phv/m/n/10 self, [] $\OMS/
cmsy/m/n/10 ^^C$\T1/phv/m/n/10 a[]_[]
 []

[1042]
Underfull \hbox (badness 5288) in paragraph at lines 173--174
[][] $\OMS/cmsy/m/n/10 ^^C$ [] \T1/phv/m/n/10 ([] $\OMS/cmsy/m/n/10 ^^C$\T1/phv
/m/n/10 self, const char
 []


Overfull \hbox (46.21176pt too wide) in paragraph at lines 187--188
[][] [] \T1/phv/m/n/10 ([] $\OMS/cmsy/m/n/10 ^^C$\T1/phv/m/n/10 self, struct []

 []


Underfull \hbox (badness 10000) in paragraph at lines 189--190
[][] [] \T1/phv/m/n/10 ([] $\OMS/cmsy/m/n/10 ^^C$\T1/phv/m/n/10 self, struct
 []


Overfull \hbox (67.38829pt too wide) in paragraph at lines 195--196
[][] [] \T1/phv/m/n/10 ([] $\OMS/cmsy/m/n/10 ^^C$\T1/phv/m/n/10 self, struct []

 []


Underfull \hbox (badness 10000) in paragraph at lines 197--198
[][] [] \T1/phv/m/n/10 ([] $\OMS/cmsy/m/n/10 ^^C$\T1/phv/m/n/10 self, struct
 []


Underfull \hbox (badness 6978) in paragraph at lines 203--204
[][] [] \T1/phv/m/n/10 ([] $\OMS/cmsy/m/n/10 ^^C$\T1/phv/m/n/10 self, struct
 []

[1043]
Overfull \hbox (30.87595pt too wide) in paragraph at lines 205--206
[][] [] \T1/phv/m/n/10 ([] $\OMS/cmsy/m/n/10 ^^C$\T1/phv/m/n/10 self, struct []

 []


Underfull \hbox (badness 10000) in paragraph at lines 207--208
[][] [] \T1/phv/m/n/10 ([] $\OMS/cmsy/m/n/10 ^^C$\T1/phv/m/n/10 self, struct
 []

) (./dds__c__topic_8h.tex
Underfull \hbox (badness 10000) in paragraph at lines 8--14

 []

[1044] [1045]
Overfull \hbox (20.63434pt too wide) in paragraph at lines 64--65
[][] [] \T1/phv/m/n/10 ([] $\OMS/cmsy/m/n/10 ^^C$\T1/phv/m/n/10 self, struct []

 []


Underfull \hbox (badness 1635) in paragraph at lines 70--71
[][] [] \T1/phv/m/n/10 ([] $\OMS/cmsy/m/n/10 ^^C$\T1/phv/m/n/10 self, const str
uct [] $\OMS/cmsy/m/n/10 ^^C$\T1/phv/m/n/10 listener,
 []

) (./dds__c__transport__priority__qos_8h.tex
Underfull \hbox (badness 10000) in paragraph at lines 8--9

 []

[1046]) (./dds__c__type_8h.tex
Underfull \hbox (badness 10000) in paragraph at lines 8--18

 []


Underfull \hbox (badness 2189) in paragraph at lines 36--40
[]\T1/phv/m/n/10 enum [] { [] , \T1/phv/b/n/10 NDDS[]_[][]TYPEPLUGIN[]_[][]GUID
[]_[][]KEY \T1/phv/m/n/10 ,
 []

) (./dds__c__user__data__manager_8h.tex [1047]
Underfull \hbox (badness 10000) in paragraph at lines 8--12

 []

) (./dds__c__user__data__qos_8h.tex
Underfull \hbox (badness 10000) in paragraph at lines 8--10

 []

) (./dds__c__wh__plugin_8h.tex
Underfull \hbox (badness 10000) in paragraph at lines 8--13

 []

[1048]) (./dds__filter_8h.tex
Underfull \hbox (badness 10000) in paragraph at lines 8--13

 []

) (./dds__filter__content__filter_8h.tex [1049]
Underfull \hbox (badness 10000) in paragraph at lines 8--9

 []

) (./dds__filter__dll_8h.tex
Underfull \hbox (badness 10000) in paragraph at lines 8--9

 []

) (./dds__filter__log_8h.tex
Underfull \hbox (badness 10000) in paragraph at lines 8--9

 []

[1050] [1051] [1052] [1053]) (./dds__psk__log_8h.tex
Underfull \hbox (badness 10000) in paragraph at lines 8--9

 []


Underfull \hbox (badness 2042) in paragraph at lines 30--31
[]\T1/phv/m/n/10 #define [] ([] +
 []

[1054]
Overfull \hbox (55.54724pt too wide) in paragraph at lines 48--49
[]\T1/phv/m/n/10 #define [] ([]
 []


Overfull \hbox (22.23906pt too wide) in paragraph at lines 50--51
[]\T1/phv/m/n/10 #define [] ([]
 []


Overfull \hbox (23.03084pt too wide) in paragraph at lines 56--57
[]\T1/phv/m/n/10 #define [] ([]
 []


Overfull \hbox (18.3418pt too wide) in paragraph at lines 58--59
[]\T1/phv/m/n/10 #define [] ([]
 []


Overfull \hbox (47.35776pt too wide) in paragraph at lines 62--63
[]\T1/phv/m/n/10 #define [] ([]
 []

[1055]
Overfull \hbox (19.566pt too wide) in paragraph at lines 70--71
[]\T1/phv/m/n/10 #define [] ([]
 []


Underfull \hbox (badness 756) in paragraph at lines 94--95
[]\T1/phv/m/n/10 #define [] ([] +
 []

[1056] [1057] [1058] [1059] [1060] [1061] [1062]) (./disc__dpde__dll_8h.tex
Underfull \hbox (badness 10000) in paragraph at lines 8--9

 []

) (./disc__dpde__log_8h.tex
Underfull \hbox (badness 10000) in paragraph at lines 3--4

 []

[1063] [1064] [1065]) (./disc__dpse__dll_8h.tex
Underfull \hbox (badness 10000) in paragraph at lines 8--9

 []

) (./disc__dpse__dpsediscovery_8h.tex
Underfull \hbox (badness 10000) in paragraph at lines 8--10

 []

[1066]
Overfull \hbox (47.3388pt too wide) in paragraph at lines 23--24
[]\T1/phv/m/n/10 DISC[]_[][]DPSEDll[]Export [] [] (struct []
 []

) (./disc__dpse__log_8h.tex
Underfull \hbox (badness 10000) in paragraph at lines 3--4

 []

[1067] [1068] [1069] [1070] [1071] [1072] [1073]) (./netio__common_8h.tex)
(./netio__config_8h.tex
Underfull \hbox (badness 10000) in paragraph at lines 3--1

 []

) (./netio__dll_8h.tex) (./netio__interface_8h.tex
Underfull \hbox (badness 10000) in paragraph at lines 3--1

 []


Underfull \hbox (badness 10000) in paragraph at lines 8--20

 []

[1074]
Underfull \hbox (badness 2073) in paragraph at lines 49--50
[]\T1/phv/m/n/10 typedef []($\OMS/cmsy/m/n/10 ^^C$ []\T1/phv/m/n/10 ) ([] $\OMS
/cmsy/m/n/10 ^^C$\T1/phv/m/n/10 netio[]_[]intf, const char
 []


Overfull \hbox (32.0955pt too wide) in paragraph at lines 51--52
[]\T1/phv/m/n/10 typedef []($\OMS/cmsy/m/n/10 ^^C$ []\T1/phv/m/n/10 ) ([] $\OMS
/cmsy/m/n/10 ^^C$\T1/phv/m/n/10 netio[]_[]intf, struct []
 []

[1075]) (./netio__log_8h.tex
Underfull \hbox (badness 10000) in paragraph at lines 8--9

 []

[1076] [1077] [1078] [1079] [1080] [1081] [1082]) (./netio__rtps_8h.tex
Underfull \hbox (badness 10000) in paragraph at lines 8--16

 []

) (./netio__shmem__log_8h.tex
Underfull \hbox (badness 10000) in paragraph at lines 8--9

 []

[1083] [1084] [1085]) (./netio__zcopy_8h.tex
Underfull \hbox (badness 10000) in paragraph at lines 8--13

 []

[1086]) (./netio__zcopy__dll_8h.tex
Underfull \hbox (badness 10000) in paragraph at lines 8--9

 []

) (./netio__zcopy__loader_8h.tex
Underfull \hbox (badness 10000) in paragraph at lines 8--9

 []

) (./netio__zcopy__log_8h.tex
Underfull \hbox (badness 10000) in paragraph at lines 8--9

 []

[1087] [1088] [1089]) (./netio__zcopy__notif__interface_8h.tex
Underfull \hbox (badness 10000) in paragraph at lines 3--5

 []


Underfull \hbox (badness 4634) in paragraph at lines 18--19
[][] [] \T1/phv/m/n/10 (RT[]_[][]Registry[]_[]T $\OMS/cmsy/m/n/10 ^^C$\T1/phv/m
/n/10 registry, const char $\OMS/cmsy/m/n/10 ^^C$\T1/phv/m/n/10 name, struct
 []

[1090]) (./netio__zcopy__whsq_8h.tex
Underfull \hbox (badness 10000) in paragraph at lines 8--10

 []


Underfull \hbox (badness 10000) detected at line 33
[][][]
 []

) (./netio__zcopy__whsq__log_8h.tex
Underfull \hbox (badness 10000) in paragraph at lines 8--9

 []

[1091]) (./osapi__cc_8h.tex
Underfull \hbox (badness 10000) in paragraph at lines 8--9

 []

[1092]) (./osapi__cc__autosar_8h.tex
Underfull \hbox (badness 10000) in paragraph at lines 8--10

 []

) (./osapi__cc__clang_8h.tex
Underfull \hbox (badness 10000) in paragraph at lines 8--9

 []

) (./osapi__cc__gcc_8h.tex
Underfull \hbox (badness 10000) in paragraph at lines 8--9

 []

) (./osapi__cc__msvsc_8h.tex [1093]
Underfull \hbox (badness 10000) in paragraph at lines 8--10

 []

) (./osapi__cc__qcc_8h.tex
Underfull \hbox (badness 10000) in paragraph at lines 8--9

 []

) (./osapi__cc__stdc_8h.tex
Underfull \hbox (badness 10000) in paragraph at lines 8--9

 []

) (./osapi__cc__tasking_8h.tex [1094]
Underfull \hbox (badness 10000) in paragraph at lines 8--10

 []

) (./osapi__config_8h.tex
Underfull \hbox (badness 10000) in paragraph at lines 8--10

 []

) (./osapi__features_8h.tex) (./osapi__heap_8h.tex
Underfull \hbox (badness 10000) in paragraph at lines 8--11

 []

[1095]) (./osapi__heap__impl_8h.tex [1096]
Underfull \hbox (badness 10000) in paragraph at lines 8--10

 []

) (./osapi__log_8h.tex
Underfull \hbox (badness 10000) in paragraph at lines 8--12

 []

[1097] [1098] [1099] [1100] [1101] [1102] [1103] [1104] [1105] [1106] [1107])
(./osapi__log__impl_8h.tex
Underfull \hbox (badness 10000) in paragraph at lines 8--9

 []

) (./osapi__mutex_8h.tex
Underfull \hbox (badness 10000) in paragraph at lines 8--10

 []

) (./osapi__os_8h.tex [1108]) (./osapi__os__threadx_8h.tex
Underfull \hbox (badness 10000) in paragraph at lines 8--13

 []

) (./osapi__os__vxworks_8h.tex
Underfull \hbox (badness 10000) in paragraph at lines 8--19

 []

[1109]) (./osapi__process_8h.tex
Underfull \hbox (badness 10000) in paragraph at lines 8--10

 []

) (./osapi__semaphore_8h.tex
Underfull \hbox (badness 10000) in paragraph at lines 8--10

 []

[1110]) (./osapi__stdio_8h.tex
Underfull \hbox (badness 10000) in paragraph at lines 8--10

 []

) (./osapi__string_8h.tex [1111]
Underfull \hbox (badness 10000) in paragraph at lines 8--10

 []

) (./osapi__system_8h.tex [1112]
Underfull \hbox (badness 10000) in paragraph at lines 8--16

 []

[1113]) (./osapi__task_8h.tex
Underfull \hbox (badness 10000) in paragraph at lines 8--14

 []

) (./osapi__time_8h.tex [1114]
Underfull \hbox (badness 10000) in paragraph at lines 8--10

 []

) (./reda__dll_8h.tex) (./reda__epoch_8h.tex
Underfull \hbox (badness 10000) in paragraph at lines 3--1

 []

) (./reda__log_8h.tex
Underfull \hbox (badness 10000) in paragraph at lines 3--1

 []


Underfull \hbox (badness 10000) in paragraph at lines 8--9

 []

[1115] [1116]) (./reda__sequence__defn_8h.tex) (./rh__sm__dll_8h.tex
Underfull \hbox (badness 10000) in paragraph at lines 3--1

 []


Underfull \hbox (badness 10000) in paragraph at lines 8--9

 []

) (./rh__sm__history_8h.tex
Underfull \hbox (badness 10000) in paragraph at lines 8--15

 []

) (./rh__sm__log_8h.tex [1117]
Underfull \hbox (badness 10000) in paragraph at lines 8--9

 []

[1118] [1119] [1120]) (./rt__dll_8h.tex) (./rt__log_8h.tex
Underfull \hbox (badness 10000) in paragraph at lines 3--1

 []


Underfull \hbox (badness 10000) in paragraph at lines 3--4

 []

[1121]) (./osapi__heap__test_8h.tex
Underfull \hbox (badness 10000) in paragraph at lines 8--10

 []

) (./ospsl__os__freertos_8h.tex [1122]
Underfull \hbox (badness 10000) in paragraph at lines 8--12

 []

) (./ospsl__os__posix_8h.tex
Underfull \hbox (badness 10000) in paragraph at lines 8--25

 []

) (./ospsl__os__windows_8h.tex
Underfull \hbox (badness 10000) in paragraph at lines 8--19

 []

[1123]) (./rti__me__psl__dll_8h.tex) (./rtps__config_8h.tex
Underfull \hbox (badness 10000) in paragraph at lines 3--1

 []

) (./rtps__dll_8h.tex
Underfull \hbox (badness 10000) in paragraph at lines 8--10

 []

) (./rtps__log_8h.tex [1124]
Underfull \hbox (badness 10000) in paragraph at lines 8--9

 []

[1125] [1126] [1127] [1128] [1129] [1130] [1131]) (./rtps__rtps__impl_8h.tex
Underfull \hbox (badness 10000) in paragraph at lines 8--10

 []

) (./wh__sm__dll_8h.tex
Underfull \hbox (badness 10000) in paragraph at lines 8--9

 []

) (./wh__sm__history_8h.tex
Underfull \hbox (badness 10000) in paragraph at lines 8--17

 []

[1132]) (./wh__sm__log_8h.tex
Underfull \hbox (badness 10000) in paragraph at lines 8--9

 []

[1133] [1134]) [1135] [1136

] (./refman.ind
Underfull \hbox (badness 10000) in paragraph at lines 59--61
[]| \T1/phv/m/n/10 APP-GEN_APP_PARTICIPANT_NOT_FOUND_EC,
 []


Overfull \hbox (51.68097pt too wide) in paragraph at lines 67--69
[]| \T1/phv/m/n/10 APP-GEN_LOG_APP_CONFIG_POINTER_NOT_CORRECT_EC,
 []


Overfull \hbox (29.17908pt too wide) in paragraph at lines 95--96
[]\T1/phv/m/n/10 APPGEN_LOG_APP_CONFIG_POINTER_NOT_CORRECT_EC 
 []

[1137

] [1138]
Underfull \hbox (badness 10000) in paragraph at lines 305--307
[]| \T1/phv/m/n/10 DDS_DataReader_get_instance_replaced_status,
 []


Underfull \hbox (badness 10000) in paragraph at lines 308--310
[]| \T1/phv/m/n/10 DDS_DataReader_get_liveliness_changed_status,
 []


Underfull \hbox (badness 10000) in paragraph at lines 310--312
[]| \T1/phv/m/n/10 DDS_DataReader_get_matched_publication_data,
 []


Overfull \hbox (28.092pt too wide) in paragraph at lines 315--317
[]| \T1/phv/m/n/10 DDS_DataReader_get_requested_deadline_missed_status,
 []


Overfull \hbox (30.41393pt too wide) in paragraph at lines 317--319
[]| \T1/phv/m/n/10 DDS_DataReader_get_requested_incompatible_qos_status,
 []


Overfull \hbox (17.5711pt too wide) in paragraph at lines 329--331
[]| \T1/phv/m/n/10 DDS_DataReaderInstanceReplacedStatus_INITIALIZER,
 []


Overfull \hbox (23.09727pt too wide) in paragraph at lines 331--333
[]| \T1/phv/m/n/10 DDS_DataReaderListener_BeforeSampleCommitCallback,
 []


Overfull \hbox (36.60606pt too wide) in paragraph at lines 333--335
[]| \T1/phv/m/n/10 DDS_DataReaderListener_BeforeSampleDeserializeCallback,
 []


Underfull \hbox (badness 10000) in paragraph at lines 335--337
[]| \T1/phv/m/n/10 DDS_DataReaderListener_DataAvailableCallback,
 []


Overfull \hbox (42.88805pt too wide) in paragraph at lines 342--344
[]| \T1/phv/m/n/10 DDS_DataReaderListener_RequestedDeadlineMissedCallback,
 []

[1139]
Overfull \hbox (46.21785pt too wide) in paragraph at lines 344--346
[]| \T1/phv/m/n/10 DDS_DataReaderListener_RequestedIncompatibleQosCallback,
 []


Overfull \hbox (19.51523pt too wide) in paragraph at lines 350--352
[]| \T1/phv/m/n/10 DDS_DataReaderListener_SubscriptionMatchedCallback,
 []


Underfull \hbox (badness 10000) in paragraph at lines 360--362
[]| \T1/phv/m/n/10 DDS_REJECTED_BY_REMOTE_WRITERS_LIMIT,
 []


Overfull \hbox (28.46133pt too wide) in paragraph at lines 363--365
[]| \T1/phv/m/n/10 DDS_REJECTED_BY_SAMPLES_PER_INSTANCE_LIMIT,
 []


Overfull \hbox (62.67886pt too wide) in paragraph at lines 365--367
[]| \T1/phv/m/n/10 DDS_REJECTED_BY_SAMPLES_PER_REMOTE_WRITER_LIMIT,
 []


Overfull \hbox (31.55722pt too wide) in paragraph at lines 374--376
[]| \T1/phv/m/n/10 DDS_SAMPLE_LOST_BY_MANAGEDPOOL_OVERWRITE,
 []


Underfull \hbox (badness 10000) in paragraph at lines 376--378
[]| \T1/phv/m/n/10 DDS_SAMPLE_LOST_BY_MAX_SAMPLES_LIMIT,
 []


Underfull \hbox (badness 10000) in paragraph at lines 378--380
[]| \T1/phv/m/n/10 DDS_SAMPLE_LOST_BY_META_SAMPLE_LIMIT,
 []


Overfull \hbox (55.92001pt too wide) in paragraph at lines 380--382
[]| \T1/phv/m/n/10 DDS_SAMPLE_LOST_BY_NOT_READ_ON_CACHE_DELETION,
 []


Overfull \hbox (31.06212pt too wide) in paragraph at lines 401--403
[]| \T1/phv/m/n/10 DDS_DataReaderResourceLimitsInstanceReplacementKind,
 []


Overfull \hbox (44.92223pt too wide) in paragraph at lines 404--406
[]| \T1/phv/m/n/10 DDS_REPLACE_OLDEST_INSTANCE_REPLACEMENT_QOS,
 []


Underfull \hbox (badness 10000) in paragraph at lines 414--416
[]| \T1/phv/m/n/10 DDS_DataWriter_get_matched_subscription_data,
 []


Underfull \hbox (badness 10000) in paragraph at lines 422--424
[]| \T1/phv/m/n/10 DDS_DataWriter_get_publication_matched_status,
 []


Overfull \hbox (42.0325pt too wide) in paragraph at lines 426--428
[]| \T1/phv/m/n/10 DDS_DataWriter_get_reliable_reader_activity_changed_status,
 []


Underfull \hbox (badness 10000) in paragraph at lines 432--434
[]| \T1/phv/m/n/10 DDS_DataWriterListener_LivelinessLostCallback,
 []


Overfull \hbox (23.72722pt too wide) in paragraph at lines 434--436
[]| \T1/phv/m/n/10 DDS_DataWriterListener_OfferedDeadlineMissedCallback,
 []


Overfull \hbox (27.05702pt too wide) in paragraph at lines 436--438
[]| \T1/phv/m/n/10 DDS_DataWriterListener_OfferedIncompatibleQosCallback,
 []


Overfull \hbox (56.82855pt too wide) in paragraph at lines 440--442
[]| \T1/phv/m/n/10 DDS_DataWriterListener_ReliableReaderActivityChangedCallback
,
 []


Overfull \hbox (61.5177pt too wide) in paragraph at lines 442--444
[]| \T1/phv/m/n/10 DDS_DataWriterListener_ReliableSampleUnacknowledgedCallback,

 []


Underfull \hbox (badness 10000) in paragraph at lines 444--446
[]| \T1/phv/m/n/10 DDS_DataWriterListener_SampleRemovedCallback,
 []


Underfull \hbox (badness 10000) in paragraph at lines 451--453
[]| \T1/phv/m/n/10 DDS_OfferedDeadlineMissedStatus_INITIALIZER,
 []


Underfull \hbox (badness 10000) in paragraph at lines 453--455
[]| \T1/phv/m/n/10 DDS_OfferedIncompatibleQosStatus_INITIALIZER,
 []

[1140]
Overfull \hbox (23.88005pt too wide) in paragraph at lines 457--459
[]| \T1/phv/m/n/10 DDS_ReliableReaderActivityChangedStatus_INITIALIZER,
 []


Underfull \hbox (badness 10000) in paragraph at lines 471--473
[]| \T1/phv/m/n/10 Foo-DataWriter_unregister_instance_w_timestamp,
 []

[1141]
Overfull \hbox (40.86986pt too wide) in paragraph at lines 631--632
[]\T1/phv/m/n/10 DDS_BY_RECEPTION_TIMESTAMP_DESTINATIONORDER_QOS 
 []


Overfull \hbox (26.86613pt too wide) in paragraph at lines 633--634
[]\T1/phv/m/n/10 DDS_BY_SOURCE_TIMESTAMP_DESTINATIONORDER_QOS 
 []


Overfull \hbox (120.51204pt too wide) in paragraph at lines 637--639
[]| \T1/phv/m/n/10 DDS_LOG_TRUST_ASSERT_PARTICIPANT_GENERIC_MESSAGE_FAILED_EC,
 []


Underfull \hbox (badness 10000) in paragraph at lines 649--650
[]| \T1/phv/m/n/10 DDSC_LOG_CDR_DESERIALIZE_HEADER_EC,
 []


Underfull \hbox (badness 10000) in paragraph at lines 651--653
[]| \T1/phv/m/n/10 DDSC_LOG_CDR_DESERIALIZE_KEYHASH_EC,
 []


Underfull \hbox (badness 10000) in paragraph at lines 664--666
[]| \T1/phv/m/n/10 DDSC_LOG_CDR_SERIALIZE_PID_LENGTH_EC,
 []


Underfull \hbox (badness 10000) in paragraph at lines 666--668
[]| \T1/phv/m/n/10 DDSC_LOG_CDR_SERIALIZE_STATUS_INFO_EC,
 []


Underfull \hbox (badness 10000) in paragraph at lines 670--671
[]| \T1/phv/m/n/10 DDSC_LOG_CHANGE_CONTENT_FILTER_EC,
 []


Underfull \hbox (badness 10000) in paragraph at lines 671--672
[]| \T1/phv/m/n/10 DDSC_LOG_CHECKSUM_INCOMPATIBLE_EC,
 []

[1142]
Overfull \hbox (23.25055pt too wide) in paragraph at lines 672--674
[]| \T1/phv/m/n/10 DDSC_LOG_CHECKSUM_INCONSISTENT_ALLOW_EC,
 []


Overfull \hbox (21.52254pt too wide) in paragraph at lines 674--676
[]| \T1/phv/m/n/10 DDSC_LOG_CHECKSUM_INCONSISTENT_CLASS_EC,
 []


Overfull \hbox (37.01138pt too wide) in paragraph at lines 676--678
[]| \T1/phv/m/n/10 DDSC_LOG_CHECKSUM_INCONSISTENT_COMPUTE_EC,
 []


Underfull \hbox (badness 10000) in paragraph at lines 679--680
[]| \T1/phv/m/n/10 DDSC_LOG_COMPILE_CONTENT_FILTER_EC,
 []


Underfull \hbox (badness 10000) in paragraph at lines 685--686
[]| \T1/phv/m/n/10 DDSC_LOG_CONTENT_FILTER_QOS_POLICY,
 []


Overfull \hbox (28.67754pt too wide) in paragraph at lines 686--688
[]| \T1/phv/m/n/10 DDSC_LOG_CONTENT_FILTERING_NOT_ENABLED_EC,
 []


Overfull \hbox (15.8616pt too wide) in paragraph at lines 693--695
[]| \T1/phv/m/n/10 DDSC_LOG_DATA_REPRESENTATION_QOS_POLICY,
 []


Overfull \hbox (24.0155pt too wide) in paragraph at lines 706--708
[]| \T1/phv/m/n/10 DDSC_LOG_DATAREADER_RESOURCE_QOS_POLICY,
 []


Overfull \hbox (21.55852pt too wide) in paragraph at lines 720--722
[]| \T1/phv/m/n/10 DDSC_LOG_DATAWRITER_RESOURCE_QOS_POLICY,
 []


Overfull \hbox (17.95834pt too wide) in paragraph at lines 736--738
[]| \T1/phv/m/n/10 DDSC_LOG_DESERIALIZE_BUILTIN_ENDPOINTS_EC,
 []


Overfull \hbox (32.04329pt too wide) in paragraph at lines 738--740
[]| \T1/phv/m/n/10 DDSC_LOG_DESERIALIZE_CONTENT_FILTER_INFO_EC,
 []


Underfull \hbox (badness 10000) in paragraph at lines 741--743
[]| \T1/phv/m/n/10 DDSC_LOG_DESERIALIZE_PARTITION_SEQ_EC,
 []


Overfull \hbox (22.14343pt too wide) in paragraph at lines 743--745
[]| \T1/phv/m/n/10 DDSC_LOG_DESERIALIZE_PROTOCOL_VERSION_EC,
 []


Overfull \hbox (48.68414pt too wide) in paragraph at lines 745--747
[]| \T1/phv/m/n/10 DDSC_LOG_DESERIALIZE_REMOTE_CONTENT_FILTER_EC,
 []


Underfull \hbox (badness 10000) in paragraph at lines 747--749
[]| \T1/phv/m/n/10 DDSC_LOG_DESERIALIZE_UNKNOWN_PID_EC,
 []


Overfull \hbox (64.524pt too wide) in paragraph at lines 753--755
[]| \T1/phv/m/n/10 DDSC_LOG_DISC_AFTER_LOCAL_DATAREADER_DELETED_EC,
 []


Overfull \hbox (65.02794pt too wide) in paragraph at lines 755--757
[]| \T1/phv/m/n/10 DDSC_LOG_DISC_AFTER_LOCAL_DATAREADER_ENABLED_EC,
 []


Overfull \hbox (62.06702pt too wide) in paragraph at lines 757--759
[]| \T1/phv/m/n/10 DDSC_LOG_DISC_AFTER_LOCAL_DATAWRITER_DELETED_EC,
 []


Overfull \hbox (62.57095pt too wide) in paragraph at lines 759--761
[]| \T1/phv/m/n/10 DDSC_LOG_DISC_AFTER_LOCAL_DATAWRITER_ENABLED_EC,
 []


Overfull \hbox (63.02997pt too wide) in paragraph at lines 761--763
[]| \T1/phv/m/n/10 DDSC_LOG_DISC_AFTER_LOCAL_PARTICIPANT_CREATED_EC,
 []


Overfull \hbox (70.53577pt too wide) in paragraph at lines 763--765
[]| \T1/phv/m/n/10 DDSC_LOG_DISC_BEFORE_LOCAL_PARTICIPANT_CREATED_EC,
 []


Overfull \hbox (78.7527pt too wide) in paragraph at lines 765--767
[]| \T1/phv/m/n/10 DDSC_LOG_DISC_BEFORE_REMOTE_PARTICIPANT_DELETED_EC,
 []


Overfull \hbox (28.61435pt too wide) in paragraph at lines 767--769
[]| \T1/phv/m/n/10 DDSC_LOG_DISC_LOCAL_PARTICIPANT_ENABLED_EC,
 []


Overfull \hbox (33.78938pt too wide) in paragraph at lines 769--771
[]| \T1/phv/m/n/10 DDSC_LOG_DISC_REMOTE_PARTICIPANT_REMOVE_EC,
 []


Underfull \hbox (badness 10000) in paragraph at lines 775--777
[]| \T1/phv/m/n/10 DDSC_LOG_DR_CREATE_TYPED_READER_EC,
 []

[1143]
Underfull \hbox (badness 10000) in paragraph at lines 777--778
[]| \T1/phv/m/n/10 DDSC_LOG_DR_DESERIALIZE_KEYHASH_EC,
 []


Overfull \hbox (18.46262pt too wide) in paragraph at lines 781--783
[]| \T1/phv/m/n/10 DDSC_LOG_DR_INSTANCE_ASSERTION_FAILED_EC,
 []


Overfull \hbox (31.99834pt too wide) in paragraph at lines 783--785
[]| \T1/phv/m/n/10 DDSC_LOG_DR_INSTANCE_MAPPING_EXHAUSTED_EC,
 []


Underfull \hbox (badness 10000) in paragraph at lines 785--787
[]| \T1/phv/m/n/10 DDSC_LOG_DR_INSTANCE_TO_KEYHASH_EC,
 []


Underfull \hbox (badness 10000) in paragraph at lines 787--788
[]| \T1/phv/m/n/10 DDSC_LOG_DR_ON_SAMPLE_REMOVED_EC,
 []


Overfull \hbox (49.16124pt too wide) in paragraph at lines 793--795
[]| \T1/phv/m/n/10 DDSC_LOG_DUPLICATE_REMOTE_PARTICIPANT_NAME_EC,
 []


Underfull \hbox (badness 10000) in paragraph at lines 798--800
[]| \T1/phv/m/n/10 DDSC_LOG_DW_CREATE_TYPED_WRITER_EC,
 []


Overfull \hbox (27.61568pt too wide) in paragraph at lines 800--802
[]| \T1/phv/m/n/10 DDSC_LOG_DW_FLOW_CONTROLLER_REQUIRED_EC,
 []


Underfull \hbox (badness 10000) in paragraph at lines 802--804
[]| \T1/phv/m/n/10 DDSC_LOG_DW_HISTORY_REGISTER_KEY_EC,
 []


Underfull \hbox (badness 10000) in paragraph at lines 805--807
[]| \T1/phv/m/n/10 DDSC_LOG_DW_INCOMPATIBLE_PADDING_EC,
 []


Overfull \hbox (20.10065pt too wide) in paragraph at lines 807--809
[]| \T1/phv/m/n/10 DDSC_LOG_DW_INSTANCE_ASSERTION_FAILED_EC,
 []


Overfull \hbox (27.42683pt too wide) in paragraph at lines 810--812
[]| \T1/phv/m/n/10 DDSC_LOG_DW_UNKNOWN_FLOW_CONTROLLER_EC,
 []


Underfull \hbox (badness 10000) in paragraph at lines 812--814
[]| \T1/phv/m/n/10 DDSC_LOG_ENABLE_WRITER_FILTERING_EC,
 []


Overfull \hbox (60.86993pt too wide) in paragraph at lines 814--816
[]| \T1/phv/m/n/10 DDSC_LOG_ENABLED_DISCVOERY_TRANSPORT_SEQUENCE,
 []


Overfull \hbox (33.67242pt too wide) in paragraph at lines 817--819
[]| \T1/phv/m/n/10 DDSC_LOG_ENABLED_USER_TRANSPORT_SEQUENCE,
 []


Overfull \hbox (45.23729pt too wide) in paragraph at lines 819--821
[]| \T1/phv/m/n/10 DDSC_LOG_ENDPOINT_NOT_CHILD_OF_PARTICIPANT_EC,
 []


Underfull \hbox (badness 10000) in paragraph at lines 821--823
[]| \T1/phv/m/n/10 DDSC_LOG_ENTITY_DIFFERENT_FACTORY_EC,
 []


Underfull \hbox (badness 10000) in paragraph at lines 826--828
[]| \T1/phv/m/n/10 DDSC_LOG_ENTITY_INVALID_PROPERTY_EC,
 []


Underfull \hbox (badness 10000) in paragraph at lines 832--834
[]| \T1/phv/m/n/10 DDSC_LOG_EVALUATE_CONTENT_FILTER_EC,
 []


Underfull \hbox (badness 10000) in paragraph at lines 834--835
[]| \T1/phv/m/n/10 DDSC_LOG_EVALUATE_WRITER_FILTER_EC,
 []


Overfull \hbox (28.2096pt too wide) in paragraph at lines 835--837
[]| \T1/phv/m/n/10 DDSC_LOG_FAILED_UPDATE_STATUS_CONDITION_EC,
 []


Overfull \hbox (38.87459pt too wide) in paragraph at lines 837--839
[]| \T1/phv/m/n/10 DDSC_LOG_FILTER_PLUGIN_FACTORY_NOT_FOUND_EC,
 []


Underfull \hbox (badness 10000) in paragraph at lines 841--843
[]| \T1/phv/m/n/10 DDSC_LOG_FIND_PUBLICATION_PARENT_EC,
 []


Underfull \hbox (badness 10000) in paragraph at lines 843--845
[]| \T1/phv/m/n/10 DDSC_LOG_FIND_SUBSCRIPTION_PARENT_EC,
 []


Underfull \hbox (badness 10000) in paragraph at lines 845--846
[]| \T1/phv/m/n/10 DDSC_LOG_FLOW_CONTROLLER_CREATE_EC,
 []


Underfull \hbox (badness 10000) in paragraph at lines 846--847
[]| \T1/phv/m/n/10 DDSC_LOG_FLOW_CONTROLLER_DELETE_EC,
 []


Overfull \hbox (52.89615pt too wide) in paragraph at lines 847--849
[]| \T1/phv/m/n/10 DDSC_LOG_FLOWCONTROLLER_INCONSISTENT_PROP_EC,
 []


Underfull \hbox (badness 10000) in paragraph at lines 852--854
[]| \T1/phv/m/n/10 DDSC_LOG_GET_SERIALIZED_KEY_SIZE_EC,
 []


Overfull \hbox (26.22032pt too wide) in paragraph at lines 860--862
[]| \T1/phv/m/n/10 DDSC_LOG_INCOMPATIBLE_PRESENTATION_QOS_EC,
 []


Overfull \hbox (79.07683pt too wide) in paragraph at lines 865--867
[]| \T1/phv/m/n/10 DDSC_LOG_INTERPRETER_SUPPORT_UNEXPECTED_ERROR_EC,
 []


Overfull \hbox (24.88834pt too wide) in paragraph at lines 872--874
[]| \T1/phv/m/n/10 DDSC_LOG_INVALID_PARTICIPANT_GUID_PREFIX_EC,
 []


Underfull \hbox (badness 10000) in paragraph at lines 874--876
[]| \T1/phv/m/n/10 DDSC_LOG_INVALID_PARTICIPANT_NAME_EC,
 []


Overfull \hbox (17.8417pt too wide) in paragraph at lines 878--880
[]| \T1/phv/m/n/10 DDSC_LOG_IPC_CHANNEL_ADD_ANON_ROUTE_EC,
 []

[1144]
Overfull \hbox (46.82098pt too wide) in paragraph at lines 881--883
[]| \T1/phv/m/n/10 DDSC_LOG_IPC_CHANNEL_CONFIG_FINALIZE_FAILED_EC,
 []


Overfull \hbox (51.82477pt too wide) in paragraph at lines 883--885
[]| \T1/phv/m/n/10 DDSC_LOG_IPC_CHANNEL_CONFIG_INITIALIZE_FAILED_EC,
 []


Overfull \hbox (24.81642pt too wide) in paragraph at lines 885--887
[]| \T1/phv/m/n/10 DDSC_LOG_IPC_CHANNEL_CONFIG_SET_FAILED_EC,
 []


Overfull \hbox (33.8524pt too wide) in paragraph at lines 889--891
[]| \T1/phv/m/n/10 DDSC_LOG_IPC_CHANNEL_DELETE_ANON_ROUTE_EC,
 []


Overfull \hbox (136.99068pt too wide) in paragraph at lines 893--895
[]| \T1/phv/m/n/10 DDSC_LOG_IPC_CHANNEL_FAILED_PROCESS_AUTH_HANDSHAKE_FAILED_EC
,
 []


Overfull \hbox (124.39987pt too wide) in paragraph at lines 895--897
[]| \T1/phv/m/n/10 DDSC_LOG_IPC_CHANNEL_FAILED_PROCESS_AUTH_REQUEST_FAILED_EC,
 []


Overfull \hbox (199.43175pt too wide) in paragraph at lines 897--899
[]| \T1/phv/m/n/10 DDSC_LOG_IPC_CHANNEL_FAILED_PROCESS_ENDPOINT_INTERCEPTOR_STA
TE_FAILED_EC,
 []


Overfull \hbox (210.00664pt too wide) in paragraph at lines 899--901
[]| \T1/phv/m/n/10 DDSC_LOG_IPC_CHANNEL_FAILED_PROCESS_PARTICIPANT_INTERCEPTOR_
STATE_FAILED_EC,
 []


Overfull \hbox (16.86052pt too wide) in paragraph at lines 901--903
[]| \T1/phv/m/n/10 DDSC_LOG_IPC_CHANNEL_PROCESS_SAMPLE_EC,
 []


Underfull \hbox (badness 10000) in paragraph at lines 905--907
[]| \T1/phv/m/n/10 DDSC_LOG_IPC_CHANNEL_REMOVE_PEER_EC,
 []


Underfull \hbox (badness 10000) in paragraph at lines 907--909
[]| \T1/phv/m/n/10 DDSC_LOG_IPC_CHANNEL_RETURN_LOAN_EC,
 []


Overfull \hbox (39.82814pt too wide) in paragraph at lines 909--911
[]| \T1/phv/m/n/10 DDSC_LOG_IPC_CHANNEL_SET_LISTENERS_FAILED_EC,
 []


Underfull \hbox (badness 10000) in paragraph at lines 911--913
[]| \T1/phv/m/n/10 DDSC_LOG_IPC_CHANNEL_TOPIC_CREATE_EC,
 []


Underfull \hbox (badness 10000) in paragraph at lines 913--915
[]| \T1/phv/m/n/10 DDSC_LOG_IPC_CHANNEL_TYPE_PLUGIN_EC,
 []


Underfull \hbox (badness 10000) in paragraph at lines 925--926
[]| \T1/phv/m/n/10 DDSC_LOG_LATENCY_BUDGET_QOS_POLICY,
 []


Underfull \hbox (badness 10000) in paragraph at lines 929--931
[]| \T1/phv/m/n/10 DDSC_LOG_LISTENER_SET_ILLEGAL_NULL_EC,
 []


Underfull \hbox (badness 10000) in paragraph at lines 940--941
[]| \T1/phv/m/n/10 DDSC_LOG_MEMORY_MANAGER_DELETE_EC,
 []


Overfull \hbox (16.66283pt too wide) in paragraph at lines 941--943
[]| \T1/phv/m/n/10 DDSC_LOG_MEMORY_MANAGER_NOT_OWNER_EC,
 []


Overfull \hbox (57.30603pt too wide) in paragraph at lines 943--945
[]| \T1/phv/m/n/10 DDSC_LOG_MEMORY_MANAGER_OUT_OF_RESOURCES_EC,
 []


Overfull \hbox (69.49171pt too wide) in paragraph at lines 946--948
[]| \T1/phv/m/n/10 DDSC_LOG_MESSAGE_DATA_UNKNOWN_LIVELINESS_KIND_EC,
 []


Overfull \hbox (57.58482pt too wide) in paragraph at lines 948--950
[]| \T1/phv/m/n/10 DDSC_LOG_MESSAGE_DATA_WRONG_LIVELINESS_KIND_EC,
 []


Underfull \hbox (badness 10000) in paragraph at lines 959--960
[]| \T1/phv/m/n/10 DDSC_LOG_NETIO_ADD_TOPIC_ROUTE_EC,
 []


Underfull \hbox (badness 10000) in paragraph at lines 964--966
[]| \T1/phv/m/n/10 DDSC_LOG_NETIO_DELETE_TOPIC_ROUTE_EC,
 []


Overfull \hbox (55.3709pt too wide) in paragraph at lines 966--968
[]| \T1/phv/m/n/10 DDSC_LOG_NETIO_DISCOVERY_ENABLED_TRANSPORT_EC,
 []


Underfull \hbox (badness 10000) in paragraph at lines 970--972
[]| \T1/phv/m/n/10 DDSC_LOG_NETIO_GET_EXTERNAL_INTF_EC,
 []


Overfull \hbox (19.06555pt too wide) in paragraph at lines 972--974
[]| \T1/phv/m/n/10 DDSC_LOG_NETIO_GET_ROUTE_TABLE_FAILED_EC,
 []


Underfull \hbox (badness 10000) in paragraph at lines 976--978
[]| \T1/phv/m/n/10 DDSC_LOG_NETIO_PACKETPOOL_CREATE_EC,
 []


Underfull \hbox (badness 10000) in paragraph at lines 978--980
[]| \T1/phv/m/n/10 DDSC_LOG_NETIO_PACKETPOOL_DELETE_EC,
 []


Underfull \hbox (badness 10000) in paragraph at lines 981--983
[]| \T1/phv/m/n/10 DDSC_LOG_NETIO_PACKETPOOL_RETURN_EC,
 []

[1145]
Overfull \hbox (24.31248pt too wide) in paragraph at lines 1004--1006
[]| \T1/phv/m/n/10 DDSC_LOG_ON_TYPE_UNREGISTERED_FAILURE_EC,
 []


Overfull \hbox (18.75948pt too wide) in paragraph at lines 1007--1009
[]| \T1/phv/m/n/10 DDSC_LOG_OWNERSHIP_STRENGTH_QOS_POLICY,
 []


Underfull \hbox (badness 10000) in paragraph at lines 1014--1016
[]| \T1/phv/m/n/10 DDSC_LOG_PARTICIPANT_BUILTIN_PUBLISHER,
 []


Overfull \hbox (38.83824pt too wide) in paragraph at lines 1021--1023
[]| \T1/phv/m/n/10 DDSC_LOG_PARTICIPANT_GENERIC_MESSAGE_OBJECT,
 []


Underfull \hbox (badness 10000) in paragraph at lines 1026--1027
[]| \T1/phv/m/n/10 DDSC_LOG_PARTICIPANT_NAME_EMPTY_EC,
 []


Underfull \hbox (badness 10000) in paragraph at lines 1033--1034
[]| \T1/phv/m/n/10 DDSC_LOG_PARTICIPANTFACTORY_LISTENER,
 []


Overfull \hbox (41.70917pt too wide) in paragraph at lines 1038--1040
[]| \T1/phv/m/n/10 DDSC_LOG_PARTMESSAGE_WRITE_SAMPLE_FAILED_EC,
 []


Underfull \hbox (badness 10000) in paragraph at lines 1041--1042
[]| \T1/phv/m/n/10 DDSC_LOG_PROPERTYQOSPOLICY_OBJECT,
 []


Underfull \hbox (badness 10000) in paragraph at lines 1060--1062
[]| \T1/phv/m/n/10 DDSC_LOG_QOS_INCONSISTENT_POLICY_EC,
 []


Overfull \hbox (16.4644pt too wide) in paragraph at lines 1066--1068
[]| \T1/phv/m/n/10 DDSC_LOG_QUEUE_PUBLICATION_DISCOVERY_EC,
 []


Overfull \hbox (25.04126pt too wide) in paragraph at lines 1068--1070
[]| \T1/phv/m/n/10 DDSC_LOG_QUEUE_SUBSCRIPTION_DISCOVERY_EC,
 []


Underfull \hbox (badness 10000) in paragraph at lines 1070--1071
[]| \T1/phv/m/n/10 DDSC_LOG_READERHISTORY_COMPONENT,
 []


Underfull \hbox (badness 10000) in paragraph at lines 1084--1086
[]| \T1/phv/m/n/10 DDSC_LOG_REFRESH_LIVELINESS_FAILED_EC,
 []


Underfull \hbox (badness 10000) in paragraph at lines 1086--1088
[]| \T1/phv/m/n/10 DDSC_LOG_REFRESH_REM_PARTICIPANT_EC,
 []

[1146]
Overfull \hbox (39.0904pt too wide) in paragraph at lines 1088--1090
[]| \T1/phv/m/n/10 DDSC_LOG_REFRESH_REM_PARTICIPANT_TIMEOUT_EC,
 []


Overfull \hbox (46.13751pt too wide) in paragraph at lines 1095--1097
[]| \T1/phv/m/n/10 DDSC_LOG_REMOTE_ENDPOINT_TRUST_STATE_RECORD,
 []


Overfull \hbox (45.44434pt too wide) in paragraph at lines 1097--1099
[]| \T1/phv/m/n/10 DDSC_LOG_REMOTE_PARTICIPANT_KEY_NOT_EQUAL_EC,
 []


Overfull \hbox (30.73853pt too wide) in paragraph at lines 1099--1101
[]| \T1/phv/m/n/10 DDSC_LOG_REMOTE_PARTICIPANT_NAME_EMPTY_EC,
 []


Overfull \hbox (42.0694pt too wide) in paragraph at lines 1103--1105
[]| \T1/phv/m/n/10 DDSC_LOG_REMOTE_PUBLICATION_DATA_CHANGED_EC,
 []


Overfull \hbox (50.64626pt too wide) in paragraph at lines 1105--1107
[]| \T1/phv/m/n/10 DDSC_LOG_REMOTE_SUBSCRIPTION_DATA_CHANGED_EC,
 []


Underfull \hbox (badness 10000) in paragraph at lines 1109--1110
[]| \T1/phv/m/n/10 DDSC_LOG_REPRESENTATION_ID_SEQUENCE,
 []


Underfull \hbox (badness 10000) in paragraph at lines 1115--1116
[]| \T1/phv/m/n/10 DDSC_LOG_RESOURCE_LIMIT_QOS_POLICY,
 []


Underfull \hbox (badness 10000) in paragraph at lines 1133--1135
[]| \T1/phv/m/n/10 DDSC_LOG_SERIALIZE_DEFAULT_UNICAST_EC,
 []


Underfull \hbox (badness 10000) in paragraph at lines 1137--1139
[]| \T1/phv/m/n/10 DDSC_LOG_SERIALIZE_LEASE_DURATION_EC,
 []


Underfull \hbox (badness 10000) in paragraph at lines 1180--1182
[]| \T1/phv/m/n/10 DDSC_LOG_TRUST_ADVANCE_SN_FAILED_EC,
 []


Overfull \hbox (147.63795pt too wide) in paragraph at lines 1182--1184
[]| \T1/phv/m/n/10 DDSC_LOG_TRUST_AFTER_REMOTE_PARTICIPANT_AUTHENTICATED_FAILED
_EC,
 []


Overfull \hbox (103.86263pt too wide) in paragraph at lines 1184--1186
[]| \T1/phv/m/n/10 DDSC_LOG_TRUST_AFTER_REMOTE_PARTICIPANT_READY_FAILED_EC,
 []


Overfull \hbox (91.58672pt too wide) in paragraph at lines 1187--1189
[]| \T1/phv/m/n/10 DDSC_LOG_TRUST_ASSERT_AUTH_HANDSHAKE_STATE_FAILED_EC,
 []


Overfull \hbox (127.00996pt too wide) in paragraph at lines 1189--1191
[]| \T1/phv/m/n/10 DDSC_LOG_TRUST_ASSERT_PARTICIPANT_GENERIC_MESSAGE_FAILED_EC,

 []


Overfull \hbox (23.73677pt too wide) in paragraph at lines 1191--1193
[]| \T1/phv/m/n/10 DDSC_LOG_TRUST_ASSERT_PROPERTY_FAILED_EC,
 []

[1147]
Overfull \hbox (20.41566pt too wide) in paragraph at lines 1193--1195
[]| \T1/phv/m/n/10 DDSC_LOG_TRUST_BEGIN_HANDSHAKE_REPLY_EC,
 []


Overfull \hbox (35.5804pt too wide) in paragraph at lines 1195--1197
[]| \T1/phv/m/n/10 DDSC_LOG_TRUST_BEGIN_HANDSHAKE_REQUEST_EC,
 []


Overfull \hbox (62.57126pt too wide) in paragraph at lines 1197--1199
[]| \T1/phv/m/n/10 DDSC_LOG_TRUST_BIND_REMOTE_DATAREADER_FAILED_EC,
 []


Overfull \hbox (60.11427pt too wide) in paragraph at lines 1199--1201
[]| \T1/phv/m/n/10 DDSC_LOG_TRUST_BIND_REMOTE_DATAWRITER_FAILED_EC,
 []


Overfull \hbox (111.90839pt too wide) in paragraph at lines 1201--1203
[]| \T1/phv/m/n/10 DDSC_LOG_TRUST_CACHE_REMOTE_PARTICIPANT_SAMPLE_FAILED_EC,
 []


Overfull \hbox (69.85219pt too wide) in paragraph at lines 1203--1205
[]| \T1/phv/m/n/10 DDSC_LOG_TRUST_CHECK_CREATE_DATAREADER_FAILED_EC,
 []


Overfull \hbox (67.3952pt too wide) in paragraph at lines 1205--1207
[]| \T1/phv/m/n/10 DDSC_LOG_TRUST_CHECK_CREATE_DATAWRITER_FAILED_EC,
 []


Overfull \hbox (67.94409pt too wide) in paragraph at lines 1207--1209
[]| \T1/phv/m/n/10 DDSC_LOG_TRUST_CHECK_CREATE_PARTICIPANT_FAILED_EC,
 []


Overfull \hbox (72.57018pt too wide) in paragraph at lines 1209--1211
[]| \T1/phv/m/n/10 DDSC_LOG_TRUST_CHECK_REMOTE_DATAREADER_FAILED_EC,
 []


Overfull \hbox (70.11319pt too wide) in paragraph at lines 1211--1213
[]| \T1/phv/m/n/10 DDSC_LOG_TRUST_CHECK_REMOTE_DATAWRITER_FAILED_EC,
 []


Overfull \hbox (70.66208pt too wide) in paragraph at lines 1213--1215
[]| \T1/phv/m/n/10 DDSC_LOG_TRUST_CHECK_REMOTE_PARTICIPANT_FAILED_EC,
 []


Overfull \hbox (178.66048pt too wide) in paragraph at lines 1215--1217
[]| \T1/phv/m/n/10 DDSC_LOG_TRUST_CREATE_LOCAL_DATAREADER_INTERCEPTOR_TOKENS_FA
ILED_EC,
 []


Overfull \hbox (176.20349pt too wide) in paragraph at lines 1217--1219
[]| \T1/phv/m/n/10 DDSC_LOG_TRUST_CREATE_LOCAL_DATAWRITER_INTERCEPTOR_TOKENS_FA
ILED_EC,
 []


Overfull \hbox (21.72983pt too wide) in paragraph at lines 1219--1221
[]| \T1/phv/m/n/10 DDSC_LOG_TRUST_CREATE_LOCAL_DR_TOKEN_EC,
 []


Overfull \hbox (23.36786pt too wide) in paragraph at lines 1221--1223
[]| \T1/phv/m/n/10 DDSC_LOG_TRUST_CREATE_LOCAL_DW_TOKEN_EC,
 []


Overfull \hbox (140.95998pt too wide) in paragraph at lines 1223--1225
[]| \T1/phv/m/n/10 DDSC_LOG_TRUST_CREATE_LOCAL_PARTICIPANT_INTERCEPTOR_TOKENS_E
C,
 []


Overfull \hbox (48.5134pt too wide) in paragraph at lines 1227--1229
[]| \T1/phv/m/n/10 DDSC_LOG_TRUST_CREATE_TRUST_PLUGINS_FAILED_EC,
 []


Overfull \hbox (28.43471pt too wide) in paragraph at lines 1229--1231
[]| \T1/phv/m/n/10 DDSC_LOG_TRUST_DATA_HOLDER_COPY_FAILED_EC,
 []


Overfull \hbox (130.21402pt too wide) in paragraph at lines 1233--1235
[]| \T1/phv/m/n/10 DDSC_LOG_TRUST_ENDPOINT_INTERNAL_ATTRIBUTES_CREATE_FAILED_EC
,
 []


Overfull \hbox (55.81209pt too wide) in paragraph at lines 1235--1237
[]| \T1/phv/m/n/10 DDSC_LOG_TRUST_FAILED_VALIDATE_LOCAL_IDENTITY_EC,
 []


Overfull \hbox (91.75743pt too wide) in paragraph at lines 1237--1239
[]| \T1/phv/m/n/10 DDSC_LOG_TRUST_FINALIZE_AC_PLUGIN_PROPERTIES_FAILED_EC,
 []


Overfull \hbox (95.35753pt too wide) in paragraph at lines 1239--1241
[]| \T1/phv/m/n/10 DDSC_LOG_TRUST_FINALIZE_AUTH_HANDSHAKE_STATE_FAILED_EC,
 []


Overfull \hbox (113.31242pt too wide) in paragraph at lines 1241--1243
[]| \T1/phv/m/n/10 DDSC_LOG_TRUST_FINALIZE_REMOTE_PARTICIPANT_TRUST_FAILED_EC,
 []


Overfull \hbox (74.35194pt too wide) in paragraph at lines 1243--1245
[]| \T1/phv/m/n/10 DDSC_LOG_TRUST_GET_AUTH_HANDSHAKE_STATE_FAILED_EC,
 []


Overfull \hbox (158.5816pt too wide) in paragraph at lines 1245--1247
[]| \T1/phv/m/n/10 DDSC_LOG_TRUST_GET_AUTHENTICATED_PEER_CREDENTIAL_TOKEN_FAILE
D_EC,
 []


Overfull \hbox (110.90962pt too wide) in paragraph at lines 1247--1249
[]| \T1/phv/m/n/10 DDSC_LOG_TRUST_GET_DATAREADER_TRUST_ATTRIBUTES_FAILED_EC,
 []


Overfull \hbox (108.45264pt too wide) in paragraph at lines 1249--1251
[]| \T1/phv/m/n/10 DDSC_LOG_TRUST_GET_DATAWRITER_TRUST_ATTRIBUTES_FAILED_EC,
 []


Overfull \hbox (34.09549pt too wide) in paragraph at lines 1251--1253
[]| \T1/phv/m/n/10 DDSC_LOG_TRUST_GET_IDENTITY_TOKEN_FAILED_EC,
 []


Overfull \hbox (114.50047pt too wide) in paragraph at lines 1253--1255
[]| \T1/phv/m/n/10 DDSC_LOG_TRUST_GET_PARTICIPANT_TRUST_ATTTRIBUTES_FAILED_EC,
 []


Overfull \hbox (117.61401pt too wide) in paragraph at lines 1255--1257
[]| \T1/phv/m/n/10 DDSC_LOG_TRUST_GET_PERMISSIONS_CREDENTIAL_TOKEN_FAILED_EC,
 []


Overfull \hbox (55.60501pt too wide) in paragraph at lines 1257--1259
[]| \T1/phv/m/n/10 DDSC_LOG_TRUST_GET_PERMISSIONS_TOKEN_FAILED_EC,
 []


Overfull \hbox (36.45349pt too wide) in paragraph at lines 1259--1261
[]| \T1/phv/m/n/10 DDSC_LOG_TRUST_GET_SHARED_SECRET_FAILED_EC,
 []


Overfull \hbox (79.06798pt too wide) in paragraph at lines 1261--1263
[]| \T1/phv/m/n/10 DDSC_LOG_TRUST_GET_TOPIC_TRUST_ATTRIBUTES_FAILED_EC,
 []


Overfull \hbox (50.40315pt too wide) in paragraph at lines 1263--1265
[]| \T1/phv/m/n/10 DDSC_LOG_TRUST_IGNORED_HANDSHAKE_MESSAGE_EC,
 []


Overfull \hbox (45.3724pt too wide) in paragraph at lines 1265--1267
[]| \T1/phv/m/n/10 DDSC_LOG_TRUST_IGNORED_REMOTE_PARTICIPANT_EC,
 []


Overfull \hbox (108.98341pt too wide) in paragraph at lines 1267--1269
[]| \T1/phv/m/n/10 DDSC_LOG_TRUST_INCOMPATIBLE_ENDPOINT_TRUST_ATTRIBUTES_EC,
 []


Overfull \hbox (105.44623pt too wide) in paragraph at lines 1269--1271
[]| \T1/phv/m/n/10 DDSC_LOG_TRUST_INITIALIZE_PARTICIPANT_BUILTIN_DATA_FAILED_EC
,
 []


Overfull \hbox (75.17082pt too wide) in paragraph at lines 1271--1273
[]| \T1/phv/m/n/10 DDSC_LOG_TRUST_INITIALIZE_PARTICIPANT_TRUST_FAILED_EC,
 []


Overfull \hbox (54.34521pt too wide) in paragraph at lines 1273--1275
[]| \T1/phv/m/n/10 DDSC_LOG_TRUST_INVALID_AUTH_HANDSHAKE_STATE_EC,
 []


Overfull \hbox (60.94191pt too wide) in paragraph at lines 1275--1277
[]| \T1/phv/m/n/10 DDSC_LOG_TRUST_INVALID_GENERIC_MESSAGE_REPLY_EC,
 []


Overfull \hbox (19.94763pt too wide) in paragraph at lines 1277--1279
[]| \T1/phv/m/n/10 DDSC_LOG_TRUST_INVALID_IDENTITY_HANDLE_EC,
 []


Overfull \hbox (43.08641pt too wide) in paragraph at lines 1279--1281
[]| \T1/phv/m/n/10 DDSC_LOG_TRUST_INVALID_INTERCEPTOR_HANDLE_EC,
 []


Overfull \hbox (107.66034pt too wide) in paragraph at lines 1281--1283
[]| \T1/phv/m/n/10 DDSC_LOG_TRUST_INVALID_INTERCEPTOR_TOKENS_DESTINATION_EC,
 []


Overfull \hbox (43.23042pt too wide) in paragraph at lines 1283--1285
[]| \T1/phv/m/n/10 DDSC_LOG_TRUST_INVALID_INTERCEPTOR_TOKENS_EC,
 []


Overfull \hbox (89.76846pt too wide) in paragraph at lines 1285--1287
[]| \T1/phv/m/n/10 DDSC_LOG_TRUST_INVALID_PARTICIPANT_GENERIC_MESSAGE_EC,
 []


Overfull \hbox (22.01762pt too wide) in paragraph at lines 1287--1289
[]| \T1/phv/m/n/10 DDSC_LOG_TRUST_INVALID_PARTICIPANT_GUID_EC,
 []


Overfull \hbox (103.86238pt too wide) in paragraph at lines 1289--1291
[]| \T1/phv/m/n/10 DDSC_LOG_TRUST_INVALID_PARTICIPANT_INTERNAL_ATTRIBUTES_EC,
 []


Overfull \hbox (41.45715pt too wide) in paragraph at lines 1291--1293
[]| \T1/phv/m/n/10 DDSC_LOG_TRUST_INVALID_PERMISSIONS_HANDLE_EC,
 []


Overfull \hbox (80.98434pt too wide) in paragraph at lines 1293--1295
[]| \T1/phv/m/n/10 DDSC_LOG_TRUST_INVALID_SAMPLE_MAX_SERIALIZED_SIZE_EC,
 []


Overfull \hbox (16.44676pt too wide) in paragraph at lines 1295--1297
[]| \T1/phv/m/n/10 DDSC_LOG_TRUST_INVALID_SHARED_SECRET_EC,
 []


Overfull \hbox (17.6529pt too wide) in paragraph at lines 1297--1299
[]| \T1/phv/m/n/10 DDSC_LOG_TRUST_LOOKUP_FACTORY_FAILED_EC,
 []


Overfull \hbox (17.42781pt too wide) in paragraph at lines 1299--1301
[]| \T1/phv/m/n/10 DDSC_LOG_TRUST_PARSE_PROPERTY_FAILED_EC,
 []

[1148]
Overfull \hbox (73.48795pt too wide) in paragraph at lines 1301--1303
[]| \T1/phv/m/n/10 DDSC_LOG_TRUST_PARTICIPANT_AUTHENTICATION_FAILED_EC,
 []


Overfull \hbox (140.78891pt too wide) in paragraph at lines 1303--1305
[]| \T1/phv/m/n/10 DDSC_LOG_TRUST_PARTICIPANT_INTERNAL_ATTRIBUTES_CREATE_FAILED
_EC,
 []


Overfull \hbox (141.52698pt too wide) in paragraph at lines 1305--1307
[]| \T1/phv/m/n/10 DDSC_LOG_TRUST_PARTICIPANT_UNEXPECTED_AUTHENTICATION_ERROR_E
C,
 []


Overfull \hbox (79.38277pt too wide) in paragraph at lines 1309--1311
[]| \T1/phv/m/n/10 DDSC_LOG_TRUST_PREPARE_AUTH_HANDSHAKE_MESSAGE_EC,
 []


Overfull \hbox (17.54482pt too wide) in paragraph at lines 1311--1313
[]| \T1/phv/m/n/10 DDSC_LOG_TRUST_PREPARE_AUTH_REQUEST_EC,
 []


Overfull \hbox (109.9733pt too wide) in paragraph at lines 1313--1315
[]| \T1/phv/m/n/10 DDSC_LOG_TRUST_PREPARE_ENDPOINT_INTERCEPTOR_MESSAGE_EC,
 []


Overfull \hbox (33.74449pt too wide) in paragraph at lines 1315--1317
[]| \T1/phv/m/n/10 DDSC_LOG_TRUST_PREPARE_LOCAL_DP_TOKENS_EC,
 []


Overfull \hbox (104.3124pt too wide) in paragraph at lines 1317--1319
[]| \T1/phv/m/n/10 DDSC_LOG_TRUST_PREPARE_LOCAL_PARTICIPANT_STATE_FAILED_EC,
 []


Overfull \hbox (131.70813pt too wide) in paragraph at lines 1321--1323
[]| \T1/phv/m/n/10 DDSC_LOG_TRUST_PROCESS_REMOTE_INTERCEPTOR_TOKENS_FAILED_EC,
 []


Overfull \hbox (75.71101pt too wide) in paragraph at lines 1323--1325
[]| \T1/phv/m/n/10 DDSC_LOG_TRUST_REAUTH_REMOTE_PARTICIPANT_FAILED_EC,
 []


Overfull \hbox (78.44684pt too wide) in paragraph at lines 1325--1327
[]| \T1/phv/m/n/10 DDSC_LOG_TRUST_REGISTER_LOCAL_DATAREADER_FAILED_EC,
 []


Overfull \hbox (75.98985pt too wide) in paragraph at lines 1327--1329
[]| \T1/phv/m/n/10 DDSC_LOG_TRUST_REGISTER_LOCAL_DATAWRITER_FAILED_EC,
 []


Overfull \hbox (76.53874pt too wide) in paragraph at lines 1329--1331
[]| \T1/phv/m/n/10 DDSC_LOG_TRUST_REGISTER_LOCAL_PARTICIPANT_FAILED_EC,
 []


Overfull \hbox (135.49718pt too wide) in paragraph at lines 1331--1333
[]| \T1/phv/m/n/10 DDSC_LOG_TRUST_REGISTER_MATCHED_REMOTE_DATAREADER_FAILED_EC,

 []


Overfull \hbox (133.04019pt too wide) in paragraph at lines 1333--1335
[]| \T1/phv/m/n/10 DDSC_LOG_TRUST_REGISTER_MATCHED_REMOTE_DATAWRITER_FAILED_EC,

 []


Overfull \hbox (133.58908pt too wide) in paragraph at lines 1335--1337
[]| \T1/phv/m/n/10 DDSC_LOG_TRUST_REGISTER_MATCHED_REMOTE_PARTICIPANT_FAILED_EC
,
 []


Overfull \hbox (87.07784pt too wide) in paragraph at lines 1337--1339
[]| \T1/phv/m/n/10 DDSC_LOG_TRUST_REGISTER_REMOTE_DATAREADER_FAILED_EC,
 []


Overfull \hbox (84.62085pt too wide) in paragraph at lines 1339--1341
[]| \T1/phv/m/n/10 DDSC_LOG_TRUST_REGISTER_REMOTE_DATAWRITER_FAILED_EC,
 []


Overfull \hbox (132.78775pt too wide) in paragraph at lines 1341--1343
[]| \T1/phv/m/n/10 DDSC_LOG_TRUST_RELEASE_PARTICIPANT_GENERIC_MESSAGE_FAILED_EC
,
 []


Overfull \hbox (41.92546pt too wide) in paragraph at lines 1343--1345
[]| \T1/phv/m/n/10 DDSC_LOG_TRUST_REMOVE_REMOTE_PARTICIPANT_EC,
 []


Overfull \hbox (66.49493pt too wide) in paragraph at lines 1345--1347
[]| \T1/phv/m/n/10 DDSC_LOG_TRUST_RESEND_HANDSHAKE_IN_PROGRESS_EC,
 []


Overfull \hbox (81.69571pt too wide) in paragraph at lines 1347--1349
[]| \T1/phv/m/n/10 DDSC_LOG_TRUST_RESEND_HANDSHAKE_MESSAGE_FAILED_EC,
 []


Overfull \hbox (114.8513pt too wide) in paragraph at lines 1349--1351
[]| \T1/phv/m/n/10 DDSC_LOG_TRUST_RESEND_HANDSHAKE_MESSAGE_START_FAILED_EC,
 []


Overfull \hbox (61.59912pt too wide) in paragraph at lines 1351--1353
[]| \T1/phv/m/n/10 DDSC_LOG_TRUST_RESEND_HANDSHAKE_STOP_FAILED_EC,
 []


Overfull \hbox (103.80867pt too wide) in paragraph at lines 1353--1355
[]| \T1/phv/m/n/10 DDSC_LOG_TRUST_RESET_REMOTE_PARTICIPANT_TRUST_FAILED_EC,
 []


Overfull \hbox (177.57144pt too wide) in paragraph at lines 1355--1357
[]| \T1/phv/m/n/10 DDSC_LOG_TRUST_RETURN_AUTHENTICATED_PEER_CREDENTIAL_TOKEN_FA
ILED_EC,
 []


Overfull \hbox (127.44247pt too wide) in paragraph at lines 1357--1359
[]| \T1/phv/m/n/10 DDSC_LOG_TRUST_RETURN_DATAWRITER_TRUST_ATTRIBUTES_FAILED_EC,

 []


Overfull \hbox (73.94702pt too wide) in paragraph at lines 1359--1361
[]| \T1/phv/m/n/10 DDSC_LOG_TRUST_RETURN_HANDSHAKE_HANDLE_FAILED_EC,
 []


Overfull \hbox (58.9442pt too wide) in paragraph at lines 1361--1363
[]| \T1/phv/m/n/10 DDSC_LOG_TRUST_RETURN_IDENTITY_HANDLE_FAILED_EC,
 []


Overfull \hbox (53.08533pt too wide) in paragraph at lines 1363--1365
[]| \T1/phv/m/n/10 DDSC_LOG_TRUST_RETURN_IDENTITY_TOKEN_FAILED_EC,
 []


Overfull \hbox (82.22699pt too wide) in paragraph at lines 1365--1367
[]| \T1/phv/m/n/10 DDSC_LOG_TRUST_RETURN_INTERCEPTOR_TOKENS_FAILED_EC,
 []


Overfull \hbox (136.60385pt too wide) in paragraph at lines 1367--1369
[]| \T1/phv/m/n/10 DDSC_LOG_TRUST_RETURN_PERMISSIONS_CREDENTIAL_TOKEN_FAILED_EC
,
 []


Overfull \hbox (80.45372pt too wide) in paragraph at lines 1369--1371
[]| \T1/phv/m/n/10 DDSC_LOG_TRUST_RETURN_PERMISSIONS_HANDLE_FAILED_EC,
 []


Overfull \hbox (74.59485pt too wide) in paragraph at lines 1371--1373
[]| \T1/phv/m/n/10 DDSC_LOG_TRUST_RETURN_PERMISSIONS_TOKEN_FAILED_EC,
 []


Overfull \hbox (91.94678pt too wide) in paragraph at lines 1373--1375
[]| \T1/phv/m/n/10 DDSC_LOG_TRUST_RETURN_SHAREDSECRET_HANDLE_FAILED_EC,
 []


Overfull \hbox (36.40852pt too wide) in paragraph at lines 1375--1377
[]| \T1/phv/m/n/10 DDSC_LOG_TRUST_SEND_AUTH_REQUEST_FAILED_EC,
 []


Overfull \hbox (111.4404pt too wide) in paragraph at lines 1377--1379
[]| \T1/phv/m/n/10 DDSC_LOG_TRUST_SEND_ENDPOINT_INTERCEPTOR_STATE_FAILED_EC,
 []


Underfull \hbox (badness 10000) in paragraph at lines 1379--1380
[]| \T1/phv/m/n/10 DDSC_LOG_TRUST_SEND_HANDSHAKE_EC,
 []


Overfull \hbox (69.1949pt too wide) in paragraph at lines 1380--1382
[]| \T1/phv/m/n/10 DDSC_LOG_TRUST_SEND_HANDSHAKE_MESSAGE_FAILED_EC,
 []


Overfull \hbox (122.01529pt too wide) in paragraph at lines 1382--1384
[]| \T1/phv/m/n/10 DDSC_LOG_TRUST_SEND_PARTICIPANT_INTERCEPTOR_STATE_FAILED_EC,

 []


Overfull \hbox (73.35297pt too wide) in paragraph at lines 1386--1388
[]| \T1/phv/m/n/10 DDSC_LOG_TRUST_SET_AUTH_HANDSHAKE_STATE_FAILED_EC,
 []


Overfull \hbox (116.61504pt too wide) in paragraph at lines 1388--1390
[]| \T1/phv/m/n/10 DDSC_LOG_TRUST_SET_PERMISSIONS_CREDENTIAL_TOKEN_FAILED_EC,
 []


Overfull \hbox (169.3727pt too wide) in paragraph at lines 1390--1392
[]| \T1/phv/m/n/10 DDSC_LOG_TRUST_SET_REMOTE_DATAREADER_INTERCEPTOR_TOKENS_FAIL
ED_EC,
 []


Overfull \hbox (166.91571pt too wide) in paragraph at lines 1392--1394
[]| \T1/phv/m/n/10 DDSC_LOG_TRUST_SET_REMOTE_DATAWRITER_INTERCEPTOR_TOKENS_FAIL
ED_EC,
 []


Overfull \hbox (167.4646pt too wide) in paragraph at lines 1394--1396
[]| \T1/phv/m/n/10 DDSC_LOG_TRUST_SET_REMOTE_PARTICIPANT_INTERCEPTOR_TOKENS_FAI
LED_EC,
 []


Overfull \hbox (138.80865pt too wide) in paragraph at lines 1396--1398
[]| \T1/phv/m/n/10 DDSC_LOG_TRUST_TRANFORM_INCOMING_SERIALIZED_PAYLOAD_FAILED_E
C,
 []


Overfull \hbox (141.8146pt too wide) in paragraph at lines 1398--1400
[]| \T1/phv/m/n/10 DDSC_LOG_TRUST_TRANFORM_OUTGOING_SERIALIZED_PAYLOAD_FAILED_E
C,
 []


Overfull \hbox (74.41508pt too wide) in paragraph at lines 1400--1402
[]| \T1/phv/m/n/10 DDSC_LOG_TRUST_UNAUTHORIZED_REMOTE_PARTICIPANT_EC,
 []


Overfull \hbox (103.22366pt too wide) in paragraph at lines 1402--1404
[]| \T1/phv/m/n/10 DDSC_LOG_TRUST_UNEXPECTED_REMOTE_PARTICIPANT_STATUS_EC,
 []


Overfull \hbox (55.52426pt too wide) in paragraph at lines 1404--1406
[]| \T1/phv/m/n/10 DDSC_LOG_TRUST_UNEXPECTED_VALIDATION_RESULT_EC,
 []

[1149]
Underfull \hbox (badness 10000) in paragraph at lines 1408--1410
[]| \T1/phv/m/n/10 DDSC_LOG_TRUST_UNKNOWN_SERVICEID_EC,
 []


Overfull \hbox (56.9283pt too wide) in paragraph at lines 1410--1412
[]| \T1/phv/m/n/10 DDSC_LOG_TRUST_UNREGISTER_DATAREADER_FAILED_EC,
 []


Overfull \hbox (54.47131pt too wide) in paragraph at lines 1412--1414
[]| \T1/phv/m/n/10 DDSC_LOG_TRUST_UNREGISTER_DATAWRITER_FAILED_EC,
 []


Overfull \hbox (55.0202pt too wide) in paragraph at lines 1414--1416
[]| \T1/phv/m/n/10 DDSC_LOG_TRUST_UNREGISTER_PARTICIPANT_FAILED_EC,
 []


Overfull \hbox (100.07368pt too wide) in paragraph at lines 1416--1418
[]| \T1/phv/m/n/10 DDSC_LOG_TRUST_UNREGISTER_REMOTE_DATAREADER_FAILED_EC,
 []


Overfull \hbox (97.6167pt too wide) in paragraph at lines 1418--1420
[]| \T1/phv/m/n/10 DDSC_LOG_TRUST_UNREGISTER_REMOTE_DATAWRITER_FAILED_EC,
 []


Overfull \hbox (105.97765pt too wide) in paragraph at lines 1420--1422
[]| \T1/phv/m/n/10 DDSC_LOG_TRUST_VALIDATE_LOCAL_DATAWRITER_TRUST_FAILED_EC,
 []


Overfull \hbox (117.06563pt too wide) in paragraph at lines 1422--1424
[]| \T1/phv/m/n/10 DDSC_LOG_TRUST_VALIDATE_REMOTE_DATAREADER_TRUST_FAILED_EC,
 []


Overfull \hbox (114.60864pt too wide) in paragraph at lines 1424--1426
[]| \T1/phv/m/n/10 DDSC_LOG_TRUST_VALIDATE_REMOTE_DATAWRITER_TRUST_FAILED_EC,
 []


Overfull \hbox (28.65068pt too wide) in paragraph at lines 1426--1428
[]| \T1/phv/m/n/10 DDSC_LOG_TRUST_VALIDATE_REMOTE_IDENTITY_EC,
 []


Underfull \hbox (badness 10000) in paragraph at lines 1430--1431
[]| \T1/phv/m/n/10 DDSC_LOG_TYPE_FUNCTION_COPY_SAMPLE,
 []


Underfull \hbox (badness 10000) in paragraph at lines 1437--1439
[]| \T1/phv/m/n/10 DDSC_LOG_TYPE_FUNCTION_GET_KEY_KIND,
 []


Overfull \hbox (93.0621pt too wide) in paragraph at lines 1439--1441
[]| \T1/phv/m/n/10 DDSC_LOG_TYPE_FUNCTION_GET_SERIALIZED_SAMPLE_MAX_SIZE,
 []


Overfull \hbox (35.58942pt too wide) in paragraph at lines 1441--1443
[]| \T1/phv/m/n/10 DDSC_LOG_TYPE_FUNCTION_INSTANCE_TO_KEYHASH,
 []


Underfull \hbox (badness 10000) in paragraph at lines 1444--1446
[]| \T1/phv/m/n/10 DDSC_LOG_TYPE_FUNCTION_SERIALIZE_DATA,
 []


Underfull \hbox (badness 10000) in paragraph at lines 1452--1454
[]| \T1/phv/m/n/10 DDSC_LOG_TYPE_PLUGIN_GET_BUFFER_EC,
 []


Overfull \hbox (15.52855pt too wide) in paragraph at lines 1454--1456
[]| \T1/phv/m/n/10 DDSC_LOG_TYPE_PLUGIN_INCONSISTENT_DR_EC,
 []


Overfull \hbox (38.96446pt too wide) in paragraph at lines 1459--1461
[]| \T1/phv/m/n/10 DDSC_LOG_UNKNOWN_REMOTE_PARTICIPANT_KEY_EC,
 []


Overfull \hbox (46.9564pt too wide) in paragraph at lines 1461--1463
[]| \T1/phv/m/n/10 DDSC_LOG_UNKNOWN_REMOTE_PARTICIPANT_NAME_EC,
 []


Overfull \hbox (16.5097pt too wide) in paragraph at lines 1465--1467
[]| \T1/phv/m/n/10 DDSC_LOG_UPDATE_LEASE_DURATION_TIMER_EC,
 []


Underfull \hbox (badness 10000) in paragraph at lines 1467--1469
[]| \T1/phv/m/n/10 DDSC_LOG_UPDATE_LIVELINESS_FAILED_EC,
 []


Overfull \hbox (25.2308pt too wide) in paragraph at lines 1469--1471
[]| \T1/phv/m/n/10 DDSC_LOG_UPDATE_REMOTE_CONTENT_FILTER_EC,
 []


Overfull \hbox (80.51692pt too wide) in paragraph at lines 1474--1476
[]| \T1/phv/m/n/10 DDSC_LOG_VALIDATE_REMOTE_PARTICIPANT_TRUST_FAILED_EC,
 []


Underfull \hbox (badness 10000) in paragraph at lines 1477--1478
[]| \T1/phv/m/n/10 DDSC_LOG_WRITERHISTORY_COMPONENT,
 []


Underfull \hbox (badness 10000) in paragraph at lines 1478--1479
[]| \T1/phv/m/n/10 DDSC_LOG_WS_ADD_COND_REFERENCE_EC,
 []


Overfull \hbox (51.53705pt too wide) in paragraph at lines 1482--1484
[]| \T1/phv/m/n/10 DDSC_LOG_XTYPES_LOANED_SAMPLE_STATE_ERROR_EC,
 []


Overfull \hbox (65.75693pt too wide) in paragraph at lines 1484--1486
[]| \T1/phv/m/n/10 DDSC_TRUST_INVALID_PARTICIPANT_GENERIC_MESSAGE_EC,
 []


Underfull \hbox (badness 10000) in paragraph at lines 1506--1507
[]| \T1/phv/m/n/10 DDSHST_READER_DEFAULT_HISTORY_NAME,
 []

[1150]
Underfull \hbox (badness 10000) in paragraph at lines 1517--1518
[]| \T1/phv/m/n/10 DDSHST_WRITER_DEFAULT_HISTORY_NAME,
 []

[1151]
Overfull \hbox (20.38615pt too wide) in paragraph at lines 1641--1642
[]\T1/phv/m/n/10 DDS_DataReaderListener_RequestedDeadlineMissedCallback 
 []


Overfull \hbox (23.71596pt too wide) in paragraph at lines 1643--1644
[]\T1/phv/m/n/10 DDS_DataReaderListener_RequestedIncompatibleQosCallback 
 []


Overfull \hbox (21.22499pt too wide) in paragraph at lines 1694--1696
[]| \T1/phv/m/n/10 shmem_ref_transfer_mode_attached_segment_allocation,
 []

[1152]
Overfull \hbox (19.53061pt too wide) in paragraph at lines 1729--1730
[]\T1/phv/m/n/10 DDS_DataWriter_get_reliable_reader_activity_changed_status 
 []


Overfull \hbox (34.32666pt too wide) in paragraph at lines 1758--1759
[]\T1/phv/m/n/10 DDS_DataWriterListener_ReliableReaderActivityChangedCallback 
 []


Overfull \hbox (39.01581pt too wide) in paragraph at lines 1760--1761
[]\T1/phv/m/n/10 DDS_DataWriterListener_ReliableSampleUnacknowledgedCallback 
 []

[1153]
Overfull \hbox (25.24553pt too wide) in paragraph at lines 1913--1914
[]\T1/phv/m/n/10 DDS_DomainParticipantFactory_create_participant_from_config 
 []


Overfull \hbox (16.56981pt too wide) in paragraph at lines 1929--1930
[]\T1/phv/m/n/10 DDS_DomainParticipantFactory_lookup_participant_by_name 
 []

[1154] [1155]
Overfull \hbox (23.04358pt too wide) in paragraph at lines 2075--2077
[]| \T1/phv/m/n/10 DDS_FILTER_LOG_CONTENT_FILTER_NAME_STRING,
 []


Overfull \hbox (56.19907pt too wide) in paragraph at lines 2077--2079
[]| \T1/phv/m/n/10 DDS_FILTER_LOG_CONTENT_FILTER_NAME_TOO_LONG_EC,
 []


Overfull \hbox (67.69188pt too wide) in paragraph at lines 2079--2081
[]| \T1/phv/m/n/10 DDS_FILTER_LOG_CONTENT_FILTERED_TOPIC_NAME_STRING,
 []


Overfull \hbox (17.19373pt too wide) in paragraph at lines 2083--2085
[]| \T1/phv/m/n/10 DDS_FILTER_LOG_FILTER_CLASS_NOT_FOUND_EC,
 []


Overfull \hbox (20.55948pt too wide) in paragraph at lines 2088--2090
[]| \T1/phv/m/n/10 DDS_FILTER_LOG_FILTER_CLASS_UNREGISTER_EC,
 []


Overfull \hbox (47.06401pt too wide) in paragraph at lines 2096--2098
[]| \T1/phv/m/n/10 DDS_FILTER_LOG_FILTER_EXPRESSION_MAX_COUNT_EC,
 []


Overfull \hbox (66.98964pt too wide) in paragraph at lines 2098--2100
[]| \T1/phv/m/n/10 DDS_FILTER_LOG_FILTER_EXPRESSION_PARAMETER_STRING,
 []


Overfull \hbox (18.96669pt too wide) in paragraph at lines 2102--2104
[]| \T1/phv/m/n/10 DDS_FILTER_LOG_FILTER_PARAMETER_COUNT_EC,
 []


Overfull \hbox (44.26521pt too wide) in paragraph at lines 2104--2106
[]| \T1/phv/m/n/10 DDS_FILTER_LOG_FILTER_PLUGIN_FACTORY_IN_USE_EC,
 []


Overfull \hbox (17.10362pt too wide) in paragraph at lines 2117--2119
[]| \T1/phv/m/n/10 DDS_FILTER_LOG_RELATED_TOPIC_NAME_STRING,
 []


Overfull \hbox (35.19337pt too wide) in paragraph at lines 2120--2122
[]| \T1/phv/m/n/10 DDS_FILTER_LOG_SQL_ENUM_LABEL_NOT_FOUND_EC,
 []


Overfull \hbox (33.55522pt too wide) in paragraph at lines 2126--2128
[]| \T1/phv/m/n/10 DDS_FILTER_LOG_SQL_INTEGER_OUT_OF_RANGE_EC,
 []


Underfull \hbox (badness 10000) in paragraph at lines 2128--2130
[]| \T1/phv/m/n/10 DDS_FILTER_LOG_SQL_INVALID_TOKEN_EC,
 []


Overfull \hbox (50.48392pt too wide) in paragraph at lines 2130--2132
[]| \T1/phv/m/n/10 DDS_FILTER_LOG_SQL_MAX_PREDICATES_EXCEEDED_EC,
 []


Overfull \hbox (42.78915pt too wide) in paragraph at lines 2136--2138
[]| \T1/phv/m/n/10 DDS_FILTER_LOG_SQL_UNSUPPORTED_FIELD_TYPE_EC,
 []


Overfull \hbox (43.2842pt too wide) in paragraph at lines 2138--2140
[]| \T1/phv/m/n/10 DDS_FILTER_LOG_SQL_UNSUPPORTED_TYPE_CODE_EC,
 []


Overfull \hbox (16.68967pt too wide) in paragraph at lines 2142--2144
[]| \T1/phv/m/n/10 DDS_FILTER_LOG_STRING_MANAGER_CREATE_EC,
 []


Overfull \hbox (91.40656pt too wide) in paragraph at lines 2149--2151
[]| \T1/phv/m/n/10 DDS_FILTER_LOG_WRITER_FILTER_EVALUATE_OUT_OF_ORDER_EC,
 []


Overfull \hbox (48.60306pt too wide) in paragraph at lines 2151--2153
[]| \T1/phv/m/n/10 DDS_FILTER_LOG_WRITER_FILTER_REMOVE_READER_EC,
 []


Overfull \hbox (16.55455pt too wide) in paragraph at lines 2153--2155
[]| \T1/phv/m/n/10 DDS_FILTER_LOG_WRITER_FILTER_SEND_GAP_EC,
 []


Overfull \hbox (37.70438pt too wide) in paragraph at lines 2155--2157
[]| \T1/phv/m/n/10 DDS_FILTER_LOG_WRITER_FILTER_STORE_RESULT_EC,
 []


Overfull \hbox (37.5599pt too wide) in paragraph at lines 2157--2159
[]| \T1/phv/m/n/10 DDS_FILTER_LOG_WRITER_SERIALIZE_INLINE_QOS_EC,
 []


Underfull \hbox (badness 10000) in paragraph at lines 2163--2165
[]| \T1/phv/m/n/10 DDS_FILTER_LOG_FILTER_PLUGIN_BUFFER,
 []


Overfull \hbox (30.1626pt too wide) in paragraph at lines 2165--2167
[]| \T1/phv/m/n/10 DDS_FILTER_LOG_FILTER_PLUGIN_FACTORY_BUFFER,
 []

[1156]
Underfull \hbox (badness 10000) in paragraph at lines 2170--2172
[]| \T1/phv/m/n/10 DDS_FILTER_LOG_WRITER_FILTER_BUFFER,
 []


Overfull \hbox (33.69717pt too wide) in paragraph at lines 2178--2179
[]\T1/phv/m/n/10 DDS_FILTER_LOG_CONTENT_FILTER_NAME_TOO_LONG_EC 
 []


Overfull \hbox (45.18999pt too wide) in paragraph at lines 2180--2181
[]\T1/phv/m/n/10 DDS_FILTER_LOG_CONTENT_FILTERED_TOPIC_NAME_STRING 
 []


Overfull \hbox (24.56212pt too wide) in paragraph at lines 2200--2201
[]\T1/phv/m/n/10 DDS_FILTER_LOG_FILTER_EXPRESSION_MAX_COUNT_EC 
 []


Overfull \hbox (44.48775pt too wide) in paragraph at lines 2202--2203
[]\T1/phv/m/n/10 DDS_FILTER_LOG_FILTER_EXPRESSION_PARAMETER_STRING 
 []


Overfull \hbox (21.76332pt too wide) in paragraph at lines 2212--2213
[]\T1/phv/m/n/10 DDS_FILTER_LOG_FILTER_PLUGIN_FACTORY_IN_USE_EC 
 []


Overfull \hbox (27.98203pt too wide) in paragraph at lines 2248--2249
[]\T1/phv/m/n/10 DDS_FILTER_LOG_SQL_MAX_PREDICATES_EXCEEDED_EC 
 []


Overfull \hbox (20.28726pt too wide) in paragraph at lines 2254--2255
[]\T1/phv/m/n/10 DDS_FILTER_LOG_SQL_UNSUPPORTED_FIELD_TYPE_EC 
 []


Overfull \hbox (20.7823pt too wide) in paragraph at lines 2256--2257
[]\T1/phv/m/n/10 DDS_FILTER_LOG_SQL_UNSUPPORTED_TYPE_CODE_EC 
 []

[1157]
Overfull \hbox (68.90466pt too wide) in paragraph at lines 2276--2277
[]\T1/phv/m/n/10 DDS_FILTER_LOG_WRITER_FILTER_EVALUATE_OUT_OF_ORDER_EC 
 []


Overfull \hbox (26.10117pt too wide) in paragraph at lines 2278--2279
[]\T1/phv/m/n/10 DDS_FILTER_LOG_WRITER_FILTER_REMOVE_READER_EC 
 []


Overfull \hbox (15.20248pt too wide) in paragraph at lines 2282--2283
[]\T1/phv/m/n/10 DDS_FILTER_LOG_WRITER_FILTER_STORE_RESULT_EC 
 []


Overfull \hbox (15.05801pt too wide) in paragraph at lines 2284--2285
[]\T1/phv/m/n/10 DDS_FILTER_LOG_WRITER_SERIALIZE_INLINE_QOS_EC 
 []


Overfull \hbox (28.95409pt too wide) in paragraph at lines 2368--2369
[]\T1/phv/m/n/10 DDS_IMMUTABLE_TYPECODE_SYSTEM_EXCEPTION_CODE 
 []

[1158]
Overfull \hbox (98.01015pt too wide) in paragraph at lines 2453--2454
[]\T1/phv/m/n/10 DDS_LOG_TRUST_ASSERT_PARTICIPANT_GENERIC_MESSAGE_FAILED_EC 
 []

[1159]
Overfull \hbox (64.88379pt too wide) in paragraph at lines 2597--2599
[]| \T1/phv/m/n/10 DDS_PSK_LOG_ACCESS_CONTROL_GET_CONFIG_FAILED_EC,
 []


Overfull \hbox (89.86748pt too wide) in paragraph at lines 2599--2601
[]| \T1/phv/m/n/10 DDS_PSK_LOG_ACCESS_CONTROL_PARSE_PROPERTY_FAILED_EC,
 []

[1160]
Overfull \hbox (104.70827pt too wide) in paragraph at lines 2602--2604
[]| \T1/phv/m/n/10 DDS_PSK_LOG_INTERCEPTOR_ASSERT_MASTER_HANDLE_FAILED_EC,
 []


Overfull \hbox (89.70544pt too wide) in paragraph at lines 2604--2606
[]| \T1/phv/m/n/10 DDS_PSK_LOG_INTERCEPTOR_ASSERT_MASTER_INFO_FAILED_EC,
 []


Overfull \hbox (92.21623pt too wide) in paragraph at lines 2606--2608
[]| \T1/phv/m/n/10 DDS_PSK_LOG_INTERCEPTOR_ASSERT_SESSION_INFO_FAILED_EC,
 []


Overfull \hbox (59.45703pt too wide) in paragraph at lines 2608--2610
[]| \T1/phv/m/n/10 DDS_PSK_LOG_INTERCEPTOR_COMPUTE_HKDF_FAILED_EC,
 []


Overfull \hbox (30.3784pt too wide) in paragraph at lines 2610--2612
[]| \T1/phv/m/n/10 DDS_PSK_LOG_INTERCEPTOR_CREATION_FAILED_EC,
 []


Overfull \hbox (73.96469pt too wide) in paragraph at lines 2612--2614
[]| \T1/phv/m/n/10 DDS_PSK_LOG_INTERCEPTOR_DECODE_INFO_SRC_FAILED_EC,
 []


Overfull \hbox (109.48695pt too wide) in paragraph at lines 2614--2616
[]| \T1/phv/m/n/10 DDS_PSK_LOG_INTERCEPTOR_DECODE_LOOKUP_POSTFIX_FAILED_EC,
 []


Overfull \hbox (147.00769pt too wide) in paragraph at lines 2616--2618
[]| \T1/phv/m/n/10 DDS_PSK_LOG_INTERCEPTOR_DECODE_PROCESS_TOTAL_HEADER_FAILED_E
C,
 []


Overfull \hbox (101.44127pt too wide) in paragraph at lines 2618--2620
[]| \T1/phv/m/n/10 DDS_PSK_LOG_INTERCEPTOR_DECODE_RTPS_MESSAGE_FAILED_EC,
 []


Overfull \hbox (119.21593pt too wide) in paragraph at lines 2620--2622
[]| \T1/phv/m/n/10 DDS_PSK_LOG_INTERCEPTOR_DECODE_SEC_RTPS_POSTFIX_FAILED_EC,
 []


Overfull \hbox (113.21304pt too wide) in paragraph at lines 2622--2624
[]| \T1/phv/m/n/10 DDS_PSK_LOG_INTERCEPTOR_DECODE_SEC_RTPS_PREFIX_FAILED_EC,
 []


Overfull \hbox (101.44127pt too wide) in paragraph at lines 2624--2626
[]| \T1/phv/m/n/10 DDS_PSK_LOG_INTERCEPTOR_ENCODE_RTPS_MESSAGE_FAILED_EC,
 []


Overfull \hbox (117.99173pt too wide) in paragraph at lines 2626--2628
[]| \T1/phv/m/n/10 DDS_PSK_LOG_INTERCEPTOR_ENCODE_SERIALIZE_POSTFIX_FAILED_EC,
 []


Overfull \hbox (111.98885pt too wide) in paragraph at lines 2628--2630
[]| \T1/phv/m/n/10 DDS_PSK_LOG_INTERCEPTOR_ENCODE_SERIALIZE_PREFIX_FAILED_EC,
 []


Overfull \hbox (122.68077pt too wide) in paragraph at lines 2630--2632
[]| \T1/phv/m/n/10 DDS_PSK_LOG_INTERCEPTOR_ENCODE_SERIALIZE_SECBODY_FAILED_EC,
 []


Overfull \hbox (87.4735pt too wide) in paragraph at lines 2632--2634
[]| \T1/phv/m/n/10 DDS_PSK_LOG_INTERCEPTOR_GET_MASTER_HANDLE_FAILED_EC,
 []


Overfull \hbox (97.31046pt too wide) in paragraph at lines 2634--2636
[]| \T1/phv/m/n/10 DDS_PSK_LOG_INTERCEPTOR_GET_TRANSFORM_STATE_FAILED_EC,
 []


Overfull \hbox (49.88985pt too wide) in paragraph at lines 2636--2638
[]| \T1/phv/m/n/10 DDS_PSK_LOG_INTERCEPTOR_INITIALIZATION_FAILED_EC,
 []


Overfull \hbox (110.10797pt too wide) in paragraph at lines 2638--2640
[]| \T1/phv/m/n/10 DDS_PSK_LOG_INTERCEPTOR_KEY_MATERIAL_DERIVATION_FAILED_EC,
 []


Overfull \hbox (89.32729pt too wide) in paragraph at lines 2640--2642
[]| \T1/phv/m/n/10 DDS_PSK_LOG_INTERCEPTOR_PASSPHRASE_PARSING_FAILED_EC,
 []


Overfull \hbox (84.96255pt too wide) in paragraph at lines 2642--2644
[]| \T1/phv/m/n/10 DDS_PSK_LOG_INTERCEPTOR_PASSPHRASE_UPDATE_FAILED_EC,
 []


Overfull \hbox (78.44661pt too wide) in paragraph at lines 2644--2646
[]| \T1/phv/m/n/10 DDS_PSK_LOG_INTERCEPTOR_PROPERTY_PARSING_FAILED_EC,
 []


Overfull \hbox (93.04436pt too wide) in paragraph at lines 2646--2648
[]| \T1/phv/m/n/10 DDS_PSK_LOG_INTERCEPTOR_REGISTER_PARTICIPANT_FAILED_EC,
 []


Overfull \hbox (103.96132pt too wide) in paragraph at lines 2648--2650
[]| \T1/phv/m/n/10 DDS_PSK_LOG_INTERCEPTOR_SECTRANSFORM_DECODE_FAILED_EC,
 []


Overfull \hbox (121.88899pt too wide) in paragraph at lines 2650--2652
[]| \T1/phv/m/n/10 DDS_PSK_LOG_INTERCEPTOR_SECTRANSFORM_MANIPULATE_FAILED_EC,
 []


Overfull \hbox (155.19717pt too wide) in paragraph at lines 2652--2654
[]| \T1/phv/m/n/10 DDS_PSK_LOG_INTERCEPTOR_SENDER_KEY_ID_PREFIX_DERIVATION_FAIL
ED_EC,
 []


Overfull \hbox (87.97731pt too wide) in paragraph at lines 2654--2656
[]| \T1/phv/m/n/10 DDS_PSK_LOG_INTERCEPTOR_SESSION_INFO_MUTEX_FAILED_EC,
 []


Overfull \hbox (106.19292pt too wide) in paragraph at lines 2656--2658
[]| \T1/phv/m/n/10 DDS_PSK_LOG_INTERCEPTOR_SESSION_KEY_DERIVATION_FAILED_EC,
 []


Overfull \hbox (81.9027pt too wide) in paragraph at lines 2658--2660
[]| \T1/phv/m/n/10 DDS_PSK_LOG_INTERCEPTOR_UNSUPPORTED_URI_SCHEME_EC,
 []


Overfull \hbox (41.66405pt too wide) in paragraph at lines 2660--2662
[]| \T1/phv/m/n/10 DDS_PSK_LOG_KEY_HANDLE_DB_PROCESS_FAILED_EC,
 []


Underfull \hbox (badness 10000) in paragraph at lines 2663--2664
[]| \T1/phv/m/n/10 DDS_PSK_LOG_LIBRARY_UNREGISTER_EC,
 []


Overfull \hbox (38.22621pt too wide) in paragraph at lines 2664--2666
[]| \T1/phv/m/n/10 DDS_PSK_LOG_PASS_TRACKER_CALLBACK_FAILED_EC,
 []


Overfull \hbox (26.90445pt too wide) in paragraph at lines 2666--2668
[]| \T1/phv/m/n/10 DDS_PSK_LOG_PASS_TRACKER_CREATE_FAILED_EC,
 []


Overfull \hbox (26.49039pt too wide) in paragraph at lines 2668--2670
[]| \T1/phv/m/n/10 DDS_PSK_LOG_PASS_TRACKER_DELETE_FAILED_EC,
 []


Overfull \hbox (53.03094pt too wide) in paragraph at lines 2670--2672
[]| \T1/phv/m/n/10 DDS_PSK_LOG_RANDOM_VALUE_GENERATION_FAILED_EC,
 []


Overfull \hbox (37.04694pt too wide) in paragraph at lines 2672--2674
[]| \T1/phv/m/n/10 DDS_PSK_LOG_SESSION_KEY_DERIVATION_FAILED_EC,
 []


Overfull \hbox (18.6695pt too wide) in paragraph at lines 2674--2676
[]| \T1/phv/m/n/10 DDS_PSK_LOG_SHA256_COMPUTATION_FAILED_EC,
 []


Overfull \hbox (50.61012pt too wide) in paragraph at lines 2677--2679
[]| \T1/phv/m/n/10 DDS_PSK_LOG_TRUST_GET_IDENTITY_TOKEN_FAILED_EC,
 []


Overfull \hbox (36.46227pt too wide) in paragraph at lines 2679--2681
[]| \T1/phv/m/n/10 DDS_PSK_LOG_TRUST_INVALID_IDENTITY_HANDLE_EC,
 []


Overfull \hbox (38.53226pt too wide) in paragraph at lines 2681--2683
[]| \T1/phv/m/n/10 DDS_PSK_LOG_TRUST_INVALID_PARTICIPANT_GUID_EC,
 []


Overfull \hbox (42.3819pt too wide) in paragraph at lines 2683--2684
[]\T1/phv/m/n/10 DDS_PSK_LOG_ACCESS_CONTROL_GET_CONFIG_FAILED_EC 
 []


Overfull \hbox (67.36559pt too wide) in paragraph at lines 2685--2686
[]\T1/phv/m/n/10 DDS_PSK_LOG_ACCESS_CONTROL_PARSE_PROPERTY_FAILED_EC 
 []


Overfull \hbox (82.20638pt too wide) in paragraph at lines 2689--2690
[]\T1/phv/m/n/10 DDS_PSK_LOG_INTERCEPTOR_ASSERT_MASTER_HANDLE_FAILED_EC 
 []


Overfull \hbox (67.20355pt too wide) in paragraph at lines 2691--2692
[]\T1/phv/m/n/10 DDS_PSK_LOG_INTERCEPTOR_ASSERT_MASTER_INFO_FAILED_EC 
 []


Overfull \hbox (69.71434pt too wide) in paragraph at lines 2693--2694
[]\T1/phv/m/n/10 DDS_PSK_LOG_INTERCEPTOR_ASSERT_SESSION_INFO_FAILED_EC 
 []


Overfull \hbox (36.95514pt too wide) in paragraph at lines 2695--2696
[]\T1/phv/m/n/10 DDS_PSK_LOG_INTERCEPTOR_COMPUTE_HKDF_FAILED_EC 
 []


Overfull \hbox (51.4628pt too wide) in paragraph at lines 2699--2700
[]\T1/phv/m/n/10 DDS_PSK_LOG_INTERCEPTOR_DECODE_INFO_SRC_FAILED_EC 
 []


Overfull \hbox (86.98506pt too wide) in paragraph at lines 2701--2702
[]\T1/phv/m/n/10 DDS_PSK_LOG_INTERCEPTOR_DECODE_LOOKUP_POSTFIX_FAILED_EC 
 []


Overfull \hbox (124.5058pt too wide) in paragraph at lines 2703--2704
[]\T1/phv/m/n/10 DDS_PSK_LOG_INTERCEPTOR_DECODE_PROCESS_TOTAL_HEADER_FAILED_EC 

 []


Overfull \hbox (78.93938pt too wide) in paragraph at lines 2705--2706
[]\T1/phv/m/n/10 DDS_PSK_LOG_INTERCEPTOR_DECODE_RTPS_MESSAGE_FAILED_EC 
 []

[1161]
Overfull \hbox (96.71404pt too wide) in paragraph at lines 2707--2708
[]\T1/phv/m/n/10 DDS_PSK_LOG_INTERCEPTOR_DECODE_SEC_RTPS_POSTFIX_FAILED_EC 
 []


Overfull \hbox (90.71115pt too wide) in paragraph at lines 2709--2710
[]\T1/phv/m/n/10 DDS_PSK_LOG_INTERCEPTOR_DECODE_SEC_RTPS_PREFIX_FAILED_EC 
 []


Overfull \hbox (78.93938pt too wide) in paragraph at lines 2711--2712
[]\T1/phv/m/n/10 DDS_PSK_LOG_INTERCEPTOR_ENCODE_RTPS_MESSAGE_FAILED_EC 
 []


Overfull \hbox (95.48984pt too wide) in paragraph at lines 2713--2714
[]\T1/phv/m/n/10 DDS_PSK_LOG_INTERCEPTOR_ENCODE_SERIALIZE_POSTFIX_FAILED_EC 
 []


Overfull \hbox (89.48695pt too wide) in paragraph at lines 2715--2716
[]\T1/phv/m/n/10 DDS_PSK_LOG_INTERCEPTOR_ENCODE_SERIALIZE_PREFIX_FAILED_EC 
 []


Overfull \hbox (100.17888pt too wide) in paragraph at lines 2717--2718
[]\T1/phv/m/n/10 DDS_PSK_LOG_INTERCEPTOR_ENCODE_SERIALIZE_SECBODY_FAILED_EC 
 []


Overfull \hbox (64.9716pt too wide) in paragraph at lines 2719--2720
[]\T1/phv/m/n/10 DDS_PSK_LOG_INTERCEPTOR_GET_MASTER_HANDLE_FAILED_EC 
 []


Overfull \hbox (74.80856pt too wide) in paragraph at lines 2721--2722
[]\T1/phv/m/n/10 DDS_PSK_LOG_INTERCEPTOR_GET_TRANSFORM_STATE_FAILED_EC 
 []


Overfull \hbox (27.38795pt too wide) in paragraph at lines 2723--2724
[]\T1/phv/m/n/10 DDS_PSK_LOG_INTERCEPTOR_INITIALIZATION_FAILED_EC 
 []


Overfull \hbox (87.60608pt too wide) in paragraph at lines 2725--2726
[]\T1/phv/m/n/10 DDS_PSK_LOG_INTERCEPTOR_KEY_MATERIAL_DERIVATION_FAILED_EC 
 []


Overfull \hbox (66.8254pt too wide) in paragraph at lines 2727--2728
[]\T1/phv/m/n/10 DDS_PSK_LOG_INTERCEPTOR_PASSPHRASE_PARSING_FAILED_EC 
 []


Overfull \hbox (62.46066pt too wide) in paragraph at lines 2729--2730
[]\T1/phv/m/n/10 DDS_PSK_LOG_INTERCEPTOR_PASSPHRASE_UPDATE_FAILED_EC 
 []


Overfull \hbox (55.94472pt too wide) in paragraph at lines 2731--2732
[]\T1/phv/m/n/10 DDS_PSK_LOG_INTERCEPTOR_PROPERTY_PARSING_FAILED_EC 
 []


Overfull \hbox (70.54247pt too wide) in paragraph at lines 2733--2734
[]\T1/phv/m/n/10 DDS_PSK_LOG_INTERCEPTOR_REGISTER_PARTICIPANT_FAILED_EC 
 []


Overfull \hbox (81.45943pt too wide) in paragraph at lines 2735--2736
[]\T1/phv/m/n/10 DDS_PSK_LOG_INTERCEPTOR_SECTRANSFORM_DECODE_FAILED_EC 
 []


Overfull \hbox (99.3871pt too wide) in paragraph at lines 2737--2738
[]\T1/phv/m/n/10 DDS_PSK_LOG_INTERCEPTOR_SECTRANSFORM_MANIPULATE_FAILED_EC 
 []


Overfull \hbox (132.69528pt too wide) in paragraph at lines 2739--2740
[]\T1/phv/m/n/10 DDS_PSK_LOG_INTERCEPTOR_SENDER_KEY_ID_PREFIX_DERIVATION_FAILED
_EC 
 []


Overfull \hbox (65.47542pt too wide) in paragraph at lines 2741--2742
[]\T1/phv/m/n/10 DDS_PSK_LOG_INTERCEPTOR_SESSION_INFO_MUTEX_FAILED_EC 
 []


Overfull \hbox (83.69102pt too wide) in paragraph at lines 2743--2744
[]\T1/phv/m/n/10 DDS_PSK_LOG_INTERCEPTOR_SESSION_KEY_DERIVATION_FAILED_EC 
 []


Overfull \hbox (59.4008pt too wide) in paragraph at lines 2745--2746
[]\T1/phv/m/n/10 DDS_PSK_LOG_INTERCEPTOR_UNSUPPORTED_URI_SCHEME_EC 
 []


Overfull \hbox (19.16216pt too wide) in paragraph at lines 2747--2748
[]\T1/phv/m/n/10 DDS_PSK_LOG_KEY_HANDLE_DB_PROCESS_FAILED_EC 
 []


Overfull \hbox (15.72432pt too wide) in paragraph at lines 2753--2754
[]\T1/phv/m/n/10 DDS_PSK_LOG_PASS_TRACKER_CALLBACK_FAILED_EC 
 []


Overfull \hbox (30.52905pt too wide) in paragraph at lines 2759--2760
[]\T1/phv/m/n/10 DDS_PSK_LOG_RANDOM_VALUE_GENERATION_FAILED_EC 
 []


Overfull \hbox (28.10823pt too wide) in paragraph at lines 2767--2768
[]\T1/phv/m/n/10 DDS_PSK_LOG_TRUST_GET_IDENTITY_TOKEN_FAILED_EC 
 []


Overfull \hbox (16.03036pt too wide) in paragraph at lines 2771--2772
[]\T1/phv/m/n/10 DDS_PSK_LOG_TRUST_INVALID_PARTICIPANT_GUID_EC 
 []

[1162]
Overfull \hbox (40.17697pt too wide) in paragraph at lines 2907--2908
[]\T1/phv/m/n/10 DDS_REJECTED_BY_SAMPLES_PER_REMOTE_WRITER_LIMIT 
 []

[1163]
Overfull \hbox (22.42033pt too wide) in paragraph at lines 2932--2933
[]\T1/phv/m/n/10 DDS_REPLACE_OLDEST_INSTANCE_REPLACEMENT_QOS 
 []


Overfull \hbox (63.57683pt too wide) in paragraph at lines 2987--2988
[]\T1/phv/m/n/10 DDS_RTI_BACKWARDS_COMPATIBLE_RTPS_WELL_KNOWN_PORTS 
 []


Overfull \hbox (33.41812pt too wide) in paragraph at lines 3016--3017
[]\T1/phv/m/n/10 DDS_SAMPLE_LOST_BY_NOT_READ_ON_CACHE_DELETION 
 []

[1164] [1165] [1166] [1167] [1168]
Overfull \hbox (26.18225pt too wide) in paragraph at lines 3540--3541
[]\T1/phv/m/n/10 DDSC_LOG_DESERIALIZE_REMOTE_CONTENT_FILTER_EC 
 []


Overfull \hbox (42.02211pt too wide) in paragraph at lines 3552--3553
[]\T1/phv/m/n/10 DDSC_LOG_DISC_AFTER_LOCAL_DATAREADER_DELETED_EC 
 []


Overfull \hbox (42.52605pt too wide) in paragraph at lines 3554--3555
[]\T1/phv/m/n/10 DDSC_LOG_DISC_AFTER_LOCAL_DATAREADER_ENABLED_EC 
 []


Overfull \hbox (39.56512pt too wide) in paragraph at lines 3556--3557
[]\T1/phv/m/n/10 DDSC_LOG_DISC_AFTER_LOCAL_DATAWRITER_DELETED_EC 
 []


Overfull \hbox (40.06906pt too wide) in paragraph at lines 3558--3559
[]\T1/phv/m/n/10 DDSC_LOG_DISC_AFTER_LOCAL_DATAWRITER_ENABLED_EC 
 []


Overfull \hbox (40.52808pt too wide) in paragraph at lines 3560--3561
[]\T1/phv/m/n/10 DDSC_LOG_DISC_AFTER_LOCAL_PARTICIPANT_CREATED_EC 
 []


Overfull \hbox (48.03387pt too wide) in paragraph at lines 3562--3563
[]\T1/phv/m/n/10 DDSC_LOG_DISC_BEFORE_LOCAL_PARTICIPANT_CREATED_EC 
 []


Overfull \hbox (56.25081pt too wide) in paragraph at lines 3564--3565
[]\T1/phv/m/n/10 DDSC_LOG_DISC_BEFORE_REMOTE_PARTICIPANT_DELETED_EC 
 []

[1169]
Overfull \hbox (26.65935pt too wide) in paragraph at lines 3604--3605
[]\T1/phv/m/n/10 DDSC_LOG_DUPLICATE_REMOTE_PARTICIPANT_NAME_EC 
 []


Overfull \hbox (38.36804pt too wide) in paragraph at lines 3630--3631
[]\T1/phv/m/n/10 DDSC_LOG_ENABLED_DISCVOERY_TRANSPORT_SEQUENCE 
 []


Overfull \hbox (22.7354pt too wide) in paragraph at lines 3636--3637
[]\T1/phv/m/n/10 DDSC_LOG_ENDPOINT_NOT_CHILD_OF_PARTICIPANT_EC 
 []


Overfull \hbox (16.3727pt too wide) in paragraph at lines 3662--3663
[]\T1/phv/m/n/10 DDSC_LOG_FILTER_PLUGIN_FACTORY_NOT_FOUND_EC 
 []


Overfull \hbox (30.39426pt too wide) in paragraph at lines 3676--3677
[]\T1/phv/m/n/10 DDSC_LOG_FLOWCONTROLLER_INCONSISTENT_PROP_EC 
 []

[1170]
Overfull \hbox (56.57494pt too wide) in paragraph at lines 3702--3703
[]\T1/phv/m/n/10 DDSC_LOG_INTERPRETER_SUPPORT_UNEXPECTED_ERROR_EC 
 []


Overfull \hbox (24.31909pt too wide) in paragraph at lines 3726--3727
[]\T1/phv/m/n/10 DDSC_LOG_IPC_CHANNEL_CONFIG_FINALIZE_FAILED_EC 
 []


Overfull \hbox (29.32288pt too wide) in paragraph at lines 3728--3729
[]\T1/phv/m/n/10 DDSC_LOG_IPC_CHANNEL_CONFIG_INITIALIZE_FAILED_EC 
 []


Overfull \hbox (114.48878pt too wide) in paragraph at lines 3738--3739
[]\T1/phv/m/n/10 DDSC_LOG_IPC_CHANNEL_FAILED_PROCESS_AUTH_HANDSHAKE_FAILED_EC 
 []


Overfull \hbox (101.89798pt too wide) in paragraph at lines 3740--3741
[]\T1/phv/m/n/10 DDSC_LOG_IPC_CHANNEL_FAILED_PROCESS_AUTH_REQUEST_FAILED_EC 
 []


Overfull \hbox (176.92986pt too wide) in paragraph at lines 3742--3743
[]\T1/phv/m/n/10 DDSC_LOG_IPC_CHANNEL_FAILED_PROCESS_ENDPOINT_INTERCEPTOR_STATE
_FAILED_EC 
 []


Overfull \hbox (187.50475pt too wide) in paragraph at lines 3744--3745
[]\T1/phv/m/n/10 DDSC_LOG_IPC_CHANNEL_FAILED_PROCESS_PARTICIPANT_INTERCEPTOR_ST
ATE_FAILED_EC 
 []


Overfull \hbox (17.32625pt too wide) in paragraph at lines 3754--3755
[]\T1/phv/m/n/10 DDSC_LOG_IPC_CHANNEL_SET_LISTENERS_FAILED_EC 
 []

[1171]
Overfull \hbox (34.80414pt too wide) in paragraph at lines 3804--3805
[]\T1/phv/m/n/10 DDSC_LOG_MEMORY_MANAGER_OUT_OF_RESOURCES_EC 
 []


Overfull \hbox (46.98982pt too wide) in paragraph at lines 3808--3809
[]\T1/phv/m/n/10 DDSC_LOG_MESSAGE_DATA_UNKNOWN_LIVELINESS_KIND_EC 
 []


Overfull \hbox (35.08293pt too wide) in paragraph at lines 3810--3811
[]\T1/phv/m/n/10 DDSC_LOG_MESSAGE_DATA_WRONG_LIVELINESS_KIND_EC 
 []


Overfull \hbox (32.869pt too wide) in paragraph at lines 3840--3841
[]\T1/phv/m/n/10 DDSC_LOG_NETIO_DISCOVERY_ENABLED_TRANSPORT_EC 
 []

[1172]
Overfull \hbox (16.33635pt too wide) in paragraph at lines 3922--3923
[]\T1/phv/m/n/10 DDSC_LOG_PARTICIPANT_GENERIC_MESSAGE_OBJECT 
 []


Overfull \hbox (19.20728pt too wide) in paragraph at lines 3952--3953
[]\T1/phv/m/n/10 DDSC_LOG_PARTMESSAGE_WRITE_SAMPLE_FAILED_EC 
 []

[1173]
Overfull \hbox (16.5885pt too wide) in paragraph at lines 4038--4039
[]\T1/phv/m/n/10 DDSC_LOG_REFRESH_REM_PARTICIPANT_TIMEOUT_EC 
 []


Overfull \hbox (23.63562pt too wide) in paragraph at lines 4050--4051
[]\T1/phv/m/n/10 DDSC_LOG_REMOTE_ENDPOINT_TRUST_STATE_RECORD 
 []


Overfull \hbox (22.94244pt too wide) in paragraph at lines 4052--4053
[]\T1/phv/m/n/10 DDSC_LOG_REMOTE_PARTICIPANT_KEY_NOT_EQUAL_EC 
 []


Overfull \hbox (19.5675pt too wide) in paragraph at lines 4058--4059
[]\T1/phv/m/n/10 DDSC_LOG_REMOTE_PUBLICATION_DATA_CHANGED_EC 
 []


Overfull \hbox (28.14436pt too wide) in paragraph at lines 4060--4061
[]\T1/phv/m/n/10 DDSC_LOG_REMOTE_SUBSCRIPTION_DATA_CHANGED_EC 
 []

[1174]
Overfull \hbox (125.13606pt too wide) in paragraph at lines 4198--4199
[]\T1/phv/m/n/10 DDSC_LOG_TRUST_AFTER_REMOTE_PARTICIPANT_AUTHENTICATED_FAILED_E
C 
 []


Overfull \hbox (81.36073pt too wide) in paragraph at lines 4200--4201
[]\T1/phv/m/n/10 DDSC_LOG_TRUST_AFTER_REMOTE_PARTICIPANT_READY_FAILED_EC 
 []


Overfull \hbox (69.08482pt too wide) in paragraph at lines 4204--4205
[]\T1/phv/m/n/10 DDSC_LOG_TRUST_ASSERT_AUTH_HANDSHAKE_STATE_FAILED_EC 
 []


Overfull \hbox (104.50807pt too wide) in paragraph at lines 4206--4207
[]\T1/phv/m/n/10 DDSC_LOG_TRUST_ASSERT_PARTICIPANT_GENERIC_MESSAGE_FAILED_EC 
 []


Overfull \hbox (40.06937pt too wide) in paragraph at lines 4214--4215
[]\T1/phv/m/n/10 DDSC_LOG_TRUST_BIND_REMOTE_DATAREADER_FAILED_EC 
 []


Overfull \hbox (37.61238pt too wide) in paragraph at lines 4216--4217
[]\T1/phv/m/n/10 DDSC_LOG_TRUST_BIND_REMOTE_DATAWRITER_FAILED_EC 
 []


Overfull \hbox (89.4065pt too wide) in paragraph at lines 4218--4219
[]\T1/phv/m/n/10 DDSC_LOG_TRUST_CACHE_REMOTE_PARTICIPANT_SAMPLE_FAILED_EC 
 []

[1175]
Overfull \hbox (47.3503pt too wide) in paragraph at lines 4220--4221
[]\T1/phv/m/n/10 DDSC_LOG_TRUST_CHECK_CREATE_DATAREADER_FAILED_EC 
 []


Overfull \hbox (44.89331pt too wide) in paragraph at lines 4222--4223
[]\T1/phv/m/n/10 DDSC_LOG_TRUST_CHECK_CREATE_DATAWRITER_FAILED_EC 
 []


Overfull \hbox (45.4422pt too wide) in paragraph at lines 4224--4225
[]\T1/phv/m/n/10 DDSC_LOG_TRUST_CHECK_CREATE_PARTICIPANT_FAILED_EC 
 []


Overfull \hbox (50.06828pt too wide) in paragraph at lines 4226--4227
[]\T1/phv/m/n/10 DDSC_LOG_TRUST_CHECK_REMOTE_DATAREADER_FAILED_EC 
 []


Overfull \hbox (47.6113pt too wide) in paragraph at lines 4228--4229
[]\T1/phv/m/n/10 DDSC_LOG_TRUST_CHECK_REMOTE_DATAWRITER_FAILED_EC 
 []


Overfull \hbox (48.16019pt too wide) in paragraph at lines 4230--4231
[]\T1/phv/m/n/10 DDSC_LOG_TRUST_CHECK_REMOTE_PARTICIPANT_FAILED_EC 
 []


Overfull \hbox (156.15858pt too wide) in paragraph at lines 4232--4233
[]\T1/phv/m/n/10 DDSC_LOG_TRUST_CREATE_LOCAL_DATAREADER_INTERCEPTOR_TOKENS_FAIL
ED_EC 
 []


Overfull \hbox (153.7016pt too wide) in paragraph at lines 4234--4235
[]\T1/phv/m/n/10 DDSC_LOG_TRUST_CREATE_LOCAL_DATAWRITER_INTERCEPTOR_TOKENS_FAIL
ED_EC 
 []


Overfull \hbox (118.45808pt too wide) in paragraph at lines 4240--4241
[]\T1/phv/m/n/10 DDSC_LOG_TRUST_CREATE_LOCAL_PARTICIPANT_INTERCEPTOR_TOKENS_EC 

 []


Overfull \hbox (26.0115pt too wide) in paragraph at lines 4244--4245
[]\T1/phv/m/n/10 DDSC_LOG_TRUST_CREATE_TRUST_PLUGINS_FAILED_EC 
 []


Overfull \hbox (107.71213pt too wide) in paragraph at lines 4250--4251
[]\T1/phv/m/n/10 DDSC_LOG_TRUST_ENDPOINT_INTERNAL_ATTRIBUTES_CREATE_FAILED_EC 
 []


Overfull \hbox (33.3102pt too wide) in paragraph at lines 4252--4253
[]\T1/phv/m/n/10 DDSC_LOG_TRUST_FAILED_VALIDATE_LOCAL_IDENTITY_EC 
 []


Overfull \hbox (69.25554pt too wide) in paragraph at lines 4254--4255
[]\T1/phv/m/n/10 DDSC_LOG_TRUST_FINALIZE_AC_PLUGIN_PROPERTIES_FAILED_EC 
 []


Overfull \hbox (72.85564pt too wide) in paragraph at lines 4256--4257
[]\T1/phv/m/n/10 DDSC_LOG_TRUST_FINALIZE_AUTH_HANDSHAKE_STATE_FAILED_EC 
 []


Overfull \hbox (90.81053pt too wide) in paragraph at lines 4258--4259
[]\T1/phv/m/n/10 DDSC_LOG_TRUST_FINALIZE_REMOTE_PARTICIPANT_TRUST_FAILED_EC 
 []


Overfull \hbox (51.85005pt too wide) in paragraph at lines 4260--4261
[]\T1/phv/m/n/10 DDSC_LOG_TRUST_GET_AUTH_HANDSHAKE_STATE_FAILED_EC 
 []


Overfull \hbox (136.07971pt too wide) in paragraph at lines 4262--4263
[]\T1/phv/m/n/10 DDSC_LOG_TRUST_GET_AUTHENTICATED_PEER_CREDENTIAL_TOKEN_FAILED_
EC 
 []


Overfull \hbox (88.40773pt too wide) in paragraph at lines 4264--4265
[]\T1/phv/m/n/10 DDSC_LOG_TRUST_GET_DATAREADER_TRUST_ATTRIBUTES_FAILED_EC 
 []


Overfull \hbox (85.95074pt too wide) in paragraph at lines 4266--4267
[]\T1/phv/m/n/10 DDSC_LOG_TRUST_GET_DATAWRITER_TRUST_ATTRIBUTES_FAILED_EC 
 []


Overfull \hbox (91.99858pt too wide) in paragraph at lines 4270--4271
[]\T1/phv/m/n/10 DDSC_LOG_TRUST_GET_PARTICIPANT_TRUST_ATTTRIBUTES_FAILED_EC 
 []


Overfull \hbox (95.11212pt too wide) in paragraph at lines 4272--4273
[]\T1/phv/m/n/10 DDSC_LOG_TRUST_GET_PERMISSIONS_CREDENTIAL_TOKEN_FAILED_EC 
 []


Overfull \hbox (33.10312pt too wide) in paragraph at lines 4274--4275
[]\T1/phv/m/n/10 DDSC_LOG_TRUST_GET_PERMISSIONS_TOKEN_FAILED_EC 
 []


Overfull \hbox (56.56609pt too wide) in paragraph at lines 4278--4279
[]\T1/phv/m/n/10 DDSC_LOG_TRUST_GET_TOPIC_TRUST_ATTRIBUTES_FAILED_EC 
 []


Overfull \hbox (27.90126pt too wide) in paragraph at lines 4280--4281
[]\T1/phv/m/n/10 DDSC_LOG_TRUST_IGNORED_HANDSHAKE_MESSAGE_EC 
 []


Overfull \hbox (22.87051pt too wide) in paragraph at lines 4282--4283
[]\T1/phv/m/n/10 DDSC_LOG_TRUST_IGNORED_REMOTE_PARTICIPANT_EC 
 []


Overfull \hbox (86.48152pt too wide) in paragraph at lines 4284--4285
[]\T1/phv/m/n/10 DDSC_LOG_TRUST_INCOMPATIBLE_ENDPOINT_TRUST_ATTRIBUTES_EC 
 []


Overfull \hbox (82.94434pt too wide) in paragraph at lines 4286--4287
[]\T1/phv/m/n/10 DDSC_LOG_TRUST_INITIALIZE_PARTICIPANT_BUILTIN_DATA_FAILED_EC 
 []


Overfull \hbox (52.66893pt too wide) in paragraph at lines 4288--4289
[]\T1/phv/m/n/10 DDSC_LOG_TRUST_INITIALIZE_PARTICIPANT_TRUST_FAILED_EC 
 []


Overfull \hbox (31.84332pt too wide) in paragraph at lines 4290--4291
[]\T1/phv/m/n/10 DDSC_LOG_TRUST_INVALID_AUTH_HANDSHAKE_STATE_EC 
 []


Overfull \hbox (38.44002pt too wide) in paragraph at lines 4292--4293
[]\T1/phv/m/n/10 DDSC_LOG_TRUST_INVALID_GENERIC_MESSAGE_REPLY_EC 
 []


Overfull \hbox (20.58452pt too wide) in paragraph at lines 4296--4297
[]\T1/phv/m/n/10 DDSC_LOG_TRUST_INVALID_INTERCEPTOR_HANDLE_EC 
 []


Overfull \hbox (85.15845pt too wide) in paragraph at lines 4298--4299
[]\T1/phv/m/n/10 DDSC_LOG_TRUST_INVALID_INTERCEPTOR_TOKENS_DESTINATION_EC 
 []


Overfull \hbox (20.72853pt too wide) in paragraph at lines 4300--4301
[]\T1/phv/m/n/10 DDSC_LOG_TRUST_INVALID_INTERCEPTOR_TOKENS_EC 
 []


Overfull \hbox (67.26657pt too wide) in paragraph at lines 4302--4303
[]\T1/phv/m/n/10 DDSC_LOG_TRUST_INVALID_PARTICIPANT_GENERIC_MESSAGE_EC 
 []


Overfull \hbox (81.36049pt too wide) in paragraph at lines 4306--4307
[]\T1/phv/m/n/10 DDSC_LOG_TRUST_INVALID_PARTICIPANT_INTERNAL_ATTRIBUTES_EC 
 []


Overfull \hbox (18.95526pt too wide) in paragraph at lines 4308--4309
[]\T1/phv/m/n/10 DDSC_LOG_TRUST_INVALID_PERMISSIONS_HANDLE_EC 
 []


Overfull \hbox (58.48245pt too wide) in paragraph at lines 4310--4311
[]\T1/phv/m/n/10 DDSC_LOG_TRUST_INVALID_SAMPLE_MAX_SERIALIZED_SIZE_EC 
 []


Overfull \hbox (50.98605pt too wide) in paragraph at lines 4318--4319
[]\T1/phv/m/n/10 DDSC_LOG_TRUST_PARTICIPANT_AUTHENTICATION_FAILED_EC 
 []


Overfull \hbox (118.28702pt too wide) in paragraph at lines 4320--4321
[]\T1/phv/m/n/10 DDSC_LOG_TRUST_PARTICIPANT_INTERNAL_ATTRIBUTES_CREATE_FAILED_E
C 
 []


Overfull \hbox (119.02509pt too wide) in paragraph at lines 4322--4323
[]\T1/phv/m/n/10 DDSC_LOG_TRUST_PARTICIPANT_UNEXPECTED_AUTHENTICATION_ERROR_EC 

 []


Overfull \hbox (56.88087pt too wide) in paragraph at lines 4326--4327
[]\T1/phv/m/n/10 DDSC_LOG_TRUST_PREPARE_AUTH_HANDSHAKE_MESSAGE_EC 
 []

[1176]
Overfull \hbox (87.4714pt too wide) in paragraph at lines 4330--4331
[]\T1/phv/m/n/10 DDSC_LOG_TRUST_PREPARE_ENDPOINT_INTERCEPTOR_MESSAGE_EC 
 []


Overfull \hbox (81.8105pt too wide) in paragraph at lines 4334--4335
[]\T1/phv/m/n/10 DDSC_LOG_TRUST_PREPARE_LOCAL_PARTICIPANT_STATE_FAILED_EC 
 []


Overfull \hbox (109.20624pt too wide) in paragraph at lines 4338--4339
[]\T1/phv/m/n/10 DDSC_LOG_TRUST_PROCESS_REMOTE_INTERCEPTOR_TOKENS_FAILED_EC 
 []


Overfull \hbox (53.20912pt too wide) in paragraph at lines 4340--4341
[]\T1/phv/m/n/10 DDSC_LOG_TRUST_REAUTH_REMOTE_PARTICIPANT_FAILED_EC 
 []


Overfull \hbox (55.94495pt too wide) in paragraph at lines 4342--4343
[]\T1/phv/m/n/10 DDSC_LOG_TRUST_REGISTER_LOCAL_DATAREADER_FAILED_EC 
 []


Overfull \hbox (53.48796pt too wide) in paragraph at lines 4344--4345
[]\T1/phv/m/n/10 DDSC_LOG_TRUST_REGISTER_LOCAL_DATAWRITER_FAILED_EC 
 []


Overfull \hbox (54.03685pt too wide) in paragraph at lines 4346--4347
[]\T1/phv/m/n/10 DDSC_LOG_TRUST_REGISTER_LOCAL_PARTICIPANT_FAILED_EC 
 []


Overfull \hbox (112.99529pt too wide) in paragraph at lines 4348--4349
[]\T1/phv/m/n/10 DDSC_LOG_TRUST_REGISTER_MATCHED_REMOTE_DATAREADER_FAILED_EC 
 []


Overfull \hbox (110.5383pt too wide) in paragraph at lines 4350--4351
[]\T1/phv/m/n/10 DDSC_LOG_TRUST_REGISTER_MATCHED_REMOTE_DATAWRITER_FAILED_EC 
 []


Overfull \hbox (111.08719pt too wide) in paragraph at lines 4352--4353
[]\T1/phv/m/n/10 DDSC_LOG_TRUST_REGISTER_MATCHED_REMOTE_PARTICIPANT_FAILED_EC 
 []


Overfull \hbox (64.57594pt too wide) in paragraph at lines 4354--4355
[]\T1/phv/m/n/10 DDSC_LOG_TRUST_REGISTER_REMOTE_DATAREADER_FAILED_EC 
 []


Overfull \hbox (62.11896pt too wide) in paragraph at lines 4356--4357
[]\T1/phv/m/n/10 DDSC_LOG_TRUST_REGISTER_REMOTE_DATAWRITER_FAILED_EC 
 []


Overfull \hbox (110.28586pt too wide) in paragraph at lines 4358--4359
[]\T1/phv/m/n/10 DDSC_LOG_TRUST_RELEASE_PARTICIPANT_GENERIC_MESSAGE_FAILED_EC 
 []


Overfull \hbox (19.42357pt too wide) in paragraph at lines 4360--4361
[]\T1/phv/m/n/10 DDSC_LOG_TRUST_REMOVE_REMOTE_PARTICIPANT_EC 
 []


Overfull \hbox (43.99304pt too wide) in paragraph at lines 4362--4363
[]\T1/phv/m/n/10 DDSC_LOG_TRUST_RESEND_HANDSHAKE_IN_PROGRESS_EC 
 []


Overfull \hbox (59.19382pt too wide) in paragraph at lines 4364--4365
[]\T1/phv/m/n/10 DDSC_LOG_TRUST_RESEND_HANDSHAKE_MESSAGE_FAILED_EC 
 []


Overfull \hbox (92.34941pt too wide) in paragraph at lines 4366--4367
[]\T1/phv/m/n/10 DDSC_LOG_TRUST_RESEND_HANDSHAKE_MESSAGE_START_FAILED_EC 
 []


Overfull \hbox (39.09723pt too wide) in paragraph at lines 4368--4369
[]\T1/phv/m/n/10 DDSC_LOG_TRUST_RESEND_HANDSHAKE_STOP_FAILED_EC 
 []


Overfull \hbox (81.30678pt too wide) in paragraph at lines 4370--4371
[]\T1/phv/m/n/10 DDSC_LOG_TRUST_RESET_REMOTE_PARTICIPANT_TRUST_FAILED_EC 
 []


Overfull \hbox (155.06955pt too wide) in paragraph at lines 4372--4373
[]\T1/phv/m/n/10 DDSC_LOG_TRUST_RETURN_AUTHENTICATED_PEER_CREDENTIAL_TOKEN_FAIL
ED_EC 
 []


Overfull \hbox (104.94058pt too wide) in paragraph at lines 4374--4375
[]\T1/phv/m/n/10 DDSC_LOG_TRUST_RETURN_DATAWRITER_TRUST_ATTRIBUTES_FAILED_EC 
 []


Overfull \hbox (51.44513pt too wide) in paragraph at lines 4376--4377
[]\T1/phv/m/n/10 DDSC_LOG_TRUST_RETURN_HANDSHAKE_HANDLE_FAILED_EC 
 []


Overfull \hbox (36.4423pt too wide) in paragraph at lines 4378--4379
[]\T1/phv/m/n/10 DDSC_LOG_TRUST_RETURN_IDENTITY_HANDLE_FAILED_EC 
 []


Overfull \hbox (30.58344pt too wide) in paragraph at lines 4380--4381
[]\T1/phv/m/n/10 DDSC_LOG_TRUST_RETURN_IDENTITY_TOKEN_FAILED_EC 
 []


Overfull \hbox (59.7251pt too wide) in paragraph at lines 4382--4383
[]\T1/phv/m/n/10 DDSC_LOG_TRUST_RETURN_INTERCEPTOR_TOKENS_FAILED_EC 
 []


Overfull \hbox (114.10196pt too wide) in paragraph at lines 4384--4385
[]\T1/phv/m/n/10 DDSC_LOG_TRUST_RETURN_PERMISSIONS_CREDENTIAL_TOKEN_FAILED_EC 
 []


Overfull \hbox (57.95183pt too wide) in paragraph at lines 4386--4387
[]\T1/phv/m/n/10 DDSC_LOG_TRUST_RETURN_PERMISSIONS_HANDLE_FAILED_EC 
 []


Overfull \hbox (52.09296pt too wide) in paragraph at lines 4388--4389
[]\T1/phv/m/n/10 DDSC_LOG_TRUST_RETURN_PERMISSIONS_TOKEN_FAILED_EC 
 []


Overfull \hbox (69.44489pt too wide) in paragraph at lines 4390--4391
[]\T1/phv/m/n/10 DDSC_LOG_TRUST_RETURN_SHAREDSECRET_HANDLE_FAILED_EC 
 []


Overfull \hbox (88.9385pt too wide) in paragraph at lines 4394--4395
[]\T1/phv/m/n/10 DDSC_LOG_TRUST_SEND_ENDPOINT_INTERCEPTOR_STATE_FAILED_EC 
 []


Overfull \hbox (46.69301pt too wide) in paragraph at lines 4398--4399
[]\T1/phv/m/n/10 DDSC_LOG_TRUST_SEND_HANDSHAKE_MESSAGE_FAILED_EC 
 []


Overfull \hbox (99.5134pt too wide) in paragraph at lines 4400--4401
[]\T1/phv/m/n/10 DDSC_LOG_TRUST_SEND_PARTICIPANT_INTERCEPTOR_STATE_FAILED_EC 
 []


Overfull \hbox (50.85107pt too wide) in paragraph at lines 4404--4405
[]\T1/phv/m/n/10 DDSC_LOG_TRUST_SET_AUTH_HANDSHAKE_STATE_FAILED_EC 
 []


Overfull \hbox (94.11314pt too wide) in paragraph at lines 4406--4407
[]\T1/phv/m/n/10 DDSC_LOG_TRUST_SET_PERMISSIONS_CREDENTIAL_TOKEN_FAILED_EC 
 []


Overfull \hbox (146.8708pt too wide) in paragraph at lines 4408--4409
[]\T1/phv/m/n/10 DDSC_LOG_TRUST_SET_REMOTE_DATAREADER_INTERCEPTOR_TOKENS_FAILED
_EC 
 []


Overfull \hbox (144.41382pt too wide) in paragraph at lines 4410--4411
[]\T1/phv/m/n/10 DDSC_LOG_TRUST_SET_REMOTE_DATAWRITER_INTERCEPTOR_TOKENS_FAILED
_EC 
 []


Overfull \hbox (144.9627pt too wide) in paragraph at lines 4412--4413
[]\T1/phv/m/n/10 DDSC_LOG_TRUST_SET_REMOTE_PARTICIPANT_INTERCEPTOR_TOKENS_FAILE
D_EC 
 []


Overfull \hbox (116.30676pt too wide) in paragraph at lines 4414--4415
[]\T1/phv/m/n/10 DDSC_LOG_TRUST_TRANFORM_INCOMING_SERIALIZED_PAYLOAD_FAILED_EC 

 []


Overfull \hbox (119.31271pt too wide) in paragraph at lines 4416--4417
[]\T1/phv/m/n/10 DDSC_LOG_TRUST_TRANFORM_OUTGOING_SERIALIZED_PAYLOAD_FAILED_EC 

 []


Overfull \hbox (51.9132pt too wide) in paragraph at lines 4418--4419
[]\T1/phv/m/n/10 DDSC_LOG_TRUST_UNAUTHORIZED_REMOTE_PARTICIPANT_EC 
 []


Overfull \hbox (80.72177pt too wide) in paragraph at lines 4420--4421
[]\T1/phv/m/n/10 DDSC_LOG_TRUST_UNEXPECTED_REMOTE_PARTICIPANT_STATUS_EC 
 []


Overfull \hbox (33.02237pt too wide) in paragraph at lines 4422--4423
[]\T1/phv/m/n/10 DDSC_LOG_TRUST_UNEXPECTED_VALIDATION_RESULT_EC 
 []


Overfull \hbox (34.4264pt too wide) in paragraph at lines 4428--4429
[]\T1/phv/m/n/10 DDSC_LOG_TRUST_UNREGISTER_DATAREADER_FAILED_EC 
 []


Overfull \hbox (31.96942pt too wide) in paragraph at lines 4430--4431
[]\T1/phv/m/n/10 DDSC_LOG_TRUST_UNREGISTER_DATAWRITER_FAILED_EC 
 []


Overfull \hbox (32.51831pt too wide) in paragraph at lines 4432--4433
[]\T1/phv/m/n/10 DDSC_LOG_TRUST_UNREGISTER_PARTICIPANT_FAILED_EC 
 []


Overfull \hbox (77.5718pt too wide) in paragraph at lines 4434--4435
[]\T1/phv/m/n/10 DDSC_LOG_TRUST_UNREGISTER_REMOTE_DATAREADER_FAILED_EC 
 []

[1177]
Overfull \hbox (75.1148pt too wide) in paragraph at lines 4436--4437
[]\T1/phv/m/n/10 DDSC_LOG_TRUST_UNREGISTER_REMOTE_DATAWRITER_FAILED_EC 
 []


Overfull \hbox (83.47575pt too wide) in paragraph at lines 4438--4439
[]\T1/phv/m/n/10 DDSC_LOG_TRUST_VALIDATE_LOCAL_DATAWRITER_TRUST_FAILED_EC 
 []


Overfull \hbox (94.56374pt too wide) in paragraph at lines 4440--4441
[]\T1/phv/m/n/10 DDSC_LOG_TRUST_VALIDATE_REMOTE_DATAREADER_TRUST_FAILED_EC 
 []


Overfull \hbox (92.10675pt too wide) in paragraph at lines 4442--4443
[]\T1/phv/m/n/10 DDSC_LOG_TRUST_VALIDATE_REMOTE_DATAWRITER_TRUST_FAILED_EC 
 []


Overfull \hbox (70.56021pt too wide) in paragraph at lines 4458--4459
[]\T1/phv/m/n/10 DDSC_LOG_TYPE_FUNCTION_GET_SERIALIZED_SAMPLE_MAX_SIZE 
 []


Overfull \hbox (16.46257pt too wide) in paragraph at lines 4486--4487
[]\T1/phv/m/n/10 DDSC_LOG_UNKNOWN_REMOTE_PARTICIPANT_KEY_EC 
 []


Overfull \hbox (24.45451pt too wide) in paragraph at lines 4488--4489
[]\T1/phv/m/n/10 DDSC_LOG_UNKNOWN_REMOTE_PARTICIPANT_NAME_EC 
 []


Overfull \hbox (58.01503pt too wide) in paragraph at lines 4506--4507
[]\T1/phv/m/n/10 DDSC_LOG_VALIDATE_REMOTE_PARTICIPANT_TRUST_FAILED_EC 
 []


Overfull \hbox (29.03516pt too wide) in paragraph at lines 4518--4519
[]\T1/phv/m/n/10 DDSC_LOG_XTYPES_LOANED_SAMPLE_STATE_ERROR_EC 
 []


Overfull \hbox (43.25504pt too wide) in paragraph at lines 4520--4521
[]\T1/phv/m/n/10 DDSC_TRUST_INVALID_PARTICIPANT_GENERIC_MESSAGE_EC 
 []

[1178]
Overfull \hbox (63.37175pt too wide) in paragraph at lines 4552--4554
[]| \T1/phv/m/n/10 DDS_BY_RECEPTION_TIMESTAMP_DESTINATIONORDER_QOS,
 []


Overfull \hbox (49.36803pt too wide) in paragraph at lines 4554--4556
[]| \T1/phv/m/n/10 DDS_BY_SOURCE_TIMESTAMP_DESTINATIONORDER_QOS,
 []


Underfull \hbox (badness 10000) in paragraph at lines 4580--4581
[]| \T1/phv/m/n/10 DPSE_ENABLEDPARTICIPANTINDEX_OBJECT,
 []


Overfull \hbox (41.35835pt too wide) in paragraph at lines 4584--4586
[]| \T1/phv/m/n/10 DPSE_LOG_DEFAULT_MULTICAST_LOCATOR_SEQUENCE,
 []


Overfull \hbox (30.8465pt too wide) in paragraph at lines 4586--4588
[]| \T1/phv/m/n/10 DPSE_LOG_DEFAULT_UNICAST_LOCATOR_SEQUENCE,
 []


Overfull \hbox (26.43652pt too wide) in paragraph at lines 4588--4590
[]| \T1/phv/m/n/10 DPSE_LOG_META_MULTICAST_LOCATOR_SEQUENCE,
 []


Overfull \hbox (15.92467pt too wide) in paragraph at lines 4590--4592
[]| \T1/phv/m/n/10 DPSE_LOG_META_UNICAST_LOCATOR_SEQUENCE,
 []


Underfull \hbox (badness 10000) in paragraph at lines 4592--4593
[]| \T1/phv/m/n/10 DPSE_PARTICIPANTANNOUCEMENT_OBJECT,
 []


Underfull \hbox (badness 10000) in paragraph at lines 4641--4643
[]| \T1/phv/m/n/10 DDS_DomainParticipant_delete_contained_entities,
 []


Overfull \hbox (34.52667pt too wide) in paragraph at lines 4653--4655
[]| \T1/phv/m/n/10 DDS_DomainParticipant_get_default_flowcontroller_property,
 []


Underfull \hbox (badness 10000) in paragraph at lines 4655--4657
[]| \T1/phv/m/n/10 DDS_DomainParticipant_get_default_publisher_qos,
 []

[1179]
Overfull \hbox (24.0779pt too wide) in paragraph at lines 4661--4663
[]| \T1/phv/m/n/10 DDS_DomainParticipant_get_discovered_participant_data,
 []


Underfull \hbox (badness 10000) in paragraph at lines 4678--4680
[]| \T1/phv/m/n/10 DDS_DomainParticipant_lookup_topicdescription,
 []


Overfull \hbox (34.02274pt too wide) in paragraph at lines 4681--4683
[]| \T1/phv/m/n/10 DDS_DomainParticipant_set_default_flowcontroller_property,
 []


Underfull \hbox (badness 10000) in paragraph at lines 4683--4685
[]| \T1/phv/m/n/10 DDS_DomainParticipant_set_default_publisher_qos,
 []


Underfull \hbox (badness 10000) in paragraph at lines 4706--4708
[]| \T1/phv/m/n/10 DDS_DomainParticipantFactory_create_participant,
 []


Overfull \hbox (47.74742pt too wide) in paragraph at lines 4708--4710
[]| \T1/phv/m/n/10 DDS_DomainParticipantFactory_create_participant_from_config,

 []


Underfull \hbox (badness 10000) in paragraph at lines 4710--4712
[]| \T1/phv/m/n/10 DDS_DomainParticipantFactory_delete_participant,
 []


Underfull \hbox (badness 10000) in paragraph at lines 4712--4714
[]| \T1/phv/m/n/10 DDS_DomainParticipantFactory_finalize_instance,
 []


Overfull \hbox (34.49052pt too wide) in paragraph at lines 4714--4716
[]| \T1/phv/m/n/10 DDS_DomainParticipantFactory_get_default_participant_qos,
 []


Underfull \hbox (badness 10000) in paragraph at lines 4721--4723
[]| \T1/phv/m/n/10 DDS_DomainParticipantFactory_lookup_participant,
 []


Overfull \hbox (39.0717pt too wide) in paragraph at lines 4723--4725
[]| \T1/phv/m/n/10 DDS_DomainParticipantFactory_lookup_participant_by_name,
 []


Overfull \hbox (33.98659pt too wide) in paragraph at lines 4725--4727
[]| \T1/phv/m/n/10 DDS_DomainParticipantFactory_set_default_participant_qos,
 []


Underfull \hbox (badness 10000) in paragraph at lines 4733--4735
[]| \T1/phv/m/n/10 DDS_DomainParticipantFactoryQos_INITIALIZER,
 []


Overfull \hbox (65.35199pt too wide) in paragraph at lines 4743--4745
[]| \T1/phv/m/n/10 DPDE_LOG_ADD_REMOTE_PARTICIPANT_ROUTES_FAILED_EC,
 []


Overfull \hbox (93.44931pt too wide) in paragraph at lines 4756--4758
[]| \T1/phv/m/n/10 DPDE_LOG_CHECKSUM_INCOMPATIBLE_PARTICIPANT_IGNORED_EC,
 []


Overfull \hbox (17.62553pt too wide) in paragraph at lines 4758--4760
[]| \T1/phv/m/n/10 DPDE_LOG_CREATE_PARTICIPANT_DISCOVERY_EC,
 []


Overfull \hbox (19.47937pt too wide) in paragraph at lines 4760--4762
[]| \T1/phv/m/n/10 DPDE_LOG_CREATE_PUBLICATION_DISCOVERY_EC,
 []


Overfull \hbox (28.05623pt too wide) in paragraph at lines 4765--4767
[]| \T1/phv/m/n/10 DPDE_LOG_CREATE_SUBSCRIPTION_DISCOVERY_EC,
 []


Underfull \hbox (badness 10000) in paragraph at lines 4769--4771
[]| \T1/phv/m/n/10 DPDE_LOG_DELETE_PARTICIPANT_TOPIC_EC,
 []


Underfull \hbox (badness 10000) in paragraph at lines 4771--4773
[]| \T1/phv/m/n/10 DPDE_LOG_DELETE_PUBLICATION_TOPIC_EC,
 []

[1180]
Overfull \hbox (81.36269pt too wide) in paragraph at lines 4773--4775
[]| \T1/phv/m/n/10 DPDE_LOG_DELETE_REMOTE_PARTICIPANT_ROUTES_FAILED_EC,
 []


Overfull \hbox (17.4633pt too wide) in paragraph at lines 4777--4779
[]| \T1/phv/m/n/10 DPDE_LOG_DESERIALIZE_BUILTIN_ENDPOINTS_EC,
 []


Overfull \hbox (21.64839pt too wide) in paragraph at lines 4780--4782
[]| \T1/phv/m/n/10 DPDE_LOG_DESERIALIZE_PROTOCOL_VERSION_EC,
 []


Underfull \hbox (badness 10000) in paragraph at lines 4782--4784
[]| \T1/phv/m/n/10 DPDE_LOG_DESERIALIZE_UNKNOWN_PID_EC,
 []


Overfull \hbox (17.2205pt too wide) in paragraph at lines 4805--4807
[]| \T1/phv/m/n/10 DPDE_LOG_REMOVE_REMOTE_SUBSCRIPTION_EC,
 []


Underfull \hbox (badness 10000) in paragraph at lines 4813--4815
[]| \T1/phv/m/n/10 DPDE_LOG_SCHEDULE_FAST_ASSERTION_EC,
 []


Underfull \hbox (badness 10000) in paragraph at lines 4817--4819
[]| \T1/phv/m/n/10 DPDE_LOG_SERIALIZE_DEFAULT_UNICAST_EC,
 []


Underfull \hbox (badness 10000) in paragraph at lines 4821--4823
[]| \T1/phv/m/n/10 DPDE_LOG_SERIALIZE_LEASE_DURATION_EC,
 []


Underfull \hbox (badness 10000) in paragraph at lines 4831--4833
[]| \T1/phv/m/n/10 DPDE_LOG_TAKE_PARTICIPANT_SAMPLE_EC,
 []


Underfull \hbox (badness 10000) in paragraph at lines 4833--4835
[]| \T1/phv/m/n/10 DPDE_LOG_TAKE_PUBLICATION_SAMPLE_EC,
 []


Underfull \hbox (badness 10000) in paragraph at lines 4835--4837
[]| \T1/phv/m/n/10 DPDE_LOG_TAKE_SUBSCRIPTION_SAMPLE_EC,
 []


Overfull \hbox (40.40431pt too wide) in paragraph at lines 4839--4841
[]| \T1/phv/m/n/10 DPDE_LOG_UPDATE_PARTICIPANT_ASSERT_PERIOD_EC,
 []


Underfull \hbox (badness 10000) in paragraph at lines 4866--4868
[]| \T1/phv/m/n/10 max_samples_per_remote_builtin_endpoint_writer,
 []


Overfull \hbox (42.8501pt too wide) in paragraph at lines 4877--4878
[]\T1/phv/m/n/10 DPDE_LOG_ADD_REMOTE_PARTICIPANT_ROUTES_FAILED_EC 
 []

[1181]
Overfull \hbox (70.94742pt too wide) in paragraph at lines 4897--4898
[]\T1/phv/m/n/10 DPDE_LOG_CHECKSUM_INCOMPATIBLE_PARTICIPANT_IGNORED_EC 
 []


Overfull \hbox (58.8608pt too wide) in paragraph at lines 4919--4920
[]\T1/phv/m/n/10 DPDE_LOG_DELETE_REMOTE_PARTICIPANT_ROUTES_FAILED_EC 
 []

[1182]
Overfull \hbox (17.90242pt too wide) in paragraph at lines 5001--5002
[]\T1/phv/m/n/10 DPDE_LOG_UPDATE_PARTICIPANT_ASSERT_PERIOD_EC 
 []


Overfull \hbox (60.61783pt too wide) in paragraph at lines 5006--5008
[]| \T1/phv/m/n/10 DPSE_LOG_ANNOUNCE_LOCAL_PARTICIPANT_DELETION_EC,
 []


Overfull \hbox (92.95427pt too wide) in paragraph at lines 5015--5017
[]| \T1/phv/m/n/10 DPSE_LOG_CHECKSUM_INCOMPATIBLE_PARTICIPANT_IGNORED_EC,
 []


Overfull \hbox (18.56137pt too wide) in paragraph at lines 5019--5021
[]| \T1/phv/m/n/10 DPSE_LOG_CREATE_DISCOVERY_SUBSCRIBER_EC,
 []


Underfull \hbox (badness 10000) in paragraph at lines 5024--5025
[]| \T1/phv/m/n/10 DPSE_LOG_DELETE_ANONYMOUS_ROUTE_EC,
 []


Overfull \hbox (16.96826pt too wide) in paragraph at lines 5030--5032
[]| \T1/phv/m/n/10 DPSE_LOG_DESERIALIZE_BUILTIN_ENDPOINTS_EC,
 []


Overfull \hbox (15.86142pt too wide) in paragraph at lines 5035--5037
[]| \T1/phv/m/n/10 DPSE_LOG_DESERIALIZE_PRODUCT_VERSION_EC,
 []


Overfull \hbox (21.15335pt too wide) in paragraph at lines 5037--5039
[]| \T1/phv/m/n/10 DPSE_LOG_DESERIALIZE_PROTOCOL_VERSION_EC,
 []


Overfull \hbox (29.2533pt too wide) in paragraph at lines 5039--5041
[]| \T1/phv/m/n/10 DPSE_LOG_DESERIALIZE_TOO_MANY_LOCATORS_EC,
 []


Underfull \hbox (badness 10000) in paragraph at lines 5041--5043
[]| \T1/phv/m/n/10 DPSE_LOG_DESERIALIZE_UNKNOWN_PID_EC,
 []


Underfull \hbox (badness 10000) in paragraph at lines 5048--5050
[]| \T1/phv/m/n/10 DPSE_LOG_INVALID_DISCOVERY_SAMPLE_EC,
 []


Underfull \hbox (badness 10000) in paragraph at lines 5051--5052
[]| \T1/phv/m/n/10 DPSE_LOG_MAX_REMOTE_PARTICIPANT_EC,
 []


Overfull \hbox (21.9816pt too wide) in paragraph at lines 5057--5059
[]| \T1/phv/m/n/10 DPSE_LOG_ON_ASSERT_REMOTE_PARTICIPANT_EC,
 []


Underfull \hbox (badness 10000) in paragraph at lines 5063--5065
[]| \T1/phv/m/n/10 DPSE_LOG_RESET_REMOTE_PARTICIPANT_EC,
 []


Underfull \hbox (badness 10000) in paragraph at lines 5065--5067
[]| \T1/phv/m/n/10 DPSE_LOG_RETURN_DISCOVERY_SAMPLE_EC,
 []


Underfull \hbox (badness 10000) in paragraph at lines 5067--5069
[]| \T1/phv/m/n/10 DPSE_LOG_SCHEDULE_FAST_ASSERTION_EC,
 []


Underfull \hbox (badness 10000) in paragraph at lines 5077--5079
[]| \T1/phv/m/n/10 DPSE_LOG_SERIALIZE_DEFAULT_UNICAST_EC,
 []


Underfull \hbox (badness 10000) in paragraph at lines 5080--5082
[]| \T1/phv/m/n/10 DPSE_LOG_SERIALIZE_LEASE_DURATION_EC,
 []


Underfull \hbox (badness 10000) in paragraph at lines 5082--5084
[]| \T1/phv/m/n/10 DPSE_LOG_SERIALIZE_META_MULTICAST_EC,
 []


Overfull \hbox (39.90927pt too wide) in paragraph at lines 5095--5097
[]| \T1/phv/m/n/10 DPSE_LOG_UPDATE_PARTICIPANT_ASSERT_PERIOD_EC,
 []

[1183]
Overfull \hbox (38.11594pt too wide) in paragraph at lines 5137--5138
[]\T1/phv/m/n/10 DPSE_LOG_ANNOUNCE_LOCAL_PARTICIPANT_DELETION_EC 
 []


Overfull \hbox (70.45238pt too wide) in paragraph at lines 5157--5158
[]\T1/phv/m/n/10 DPSE_LOG_CHECKSUM_INCOMPATIBLE_PARTICIPANT_IGNORED_EC 
 []


Overfull \hbox (18.85646pt too wide) in paragraph at lines 5169--5170
[]\T1/phv/m/n/10 DPSE_LOG_DEFAULT_MULTICAST_LOCATOR_SEQUENCE 
 []

[1184]
Overfull \hbox (17.40738pt too wide) in paragraph at lines 5281--5282
[]\T1/phv/m/n/10 DPSE_LOG_UPDATE_PARTICIPANT_ASSERT_PERIOD_EC 
 []


Underfull \hbox (badness 10000) in paragraph at lines 5309--5310
[]| \T1/phv/m/n/10 DDS_TRANSIENT_LOCAL_DURABILITY_QOS,
 []


Underfull \hbox (badness 10000) in paragraph at lines 5324--5326
[]| \T1/phv/m/n/10 DDS_DataWriterShmemRefTransferModeSettings,
 []

[1185]
Overfull \hbox (27.52542pt too wide) in paragraph at lines 5370--5372
[]| \T1/phv/m/n/10 DDS_BAD_MEMBER_NAME_USER_EXCEPTION_CODE,
 []


Underfull \hbox (badness 10000) in paragraph at lines 5372--5374
[]| \T1/phv/m/n/10 DDS_BAD_PARAM_SYSTEM_EXCEPTION_CODE,
 []


Overfull \hbox (18.5345pt too wide) in paragraph at lines 5374--5376
[]| \T1/phv/m/n/10 DDS_BAD_TYPECODE_SYSTEM_EXCEPTION_CODE,
 []


Overfull \hbox (51.45598pt too wide) in paragraph at lines 5379--5381
[]| \T1/phv/m/n/10 DDS_IMMUTABLE_TYPECODE_SYSTEM_EXCEPTION_CODE,
 []


Overfull \hbox (25.53659pt too wide) in paragraph at lines 5394--5396
[]| \T1/phv/m/n/10 DDS_CONTENT_FILTER_CLASS_NAME_MAX_LENGTH,
 []


Overfull \hbox (23.53851pt too wide) in paragraph at lines 5396--5398
[]| \T1/phv/m/n/10 DDS_CONTENT_FILTER_EXPRESSION_MAX_LENGTH,
 []


Underfull \hbox (badness 10000) in paragraph at lines 5398--5399
[]| \T1/phv/m/n/10 DDS_CONTENT_FILTER_MAX_PARAMETERS,
 []


Underfull \hbox (badness 10000) in paragraph at lines 5399--5400
[]| \T1/phv/m/n/10 DDS_CONTENT_FILTER_NAME_MAX_LENGTH,
 []

[1186]
Underfull \hbox (badness 10000) in paragraph at lines 5435--5437
[]| \T1/phv/m/n/10 DDS_FIXED_RATE_FLOW_CONTROLLER_NAME,
 []

[1187] [1188]
Underfull \hbox (badness 10000) in paragraph at lines 5663--5665
[]| \T1/phv/m/n/10 DDS_NOT_ALIVE_DISPOSED_INSTANCE_STATE,
 []


Underfull \hbox (badness 10000) in paragraph at lines 5738--5739
[]| \T1/phv/m/n/10 DDS_MANUAL_BY_TOPIC_LIVELINESS_QOS,
 []


Underfull \hbox (badness 10000) in paragraph at lines 5749--5751
[]| \T1/phv/m/n/10 DDS_DomainParticipantResourceLimitsQosPolicy,
 []


Underfull \hbox (badness 10000) in paragraph at lines 5752--5754
[]| \T1/phv/m/n/10 DDS_DomainParticipantResourceLimitsQosPolicy,
 []


Underfull \hbox (badness 10000) in paragraph at lines 5755--5757
[]| \T1/phv/m/n/10 DDS_DomainParticipantResourceLimitsQosPolicy,
 []


Underfull \hbox (badness 10000) in paragraph at lines 5758--5760
[]| \T1/phv/m/n/10 DDS_DomainParticipantResourceLimitsQosPolicy,
 []


Underfull \hbox (badness 10000) in paragraph at lines 5761--5763
[]| \T1/phv/m/n/10 DDS_DomainParticipantResourceLimitsQosPolicy,
 []


Underfull \hbox (badness 10000) in paragraph at lines 5764--5766
[]| \T1/phv/m/n/10 DDS_DomainParticipantResourceLimitsQosPolicy,
 []

[1189]
Underfull \hbox (badness 10000) in paragraph at lines 5809--5811
[]| \T1/phv/m/n/10 DDS_DomainParticipantResourceLimitsQosPolicy,
 []


Underfull \hbox (badness 10000) in paragraph at lines 5812--5814
[]| \T1/phv/m/n/10 DDS_DomainParticipantResourceLimitsQosPolicy,
 []


Underfull \hbox (badness 10000) in paragraph at lines 5823--5825
[]| \T1/phv/m/n/10 DDS_DomainParticipantResourceLimitsQosPolicy,
 []


Underfull \hbox (badness 10000) in paragraph at lines 5848--5850
[]| \T1/phv/m/n/10 DDS_DomainParticipantResourceLimitsQosPolicy,
 []


Underfull \hbox (badness 10000) in paragraph at lines 5851--5853
[]| \T1/phv/m/n/10 DDS_DomainParticipantResourceLimitsQosPolicy,
 []


Underfull \hbox (badness 10000) in paragraph at lines 5854--5856
[]| \T1/phv/m/n/10 DDS_DomainParticipantResourceLimitsQosPolicy,
 []


Underfull \hbox (badness 10000) in paragraph at lines 5857--5859
[]| \T1/phv/m/n/10 DDS_DomainParticipantResourceLimitsQosPolicy,
 []


Underfull \hbox (badness 10000) in paragraph at lines 5864--5866
[]| \T1/phv/m/n/10 DDS_DomainParticipantResourceLimitsQosPolicy,
 []

[1190]
Underfull \hbox (badness 10000) in paragraph at lines 5972--5974
[]| \T1/phv/m/n/10 NE-TIO_LOG_AR_ADD_INVALID_INTERFACE_EC,
 []


Overfull \hbox (20.03741pt too wide) in paragraph at lines 5976--5978
[]| \T1/phv/m/n/10 NE-TIO_LOG_AR_ADDRESS_STRING_EXCEEDED_EC,
 []


Underfull \hbox (badness 10000) in paragraph at lines 5979--5981
[]| \T1/phv/m/n/10 NE-TIO_LOG_AR_CONTEXT_UNINITIALIZED_EC,
 []


Underfull \hbox (badness 10000) in paragraph at lines 5982--5984
[]| \T1/phv/m/n/10 NE-TIO_LOG_AR_PORT_RESOLVE_FAILED_EC,
 []


Underfull \hbox (badness 10000) in paragraph at lines 5992--5994
[]| \T1/phv/m/n/10 NE-TIO_LOG_ILLEGAL_ROUTE_OPERATION_EC,
 []

[1191]
Underfull \hbox (badness 10000) in paragraph at lines 6002--6004
[]| \T1/phv/m/n/10 NE-TIO_LOG_LOOP_INVALID_COMPONENT_EC,
 []


Underfull \hbox (badness 10000) in paragraph at lines 6005--6006
[]| \T1/phv/m/n/10 NE-TIO_LOG_LOOP_INVALID_PROPERTY_EC,
 []


Underfull \hbox (badness 10000) in paragraph at lines 6019--6021
[]| \T1/phv/m/n/10 NE-TIO_LOG_UNBIND_EXTERNAL_FAILED_EC,
 []


Underfull \hbox (badness 10000) in paragraph at lines 6021--6022
[]| \T1/phv/m/n/10 NE-TIO_SHMEM_LOG_ADDRESS_IN_USE_EC,
 []


Overfull \hbox (27.53432pt too wide) in paragraph at lines 6023--6025
[]| \T1/phv/m/n/10 NE-TIO_SHMEM_LOG_CHECK_SYSTEM_SETTINGS_EC,
 []


Overfull \hbox (20.51462pt too wide) in paragraph at lines 6025--6027
[]| \T1/phv/m/n/10 NE-TIO_SHMEM_LOG_CREATE_ATTACH_INFINITE_EC,
 []


Overfull \hbox (44.02232pt too wide) in paragraph at lines 6032--6034
[]| \T1/phv/m/n/10 NE-TIO_SHMEM_LOG_FAILED_TO_ALLOCATE_STRUCT_EC,
 []


Overfull \hbox (71.51704pt too wide) in paragraph at lines 6034--6036
[]| \T1/phv/m/n/10 NE-TIO_SHMEM_LOG_FAILED_TO_ATTACH_CONCURRENT_Q_EC,
 []


Overfull \hbox (31.88132pt too wide) in paragraph at lines 6036--6038
[]| \T1/phv/m/n/10 NE-TIO_SHMEM_LOG_FAILED_TO_GET_TIMESTAMP_EC,
 []


Overfull \hbox (54.94804pt too wide) in paragraph at lines 6038--6040
[]| \T1/phv/m/n/10 NE-TIO_SHMEM_LOG_FAILED_TO_INIT_CONCURRENT_Q_EC,
 []


Overfull \hbox (53.95796pt too wide) in paragraph at lines 6042--6044
[]| \T1/phv/m/n/10 NE-TIO_SHMEM_LOG_FAILED_TO_INIT_SEGMENT_ADDR_EC,
 []


Overfull \hbox (18.96632pt too wide) in paragraph at lines 6044--6046
[]| \T1/phv/m/n/10 NE-TIO_SHMEM_LOG_FAILED_TO_INIT_SIG_SEM_EC,
 []


Overfull \hbox (71.11154pt too wide) in paragraph at lines 6049--6051
[]| \T1/phv/m/n/10 NE-TIO_SHMEM_LOG_IGNORE_TRANSPORT_COMPATIBILITY_EC,
 []


Overfull \hbox (49.86307pt too wide) in paragraph at lines 6051--6053
[]| \T1/phv/m/n/10 NE-TIO_SHMEM_LOG_INCOMPATIBLE_CONCURRENT_Q_EC,
 []


Overfull \hbox (36.38107pt too wide) in paragraph at lines 6057--6059
[]| \T1/phv/m/n/10 NE-TIO_SHMEM_LOG_INCOMPATIBLE_HEADER_SIZE_EC,
 []


Overfull \hbox (45.2729pt too wide) in paragraph at lines 6061--6063
[]| \T1/phv/m/n/10 NE-TIO_SHMEM_LOG_INCONSISTENT_MESSAGE_SIZE_EC,
 []


Underfull \hbox (badness 10000) in paragraph at lines 6063--6065
[]| \T1/phv/m/n/10 NE-TIO_SHMEM_LOG_INITIALIZE_FAILED_EC,
 []


Underfull \hbox (badness 10000) in paragraph at lines 6067--6068
[]| \T1/phv/m/n/10 NE-TIO_SHMEM_LOG_INVALID_FACTORY_EC,
 []


Underfull \hbox (badness 10000) in paragraph at lines 6068--6070
[]| \T1/phv/m/n/10 NE-TIO_SHMEM_LOG_INVALID_PROPERTY_EC,
 []


Overfull \hbox (39.31519pt too wide) in paragraph at lines 6083--6085
[]| \T1/phv/m/n/10 NE-TIO_SHMEM_LOG_SHMEM_MUTEX_LOCK_FAILED_EC,
 []


Overfull \hbox (52.31104pt too wide) in paragraph at lines 6085--6087
[]| \T1/phv/m/n/10 NE-TIO_SHMEM_LOG_SHMEM_MUTEX_UNLOCK_FAILED_EC,
 []


Overfull \hbox (17.83223pt too wide) in paragraph at lines 6087--6089
[]| \T1/phv/m/n/10 NE-TIO_SHMEM_LOG_SIG_SEM_SIGNAL_FAILED_EC,
 []


Overfull \hbox (104.33922pt too wide) in paragraph at lines 6090--6092
[]| \T1/phv/m/n/10 NE-TIO_SHMEM_LOG_UNSUPPORTED_TRANSPORT_COMPATIBILITY_EC,
 []

[1192]
Overfull \hbox (28.77618pt too wide) in paragraph at lines 6102--6104
[]| \T1/phv/m/n/10 UDP_LOG_INCONSISTENT_MAX_MESSSAGE_SIZE_EC,
 []


Underfull \hbox (badness 10000) in paragraph at lines 6139--6140
[]| \T1/phv/m/n/10 UDP_LOG_TRANSPORT_NO_INTERFACES_EC,
 []


Underfull \hbox (badness 10000) in paragraph at lines 6145--6147
[]| \T1/phv/m/n/10 UDP_PRIORITY_MAP_INVALID_MAPPING_EC,
 []


Underfull \hbox (badness 10000) in paragraph at lines 6147--6149
[]| \T1/phv/m/n/10 UDP_PRIORITY_MAP_NEGATIVE_MAPPING_EC,
 []


Overfull \hbox (20.84804pt too wide) in paragraph at lines 6153--6155
[]| \T1/phv/m/n/10 UDP_TRANSFORM_LOG_FACTORY_NOT_FOUND_EC,
 []


Overfull \hbox (60.0062pt too wide) in paragraph at lines 6156--6158
[]| \T1/phv/m/n/10 UDP_TRANSFORM_LOG_INVALID_FACTORY_REFERENCE_EC,
 []


Overfull \hbox (56.3701pt too wide) in paragraph at lines 6158--6160
[]| \T1/phv/m/n/10 UDP_TRANSFORM_LOG_INVALID_TUDP_LOCATOR_KIND_EC,
 []


Overfull \hbox (15.85275pt too wide) in paragraph at lines 6174--6176
[]| \T1/phv/m/n/10 NE-TIO_ADDRESS_UDPv4_ANY_MULTICAST_ROUTE,
 []


Overfull \hbox (15.85275pt too wide) in paragraph at lines 6178--6180
[]| \T1/phv/m/n/10 NE-TIO_ADDRESS_UDPv6_ANY_MULTICAST_ROUTE,
 []


Underfull \hbox (badness 10000) in paragraph at lines 6187--6188
[]| \T1/phv/m/n/10 NE-TIO_DGRAM_INTERFACE_MAX_ADDRESSES,
 []


Underfull \hbox (badness 10000) in paragraph at lines 6188--6190
[]| \T1/phv/m/n/10 NE-TIO_DGRAM_INTERFACE_MAX_INTERFACES,
 []


Overfull \hbox (15.77107pt too wide) in paragraph at lines 6197--6199
[]| \T1/phv/m/n/10 NE-TIO_DGRAM_InterfaceMultiCastGroup_INITIALIZER,
 []


Underfull \hbox (badness 10000) in paragraph at lines 6199--6201
[]| \T1/phv/m/n/10 NE-TIO_DGRAM_InterfaceMultiCastGroup_Invalid,
 []


Underfull \hbox (badness 10000) in paragraph at lines 6201--6203
[]| \T1/phv/m/n/10 NE-TIO_DGRAM_InterfaceMultiCastGroup_UDPv4,
 []


Underfull \hbox (badness 10000) in paragraph at lines 6203--6205
[]| \T1/phv/m/n/10 NE-TIO_DGRAM_InterfaceMultiCastGroup_UDPv6,
 []


Underfull \hbox (badness 10000) in paragraph at lines 6205--6207
[]| \T1/phv/m/n/10 NE-TIO_DGRAM_InterfaceTableEntry_INITIALIZER,
 []


Underfull \hbox (badness 10000) in paragraph at lines 6209--6211
[]| \T1/phv/m/n/10 NE-TIO_DGRAMUserInterface_bind_addressFunc,
 []

[1193] [1194]
Underfull \hbox (badness 10000) in paragraph at lines 6359--6361
[]| \T1/phv/m/n/10 UDP_PRIORITY_MAP_PRIORITY_IGNORED_EC,
 []


Underfull \hbox (badness 10000) in paragraph at lines 6361--6362
[]| \T1/phv/m/n/10 UDP_TRANSFORM_LOG_KIND_DST_INDEX,
 []


Underfull \hbox (badness 10000) in paragraph at lines 6367--6368
[]| \T1/phv/m/n/10 UDP_TRANSFORM_LOG_KIND_SRC_INDEX,
 []


Overfull \hbox (49.43121pt too wide) in paragraph at lines 6368--6370
[]| \T1/phv/m/n/10 UDP_TRANSFORM_LOG_KIND_TRANSFORM_DESTINATION,
 []


Overfull \hbox (66.01793pt too wide) in paragraph at lines 6370--6372
[]| \T1/phv/m/n/10 UDP_TRANSFORM_LOG_KIND_TRANSFORM_NETMASK_INDEX,
 []


Overfull \hbox (28.5066pt too wide) in paragraph at lines 6372--6374
[]| \T1/phv/m/n/10 UDP_TRANSFORM_LOG_KIND_TRANSFORM_SOURCE,
 []

[1195]
Overfull \hbox (19.35068pt too wide) in paragraph at lines 6507--6508
[]\T1/phv/m/n/10 NETIO_SharedMemorySignalingSemaphore_create_or_attach 
 []

[1196]
Overfull \hbox (21.52043pt too wide) in paragraph at lines 6544--6545
[]\T1/phv/m/n/10 NETIO_SHMEM_LOG_FAILED_TO_ALLOCATE_STRUCT_EC 
 []


Overfull \hbox (49.01515pt too wide) in paragraph at lines 6546--6547
[]\T1/phv/m/n/10 NETIO_SHMEM_LOG_FAILED_TO_ATTACH_CONCURRENT_Q_EC 
 []


Overfull \hbox (32.44615pt too wide) in paragraph at lines 6550--6551
[]\T1/phv/m/n/10 NETIO_SHMEM_LOG_FAILED_TO_INIT_CONCURRENT_Q_EC 
 []


Overfull \hbox (31.45607pt too wide) in paragraph at lines 6554--6555
[]\T1/phv/m/n/10 NETIO_SHMEM_LOG_FAILED_TO_INIT_SEGMENT_ADDR_EC 
 []


Overfull \hbox (48.60965pt too wide) in paragraph at lines 6562--6563
[]\T1/phv/m/n/10 NETIO_SHMEM_LOG_IGNORE_TRANSPORT_COMPATIBILITY_EC 
 []


Overfull \hbox (27.36118pt too wide) in paragraph at lines 6564--6565
[]\T1/phv/m/n/10 NETIO_SHMEM_LOG_INCOMPATIBLE_CONCURRENT_Q_EC 
 []


Overfull \hbox (22.77101pt too wide) in paragraph at lines 6574--6575
[]\T1/phv/m/n/10 NETIO_SHMEM_LOG_INCONSISTENT_MESSAGE_SIZE_EC 
 []


Overfull \hbox (16.8133pt too wide) in paragraph at lines 6604--6605
[]\T1/phv/m/n/10 NETIO_SHMEM_LOG_SHMEM_MUTEX_LOCK_FAILED_EC 
 []


Overfull \hbox (29.80914pt too wide) in paragraph at lines 6606--6607
[]\T1/phv/m/n/10 NETIO_SHMEM_LOG_SHMEM_MUTEX_UNLOCK_FAILED_EC 
 []


Overfull \hbox (81.83733pt too wide) in paragraph at lines 6612--6613
[]\T1/phv/m/n/10 NETIO_SHMEM_LOG_UNSUPPORTED_TRANSPORT_COMPATIBILITY_EC 
 []


Underfull \hbox (badness 10000) in paragraph at lines 6627--6628
[]| \T1/phv/m/n/10 DDSHST_WRITER_WRAPPED_HISTORY_NAME,
 []

[1197]
Underfull \hbox (badness 10000) in paragraph at lines 6704--6705
[]| \T1/phv/m/n/10 OS-API_LOG_AUTOSAR_GETEVENT_CALL_EC,
 []


Underfull \hbox (badness 10000) in paragraph at lines 6705--6706
[]| \T1/phv/m/n/10 OS-API_LOG_AUTOSAR_SCHEDULE_CALL_EC,
 []


Underfull \hbox (badness 10000) in paragraph at lines 6706--6707
[]| \T1/phv/m/n/10 OS-API_LOG_AUTOSAR_SETEVENT_CALL_EC,
 []


Underfull \hbox (badness 10000) in paragraph at lines 6711--6713
[]| \T1/phv/m/n/10 OS-API_LOG_AUTOSAR_WAITEVENT_CALL_EC,
 []


Underfull \hbox (badness 10000) in paragraph at lines 6717--6719
[]| \T1/phv/m/n/10 OS-API_LOG_HEAP_INTERNAL_ALLOCATE_EC,
 []


Underfull \hbox (badness 10000) in paragraph at lines 6725--6726
[]| \T1/phv/m/n/10 OS-API_LOG_PTHREAD_COND_DESTROY_EC,
 []


Underfull \hbox (badness 10000) in paragraph at lines 6731--6732
[]| \T1/phv/m/n/10 OS-API_LOG_PTHREAD_CONDATTR_INIT_EC,
 []


Overfull \hbox (28.09251pt too wide) in paragraph at lines 6732--6734
[]| \T1/phv/m/n/10 OS-API_LOG_PTHREAD_CONDATTR_SETPSHARED_EC,
 []


Underfull \hbox (badness 10000) in paragraph at lines 6736--6737
[]| \T1/phv/m/n/10 OS-API_LOG_PTHREAD_MUTEX_DESTROY_EC,
 []


Underfull \hbox (badness 10000) in paragraph at lines 6739--6740
[]| \T1/phv/m/n/10 OS-API_LOG_PTHREAD_MUTEX_UNLOCK_EC,
 []


Overfull \hbox (15.14171pt too wide) in paragraph at lines 6740--6742
[]| \T1/phv/m/n/10 OS-API_LOG_PTHREAD_MUTEXATTR_DESTROY_EC,
 []

[1198]
Underfull \hbox (badness 10000) in paragraph at lines 6742--6744
[]| \T1/phv/m/n/10 OS-API_LOG_PTHREAD_MUTEXATTR_INIT_EC,
 []


Overfull \hbox (47.96388pt too wide) in paragraph at lines 6744--6746
[]| \T1/phv/m/n/10 OS-API_LOG_PTHREAD_MUTEXATTR_SETPRIOCEILING_EC,
 []


Overfull \hbox (39.5584pt too wide) in paragraph at lines 6746--6748
[]| \T1/phv/m/n/10 OS-API_LOG_PTHREAD_MUTEXATTR_SETPROTOCOL_EC,
 []


Overfull \hbox (33.45634pt too wide) in paragraph at lines 6748--6750
[]| \T1/phv/m/n/10 OS-API_LOG_PTHREAD_MUTEXATTR_SETPSHARED_EC,
 []


Overfull \hbox (27.1835pt too wide) in paragraph at lines 6750--6752
[]| \T1/phv/m/n/10 OS-API_LOG_PTHREAD_MUTEXATTR_SETROBUST_EC,
 []


Underfull \hbox (badness 10000) in paragraph at lines 6756--6758
[]| \T1/phv/m/n/10 OS-API_LOG_SEGMENT_ALREADY_EXISTS_EC,
 []


Underfull \hbox (badness 10000) in paragraph at lines 6758--6759
[]| \T1/phv/m/n/10 OS-API_LOG_SEGMENT_DETACH_FAILED_EC,
 []


Underfull \hbox (badness 10000) in paragraph at lines 6759--6760
[]| \T1/phv/m/n/10 OS-API_LOG_SEGMENT_DOESNT_EXIST_EC,
 []


Overfull \hbox (16.25726pt too wide) in paragraph at lines 6760--6762
[]| \T1/phv/m/n/10 OS-API_LOG_SEGMENT_KEY_ALREADY_EXISTS_EC,
 []


Underfull \hbox (badness 10000) in paragraph at lines 6774--6776
[]| \T1/phv/m/n/10 OS-API_LOG_SHMEM_ALREADY_ATTACHED_EC,
 []


Underfull \hbox (badness 10000) in paragraph at lines 6777--6778
[]| \T1/phv/m/n/10 OS-API_LOG_SHMEM_CHECK_UNLINKED_EC,
 []


Underfull \hbox (badness 10000) in paragraph at lines 6781--6782
[]| \T1/phv/m/n/10 OS-API_LOG_SHMEM_INIT_DESCRIPTOR_EC,
 []


Overfull \hbox (19.82129pt too wide) in paragraph at lines 6782--6784
[]| \T1/phv/m/n/10 OS-API_LOG_SHMEM_INVALID_SEGMENT_MODE_EC,
 []


Overfull \hbox (18.82231pt too wide) in paragraph at lines 6784--6786
[]| \T1/phv/m/n/10 OS-API_LOG_SHMEM_INVALID_SEGMENT_NAME_EC,
 []


Overfull \hbox (32.83505pt too wide) in paragraph at lines 6792--6794
[]| \T1/phv/m/n/10 OS-API_LOG_SHMEM_SEGMENT_FILE_MAP_FAILED_EC,
 []


Overfull \hbox (62.75061pt too wide) in paragraph at lines 6794--6796
[]| \T1/phv/m/n/10 OS-API_LOG_SHMEM_SEGMENT_NAME_ALREADY_EXISTS_EC,
 []


Overfull \hbox (53.04877pt too wide) in paragraph at lines 6796--6798
[]| \T1/phv/m/n/10 OS-API_LOG_SHMEM_SEGMENT_NAME_DOESNT_EXIST_EC,
 []


Overfull \hbox (24.69029pt too wide) in paragraph at lines 6798--6800
[]| \T1/phv/m/n/10 OS-API_LOG_SHMEM_SEGMENT_NOT_LOCKABLE_EC,
 []


Underfull \hbox (badness 10000) in paragraph at lines 6802--6804
[]| \T1/phv/m/n/10 OS-API_LOG_SHMEM_SEM_DELETE_FAILED_EC,
 []


Underfull \hbox (badness 10000) in paragraph at lines 6808--6809
[]| \T1/phv/m/n/10 OS-API_LOG_SHMEM_SET_DESCRIPTOR_EC,
 []


Underfull \hbox (badness 10000) in paragraph at lines 6825--6827
[]| \T1/phv/m/n/10 OS-API_LOG_THREAD_GET_MAX_PRIORITY_EC,
 []


Overfull \hbox (15.83427pt too wide) in paragraph at lines 6837--6839
[]| \T1/phv/m/n/10 OS-API_LOG_THREAD_SEMPOOL_INVALID_SEM_EC,
 []


Underfull \hbox (badness 10000) in paragraph at lines 6842--6844
[]| \T1/phv/m/n/10 OS-API_LOG_TIMER_DELETE_STOP_TIMER_EC,
 []

[1199]
Underfull \hbox (badness 10000) in paragraph at lines 6850--6852
[]| \T1/phv/m/n/10 OS-API_LOG_TIMER_NEW_START_TIMER_EC,
 []


Underfull \hbox (badness 10000) in paragraph at lines 6931--6932
[]| \T1/phv/m/n/10 OS-API_THREAD_PRIORITY_ABOVE_NORMAL,
 []


Underfull \hbox (badness 10000) in paragraph at lines 6932--6933
[]| \T1/phv/m/n/10 OS-API_THREAD_PRIORITY_BELOW_NORMAL,
 []


Underfull \hbox (badness 10000) in paragraph at lines 6940--6942
[]| \T1/phv/m/n/10 OS-API_THREAD_USE_OSDEFAULT_STACKSIZE,
 []

[1200] [1201]
Overfull \hbox (25.46199pt too wide) in paragraph at lines 7114--7115
[]\T1/phv/m/n/10 OSAPI_LOG_PTHREAD_MUTEXATTR_SETPRIOCEILING_EC 
 []


Overfull \hbox (17.0565pt too wide) in paragraph at lines 7116--7117
[]\T1/phv/m/n/10 OSAPI_LOG_PTHREAD_MUTEXATTR_SETPROTOCOL_EC 
 []

[1202]
Overfull \hbox (40.24872pt too wide) in paragraph at lines 7196--7197
[]\T1/phv/m/n/10 OSAPI_LOG_SHMEM_SEGMENT_NAME_ALREADY_EXISTS_EC 
 []


Overfull \hbox (30.54688pt too wide) in paragraph at lines 7198--7199
[]\T1/phv/m/n/10 OSAPI_LOG_SHMEM_SEGMENT_NAME_DOESNT_EXIST_EC 
 []

[1203]
Underfull \hbox (badness 10000) in paragraph at lines 7370--7372
[]| \T1/phv/m/n/10 OS-API_SharedMemoryMonitor_mark_consistent,
 []

[1204]
Underfull \hbox (badness 10000) in paragraph at lines 7404--7406
[]| \T1/phv/m/n/10 OS-API_SharedMemorySegment_is_owner_alive,
 []


Underfull \hbox (badness 10000) in paragraph at lines 7411--7413
[]| \T1/phv/m/n/10 OS-API_SharedMemorySegmentHandle_get_size,
 []


Underfull \hbox (badness 10000) in paragraph at lines 7413--7415
[]| \T1/phv/m/n/10 OS-API_SharedMemorySegmentHeader_get_size,
 []


Overfull \hbox (44.57152pt too wide) in paragraph at lines 7417--7419
[]| \T1/phv/m/n/10 OS-API_SHMEM_ATTACH_STATUS_SEGMENT_NOT_FOUND,
 []


Overfull \hbox (22.06963pt too wide) in paragraph at lines 7461--7462
[]\T1/phv/m/n/10 OSAPI_SHMEM_ATTACH_STATUS_SEGMENT_NOT_FOUND 
 []

[1205] [1206]
Underfull \hbox (badness 10000) in paragraph at lines 7647--7649
[]| \T1/phv/m/n/10 DDS_DomainParticipantResourceLimitsQosPolicy,
 []


Underfull \hbox (badness 10000) in paragraph at lines 7650--7652
[]| \T1/phv/m/n/10 DDS_DomainParticipantResourceLimitsQosPolicy,
 []


Underfull \hbox (badness 10000) in paragraph at lines 7700--7702
[]| \T1/phv/m/n/10 DDS_PropertyQosPolicyHelper_assert_property,
 []


Underfull \hbox (badness 10000) in paragraph at lines 7702--7704
[]| \T1/phv/m/n/10 DDS_PropertyQosPolicyHelper_lookup_property,
 []


Underfull \hbox (badness 10000) in paragraph at lines 7704--7706
[]| \T1/phv/m/n/10 DDS_PropertyQosPolicyHelper_remove_property,
 []

[1207]
Underfull \hbox (badness 10000) in paragraph at lines 7761--7762
[]| \T1/phv/m/n/10 DDS_ASYNCHRONOUS_PUBLISH_MODE_QOS,
 []


Underfull \hbox (badness 10000) in paragraph at lines 7766--7767
[]| \T1/phv/m/n/10 DDS_SYNCHRONOUS_PUBLISH_MODE_QOS,
 []


Underfull \hbox (badness 10000) in paragraph at lines 7795--7797
[]| \T1/phv/m/n/10 DDS_DomainParticipantResourceLimitsQosPolicy,
 []


Underfull \hbox (badness 10000) in paragraph at lines 7798--7800
[]| \T1/phv/m/n/10 DDS_DomainParticipantResourceLimitsQosPolicy,
 []


Underfull \hbox (badness 10000) in paragraph at lines 7812--7813
[]| \T1/phv/m/n/10 DDS_OWNERSHIPSTRENGTH_QOS_POLICY_ID,
 []


Underfull \hbox (badness 10000) in paragraph at lines 7823--7825
[]| \T1/phv/m/n/10 DDS_DomainParticipantResourceLimitsQosPolicy,
 []


Underfull \hbox (badness 10000) in paragraph at lines 7826--7828
[]| \T1/phv/m/n/10 DDS_DomainParticipantResourceLimitsQosPolicy,
 []

[1208]
Overfull \hbox (32.88008pt too wide) in paragraph at lines 7841--7843
[]| \T1/phv/m/n/10 NE-TIO_SHMEM_LOG_CQ_INCOMPATIBLE_VERSION_EC,
 []


Overfull \hbox (21.36948pt too wide) in paragraph at lines 7843--7845
[]| \T1/phv/m/n/10 NE-TIO_SHMEM_LOG_CQ_INCONSISTENT_STATE_EC,
 []


Overfull \hbox (22.36845pt too wide) in paragraph at lines 7845--7847
[]| \T1/phv/m/n/10 NE-TIO_SHMEM_LOG_CQ_INT_REPRESENTATION_EC,
 []


Underfull \hbox (badness 10000) in paragraph at lines 7850--7851
[]| \T1/phv/m/n/10 REDA_LOG_BUFFER_OUT_OF_MEMORY_EC,
 []


Overfull \hbox (70.21162pt too wide) in paragraph at lines 7851--7853
[]| \T1/phv/m/n/10 REDA_LOG_BUFFERPOOL_BUFFER_INITIALIZATION_FAILED_EC,
 []


Underfull \hbox (badness 10000) in paragraph at lines 7853--7854
[]| \T1/phv/m/n/10 REDA_LOG_BUFFERPOOL_DOUBLE_FREE_EC,
 []


Underfull \hbox (badness 10000) in paragraph at lines 7854--7855
[]| \T1/phv/m/n/10 REDA_LOG_BUFFERPOOL_NOT_EMPTY_EC,
 []


Underfull \hbox (badness 10000) in paragraph at lines 7855--7857
[]| \T1/phv/m/n/10 REDA_LOG_BUFFERPOOL_NULL_POINTER_EC,
 []


Overfull \hbox (27.08452pt too wide) in paragraph at lines 7857--7859
[]| \T1/phv/m/n/10 REDA_LOG_BUFFERPOOL_OUT_OF_RESOURCES_EC,
 []


Underfull \hbox (badness 10000) in paragraph at lines 7865--7867
[]| \T1/phv/m/n/10 REDA_LOG_HEAP_MGR_MUTEX_FAILURE_EC,
 []


Overfull \hbox (43.2301pt too wide) in paragraph at lines 7873--7875
[]| \T1/phv/m/n/10 REDA_LOG_MEMPOOL_INCONSISTENT_PROPERTIES_EC,
 []


Underfull \hbox (badness 10000) in paragraph at lines 7877--7879
[]| \T1/phv/m/n/10 REDA_LOG_MEMPOOL_POOL_ALLOCATION_EC,
 []


Underfull \hbox (badness 10000) in paragraph at lines 7879--7880
[]| \T1/phv/m/n/10 REDA_LOG_SEQUENCE_ALLOC_FAILED_EC,
 []


Overfull \hbox (30.58539pt too wide) in paragraph at lines 7881--7883
[]| \T1/phv/m/n/10 REDA_LOG_SEQUENCE_INDEX_OUT_OF_BOUNDS_EC,
 []


Underfull \hbox (badness 10000) in paragraph at lines 7883--7885
[]| \T1/phv/m/n/10 REDA_LOG_SEQUENCE_INVALID_LENGTH_EC,
 []


Underfull \hbox (badness 10000) in paragraph at lines 7887--7888
[]| \T1/phv/m/n/10 REDA_LOG_SEQUENCE_REALLOCATION_EC,
 []


Underfull \hbox (badness 10000) in paragraph at lines 7888--7890
[]| \T1/phv/m/n/10 REDA_LOG_SEQUENCE_SET_MAX_FAILED_EC,
 []


Overfull \hbox (47.70973pt too wide) in paragraph at lines 7898--7899
[]\T1/phv/m/n/10 REDA_LOG_BUFFERPOOL_BUFFER_INITIALIZATION_FAILED_EC 
 []


Overfull \hbox (20.72821pt too wide) in paragraph at lines 7930--7931
[]\T1/phv/m/n/10 REDA_LOG_MEMPOOL_INCONSISTENT_PROPERTIES_EC 
 []

[1209]
Underfull \hbox (badness 10000) in paragraph at lines 7970--7972
[]| \T1/phv/m/n/10 DDS_DomainParticipantResourceLimitsQosPolicy,
 []


Underfull \hbox (badness 10000) in paragraph at lines 7973--7975
[]| \T1/phv/m/n/10 DDS_DomainParticipantResourceLimitsQosPolicy,
 []


Underfull \hbox (badness 10000) in paragraph at lines 7976--7978
[]| \T1/phv/m/n/10 DDS_DomainParticipantResourceLimitsQosPolicy,
 []


Overfull \hbox (68.82587pt too wide) in paragraph at lines 8021--8023
[]| \T1/phv/m/n/10 RHSM_LOG_DESTINATION_BY_SOURCE_NOT_SUPPORTED_EC,
 []


Underfull \hbox (badness 10000) in paragraph at lines 8023--8025
[]| \T1/phv/m/n/10 RHSM_LOG_ENTRY_RESERVATION_FAILED_EC,
 []


Underfull \hbox (badness 10000) in paragraph at lines 8025--8027
[]| \T1/phv/m/n/10 RHSM_LOG_FAILED_TO_REMOVE_OLDEST_EC,
 []


Underfull \hbox (badness 10000) in paragraph at lines 8027--8029
[]| \T1/phv/m/n/10 RHSM_LOG_GET_RECEPTION_TIMESTAMP_EC,
 []


Overfull \hbox (20.46057pt too wide) in paragraph at lines 8032--8034
[]| \T1/phv/m/n/10 RHSM_LOG_INVALID_INSTANCE_REPLACEMENT_EC,
 []


Overfull \hbox (38.1093pt too wide) in paragraph at lines 8034--8036
[]| \T1/phv/m/n/10 RHSM_LOG_KEEP_ALL_HISTORY_NOT_SUPPORTED_EC,
 []


Underfull \hbox (badness 10000) in paragraph at lines 8036--8037
[]| \T1/phv/m/n/10 RHSM_LOG_MAX_SAMPLE_TOO_SMALL_EC,
 []

[1210]
Overfull \hbox (46.32397pt too wide) in paragraph at lines 8077--8078
[]\T1/phv/m/n/10 RHSM_LOG_DESTINATION_BY_SOURCE_NOT_SUPPORTED_EC 
 []


Overfull \hbox (15.6074pt too wide) in paragraph at lines 8097--8098
[]\T1/phv/m/n/10 RHSM_LOG_KEEP_ALL_HISTORY_NOT_SUPPORTED_EC 
 []


Underfull \hbox (badness 10000) in paragraph at lines 8156--8158
[]| \T1/phv/m/n/10 RT_LOG_REGISTRY_INCONSISTENT_CID_EC,
 []

[1211]
Underfull \hbox (badness 10000) in paragraph at lines 8232--8234
[]| \T1/phv/m/n/10 RTPS_LOG_BITCOUNT_OUT_OF_BOUNDS_EC,
 []


Overfull \hbox (72.46188pt too wide) in paragraph at lines 8237--8239
[]| \T1/phv/m/n/10 RTPS_LOG_CHECKSUM_CHECKSUM_CALCULATION_FAILED_EC,
 []


Overfull \hbox (70.58083pt too wide) in paragraph at lines 8239--8241
[]| \T1/phv/m/n/10 RTPS_LOG_CHECKSUM_CHECKSUM_DESERIALIZE_ERROR_EC,
 []


Overfull \hbox (77.83449pt too wide) in paragraph at lines 8243--8245
[]| \T1/phv/m/n/10 RTPS_LOG_CHECKSUM_ILLEGAL_OVERRIDE_CHECKSUM128_EC,
 []


Overfull \hbox (72.83058pt too wide) in paragraph at lines 8245--8247
[]| \T1/phv/m/n/10 RTPS_LOG_CHECKSUM_ILLEGAL_OVERRIDE_CHECKSUM32_EC,
 []


Overfull \hbox (72.83058pt too wide) in paragraph at lines 8247--8249
[]| \T1/phv/m/n/10 RTPS_LOG_CHECKSUM_ILLEGAL_OVERRIDE_CHECKSUM64_EC,
 []


Overfull \hbox (26.75154pt too wide) in paragraph at lines 8249--8251
[]| \T1/phv/m/n/10 RTPS_LOG_CHECKSUM_INCONSISTENT_LENGTH_EC,
 []


Overfull \hbox (21.2796pt too wide) in paragraph at lines 8251--8253
[]| \T1/phv/m/n/10 RTPS_LOG_CHECKSUM_INVALID_CRC32_FLAGS_EC,
 []


Overfull \hbox (57.53076pt too wide) in paragraph at lines 8253--8255
[]| \T1/phv/m/n/10 RTPS_LOG_CHECKSUM_INVALID_OVERRIDE_BUILTIN128_EC,
 []


Overfull \hbox (52.52686pt too wide) in paragraph at lines 8255--8257
[]| \T1/phv/m/n/10 RTPS_LOG_CHECKSUM_INVALID_OVERRIDE_BUILTIN32_EC,
 []


Overfull \hbox (52.52686pt too wide) in paragraph at lines 8257--8259
[]| \T1/phv/m/n/10 RTPS_LOG_CHECKSUM_INVALID_OVERRIDE_BUILTIN64_EC,
 []


Overfull \hbox (55.58702pt too wide) in paragraph at lines 8259--8261
[]| \T1/phv/m/n/10 RTPS_LOG_CHECKSUM_LENGTH_DESERIALIZE_ERROR_EC,
 []


Overfull \hbox (54.25505pt too wide) in paragraph at lines 8261--8263
[]| \T1/phv/m/n/10 RTPS_LOG_CHECKSUM_MISSING_CHECKSUM_LENGTH_EC,
 []


Overfull \hbox (33.3125pt too wide) in paragraph at lines 8263--8265
[]| \T1/phv/m/n/10 RTPS_LOG_CHECKSUM_TOO_MANY_SG_BUFFERS_EC,
 []

[1212]
Underfull \hbox (badness 10000) in paragraph at lines 8265--8266
[]| \T1/phv/m/n/10 RTPS_LOG_CHECKSUM_UNSUPPORTED_EC,
 []


Underfull \hbox (badness 10000) in paragraph at lines 8271--8273
[]| \T1/phv/m/n/10 RTPS_LOG_CREATE_REASSEMBLY_TABLE_EC,
 []


Underfull \hbox (badness 10000) in paragraph at lines 8279--8281
[]| \T1/phv/m/n/10 RTPS_LOG_DB_CREATE_DIRECT_INDEX_EC,
 []


Underfull \hbox (badness 10000) in paragraph at lines 8281--8283
[]| \T1/phv/m/n/10 RTPS_LOG_DB_CREATE_EXT_BIND_ENTRY_EC,
 []


Underfull \hbox (badness 10000) in paragraph at lines 8283--8284
[]| \T1/phv/m/n/10 RTPS_LOG_DB_CREATE_GROUP_INDEX_EC,
 []


Underfull \hbox (badness 10000) in paragraph at lines 8284--8285
[]| \T1/phv/m/n/10 RTPS_LOG_DB_CREATE_ROUTE_ENTRY_EC,
 []


Overfull \hbox (19.23671pt too wide) in paragraph at lines 8287--8289
[]| \T1/phv/m/n/10 RTPS_LOG_DB_CREATE_ROUTE_XPORT_INDEX_EC,
 []


Overfull \hbox (37.5153pt too wide) in paragraph at lines 8289--8291
[]| \T1/phv/m/n/10 RTPS_LOG_DB_CREATE_SELECTED_GROUP_INDEX_EC,
 []


Overfull \hbox (28.32642pt too wide) in paragraph at lines 8291--8293
[]| \T1/phv/m/n/10 RTPS_LOG_DB_DELETE_EXTERNAL_BIND_ENTRY_EC,
 []


Underfull \hbox (badness 10000) in paragraph at lines 8293--8294
[]| \T1/phv/m/n/10 RTPS_LOG_DB_DELETE_ROUTE_ENTRY_EC,
 []


Underfull \hbox (badness 10000) in paragraph at lines 8295--8296
[]| \T1/phv/m/n/10 RTPS_LOG_DB_INSERT_ROUTE_ENTRY_EC,
 []


Overfull \hbox (31.87231pt too wide) in paragraph at lines 8298--8300
[]| \T1/phv/m/n/10 RTPS_LOG_DB_REMOVE_EXTERNAL_BIND_ENTRY_EC,
 []


Underfull \hbox (badness 10000) in paragraph at lines 8312--8314
[]| \T1/phv/m/n/10 RTPS_LOG_DESERIALIZE_INSTANCE_ID_EC,
 []


Underfull \hbox (badness 10000) in paragraph at lines 8320--8322
[]| \T1/phv/m/n/10 RTPS_LOG_FIND_EXTERNAL_INTERFACE_EC,
 []


Underfull \hbox (badness 10000) in paragraph at lines 8322--8324
[]| \T1/phv/m/n/10 RTPS_LOG_FIRST_SN_GREATER_LAST_SN_EC,
 []


Overfull \hbox (54.57915pt too wide) in paragraph at lines 8330--8332
[]| \T1/phv/m/n/10 RTPS_LOG_INCONSISTENT_HDR_EXT_LENGTH_ERROR_EC,
 []


Underfull \hbox (badness 10000) in paragraph at lines 8341--8343
[]| \T1/phv/m/n/10 RTPS_LOG_INVALID_HDR_EXT_PID_LIST_EC,
 []


Underfull \hbox (badness 10000) in paragraph at lines 8345--8346
[]| \T1/phv/m/n/10 RTPS_LOG_LOOKUP_EXT_BIND_ENTRY_EC,
 []


Overfull \hbox (26.82349pt too wide) in paragraph at lines 8347--8349
[]| \T1/phv/m/n/10 RTPS_LOG_MESSAGE_EXCEED_LENGTH_ERROR_EC,
 []


Overfull \hbox (36.82237pt too wide) in paragraph at lines 8351--8353
[]| \T1/phv/m/n/10 RTPS_LOG_NETIO_PACKET_INSUFFICIENT_BUFFER_EC,
 []


Underfull \hbox (badness 10000) in paragraph at lines 8365--8367
[]| \T1/phv/m/n/10 RTPS_LOG_PROCESS_HEARTBEAT_BATCH_EC,
 []

[1213]
Underfull \hbox (badness 10000) in paragraph at lines 8384--8385
[]| \T1/phv/m/n/10 RTPS_LOG_SEQ_NUM_OUT_OF_RANGE_EC,
 []


Underfull \hbox (badness 10000) in paragraph at lines 8391--8393
[]| \T1/phv/m/n/10 RTPS_LOG_SHIFT_SN_OUT_OF_RANGE_EC,
 []


Overfull \hbox (74.03697pt too wide) in paragraph at lines 8399--8401
[]| \T1/phv/m/n/10 RTPS_LOG_TRUST_INCONSISTENT_INTERCEPTOR_HANDLE_EC,
 []


Overfull \hbox (53.0493pt too wide) in paragraph at lines 8401--8403
[]| \T1/phv/m/n/10 RTPS_LOG_TRUST_INTERCEPTOR_HANDLE_LIST_FULL_EC,
 []


Overfull \hbox (114.32942pt too wide) in paragraph at lines 8404--8406
[]| \T1/phv/m/n/10 RTPS_LOG_TRUST_REMOTE_PARTICIPANT_HANDLE_CREATE_FAILED_EC,
 []


Overfull \hbox (111.63844pt too wide) in paragraph at lines 8406--8408
[]| \T1/phv/m/n/10 RTPS_LOG_TRUST_REMOTE_PARTICIPANT_HANDLE_INSERT_FAILED_EC,
 []


Overfull \hbox (116.41725pt too wide) in paragraph at lines 8408--8410
[]| \T1/phv/m/n/10 RTPS_LOG_TRUST_REMOTE_PARTICIPANT_HANDLE_LOOKUP_FAILED_EC,
 []


Overfull \hbox (36.68736pt too wide) in paragraph at lines 8410--8412
[]| \T1/phv/m/n/10 RTPS_LOG_TRUST_SUBMSG_CONVERSION_FAILED_EC,
 []


Overfull \hbox (32.24168pt too wide) in paragraph at lines 8412--8414
[]| \T1/phv/m/n/10 RTPS_LOG_TRUST_UNEXPECTED_READER_STATE_EC,
 []


Underfull \hbox (badness 10000) in paragraph at lines 8416--8417
[]| \T1/phv/m/n/10 RTPS_LOG_UNSUPPORTED_INFO_REPLY_EC,
 []


Underfull \hbox (badness 10000) in paragraph at lines 8420--8421
[]| \T1/phv/m/n/10 RTPS_LOG_UNSUPPORTED_INTERFACE_EC,
 []


Overfull \hbox (53.1753pt too wide) in paragraph at lines 8421--8423
[]| \T1/phv/m/n/10 RTPS_LOG_UNSUPPORTED_MANDTORY_HDR_EXT_PID_EC,
 []


Overfull \hbox (15.35757pt too wide) in paragraph at lines 8423--8425
[]| \T1/phv/m/n/10 RTPS_LOG_UPDATE_RELIABLE_PEERS_FILTER_EC,
 []


Underfull \hbox (badness 10000) in paragraph at lines 8426--8427
[]| \T1/phv/m/n/10 RTPS_LOG_WINDOW_ADVANCE_UNACKED_EC,
 []


Overfull \hbox (18.85864pt too wide) in paragraph at lines 8429--8431
[]| \T1/phv/m/n/10 RTPS_LOG_WRITER_REQUEST_SENT_HISTORY_EC,
 []

[1214]
Underfull \hbox (badness 10000) in paragraph at lines 8487--8489
[]| \T1/phv/m/n/10 RTPS_LOG_DB_REMOVE_ROUTE_ENTRY_EC,
 []


Overfull \hbox (49.95999pt too wide) in paragraph at lines 8513--8514
[]\T1/phv/m/n/10 RTPS_LOG_CHECKSUM_CHECKSUM_CALCULATION_FAILED_EC 
 []


Overfull \hbox (48.07893pt too wide) in paragraph at lines 8515--8516
[]\T1/phv/m/n/10 RTPS_LOG_CHECKSUM_CHECKSUM_DESERIALIZE_ERROR_EC 
 []


Overfull \hbox (55.3326pt too wide) in paragraph at lines 8519--8520
[]\T1/phv/m/n/10 RTPS_LOG_CHECKSUM_ILLEGAL_OVERRIDE_CHECKSUM128_EC 
 []


Overfull \hbox (50.32869pt too wide) in paragraph at lines 8521--8522
[]\T1/phv/m/n/10 RTPS_LOG_CHECKSUM_ILLEGAL_OVERRIDE_CHECKSUM32_EC 
 []


Overfull \hbox (50.32869pt too wide) in paragraph at lines 8523--8524
[]\T1/phv/m/n/10 RTPS_LOG_CHECKSUM_ILLEGAL_OVERRIDE_CHECKSUM64_EC 
 []


Overfull \hbox (35.02887pt too wide) in paragraph at lines 8529--8530
[]\T1/phv/m/n/10 RTPS_LOG_CHECKSUM_INVALID_OVERRIDE_BUILTIN128_EC 
 []


Overfull \hbox (30.02496pt too wide) in paragraph at lines 8531--8532
[]\T1/phv/m/n/10 RTPS_LOG_CHECKSUM_INVALID_OVERRIDE_BUILTIN32_EC 
 []


Overfull \hbox (30.02496pt too wide) in paragraph at lines 8533--8534
[]\T1/phv/m/n/10 RTPS_LOG_CHECKSUM_INVALID_OVERRIDE_BUILTIN64_EC 
 []


Overfull \hbox (33.08513pt too wide) in paragraph at lines 8535--8536
[]\T1/phv/m/n/10 RTPS_LOG_CHECKSUM_LENGTH_DESERIALIZE_ERROR_EC 
 []


Overfull \hbox (31.75316pt too wide) in paragraph at lines 8537--8538
[]\T1/phv/m/n/10 RTPS_LOG_CHECKSUM_MISSING_CHECKSUM_LENGTH_EC 
 []


Overfull \hbox (15.01341pt too wide) in paragraph at lines 8577--8578
[]\T1/phv/m/n/10 RTPS_LOG_DB_CREATE_SELECTED_GROUP_INDEX_EC 
 []

[1215]
Overfull \hbox (32.07726pt too wide) in paragraph at lines 8647--8648
[]\T1/phv/m/n/10 RTPS_LOG_INCONSISTENT_HDR_EXT_LENGTH_ERROR_EC 
 []

[1216]
Overfull \hbox (51.53508pt too wide) in paragraph at lines 8765--8766
[]\T1/phv/m/n/10 RTPS_LOG_TRUST_INCONSISTENT_INTERCEPTOR_HANDLE_EC 
 []


Overfull \hbox (30.54741pt too wide) in paragraph at lines 8767--8768
[]\T1/phv/m/n/10 RTPS_LOG_TRUST_INTERCEPTOR_HANDLE_LIST_FULL_EC 
 []


Overfull \hbox (91.82753pt too wide) in paragraph at lines 8771--8772
[]\T1/phv/m/n/10 RTPS_LOG_TRUST_REMOTE_PARTICIPANT_HANDLE_CREATE_FAILED_EC 
 []


Overfull \hbox (89.13655pt too wide) in paragraph at lines 8773--8774
[]\T1/phv/m/n/10 RTPS_LOG_TRUST_REMOTE_PARTICIPANT_HANDLE_INSERT_FAILED_EC 
 []


Overfull \hbox (93.91536pt too wide) in paragraph at lines 8775--8776
[]\T1/phv/m/n/10 RTPS_LOG_TRUST_REMOTE_PARTICIPANT_HANDLE_LOOKUP_FAILED_EC 
 []


Overfull \hbox (30.6734pt too wide) in paragraph at lines 8793--8794
[]\T1/phv/m/n/10 RTPS_LOG_UNSUPPORTED_MANDTORY_HDR_EXT_PID_EC 
 []

[1217]
Underfull \hbox (badness 10000) in paragraph at lines 8896--8898
[]| \T1/phv/m/n/10 NE-TIO_SharedMemorySegment_create_or_attach,
 []


Underfull \hbox (badness 10000) in paragraph at lines 8906--8908
[]| \T1/phv/m/n/10 NE-TIO_SharedMemorySignalingSemaphore_attach,
 []

[1218]
Underfull \hbox (badness 10000) in paragraph at lines 8908--8910
[]| \T1/phv/m/n/10 NE-TIO_SharedMemorySignalingSemaphore_create,
 []


Overfull \hbox (41.85257pt too wide) in paragraph at lines 8910--8912
[]| \T1/phv/m/n/10 NE-TIO_SharedMemorySignalingSemaphore_create_or_attach,
 []


Underfull \hbox (badness 10000) in paragraph at lines 8912--8914
[]| \T1/phv/m/n/10 NE-TIO_SharedMemorySignalingSemaphore_delete,
 []


Underfull \hbox (badness 10000) in paragraph at lines 8916--8918
[]| \T1/phv/m/n/10 NE-TIO_SharedMemorySignalingSemaphore_signal,
 []


Underfull \hbox (badness 10000) in paragraph at lines 8918--8920
[]| \T1/phv/m/n/10 NE-TIO_SharedMemorySignalingSemaphore_wait,
 []


Underfull \hbox (badness 10000) in paragraph at lines 8923--8925
[]| \T1/phv/m/n/10 NE-TIO_SHMEMInterfaceFactoryProperty_finalize,
 []


Underfull \hbox (badness 10000) in paragraph at lines 8925--8927
[]| \T1/phv/m/n/10 NE-TIO_SHMEMInterfaceFactoryProperty_initialize,
 []


Underfull \hbox (badness 10000) in paragraph at lines 8934--8936
[]| \T1/phv/m/n/10 DDS_DomainParticipantResourceLimitsQosPolicy,
 []


Underfull \hbox (badness 10000) in paragraph at lines 8960--8961
[]| \T1/phv/m/n/10 DDS_OFFERED_DEADLINE_MISSED_STATUS,
 []


Underfull \hbox (badness 10000) in paragraph at lines 8961--8962
[]| \T1/phv/m/n/10 DDS_OFFERED_INCOMPATIBLE_QOS_STATUS,
 []


Overfull \hbox (34.60834pt too wide) in paragraph at lines 8963--8965
[]| \T1/phv/m/n/10 DDS_RELIABLE_READER_ACTIVITY_CHANGED_STATUS,
 []


Underfull \hbox (badness 10000) in paragraph at lines 8965--8967
[]| \T1/phv/m/n/10 DDS_REQUESTED_DEADLINE_MISSED_STATUS,
 []


Underfull \hbox (badness 10000) in paragraph at lines 9004--9006
[]| \T1/phv/m/n/10 DDS_SubscriberListener_DataOnReadersCallback,
 []


Underfull \hbox (badness 10000) in paragraph at lines 9012--9014
[]| \T1/phv/m/n/10 DDS_DomainParticipantResourceLimitsQosPolicy,
 []


Underfull \hbox (badness 10000) in paragraph at lines 9015--9017
[]| \T1/phv/m/n/10 DDS_DomainParticipantResourceLimitsQosPolicy,
 []

[1219]
Underfull \hbox (badness 10000) in paragraph at lines 9105--9107
[]| \T1/phv/m/n/10 DDS_DomainParticipantResourceLimitsQosPolicy,
 []


Underfull \hbox (badness 10000) in paragraph at lines 9108--9110
[]| \T1/phv/m/n/10 DDS_DomainParticipantResourceLimitsQosPolicy,
 []

[1220] [1221] [1222]
Overfull \hbox (37.5043pt too wide) in paragraph at lines 9411--9412
[]\T1/phv/m/n/10 UDP_TRANSFORM_LOG_INVALID_FACTORY_REFERENCE_EC 
 []


Overfull \hbox (33.86821pt too wide) in paragraph at lines 9413--9414
[]\T1/phv/m/n/10 UDP_TRANSFORM_LOG_INVALID_TUDP_LOCATOR_KIND_EC 
 []


Overfull \hbox (26.92932pt too wide) in paragraph at lines 9429--9430
[]\T1/phv/m/n/10 UDP_TRANSFORM_LOG_KIND_TRANSFORM_DESTINATION 
 []


Overfull \hbox (43.51604pt too wide) in paragraph at lines 9431--9432
[]\T1/phv/m/n/10 UDP_TRANSFORM_LOG_KIND_TRANSFORM_NETMASK_INDEX 
 []

[1223]
Underfull \hbox (badness 10000) in paragraph at lines 9475--9477
[]| \T1/phv/m/n/10 FooType-Sup-port_deserialize_data_from_cdr_buffer,
 []


Underfull \hbox (badness 10000) in paragraph at lines 9480--9482
[]| \T1/phv/m/n/10 FooType-Sup-port_serialize_data_to_cdr_buffer_ex,
 []


Overfull \hbox (40.10725pt too wide) in paragraph at lines 9539--9541
[]| \T1/phv/m/n/10 WHSM_LOG_KEEP_ALL_HISTORY_NOT_SUPPORTED_EC,
 []


Underfull \hbox (badness 10000) in paragraph at lines 9541--9542
[]| \T1/phv/m/n/10 WHSM_LOG_MAX_SAMPLES_TOO_SMALL_EC,
 []


Overfull \hbox (43.58131pt too wide) in paragraph at lines 9546--9548
[]| \T1/phv/m/n/10 WHSM_LOG_UNLIMITED_HISTORY_NOT_SUPPORTED_EC,
 []


Underfull \hbox (badness 10000) in paragraph at lines 9559--9560
[]| \T1/phv/m/n/10 WHSM_LOG_THREAD_SEMAPHORE_OBJECT,
 []


Overfull \hbox (17.60536pt too wide) in paragraph at lines 9575--9576
[]\T1/phv/m/n/10 WHSM_LOG_KEEP_ALL_HISTORY_NOT_SUPPORTED_EC 
 []

[1224]
Overfull \hbox (21.07942pt too wide) in paragraph at lines 9601--9602
[]\T1/phv/m/n/10 WHSM_LOG_UNLIMITED_HISTORY_NOT_SUPPORTED_EC 
 []


Overfull \hbox (39.61221pt too wide) in paragraph at lines 9606--9608
[]| \T1/phv/m/n/10 WHSQ_LOG_KEEP_ALL_HISTORY_NOT_SUPPORTED_EC,
 []


Underfull \hbox (badness 10000) in paragraph at lines 9608--9609
[]| \T1/phv/m/n/10 WHSQ_LOG_MAX_SAMPLES_TOO_SMALL_EC,
 []


Overfull \hbox (43.08627pt too wide) in paragraph at lines 9613--9615
[]| \T1/phv/m/n/10 WHSQ_LOG_UNLIMITED_HISTORY_NOT_SUPPORTED_EC,
 []


Overfull \hbox (17.11032pt too wide) in paragraph at lines 9624--9625
[]\T1/phv/m/n/10 WHSQ_LOG_KEEP_ALL_HISTORY_NOT_SUPPORTED_EC 
 []


Overfull \hbox (20.58438pt too wide) in paragraph at lines 9636--9637
[]\T1/phv/m/n/10 WHSQ_LOG_UNLIMITED_HISTORY_NOT_SUPPORTED_EC 
 []


Overfull \hbox (24.04263pt too wide) in paragraph at lines 9648--9650
[]| \T1/phv/m/n/10 DDS_INTEROPERABLE_RTPS_WELL_KNOWN_PORTS,
 []


Overfull \hbox (86.07872pt too wide) in paragraph at lines 9650--9652
[]| \T1/phv/m/n/10 DDS_RTI_BACKWARDS_COMPATIBLE_RTPS_WELL_KNOWN_PORTS,
 []


Underfull \hbox (badness 10000) in paragraph at lines 9661--9663
[]| \T1/phv/m/n/10 DDS_DomainParticipantResourceLimitsQosPolicy,
 []


Underfull \hbox (badness 10000) in paragraph at lines 9664--9666
[]| \T1/phv/m/n/10 DDS_DomainParticipantResourceLimitsQosPolicy,
 []

[1225] [1226]
Underfull \hbox (badness 10000) in paragraph at lines 9869--9871
[]| \T1/phv/m/n/10 ZCOPY_NotifUserInterface_release_addressFunc,
 []


Underfull \hbox (badness 10000) in paragraph at lines 9871--9873
[]| \T1/phv/m/n/10 ZCOPY_NotifUserInterface_reserve_addressFunc,
 []


Underfull \hbox (badness 10000) in paragraph at lines 9882--9884
[]| \T1/phv/m/n/10 ZCOPY_LOG_NOTIF_DB_CREATE_RECORD_EC,
 []


Underfull \hbox (badness 10000) in paragraph at lines 9884--9885
[]| \T1/phv/m/n/10 ZCOPY_LOG_NOTIF_DB_CURSOR_NEXT_EC,
 []


Underfull \hbox (badness 10000) in paragraph at lines 9885--9887
[]| \T1/phv/m/n/10 ZCOPY_LOG_NOTIF_DB_DELETE_RECORD_EC,
 []


Underfull \hbox (badness 10000) in paragraph at lines 9887--9889
[]| \T1/phv/m/n/10 ZCOPY_LOG_NOTIF_DB_INSERT_RECORD_EC,
 []


Underfull \hbox (badness 10000) in paragraph at lines 9892--9894
[]| \T1/phv/m/n/10 ZCOPY_LOG_NOTIF_DB_SELECT_RECORD_EC,
 []


Underfull \hbox (badness 10000) in paragraph at lines 9894--9896
[]| \T1/phv/m/n/10 ZCOPY_LOG_NOTIF_DB_TABLE_CREATE_EC,
 []


Underfull \hbox (badness 10000) in paragraph at lines 9896--9898
[]| \T1/phv/m/n/10 ZCOPY_LOG_NOTIF_DB_TABLE_DELETE_EC,
 []


Overfull \hbox (22.72856pt too wide) in paragraph at lines 9899--9901
[]| \T1/phv/m/n/10 ZCOPY_LOG_NOTIF_GUID_BUFFER_TOO_SMALL_EC,
 []


Underfull \hbox (badness 10000) in paragraph at lines 9906--9908
[]| \T1/phv/m/n/10 ZCOPY_LOG_NOTIF_INVALID_NUM_SLOTS_EC,
 []


Underfull \hbox (badness 10000) in paragraph at lines 9910--9912
[]| \T1/phv/m/n/10 ZCOPY_LOG_NOTIF_INVALID_PROPERTY_EC,
 []

[1227]
Overfull \hbox (15.97874pt too wide) in paragraph at lines 9912--9914
[]| \T1/phv/m/n/10 ZCOPY_LOG_NOTIF_MECHANISM_ADD_ROUTE_EC,
 []


Overfull \hbox (21.58557pt too wide) in paragraph at lines 9915--9917
[]| \T1/phv/m/n/10 ZCOPY_LOG_NOTIF_MECHANISM_CREATE_INST_EC,
 []


Overfull \hbox (31.98944pt too wide) in paragraph at lines 9917--9919
[]| \T1/phv/m/n/10 ZCOPY_LOG_NOTIF_MECHANISM_DELETE_ROUTE_EC,
 []


Overfull \hbox (32.67334pt too wide) in paragraph at lines 9919--9921
[]| \T1/phv/m/n/10 ZCOPY_LOG_NOTIF_MECHANISM_RELEASE_ADDR_EC,
 []


Overfull \hbox (33.71735pt too wide) in paragraph at lines 9921--9923
[]| \T1/phv/m/n/10 ZCOPY_LOG_NOTIF_MECHANISM_RESERVE_ADDR_EC,
 []


Underfull \hbox (badness 10000) in paragraph at lines 9923--9924
[]| \T1/phv/m/n/10 ZCOPY_LOG_NOTIF_MECHANISM_SEND_EC,
 []


Underfull \hbox (badness 10000) in paragraph at lines 9924--9926
[]| \T1/phv/m/n/10 ZCOPY_LOG_NOTIF_MECHANISM_UNBIND_EC,
 []


Underfull \hbox (badness 10000) in paragraph at lines 9927--9929
[]| \T1/phv/m/n/10 ZCOPY_LOG_NOTIF_NO_MORE_NOTIFIERS_EC,
 []


Underfull \hbox (badness 10000) in paragraph at lines 9930--9932
[]| \T1/phv/m/n/10 ZCOPY_LOG_NOTIF_NOTIFIEE_DESTROY_EC,
 []


Underfull \hbox (badness 10000) in paragraph at lines 9936--9938
[]| \T1/phv/m/n/10 ZCOPY_LOG_NOTIF_NOTIFIER_CONNECT_EC,
 []


Underfull \hbox (badness 10000) in paragraph at lines 9943--9945
[]| \T1/phv/m/n/10 ZCOPY_LOG_NOTIF_RECEIVE_ON_EVENT_EC,
 []


Overfull \hbox (21.5225pt too wide) in paragraph at lines 9945--9947
[]| \T1/phv/m/n/10 ZCOPY_LOG_NOTIF_SLOT_ALREADY_ASSIGNED_EC,
 []


Underfull \hbox (badness 10000) in paragraph at lines 9950--9951
[]| \T1/phv/m/n/10 ZCOPY_LOG_NOTIF_THREAD_DESTROY_EC,
 []


Overfull \hbox (31.76434pt too wide) in paragraph at lines 9955--9957
[]| \T1/phv/m/n/10 ZCOPY_LOG_SHARED_MEM_POOL_OWNER_DEAD_EC,
 []

[1228

])
Package atveryend Info: Empty hook `BeforeClearDocument' on input line 526.
Package atveryend Info: Empty hook `AfterLastShipout' on input line 526.
 (./refman.aux)
Package atveryend Info: Executing hook `AtVeryEndDocument' on input line 526.
Package atveryend Info: Executing hook `AtEndAfterFileList' on input line 526.
Package rerunfilecheck Info: File `refman.out' has not changed.
(rerunfilecheck)             Checksum: 57FF9ADED6BAA1CBC6109DD68582E9D8;185505.

 ) 
Here is how much of TeX's memory you used:
 32808 strings out of 480994
 801467 string characters out of 5915061
 1834473 words of memory out of 5000000
 37424 multiletter control sequences out of 15000+600000
 592534 words of font info for 110 fonts, out of 8000000 for 9000
 1141 hyphenation exceptions out of 8191
 55i,17n,96p,5282b,852s stack positions out of 5000i,500n,10000p,200000b,80000s
pdfTeX warning (dest): name{group__DDSWireProtocolQosModule_ga5dec5b80bd3efbf
65ab1b5b2640b2ec1a74c5028e0747356f719a0660c3089bec} has been referenced but doe
s not exist, replaced by a fixed one

{/opt/texlive/2019/texmf-dist/fonts/enc/dvips/base/8r.enc}</opt/texlive/2019/te
xmf-dist/fonts/type1/public/amsfonts/cm/cmmi10.pfb></opt/texlive/2019/texmf-dis
t/fonts/type1/public/amsfonts/cm/cmmi7.pfb></opt/texlive/2019/texmf-dist/fonts/
type1/public/amsfonts/cm/cmmi8.pfb></opt/texlive/2019/texmf-dist/fonts/type1/pu
blic/amsfonts/cm/cmmi9.pfb></opt/texlive/2019/texmf-dist/fonts/type1/public/ams
fonts/cm/cmsy10.pfb></opt/texlive/2019/texmf-dist/fonts/type1/public/amsfonts/c
m/cmsy6.pfb></opt/texlive/2019/texmf-dist/fonts/type1/public/amsfonts/cm/cmsy7.
pfb></opt/texlive/2019/texmf-dist/fonts/type1/public/amsfonts/cm/cmsy8.pfb></op
t/texlive/2019/texmf-dist/fonts/type1/public/amsfonts/cm/cmsy9.pfb></opt/texliv
e/2019/texmf-dist/fonts/type1/urw/courier/ucrb8a.pfb></opt/texlive/2019/texmf-d
ist/fonts/type1/urw/courier/ucrr8a.pfb></opt/texlive/2019/texmf-dist/fonts/type
1/urw/courier/ucrro8a.pfb></opt/texlive/2019/texmf-dist/fonts/type1/urw/helveti
c/uhvb8a.pfb></opt/texlive/2019/texmf-dist/fonts/type1/urw/helvetic/uhvb8ac.pfb
></opt/texlive/2019/texmf-dist/fonts/type1/urw/helvetic/uhvbo8a.pfb></opt/texli
ve/2019/texmf-dist/fonts/type1/urw/helvetic/uhvr8a.pfb></opt/texlive/2019/texmf
-dist/fonts/type1/urw/helvetic/uhvro8a.pfb>
Output written on refman.pdf (1249 pages, 3563577 bytes).
PDF statistics:
 50223 PDF objects out of 55141 (max. 8388607)
 46277 compressed objects within 463 object streams
 9682 named destinations out of 10688 (max. 500000)
 6470 words of extra memory for PDF output out of 10000 (max. 10000000)

