This is pdfTeX, Version 3.14159265-2.6-1.40.20 (TeX Live 2019) (preloaded format=pdflatex 2024.3.11)  11 SEP 2025 16:40
entering extended mode
 restricted \write18 enabled.
 %&-line parsing enabled.
**refman
(./refman.tex
LaTeX2e <2020-02-02> patch level 5
L3 programming layer <2020-02-25>
(/opt/texlive/2019/texmf-dist/tex/generic/iftex/iftex.sty
Package: iftex 2019/11/07 v1.0c TeX engine tests
)
(/opt/texlive/2019/texmf-dist/tex/latex/base/article.cls
Document Class: article 2019/12/20 v1.4l Standard LaTeX document class
(/opt/texlive/2019/texmf-dist/tex/latex/base/size10.clo
File: size10.clo 2019/12/20 v1.4l Standard LaTeX file (size option)
)
\c@part=\count167
\c@section=\count168
\c@subsection=\count169
\c@subsubsection=\count170
\c@paragraph=\count171
\c@subparagraph=\count172
\c@figure=\count173
\c@table=\count174
\abovecaptionskip=\skip47
\belowcaptionskip=\skip48
\bibindent=\dimen134
)
(/opt/texlive/2019/texmf-dist/tex/latex/base/ifthen.sty
Package: ifthen 2014/09/29 v1.1c Standard LaTeX ifthen package (DPC)
)
(/opt/texlive/2019/texmf-dist/tex/latex/tools/array.sty
Rollback for package 'array' requested -> date 2016-10-06.
         Best approximation is the release introduced on 2016-10-06.

(/opt/texlive/2019/texmf-dist/tex/latex/tools/array-2016-10-06.sty
Package: array 2016/10/06 v2.4d Tabular extension package (FMi)
\col@sep=\dimen135
\extrarowheight=\dimen136
\NC@list=\toks15
\extratabsurround=\skip49
\backup@length=\skip50
))
(/opt/texlive/2019/texmf-dist/tex/generic/infwarerr/infwarerr.sty
package info suppressed
)
(./doxygen.sty
Package: doxygen 
 (/opt/texlive/2019/texmf-dist/tex/latex/base/alltt.sty
Package: alltt 1997/06/16 v2.0g defines alltt environment
)
(/opt/texlive/2019/texmf-dist/tex/latex/tools/calc.sty
Package: calc 2017/05/25 v4.3 Infix arithmetic (KKT,FJ)
\calc@Acount=\count175
\calc@Bcount=\count176
\calc@Adimen=\dimen137
\calc@Bdimen=\dimen138
\calc@Askip=\skip51
\calc@Bskip=\skip52
LaTeX Info: Redefining \setlength on input line 80.
LaTeX Info: Redefining \addtolength on input line 81.
\calc@Ccount=\count177
\calc@Cskip=\skip53
)
(/opt/texlive/2019/texmf-dist/tex/latex/float/float.sty
Package: float 2001/11/08 v1.3d Float enhancements (AL)
\c@float@type=\count178
\float@exts=\toks16
\float@box=\box45
\@float@everytoks=\toks17
\@floatcapt=\box46
)
(/opt/texlive/2019/texmf-dist/tex/latex/tools/verbatim.sty
Package: verbatim 2019/11/10 v1.5r LaTeX2e package for verbatim enhancements
\every@verbatim=\toks18
\verbatim@line=\toks19
\verbatim@in@stream=\read2
)
(/opt/texlive/2019/texmf-dist/tex/latex/xcolor/xcolor.sty
Package: xcolor 2016/05/11 v2.12 LaTeX color extensions (UK)

(/opt/texlive/2019/texmf-dist/tex/latex/graphics-cfg/color.cfg
File: color.cfg 2016/01/02 v1.6 sample color configuration
)
Package xcolor Info: Driver file: pdftex.def on input line 225.

(/opt/texlive/2019/texmf-dist/tex/latex/graphics-def/pdftex.def
File: pdftex.def 2018/01/08 v1.0l Graphics/color driver for pdftex
)
(/opt/texlive/2019/texmf-dist/tex/latex/colortbl/colortbl.sty
Package: colortbl 2020/01/04 v1.0e Color table columns (DPC)
\everycr=\toks20
\minrowclearance=\skip54
)
\rownum=\count179
Package xcolor Info: Model `cmy' substituted by `cmy0' on input line 1348.
Package xcolor Info: Model `hsb' substituted by `rgb' on input line 1352.
Package xcolor Info: Model `RGB' extended on input line 1364.
Package xcolor Info: Model `HTML' substituted by `rgb' on input line 1366.
Package xcolor Info: Model `Hsb' substituted by `hsb' on input line 1367.
Package xcolor Info: Model `tHsb' substituted by `hsb' on input line 1368.
Package xcolor Info: Model `HSB' substituted by `hsb' on input line 1369.
Package xcolor Info: Model `Gray' substituted by `gray' on input line 1370.
Package xcolor Info: Model `wave' substituted by `hsb' on input line 1371.
)
(./longtable_doxygen.sty
Package: longtable_doxygen 2014/10/28 v4.11 Multi-page Table package (DPC) - fr
ozen version for doxygen
\LTleft=\skip55
\LTright=\skip56
\LTpre=\skip57
\LTpost=\skip58
\LTchunksize=\count180
\LTcapwidth=\dimen139
\LT@head=\box47
\LT@firsthead=\box48
\LT@foot=\box49
\LT@lastfoot=\box50
\LT@cols=\count181
\LT@rows=\count182
\c@LT@tables=\count183
\c@LT@chunks=\count184
\LT@p@ftn=\toks21
) (./tabu_doxygen.sty
Package: tabu_doxygen 2011/02/26 v2.8 - flexible LaTeX tabulars (FC), frozen ve
rsion for doxygen

(/opt/texlive/2019/texmf-dist/tex/latex/varwidth/varwidth.sty
Package: varwidth 2009/03/30 ver 0.92;  Variable-width minipages
\@vwid@box=\box51
\sift@deathcycles=\count185
\@vwid@loff=\dimen140
\@vwid@roff=\dimen141
)
\c@taburow=\count186
\tabu@nbcols=\count187
\tabu@cnt=\count188
\tabu@Xcol=\count189
\tabu@alloc=\count190
\tabu@nested=\count191
\tabu@target=\dimen142
\tabu@spreadtarget=\dimen143
\tabu@naturalX=\dimen144
\tabucolX=\dimen145
\tabu@Xsum=\dimen146
\extrarowdepth=\dimen147
\abovetabulinesep=\dimen148
\belowtabulinesep=\dimen149
\tabustrutrule=\dimen150
\tabu@thebody=\toks22
\tabu@footnotes=\toks23
\tabu@box=\box52
\tabu@arstrutbox=\box53
\tabu@hleads=\box54
\tabu@vleads=\box55
\tabu@cellskip=\skip59
)
(/opt/texlive/2019/texmf-dist/tex/latex/fancyvrb/fancyvrb.sty
Package: fancyvrb 2020/01/13 v3.5 verbatim text (tvz,hv)

(/opt/texlive/2019/texmf-dist/tex/latex/graphics/keyval.sty
Package: keyval 2014/10/28 v1.15 key=value parser (DPC)
\KV@toks@=\toks24
)
\FV@CodeLineNo=\count192
\FV@InFile=\read3
\FV@TabBox=\box56
\c@FancyVerbLine=\count193
\FV@StepNumber=\count194
\FV@OutFile=\write3
)
(/opt/texlive/2019/texmf-dist/tex/latex/tools/tabularx.sty
Package: tabularx 2020/01/15 v2.11c `tabularx' package (DPC)
\TX@col@width=\dimen151
\TX@old@table=\dimen152
\TX@old@col=\dimen153
\TX@target=\dimen154
\TX@delta=\dimen155
\TX@cols=\count195
\TX@ftn=\toks25
)
(/opt/texlive/2019/texmf-dist/tex/latex/tools/multicol.sty
Package: multicol 2019/12/09 v1.8y multicolumn formatting (FMi)
\c@tracingmulticols=\count196
\mult@box=\box57
\multicol@leftmargin=\dimen156
\c@unbalance=\count197
\c@collectmore=\count198
\doublecol@number=\count199
\multicoltolerance=\count266
\multicolpretolerance=\count267
\full@width=\dimen157
\page@free=\dimen158
\premulticols=\dimen159
\postmulticols=\dimen160
\multicolsep=\skip60
\multicolbaselineskip=\skip61
\partial@page=\box58
\last@line=\box59
\maxbalancingoverflow=\dimen161
\mult@rightbox=\box60
\mult@grightbox=\box61
\mult@gfirstbox=\box62
\mult@firstbox=\box63
\@tempa=\box64
\@tempa=\box65
\@tempa=\box66
\@tempa=\box67
\@tempa=\box68
\@tempa=\box69
\@tempa=\box70
\@tempa=\box71
\@tempa=\box72
\@tempa=\box73
\@tempa=\box74
\@tempa=\box75
\@tempa=\box76
\@tempa=\box77
\@tempa=\box78
\@tempa=\box79
\@tempa=\box80
\@tempa=\box81
\@tempa=\box82
\@tempa=\box83
\@tempa=\box84
\@tempa=\box85
\@tempa=\box86
\@tempa=\box87
\@tempa=\box88
\@tempa=\box89
\@tempa=\box90
\@tempa=\box91
\@tempa=\box92
\@tempa=\box93
\@tempa=\box94
\@tempa=\box95
\@tempa=\box96
\@tempa=\box97
\@tempa=\box98
\@tempa=\box99
\@tempa=\box100
\c@minrows=\count268
\c@columnbadness=\count269
\c@finalcolumnbadness=\count270
\last@try=\dimen162
\multicolovershoot=\dimen163
\multicolundershoot=\dimen164
\mult@nat@firstbox=\box101
\colbreak@box=\box102
\mc@col@check@num=\count271
)
(/opt/texlive/2019/texmf-dist/tex/latex/multirow/multirow.sty
Package: multirow 2019/05/31 v2.5 Span multiple rows of a table
\multirow@colwidth=\skip62
\multirow@cntb=\count272
\multirow@dima=\skip63
\bigstrutjot=\dimen165
)
(/opt/texlive/2019/texmf-dist/tex/latex/hanging/hanging.sty
Package: hanging 2009/09/02 v1.2b hanging paragraphs and punctuation
\h@ngcommawd=\skip64
\h@ngfstopwd=\skip65
\h@ngquotewd=\skip66
\h@ngdquotewd=\skip67
\h@ngquerywd=\skip68
\h@ngexclwd=\skip69
\h@ngcolonwd=\skip70
\h@ngscolonwd=\skip71
)
(/opt/texlive/2019/texmf-dist/tex/generic/iftex/ifpdf.sty
Package: ifpdf 2019/10/25 v3.4 ifpdf legacy package. Use iftex instead.
)
(/opt/texlive/2019/texmf-dist/tex/latex/adjustbox/adjustbox.sty
Package: adjustbox 2019/01/04 v1.2 Adjusting TeX boxes (trim, clip, ...)

(/opt/texlive/2019/texmf-dist/tex/latex/xkeyval/xkeyval.sty
Package: xkeyval 2014/12/03 v2.7a package option processing (HA)

(/opt/texlive/2019/texmf-dist/tex/generic/xkeyval/xkeyval.tex
(/opt/texlive/2019/texmf-dist/tex/generic/xkeyval/xkvutils.tex
\XKV@toks=\toks26
\XKV@tempa@toks=\toks27
)
\XKV@depth=\count273
File: xkeyval.tex 2014/12/03 v2.7a key=value parser (HA)
))
(/opt/texlive/2019/texmf-dist/tex/latex/adjustbox/adjcalc.sty
Package: adjcalc 2012/05/16 v1.1 Provides advanced setlength with multiple back
-ends (calc, etex, pgfmath)
)
(/opt/texlive/2019/texmf-dist/tex/latex/adjustbox/trimclip.sty
Package: trimclip 2018/04/08 v1.1 Trim and clip general TeX material

(/opt/texlive/2019/texmf-dist/tex/latex/graphics/graphicx.sty
Package: graphicx 2019/11/30 v1.2a Enhanced LaTeX Graphics (DPC,SPQR)

(/opt/texlive/2019/texmf-dist/tex/latex/graphics/graphics.sty
Package: graphics 2019/11/30 v1.4a Standard LaTeX Graphics (DPC,SPQR)

(/opt/texlive/2019/texmf-dist/tex/latex/graphics/trig.sty
Package: trig 2016/01/03 v1.10 sin cos tan (DPC)
)
(/opt/texlive/2019/texmf-dist/tex/latex/graphics-cfg/graphics.cfg
File: graphics.cfg 2016/06/04 v1.11 sample graphics configuration
)
Package graphics Info: Driver file: pdftex.def on input line 105.
)
\Gin@req@height=\dimen166
\Gin@req@width=\dimen167
)
(/opt/texlive/2019/texmf-dist/tex/latex/collectbox/collectbox.sty
Package: collectbox 2012/05/17 v0.4b Collect macro arguments as boxes
\collectedbox=\box103
)
\tc@llx=\dimen168
\tc@lly=\dimen169
\tc@urx=\dimen170
\tc@ury=\dimen171
Package trimclip Info: Using driver 'tc-pdftex.def'.

(/opt/texlive/2019/texmf-dist/tex/latex/adjustbox/tc-pdftex.def
File: tc-pdftex.def 2019/01/04 v2.2 Clipping driver for pdftex
))
\adjbox@Width=\dimen172
\adjbox@Height=\dimen173
\adjbox@Depth=\dimen174
\adjbox@Totalheight=\dimen175
\adjbox@pwidth=\dimen176
\adjbox@pheight=\dimen177
\adjbox@pdepth=\dimen178
\adjbox@ptotalheight=\dimen179

(/opt/texlive/2019/texmf-dist/tex/latex/ifoddpage/ifoddpage.sty
Package: ifoddpage 2016/04/23 v1.1 Conditionals for odd/even page detection
\c@checkoddpage=\count274
))
(/opt/texlive/2019/texmf-dist/tex/latex/amsfonts/amssymb.sty
Package: amssymb 2013/01/14 v3.01 AMS font symbols

(/opt/texlive/2019/texmf-dist/tex/latex/amsfonts/amsfonts.sty
Package: amsfonts 2013/01/14 v3.01 Basic AMSFonts support
\@emptytoks=\toks28
\symAMSa=\mathgroup4
\symAMSb=\mathgroup5
LaTeX Font Info:    Redeclaring math symbol \hbar on input line 98.
LaTeX Font Info:    Overwriting math alphabet `\mathfrak' in version `bold'
(Font)                  U/euf/m/n --> U/euf/b/n on input line 106.
))
(/opt/texlive/2019/texmf-dist/tex/latex/stackengine/stackengine.sty
Package: stackengine 2017/02/13 v4.01\ Stacking text and objects in convenient 
ways

(/opt/texlive/2019/texmf-dist/tex/latex/etoolbox/etoolbox.sty
Package: etoolbox 2019/09/21 v2.5h e-TeX tools for LaTeX (JAW)
\etb@tempcnta=\count275
)
(/opt/texlive/2019/texmf-dist/tex/generic/listofitems/listofitems.sty
(/opt/texlive/2019/texmf-dist/tex/generic/listofitems/listofitems.tex
\loi_cnt_foreach_nest=\count276
\loi_nestcnt=\count277
)
Package: listofitems 2019/08/21 v1.63 Grab items in lists using user-specified 
sep char (CT)
)
\c@@stackindex=\count278
\@boxshift=\skip72
\stack@tmplength=\skip73
\temp@stkl=\skip74
\@stackedboxwidth=\skip75
\@addedbox=\box104
\@anchorbox=\box105
\stackedbox=\box106
\@centerbox=\box107
\c@ROWcellindex@=\count279
)
(/opt/texlive/2019/texmf-dist/tex/latex/enumitem/enumitem.sty
Package: enumitem 2019/06/20 v3.9 Customized lists
\labelindent=\skip76
\enit@outerparindent=\dimen180
\enit@toks=\toks29
\enit@inbox=\box108
\enit@count@id=\count280
\enitdp@description=\count281
)
(/opt/texlive/2019/texmf-dist/tex/generic/alphalph/alphalph.sty
Package: alphalph 2019/12/09 v2.6 Convert numbers to letters (HO)

(/opt/texlive/2019/texmf-dist/tex/generic/intcalc/intcalc.sty
Package: intcalc 2019/12/15 v1.3 Expandable calculations with integers (HO)
))
(/opt/texlive/2019/texmf-dist/tex/generic/ulem/ulem.sty
\UL@box=\box109
\UL@hyphenbox=\box110
\UL@skip=\skip77
\UL@hook=\toks30
\UL@height=\dimen181
\UL@pe=\count282
\UL@pixel=\dimen182
\ULC@box=\box111
Package: ulem 2019/11/18
\ULdepth=\dimen183
)
\xrefbox=\box112
\xreflength=\skip78
\CodeWidthChar=\skip79
\CodeHeightChar=\skip80
\DoxyCodeWidth=\skip81
\c@DoxyEnumeratei=\count283
\c@DoxyEnumerateii=\count284
\c@DoxyEnumerateiii=\count285
\c@DoxyEnumerateiv=\count286
\c@DoxyEnumeratev=\count287
\c@DoxyEnumeratevi=\count288
\c@DoxyEnumeratevii=\count289
\c@DoxyEnumerateviii=\count290
\c@DoxyEnumerateix=\count291
\c@DoxyEnumeratex=\count292
\c@DoxyEnumeratexi=\count293
\c@DoxyEnumeratexii=\count294
\enitdp@DoxyEnumerate=\count295
\enitdp@DoxyItemize=\count296
\c@subsubsubsection=\count297
\c@subsubsubsubsection=\count298
\c@subsubsubsubsubsection=\count299
\c@subsubsubsubsubsubsection=\count300
\c@subsubsubsubsubsubsubsection=\count301
)
(/opt/texlive/2019/texmf-dist/tex/latex/base/inputenc.sty
Package: inputenc 2018/08/11 v1.3c Input encoding file
\inpenc@prehook=\toks31
\inpenc@posthook=\toks32
)
(/opt/texlive/2019/texmf-dist/tex/latex/base/makeidx.sty
Package: makeidx 2014/09/29 v1.0m Standard LaTeX package
)
(/opt/texlive/2019/texmf-dist/tex/latex/base/textcomp.sty
Package: textcomp 2020/02/02 v2.0n Standard LaTeX package
)
(/opt/texlive/2019/texmf-dist/tex/latex/wasysym/wasysym.sty
Package: wasysym 2020/01/19 v2.4 Wasy-2 symbol support package
\symwasy=\mathgroup6
LaTeX Font Info:    Overwriting symbol font `wasy' in version `bold'
(Font)                  U/wasy/m/n --> U/wasy/b/n on input line 93.
)
(/opt/texlive/2019/texmf-dist/tex/generic/iftex/ifxetex.sty
Package: ifxetex 2019/10/25 v0.7 ifxetex legacy package. Use iftex instead.
)
(/opt/texlive/2019/texmf-dist/tex/latex/base/fontenc.sty
Package: fontenc 2020/02/11 v2.0o Standard LaTeX package
)
(/opt/texlive/2019/texmf-dist/tex/latex/psnfss/helvet.sty
Package: helvet 2005/04/12 PSNFSS-v9.2a (WaS) 
)
(/opt/texlive/2019/texmf-dist/tex/latex/psnfss/courier.sty
Package: courier 2005/04/12 PSNFSS-v9.2a (WaS) 
)
(/opt/texlive/2019/texmf-dist/tex/latex/geometry/geometry.sty
Package: geometry 2020/01/02 v5.9 Page Geometry

(/opt/texlive/2019/texmf-dist/tex/generic/iftex/ifvtex.sty
Package: ifvtex 2019/10/25 v1.7 ifvtex legacy package. Use iftex instead.
)
\Gm@cnth=\count302
\Gm@cntv=\count303
\c@Gm@tempcnt=\count304
\Gm@bindingoffset=\dimen184
\Gm@wd@mp=\dimen185
\Gm@odd@mp=\dimen186
\Gm@even@mp=\dimen187
\Gm@layoutwidth=\dimen188
\Gm@layoutheight=\dimen189
\Gm@layouthoffset=\dimen190
\Gm@layoutvoffset=\dimen191
\Gm@dimlist=\toks33
)
(/opt/texlive/2019/texmf-dist/tex/latex/changepage/changepage.sty
Package: changepage 2009/10/20 v1.0c check page and change page layout
\c@cp@cntr=\count305
\cp@tempcnt=\count306
LaTeX Info: Redefining \checkoddpage on input line 59.
)
(/opt/texlive/2019/texmf-dist/tex/latex/fancyhdr/fancyhdr.sty
Package: fancyhdr 2019/01/31 v3.10 Extensive control of page headers and footer
s
\f@nch@headwidth=\skip82
\f@nch@O@elh=\skip83
\f@nch@O@erh=\skip84
\f@nch@O@olh=\skip85
\f@nch@O@orh=\skip86
\f@nch@O@elf=\skip87
\f@nch@O@erf=\skip88
\f@nch@O@olf=\skip89
\f@nch@O@orf=\skip90
)
(/opt/texlive/2019/texmf-dist/tex/latex/natbib/natbib.sty
Package: natbib 2010/09/13 8.31b (PWD, AO)
\bibhang=\skip91
\bibsep=\skip92
LaTeX Info: Redefining \cite on input line 694.
\c@NAT@ctr=\count307
)
(/opt/texlive/2019/texmf-dist/tex/latex/tocloft/tocloft.sty
Package: tocloft 2017/08/31 v2.3i parameterised ToC, etc., typesetting
Package tocloft Info: The document has section divisions on input line 51.
\cftparskip=\skip93
\cftbeforetoctitleskip=\skip94
\cftaftertoctitleskip=\skip95
\cftbeforepartskip=\skip96
\cftpartnumwidth=\skip97
\cftpartindent=\skip98
\cftbeforesecskip=\skip99
\cftsecindent=\skip100
\cftsecnumwidth=\skip101
\cftbeforesubsecskip=\skip102
\cftsubsecindent=\skip103
\cftsubsecnumwidth=\skip104
\cftbeforesubsubsecskip=\skip105
\cftsubsubsecindent=\skip106
\cftsubsubsecnumwidth=\skip107
\cftbeforeparaskip=\skip108
\cftparaindent=\skip109
\cftparanumwidth=\skip110
\cftbeforesubparaskip=\skip111
\cftsubparaindent=\skip112
\cftsubparanumwidth=\skip113
\cftbeforeloftitleskip=\skip114
\cftafterloftitleskip=\skip115
\cftbeforefigskip=\skip116
\cftfigindent=\skip117
\cftfignumwidth=\skip118
\c@lofdepth=\count308
\c@lotdepth=\count309
\cftbeforelottitleskip=\skip119
\cftafterlottitleskip=\skip120
\cftbeforetabskip=\skip121
\cfttabindent=\skip122
\cfttabnumwidth=\skip123
)
\@indexfile=\write4
\openout4 = `refman.idx'.


Writing index file refman.idx
(/opt/texlive/2019/texmf-dist/tex/latex/newunicodechar/newunicodechar.sty
Package: newunicodechar 2018/04/08 v1.2 Defining Unicode characters
)
(/opt/texlive/2019/texmf-dist/tex/latex/hyperref/hyperref.sty
Package: hyperref 2020/01/14 v7.00d Hypertext links for LaTeX

(/opt/texlive/2019/texmf-dist/tex/generic/ltxcmds/ltxcmds.sty
Package: ltxcmds 2019/12/15 v1.24 LaTeX kernel commands for general use (HO)
)
(/opt/texlive/2019/texmf-dist/tex/latex/pdftexcmds/pdftexcmds.sty
Package: pdftexcmds 2019/11/24 v0.31 Utility functions of pdfTeX for LuaTeX (HO
)
Package pdftexcmds Info: \pdf@primitive is available.
Package pdftexcmds Info: \pdf@ifprimitive is available.
Package pdftexcmds Info: \pdfdraftmode found.
)
(/opt/texlive/2019/texmf-dist/tex/generic/kvsetkeys/kvsetkeys.sty
Package: kvsetkeys 2019/12/15 v1.18 Key value parser (HO)
)
(/opt/texlive/2019/texmf-dist/tex/generic/kvdefinekeys/kvdefinekeys.sty
Package: kvdefinekeys 2019-12-19 v1.6 Define keys (HO)
)
(/opt/texlive/2019/texmf-dist/tex/generic/pdfescape/pdfescape.sty
Package: pdfescape 2019/12/09 v1.15 Implements pdfTeX's escape features (HO)
)
(/opt/texlive/2019/texmf-dist/tex/latex/hycolor/hycolor.sty
Package: hycolor 2020-01-27 v1.10 Color options for hyperref/bookmark (HO)
)
(/opt/texlive/2019/texmf-dist/tex/latex/letltxmacro/letltxmacro.sty
Package: letltxmacro 2019/12/03 v1.6 Let assignment for LaTeX macros (HO)
)
(/opt/texlive/2019/texmf-dist/tex/latex/auxhook/auxhook.sty
Package: auxhook 2019-12-17 v1.6 Hooks for auxiliary files (HO)
)
(/opt/texlive/2019/texmf-dist/tex/latex/kvoptions/kvoptions.sty
Package: kvoptions 2019/11/29 v3.13 Key value format for package options (HO)
)
\@linkdim=\dimen192
\Hy@linkcounter=\count310
\Hy@pagecounter=\count311

(/opt/texlive/2019/texmf-dist/tex/latex/hyperref/pd1enc.def
File: pd1enc.def 2020/01/14 v7.00d Hyperref: PDFDocEncoding definition (HO)
Now handling font encoding PD1 ...
... no UTF-8 mapping file for font encoding PD1
)
(/opt/texlive/2019/texmf-dist/tex/generic/etexcmds/etexcmds.sty
Package: etexcmds 2019/12/15 v1.7 Avoid name clashes with e-TeX commands (HO)
)
\Hy@SavedSpaceFactor=\count312
\pdfmajorversion=\count313
Package hyperref Info: Hyper figures OFF on input line 4547.
Package hyperref Info: Link nesting OFF on input line 4552.
Package hyperref Info: Hyper index ON on input line 4555.
Package hyperref Info: Plain pages OFF on input line 4562.
Package hyperref Info: Backreferencing ON on input line 4565.
Package hyperref Info: Implicit mode ON; LaTeX internals redefined.
Package hyperref Info: Bookmarks ON on input line 4800.

(/opt/texlive/2019/texmf-dist/tex/latex/hyperref/backref.sty
Package: backref 2020/01/14 v1.40 Bibliographical back referencing

(/opt/texlive/2019/texmf-dist/tex/latex/rerunfilecheck/rerunfilecheck.sty
Package: rerunfilecheck 2019/12/05 v1.9 Rerun checks for auxiliary files (HO)

(/opt/texlive/2019/texmf-dist/tex/latex/atveryend/atveryend.sty
Package: atveryend 2019-12-11 v1.11 Hooks at the very end of document (HO)
)
(/opt/texlive/2019/texmf-dist/tex/generic/uniquecounter/uniquecounter.sty
Package: uniquecounter 2019/12/15 v1.4 Provide unlimited unique counter (HO)

(/opt/texlive/2019/texmf-dist/tex/generic/bigintcalc/bigintcalc.sty
Package: bigintcalc 2019/12/15 v1.5 Expandable calculations on big integers (HO
)
))
Package uniquecounter Info: New unique counter `rerunfilecheck' on input line 2
86.
))
\c@Hy@tempcnt=\count314

(/opt/texlive/2019/texmf-dist/tex/latex/url/url.sty
\Urlmuskip=\muskip16
Package: url 2013/09/16  ver 3.4  Verb mode for urls, etc.
)
LaTeX Info: Redefining \url on input line 5159.
\XeTeXLinkMargin=\dimen193

(/opt/texlive/2019/texmf-dist/tex/generic/bitset/bitset.sty
Package: bitset 2019/12/09 v1.3 Handle bit-vector datatype (HO)
)
\Fld@menulength=\count315
\Field@Width=\dimen194
\Fld@charsize=\dimen195
Package hyperref Info: Hyper figures OFF on input line 6430.
Package hyperref Info: Link nesting OFF on input line 6435.
Package hyperref Info: Hyper index ON on input line 6438.
Package hyperref Info: backreferencing ON on input line 6443.
Package hyperref Info: Link coloring OFF on input line 6450.
Package hyperref Info: Link coloring with OCG OFF on input line 6455.
Package hyperref Info: PDF/A mode OFF on input line 6460.
LaTeX Info: Redefining \ref on input line 6500.
LaTeX Info: Redefining \pageref on input line 6504.

(/opt/texlive/2019/texmf-dist/tex/generic/atbegshi/atbegshi.sty
Package: atbegshi 2019/12/05 v1.19 At begin shipout hook (HO)
)
\Hy@abspage=\count316
\c@Item=\count317
\c@Hfootnote=\count318


LaTeX Warning: Command \LT@p@ftntext  has changed.
               Check if current package is valid.

)
Package hyperref Info: Driver: hpdftex.
 (/opt/texlive/2019/texmf-dist/tex/latex/hyperref/hpdftex.def
File: hpdftex.def 2020/01/14 v7.00d Hyperref driver for pdfTeX
\Fld@listcount=\count319
\c@bookmark@seq@number=\count320
\Hy@SectionHShift=\skip124
)
Package hyperref Info: Option `colorlinks' set `true' on input line 186.
Package hyperref Info: Option `unicode' set `true' on input line 186.

(/opt/texlive/2019/texmf-dist/tex/latex/hyperref/puenc.def
File: puenc.def 2020/01/14 v7.00d Hyperref: PDF Unicode definition (HO)
Now handling font encoding PU ...
... no UTF-8 mapping file for font encoding PU
)
(/opt/texlive/2019/texmf-dist/tex/latex/caption/caption.sty
Package: caption 2020/01/03 v3.4h Customizing captions (AR)

(/opt/texlive/2019/texmf-dist/tex/latex/caption/caption3.sty
Package: caption3 2020/01/03 v1.8h caption3 kernel (AR)
Package caption3 Info: TeX engine: e-TeX on input line 61.
\captionmargin=\dimen196
\captionmargin@=\dimen197
\captionwidth=\dimen198
\caption@tempdima=\dimen199
\caption@indent=\dimen256
\caption@parindent=\dimen257
\caption@hangindent=\dimen258
Package caption Info: Standard document class detected.
)
\c@caption@flags=\count321
\c@continuedfloat=\count322
Package caption Info: float package is loaded.
Package caption Info: hyperref package is loaded.
Package caption Info: longtable package is loaded.

(/opt/texlive/2019/texmf-dist/tex/latex/caption/ltcaption.sty
Package: ltcaption 2018/08/26 v1.4a longtable captions (AR)
))
(./etoc_doxygen.sty
Package: etoc_doxygen 2023/07/01 v1.2b Completely customisable TOCs (JFB)
Package etoc Info: Old LaTeX (2020-02-02) detected!
(etoc)             Since 1.1a (2023/01/14), etoc prefers LaTeX at least
(etoc)             as recent as 2020-10-01, for reasons of the .toc file,
(etoc)             and used to require it (from 1.1a to 1.2).
(etoc)             This etoc (1.2b) does not *require* it, but has not been
(etoc)             tested thoroughly on old LaTeX (especially if document
(etoc)             does not use hyperref) and retrofitting was done only
(etoc)             on basis of author partial remembrances of old context.
(etoc)             Reported on input line 46.
\Etoc@toctoks=\toks34
\c@etoc@tocid=\count323
\etoc@framed@titlebox=\box113
\etoc@framed@contentsbox=\box114
)
(/opt/texlive/2019/texmf-dist/tex/latex/l3backend/l3backend-pdfmode.def
File: l3backend-pdfmode.def 2020-02-23 L3 backend support: PDF mode
\l__kernel_color_stack_int=\count324
\l__pdf_internal_box=\box115
)
(./refman.aux

LaTeX Warning: Label `group__DDSDataRepresentationQosModule_ga0acb682b8260ab1c6
0b918599864e2e5' multiply defined.


LaTeX Warning: Label `group__DDSDataRepresentationQosModule_ga0acb682b8260ab1c6
0b918599864e2e5' multiply defined.


LaTeX Warning: Label `group__DDSDataRepresentationQosModule_ga0acb682b8260ab1c6
0b918599864e2e5' multiply defined.


LaTeX Warning: Label `group__DDSDataRepresentationQosModule_ga0acb682b8260ab1c6
0b918599864e2e5' multiply defined.


LaTeX Warning: Label `group__DDSDataRepresentationQosModule_ga0acb682b8260ab1c6
0b918599864e2e5' multiply defined.


LaTeX Warning: Label `group__DDSDataRepresentationQosModule_ga0acb682b8260ab1c6
0b918599864e2e5' multiply defined.

)
\openout1 = `refman.aux'.

LaTeX Font Info:    Checking defaults for OML/cmm/m/it on input line 208.
LaTeX Font Info:    ... okay on input line 208.
LaTeX Font Info:    Checking defaults for OMS/cmsy/m/n on input line 208.
LaTeX Font Info:    ... okay on input line 208.
LaTeX Font Info:    Checking defaults for OT1/cmr/m/n on input line 208.
LaTeX Font Info:    ... okay on input line 208.
LaTeX Font Info:    Checking defaults for T1/cmr/m/n on input line 208.
LaTeX Font Info:    ... okay on input line 208.
LaTeX Font Info:    Checking defaults for TS1/cmr/m/n on input line 208.
LaTeX Font Info:    ... okay on input line 208.
LaTeX Font Info:    Checking defaults for OMX/cmex/m/n on input line 208.
LaTeX Font Info:    ... okay on input line 208.
LaTeX Font Info:    Checking defaults for U/cmr/m/n on input line 208.
LaTeX Font Info:    ... okay on input line 208.
LaTeX Font Info:    Checking defaults for PD1/pdf/m/n on input line 208.
LaTeX Font Info:    ... okay on input line 208.
LaTeX Font Info:    Checking defaults for PU/pdf/m/n on input line 208.
LaTeX Font Info:    ... okay on input line 208.
LaTeX Font Info:    Trying to load font information for T1+phv on input line 20
8.
 (/opt/texlive/2019/texmf-dist/tex/latex/psnfss/t1phv.fd
File: t1phv.fd 2001/06/04 scalable font definitions for T1/phv.


LaTeX Warning: Font shape declaration has incorrect series value `mc'.
               It should not contain an `m'! Please correct it.
               Found on input line 20.


LaTeX Warning: Font shape declaration has incorrect series value `mc'.
               It should not contain an `m'! Please correct it.
               Found on input line 23.


LaTeX Warning: Font shape declaration has incorrect series value `mc'.
               It should not contain an `m'! Please correct it.
               Found on input line 26.


LaTeX Warning: Font shape declaration has incorrect series value `mc'.
               It should not contain an `m'! Please correct it.
               Found on input line 46.

)
LaTeX Font Info:    Font shape `T1/phv/m/n' will be
(Font)              scaled to size 8.99994pt on input line 208.
 (/opt/texlive/2019/texmf-dist/tex/context/base/mkii/supp-pdf.mkii
[Loading MPS to PDF converter (version 2006.09.02).]
\scratchcounter=\count325
\scratchdimen=\dimen259
\scratchbox=\box116
\nofMPsegments=\count326
\nofMParguments=\count327
\everyMPshowfont=\toks35
\MPscratchCnt=\count328
\MPscratchDim=\dimen260
\MPnumerator=\count329
\makeMPintoPDFobject=\count330
\everyMPtoPDFconversion=\toks36
) (/opt/texlive/2019/texmf-dist/tex/latex/epstopdf-pkg/epstopdf-base.sty
Package: epstopdf-base 2020-01-24 v2.11 Base part for package epstopdf
Package epstopdf-base Info: Redefining graphics rule for `.eps' on input line 4
85.

(/opt/texlive/2019/texmf-dist/tex/latex/latexconfig/epstopdf-sys.cfg
File: epstopdf-sys.cfg 2010/07/13 v1.3 Configuration of (r)epstopdf for TeX Liv
e
))
*geometry* driver: auto-detecting
*geometry* detected driver: pdftex
*geometry* verbose mode - [ preamble ] result:
* driver: pdftex
* paper: letterpaper
* layout: <same size as paper>
* layoutoffset:(h,v)=(0.0pt,0.0pt)
* modes: twoside 
* h-part:(L,W,R)=(71.13188pt, 472.03123pt, 71.13188pt)
* v-part:(T,H,B)=(71.13188pt, 652.70622pt, 71.13188pt)
* \paperwidth=614.295pt
* \paperheight=794.96999pt
* \textwidth=472.03123pt
* \textheight=652.70622pt
* \oddsidemargin=-1.1381pt
* \evensidemargin=-1.1381pt
* \topmargin=-38.1381pt
* \headheight=12.0pt
* \headsep=25.0pt
* \topskip=10.0pt
* \footskip=30.0pt
* \marginparwidth=121.0pt
* \marginparsep=11.0pt
* \columnsep=10.0pt
* \skip\footins=9.0pt plus 4.0pt minus 2.0pt
* \hoffset=0.0pt
* \voffset=0.0pt
* \mag=1000
* \@twocolumnfalse
* \@twosidetrue
* \@mparswitchtrue
* \@reversemarginfalse
* (1in=72.27pt=25.4mm, 1cm=28.453pt)

Package backref Info: ** backref set up for natbib ** on input line 208.
\AtBeginShipoutBox=\box117
Package hyperref Info: Link coloring ON on input line 208.
(/opt/texlive/2019/texmf-dist/tex/latex/hyperref/nameref.sty
Package: nameref 2019/09/16 v2.46 Cross-referencing by name of section

(/opt/texlive/2019/texmf-dist/tex/latex/refcount/refcount.sty
Package: refcount 2019/12/15 v3.6 Data extraction from label references (HO)
)
(/opt/texlive/2019/texmf-dist/tex/generic/gettitlestring/gettitlestring.sty
Package: gettitlestring 2019/12/15 v1.6 Cleanup title references (HO)
)
\c@section@level=\count331
)
LaTeX Info: Redefining \ref on input line 208.
LaTeX Info: Redefining \pageref on input line 208.
LaTeX Info: Redefining \nameref on input line 208.

(./refman.out) (./refman.out)
\@outlinefile=\write5
\openout5 = `refman.out'.

Package caption Info: Begin \AtBeginDocument code.
Package caption Info: End \AtBeginDocument code.
\Etoc@tf=\read4
Package hyperref Info: Option `pageanchor' set `false' on input line 216.
Package hyperref Info: Option `bookmarksnumbered' set `true' on input line 216.

Package hyperref Info: Option `unicode' set `true' on input line 216.
LaTeX Font Info:    Font shape `T1/phv/m/n' will be
(Font)              scaled to size 12.9599pt on input line 221.
LaTeX Font Info:    Font shape `T1/phv/m/n' will be
(Font)              scaled to size 10.79993pt on input line 222.
LaTeX Font Info:    Font shape `T1/phv/m/n' will be
(Font)              scaled to size 6.29996pt on input line 222.
LaTeX Font Info:    Trying to load font information for U+msa on input line 222
.

(/opt/texlive/2019/texmf-dist/tex/latex/amsfonts/umsa.fd
File: umsa.fd 2013/01/14 v3.01 AMS symbols A
)
LaTeX Font Info:    Trying to load font information for U+msb on input line 222
.

(/opt/texlive/2019/texmf-dist/tex/latex/amsfonts/umsb.fd
File: umsb.fd 2013/01/14 v3.01 AMS symbols B
)
LaTeX Font Info:    Trying to load font information for U+wasy on input line 22
2.

(/opt/texlive/2019/texmf-dist/tex/latex/wasysym/uwasy.fd
File: uwasy.fd 2020/01/19 v2.4 Wasy-2 symbol font definitions
) [1

{/opt/texlive/2019/texmf-var/fonts/map/pdftex/updmap/pdftex.map}]
\tf@toc=\write6
\openout6 = `refman.toc'.

LaTeX Font Info:    Font shape `T1/phv/b/n' will be
(Font)              scaled to size 8.99994pt on input line 228.
LaTeX Font Info:    Font shape `T1/phv/b/n' will be
(Font)              scaled to size 6.29996pt on input line 228.
LaTeX Font Info:    Trying to load font information for TS1+phv on input line 2
28.

(/opt/texlive/2019/texmf-dist/tex/latex/psnfss/ts1phv.fd
File: ts1phv.fd 2001/06/04 scalable font definitions for TS1/phv.


LaTeX Warning: Font shape declaration has incorrect series value `mc'.
               It should not contain an `m'! Please correct it.
               Found on input line 17.


LaTeX Warning: Font shape declaration has incorrect series value `mc'.
               It should not contain an `m'! Please correct it.
               Found on input line 20.


LaTeX Warning: Font shape declaration has incorrect series value `mc'.
               It should not contain an `m'! Please correct it.
               Found on input line 34.

)
LaTeX Font Info:    Font shape `TS1/phv/b/n' will be
(Font)              scaled to size 6.29996pt on input line 228.
 [1] [2] [3] [4] [5] [6] [7] [8] [9] [10] [11] [12] [13] [14] [15] [16]
[17] [18] [19] [20]
Package hyperref Info: Option `pageanchor' set `true' on input line 230.
 (./index.tex
LaTeX Font Info:    Font shape `T1/phv/b/n' will be
(Font)              scaled to size 12.9599pt on input line 1.
LaTeX Font Info:    Trying to load font information for T1+pcr on input line 5.


(/opt/texlive/2019/texmf-dist/tex/latex/psnfss/t1pcr.fd
File: t1pcr.fd 2001/06/04 font definitions for T1/pcr.
)
LaTeX Font Info:    Font shape `TS1/phv/m/n' will be
(Font)              scaled to size 8.99994pt on input line 11.
) (./topics.tex
LaTeX Font Info:    Font shape `T1/phv/b/n' will be
(Font)              scaled to size 10.79993pt on input line 1.

[1] [2] [3] [4] [5] [6]) (./annotated.tex
LaTeX Font Info:    Font shape `T1/phv/b/it' in size <10> not available
(Font)              Font shape `T1/phv/b/sl' tried instead on input line 4.
LaTeX Font Info:    Font shape `T1/phv/b/sl' will be
(Font)              scaled to size 8.99994pt on input line 4.
LaTeX Font Info:    Font shape `T1/phv/b/it' in size <7> not available
(Font)              Font shape `T1/phv/b/sl' tried instead on input line 4.
LaTeX Font Info:    Font shape `T1/phv/b/sl' will be
(Font)              scaled to size 6.29996pt on input line 4.
 [7]
Underfull \hbox (badness 1210) in paragraph at lines 14--14
 \T1/phv/b/n/10 This QoS pol-icy con-tains a list of rep-re-sen-ta-tion iden-ti
-fiers used by [] and 
 []

[8] [9] [10] [11] [12]
LaTeX Font Info:    Font shape `TS1/phv/b/n' will be
(Font)              scaled to size 8.99994pt on input line 100.
 [13] [14] [15]) (./files.tex [16] [17] [18] [19]
[20]) (./group__DDSDocGuideModule.tex
LaTeX Font Info:    Font shape `T1/phv/m/it' in size <10> not available
(Font)              Font shape `T1/phv/m/sl' tried instead on input line 6.
LaTeX Font Info:    Font shape `T1/phv/m/sl' will be
(Font)              scaled to size 8.99994pt on input line 6.
 [21]
LaTeX Font Info:    Font shape `T1/phv/m/it' in size <7> not available
(Font)              Font shape `T1/phv/m/sl' tried instead on input line 15.
LaTeX Font Info:    Font shape `T1/phv/m/sl' will be
(Font)              scaled to size 6.29996pt on input line 15.
LaTeX Font Info:    Font shape `T1/pcr/m/it' in size <10> not available
(Font)              Font shape `T1/pcr/m/sl' tried instead on input line 35.
LaTeX Font Info:    Font shape `T1/pcr/m/it' in size <7> not available
(Font)              Font shape `T1/pcr/m/sl' tried instead on input line 35.
 [22]) (./group__DDSDcpsModule.tex
LaTeX Font Info:    Font shape `T1/phv/m/n' will be
(Font)              scaled to size 8.09995pt on input line 12.
LaTeX Font Info:    Font shape `T1/phv/m/it' in size <9> not available
(Font)              Font shape `T1/phv/m/sl' tried instead on input line 12.
LaTeX Font Info:    Font shape `T1/phv/m/sl' will be
(Font)              scaled to size 8.09995pt on input line 12.

[23]
Underfull \hbox (badness 10000) in paragraph at lines 53--56

 []

[24] (./group__DDSFILTERModule.tex [25]
LaTeX Font Info:    Font shape `T1/phv/m/n' will be
(Font)              scaled to size 7.19995pt on input line 31.
LaTeX Font Info:    Font shape `T1/pcr/m/it' in size <8> not available
(Font)              Font shape `T1/pcr/m/sl' tried instead on input line 45.
LaTeX Font Info:    Font shape `T1/phv/bc/n' will be
(Font)              scaled to size 8.99994pt on input line 53.

Underfull \hbox (badness 10000) detected at line 53
[][][]
 []


Underfull \hbox (badness 10000) detected at line 56
[][][]
 []

[26]
Underfull \hbox (badness 10000) detected at line 73
[][][]
 []

) (./group__DDSDomainModule.tex (./group__DDSDomainParticipantFactoryModule.tex
[27]
Overfull \hbox (74.14906pt too wide) in paragraph at lines 32--33
[]\T1/phv/m/n/10 DDSCDll[]Export [] [] ([]
 []


Overfull \hbox (74.653pt too wide) in paragraph at lines 34--35
[]\T1/phv/m/n/10 DDSCDll[]Export [] [] ([]
 []


Overfull \hbox (60.06947pt too wide) in paragraph at lines 36--37
[]\T1/phv/m/n/10 DDSCDll[]Export [] $\OMS/cmsy/m/n/10 ^^C$ [] \T1/phv/m/n/10 ([
]
 []


Overfull \hbox (54.0051pt too wide) in paragraph at lines 36--37
\OMS/cmsy/m/n/10 ^^C$\T1/phv/m/n/10 self, [] domain[]Id, const struct [] $\OMS/
cmsy/m/n/10 ^^C$\T1/phv/m/n/10 qos, const struct []
 []


Overfull \hbox (35.39575pt too wide) in paragraph at lines 38--39
[]\T1/phv/m/n/10 DDSCDll[]Export [] [] ([]
 []


Overfull \hbox (61.57251pt too wide) in paragraph at lines 40--41
[]\T1/phv/m/n/10 DDSCDll[]Export [] $\OMS/cmsy/m/n/10 ^^C$ [] \T1/phv/m/n/10 ([
]
 []

[28]
Underfull \hbox (badness 10000) in paragraph at lines 42--43
[]\T1/phv/m/n/10 DDSCDll[]Export [] $\OMS/cmsy/m/n/10 ^^C$ []
 []


Underfull \hbox (badness 6893) in paragraph at lines 50--51
[]\T1/phv/m/n/10 DDSCDll[]Export [] $\OMS/cmsy/m/n/10 ^^C$ []
 []

[29]
Underfull \hbox (badness 10000) detected at line 116
[][][]
 []

[30]
Underfull \hbox (badness 10000) detected at line 132
[][][]
 []

LaTeX Font Info:    Font shape `T1/phv/bc/n' will be
(Font)              scaled to size 6.29996pt on input line 135.

Underfull \hbox (badness 10000) detected at line 135
[][][]
 []


Underfull \hbox (badness 10000) detected at line 140
[][][]
 []


Underfull \hbox (badness 10000) detected at line 143
[][][]
 []


Underfull \hbox (badness 10000) detected at line 158
[][][]
 []


Underfull \hbox (badness 10000) detected at line 161
[][][]
 []


Underfull \hbox (badness 10000) detected at line 164
[][][]
 []


Underfull \hbox (badness 5578) in paragraph at lines 165--166
[]\T1/phv/m/n/10 UNSAFE for two threads to si-mul-ta-ne-ously call [] or
 []


Underfull \hbox (badness 10000) detected at line 167
[][][]
 []

[31]
Underfull \hbox (badness 10000) detected at line 189
[][][]
 []


Underfull \hbox (badness 10000) detected at line 192
[][][]
 []


Overfull \hbox (101.51054pt too wide) in paragraph at lines 207--208
[]\T1/phv/m/n/10 The re-trieved \T1/pcr/m/n/10 qos \T1/phv/m/n/10 will match th
e set of val-ues spec-i-fied on the last suc-cess-ful call to [],
 []


Underfull \hbox (badness 10000) detected at line 218
[][][]
 []


Underfull \hbox (badness 10000) detected at line 221
[][][]
 []

[32]
Underfull \hbox (badness 10000) detected at line 236
[][][]
 []


Underfull \hbox (badness 10000) detected at line 243
[][][]
 []


Overfull \hbox (1.47571pt too wide) in paragraph at lines 3--3
[]\T1/phv/m/sl/10 domain[] 
 []


Underfull \hbox (badness 10000) detected at line 259
[][][]
 []


Underfull \hbox (badness 10000) detected at line 262
[][][]
 []

[33]
Underfull \hbox (badness 10000) detected at line 279
[][][]
 []


Underfull \hbox (badness 10000) detected at line 282
[][][]
 []


Underfull \hbox (badness 10000) detected at line 292
[][][]
 []


Overfull \hbox (1.47571pt too wide) in paragraph at lines 3--3
[]\T1/phv/m/sl/10 domain[] 
 []


Underfull \hbox (badness 10000) detected at line 316
[][][]
 []

[34]
Underfull \hbox (badness 10000) detected at line 342
[][][]
 []


Underfull \hbox (badness 10000) detected at line 345
[][][]
 []


Underfull \hbox (badness 10000) detected at line 365
[][][]
 []

[35]
Underfull \hbox (badness 10000) detected at line 391
[][][]
 []


Underfull \hbox (badness 10000) detected at line 394
[][][]
 []


Underfull \hbox (badness 10000) detected at line 412
[][][]
 []


Underfull \hbox (badness 10000) in paragraph at lines 419--420
\T1/pcr/m/n/8 DDSCDll[]Export [] $\OMS/cmsy/m/n/8 ^^C$ \T1/pcr/m/n/8 DDS[]_[][]
Domain[]Participant[]Factory[]_[]create[]_[]participant[]_[]from[]_[]config
 []


Underfull \hbox (badness 1320) in paragraph at lines 425--426
[]\T1/phv/m/n/10 This op-er-a-tion cre-ates a [] and all the con-tained en-ti-t
ies ([], [],
 []

[36]
Underfull \hbox (badness 10000) detected at line 440
[][][]
 []


Underfull \hbox (badness 10000) in paragraph at lines 450--451
\T1/pcr/m/n/8 DDSCDll[]Variable const struct [] DDS[]_[][]PARTICIPANT[]_[][]FAC
TORY[]_[][]QOS[]_[][]DEFAULT
 []


Underfull \hbox (badness 10000) detected at line 458
[][][]
 []

[37]
Underfull \hbox (badness 10000) detected at line 477
[][][]
 []

) (./group__DDSDomainParticipantModule.tex
Underfull \hbox (badness 2495) in paragraph at lines 32--33
[]\T1/phv/m/n/10 DDSCDll[]Export [] [] (struct []
 []

LaTeX Font Info:    Font shape `TS1/phv/m/it' in size <9> not available
(Font)              Font shape `TS1/phv/m/sl' tried instead on input line 37.
LaTeX Font Info:    Font shape `TS1/phv/m/sl' will be
(Font)              scaled to size 8.09995pt on input line 37.
[38]
Underfull \hbox (badness 841) in paragraph at lines 50--51
[]\T1/phv/m/n/10 DDSCDll[]Export [] $\OMS/cmsy/m/n/10 ^^C$ [] \T1/phv/m/n/10 ([
] $\OMS/cmsy/m/n/10 ^^C$\T1/phv/m/n/10 self,
 []


Underfull \hbox (badness 4713) in paragraph at lines 60--61
[]\T1/phv/m/n/10 DDSCDll[]Export [] [] ([] $\OMS/cmsy/m/n/10 ^^C$\T1/phv/m/n/10
 self,
 []

[39]
Overfull \hbox (15.2506pt too wide) in paragraph at lines 64--65
[]\T1/phv/m/n/10 DDSCDll[]Export [] $\OMS/cmsy/m/n/10 ^^C$ [] \T1/phv/m/n/10 ([
]
 []


Overfull \hbox (20.40756pt too wide) in paragraph at lines 72--73
[]\T1/phv/m/n/10 DDSCDll[]Export [] $\OMS/cmsy/m/n/10 ^^C$ [] \T1/phv/m/n/10 ([
]
 []


Overfull \hbox (16.39738pt too wide) in paragraph at lines 84--85
[]\T1/phv/m/n/10 DDSCDll[]Export [] [] ([]
 []


Overfull \hbox (34.41493pt too wide) in paragraph at lines 86--87
[]\T1/phv/m/n/10 DDSCDll[]Export [] [] ([]
 []


Overfull \hbox (24.2pt too wide) in paragraph at lines 94--95
[]\T1/phv/m/n/10 DDSCDll[]Export struct [] [] ([]
 []

[40]
Underfull \hbox (badness 2781) in paragraph at lines 96--97
[]\T1/phv/m/n/10 DDSCDll[]Export [] [] ([] $\OMS/cmsy/m/n/10 ^^C$\T1/phv/m/n/10
 self,
 []


Overfull \hbox (44.86371pt too wide) in paragraph at lines 100--101
[]\T1/phv/m/n/10 DDSCDll[]Export [] [] ([]
 []


Overfull \hbox (44.35977pt too wide) in paragraph at lines 102--103
[]\T1/phv/m/n/10 DDSCDll[]Export [] [] ([]
 []


Underfull \hbox (badness 1675) in paragraph at lines 106--107
[]\T1/phv/m/n/10 DDSCDll[]Export [] [] ([]
 []

[41]
Underfull \hbox (badness 10000) detected at line 153
[][][]
 []


Underfull \hbox (badness 10000) detected at line 179
[][][]
 []

[42]
Underfull \hbox (badness 10000) detected at line 205
[][][]
 []


Underfull \hbox (badness 10000) detected at line 208
[][][]
 []


Underfull \hbox (badness 10000) detected at line 211
[][][]
 []


Underfull \hbox (badness 10000) detected at line 234
[][][]
 []


Underfull \hbox (badness 10000) detected at line 237
[][][]
 []

[43]
Underfull \hbox (badness 10000) detected at line 259
[][][]
 []


Underfull \hbox (badness 10000) detected at line 262
[][][]
 []


Underfull \hbox (badness 10000) detected at line 290
[][][]
 []


Underfull \hbox (badness 10000) detected at line 293
[][][]
 []

[44]
Underfull \hbox (badness 10000) detected at line 313
[][][]
 []


Overfull \hbox (66.14145pt too wide) in paragraph at lines 326--327
[]\T1/phv/m/n/10 The re-trieved \T1/pcr/m/n/10 qos \T1/phv/m/n/10 will match th
e set of val-ues spec-i-fied on the last suc-cess-ful call to [],
 []


Overfull \hbox (108.83852pt too wide) in paragraph at lines 330--331
\T1/phv/m/n/10 called, the de-fault value of the QoS set in the fac-tory, equiv
-a-lent to the value ob-tained by call-ing [],
 []


Underfull \hbox (badness 10000) detected at line 332
[][][]
 []


Underfull \hbox (badness 10000) detected at line 342
[][][]
 []


Underfull \hbox (badness 10000) detected at line 345
[][][]
 []

[45]
Underfull \hbox (badness 10000) detected at line 362
[][][]
 []


Underfull \hbox (badness 995) in paragraph at lines 363--364
[]\T1/phv/m/n/10 The spec-i-fied QoS poli-cies must be con-sis-tent, or else th
e op-er-a-tion will have no ef-fect and fail with
 []


Underfull \hbox (badness 10000) detected at line 365
[][][]
 []


Overfull \hbox (48.47037pt too wide) in paragraph at lines 366--367
\T1/phv/m/n/10 mul-ta-ne-ously call-ing [] or call-ing []
 []


Underfull \hbox (badness 10000) detected at line 375
[][][]
 []


Underfull \hbox (badness 10000) detected at line 378
[][][]
 []


Overfull \hbox (71.45132pt too wide) in paragraph at lines 393--394
[]\T1/phv/m/n/10 The re-trieved \T1/pcr/m/n/10 qos \T1/phv/m/n/10 will match th
e set of val-ues spec-i-fied on the last suc-cess-ful call to [],
 []


Overfull \hbox (20.15253pt too wide) in paragraph at lines 397--398
[]\T1/phv/m/n/10 If [] is spec-i-fied as the \T1/pcr/m/n/10 qos \T1/phv/m/n/10 
pa-ram-e-ter when []
 []


Overfull \hbox (122.55429pt too wide) in paragraph at lines 397--398
\T1/phv/m/n/10 is called, the de-fault value of the QoS set in the fac-tory, eq
uiv-a-lent to the value ob-tained by call-ing [],
 []


Underfull \hbox (badness 10000) detected at line 399
[][][]
 []

[46] [47]
Underfull \hbox (badness 10000) detected at line 409
[][][]
 []


Underfull \hbox (badness 10000) detected at line 412
[][][]
 []


Underfull \hbox (badness 10000) detected at line 429
[][][]
 []


Underfull \hbox (badness 995) in paragraph at lines 430--431
[]\T1/phv/m/n/10 The spec-i-fied QoS poli-cies must be con-sis-tent, or else th
e op-er-a-tion will have no ef-fect and fail with
 []


Underfull \hbox (badness 10000) detected at line 432
[][][]
 []


Underfull \hbox (badness 2359) in paragraph at lines 433--434
[]\T1/phv/m/n/10 UNSAFE. It is not safe to re-trieve the de-fault QoS value fro
m a do-main par-tic-i-pant while an-other
 []


Underfull \hbox (badness 10000) in paragraph at lines 433--434
\T1/phv/m/n/10 thread may be si-mul-ta-ne-ously call-ing [] or call-ing
 []


Underfull \hbox (badness 10000) detected at line 442
[][][]
 []


Overfull \hbox (48.8167pt too wide) in paragraph at lines 455--456
[]\T1/phv/m/n/10 The re-trieved \T1/pcr/m/n/10 qos \T1/phv/m/n/10 will match th
e set of val-ues spec-i-fied on the last suc-cess-ful call to [],
 []

[48]
Underfull \hbox (badness 10000) detected at line 459
[][][]
 []


Underfull \hbox (badness 10000) detected at line 469
[][][]
 []


Underfull \hbox (badness 10000) detected at line 472
[][][]
 []


Underfull \hbox (badness 10000) detected at line 489
[][][]
 []


Underfull \hbox (badness 995) in paragraph at lines 490--491
[]\T1/phv/m/n/10 The spec-i-fied QoS poli-cies must be con-sis-tent, or else th
e op-er-a-tion will have no ef-fect and fail with
 []


Underfull \hbox (badness 10000) detected at line 492
[][][]
 []

[49]
Underfull \hbox (badness 10000) detected at line 502
[][][]
 []


Underfull \hbox (badness 10000) detected at line 505
[][][]
 []


Underfull \hbox (badness 10000) detected at line 520
[][][]
 []


Underfull \hbox (badness 10000) detected at line 536
[][][]
 []


Underfull \hbox (badness 10000) detected at line 539
[][][]
 []

[50]
Underfull \hbox (badness 10000) detected at line 556
[][][]
 []


Overfull \hbox (111.43565pt too wide) in paragraph at lines 559--560
[][] \T1/phv/m/n/10 must have been cre-ated by this [], or else it will fail wi
th []. 
 []


Underfull \hbox (badness 10000) detected at line 561
[][][]
 []


Underfull \hbox (badness 10000) detected at line 571
[][][]
 []


Overfull \hbox (23.4798pt too wide) in paragraph at lines 582--583
[][] \T1/phv/m/n/10 Cre-ates a [] with the de-sired QoS poli-cies and at-taches
 to it the spec-i-fied []. 
 []


Underfull \hbox (badness 10000) detected at line 584
[][][]
 []


Underfull \hbox (badness 10000) detected at line 589
[][][]
 []

[51]
Underfull \hbox (badness 10000) detected at line 603
[][][]
 []


Underfull \hbox (badness 10000) detected at line 606
[][][]
 []


Underfull \hbox (badness 10000) detected at line 623
[][][]
 []


Underfull \hbox (badness 2884) in paragraph at lines 624--625
[]\T1/phv/m/n/10 The [] must not have any at-tached [] ob-jects. If there are e
x-ist-ing
 []


Underfull \hbox (badness 1389) in paragraph at lines 626--627
[]\T1/phv/m/n/10 The [] must have been cre-ated by this [], or else it will fai
l with
 []


Underfull \hbox (badness 10000) detected at line 628
[][][]
 []


Underfull \hbox (badness 10000) detected at line 638
[][][]
 []

[52]
Underfull \hbox (badness 10000) detected at line 651
[][][]
 []


Underfull \hbox (badness 10000) detected at line 658
[][][]
 []


Underfull \hbox (badness 10000) detected at line 661
[][][]
 []


Underfull \hbox (badness 10000) detected at line 679
[][][]
 []


Underfull \hbox (badness 10000) detected at line 682
[][][]
 []

[53]
Underfull \hbox (badness 10000) detected at line 699
[][][]
 []


Underfull \hbox (badness 1028) in paragraph at lines 700--701
[]\T1/phv/m/n/10 If the [] does not be-long to the ap-pli-ca-tion\TS1/phv/m/n/1
0 '\T1/phv/m/n/10 s [], this op-er-a-tion fails with
 []


Underfull \hbox (badness 10000) detected at line 704
[][][]
 []


Underfull \hbox (badness 10000) detected at line 714
[][][]
 []


Overfull \hbox (51.61545pt too wide) in paragraph at lines 729--730
[][] \T1/phv/m/n/10 ob-tained by [] must also be deleted by means of [].
 []


Overfull \hbox (39.25853pt too wide) in paragraph at lines 729--730
\T1/phv/m/n/10 If [] is ob-tained mul-ti-ple times by means of [] or [],
 []

[54]
Underfull \hbox (badness 10000) detected at line 740
[][][]
 []


Underfull \hbox (badness 1087) in paragraph at lines 755--756
[]\T1/phv/m/n/10 The op-er-a-tion [] searches among the lo-cally cre-ated top-i
cs and
 []


Underfull \hbox (badness 836) in paragraph at lines 755--756
\T1/phv/m/n/10 re-turns a pointer to a []. It is pos-si-ble to delete the [] re
-turned by
 []


Underfull \hbox (badness 10000) detected at line 757
[][][]
 []


Underfull \hbox (badness 10000) detected at line 767
[][][]
 []

[55]
Underfull \hbox (badness 10000) detected at line 793
[][][]
 []


Underfull \hbox (badness 10000) detected at line 796
[][][]
 []


Underfull \hbox (badness 10000) detected at line 822
[][][]
 []


Underfull \hbox (badness 10000) detected at line 825
[][][]
 []

[56]
Underfull \hbox (badness 10000) detected at line 851
[][][]
 []


Underfull \hbox (badness 10000) detected at line 854
[][][]
 []

[57]
Underfull \hbox (badness 10000) detected at line 880
[][][]
 []


Underfull \hbox (badness 10000) detected at line 883
[][][]
 []


Underfull \hbox (badness 10000) detected at line 915
[][][]
 []


Underfull \hbox (badness 10000) detected at line 918
[][][]
 []

[58]
Underfull \hbox (badness 10000) detected at line 940
[][][]
 []


Underfull \hbox (badness 10000) detected at line 943
[][][]
 []


Underfull \hbox (badness 2538) in paragraph at lines 958--959
[]\T1/phv/m/n/10 You need to use this op-er-a-tion if the [] coin-tains [] en-t
i-ties with the
 []


Underfull \hbox (badness 10000) detected at line 967
[][][]
 []


Underfull \hbox (badness 10000) detected at line 970
[][][]
 []

[59]
Underfull \hbox (badness 10000) detected at line 996
[][][]
 []


Underfull \hbox (badness 10000) detected at line 1018
[][][]
 []

[60]
Underfull \hbox (badness 10000) detected at line 1038
[][][]
 []


Underfull \hbox (badness 10000) detected at line 1060
[][][]
 []


Underfull \hbox (badness 10000) detected at line 1082
[][][]
 []

[61]
Underfull \hbox (badness 10000) detected at line 1085
[][][]
 []


Underfull \hbox (badness 10000) detected at line 1109
[][][]
 []


Underfull \hbox (badness 10000) detected at line 1112
[][][]
 []


Underfull \hbox (badness 10000) detected at line 1134
[][][]
 []

[62]
Underfull \hbox (badness 10000) detected at line 1141
[][][]
 []


Underfull \hbox (badness 10000) detected at line 1144
[][][]
 []


Underfull \hbox (badness 10000) detected at line 1162
[][][]
 []

[63]
Underfull \hbox (badness 10000) detected at line 1187
[][][]
 []


Underfull \hbox (badness 10000) detected at line 1199
[][][]
 []


Overfull \hbox (68.02036pt too wide) in paragraph at lines 1200--1201
[]\T1/phv/m/n/10 One of the [], [] or []. 
 []


Underfull \hbox (badness 10000) detected at line 1204
[][][]
 []


Underfull \hbox (badness 10000) detected at line 1219
[][][]
 []

[64]
Underfull \hbox (badness 10000) detected at line 1222
[][][]
 []


Underfull \hbox (badness 10000) detected at line 1232
[][][]
 []


Underfull \hbox (badness 10000) detected at line 1237
[][][]
 []


Overfull \hbox (131.54669pt too wide) in paragraph at lines 1254--1255
[]\T1/phv/m/n/10 The re-trieved \T1/pcr/m/n/10 property \T1/phv/m/n/10 will mat
ch the set of val-ues spec-i-fied on the last suc-cess-ful call to [],
 []


Underfull \hbox (badness 10000) detected at line 1256
[][][]
 []

[65]
Underfull \hbox (badness 10000) detected at line 1266
[][][]
 []


Underfull \hbox (badness 10000) detected at line 1269
[][][]
 []


Overfull \hbox (19.41493pt too wide) in paragraph at lines 1284--1285
[]\T1/phv/m/n/10 This de-fault value will be used for newly cre-ated [] if []
 []


Underfull \hbox (badness 10000) detected at line 1286
[][][]
 []


Underfull \hbox (badness 10000) detected at line 1289
[][][]
 []


Underfull \hbox (badness 1248) in paragraph at lines 1290--1291
[]\T1/phv/m/n/10 UNSAFE. It is not safe to set the de-fault flow con-troller pr
op-er-ties for a Domain[]Participant while an-
 []


Underfull \hbox (badness 2189) in paragraph at lines 1290--1291
\T1/phv/m/n/10 other thread may be si-mul-ta-ne-ously call-ing [] ,
 []


Overfull \hbox (18.16779pt too wide) in paragraph at lines 1290--1291
[] \T1/phv/m/n/10 or call-ing []
 []


Underfull \hbox (badness 10000) detected at line 1299
[][][]
 []


Underfull \hbox (badness 10000) detected at line 1302
[][][]
 []

[66]
Underfull \hbox (badness 10000) detected at line 1321
[][][]
 []


Overfull \hbox (65.68709pt too wide) in paragraph at lines 1322--1323
\T1/phv/m/n/10 the flow con-troller while an-other thread may be si-mul-ta-ne-o
usly call-ing []
 []


Underfull \hbox (badness 10000) detected at line 1335
[][][]
 []


Underfull \hbox (badness 10000) detected at line 1338
[][][]
 []


Overfull \hbox (30.49309pt too wide) in paragraph at lines 1345--1346
\T1/phv/m/n/10 The cre-ated [] is as-so-ci-ated with a [] via [].
 []


Underfull \hbox (badness 10000) detected at line 1347
[][][]
 []


Underfull \hbox (badness 10000) detected at line 1360
[][][]
 []

[67]
Underfull \hbox (badness 10000) detected at line 1365
[][][]
 []


Underfull \hbox (badness 10000) detected at line 1368
[][][]
 []


Underfull \hbox (badness 10000) detected at line 1378
[][][]
 []


Underfull \hbox (badness 10000) detected at line 1393
[][][]
 []

[68]
Underfull \hbox (badness 10000) detected at line 1403
[][][]
 []


Underfull \hbox (badness 10000) detected at line 1431
[][][]
 []


Underfull \hbox (badness 10000) detected at line 1446
[][][]
 []


Underfull \hbox (badness 3514) in paragraph at lines 1459--1460
[]\T1/phv/m/n/10 When used in [], this spe-cial value is used to in-di-cate tha
t the
 []


Underfull \hbox (badness 10000) detected at line 1461
[][][]
 []


Underfull \hbox (badness 10000) in paragraph at lines 1468--1469
\T1/pcr/m/n/8 DDSCDll[]Variable const struct [] DDS[]_[][]FLOW[]_[][]CONTROLLER
[]_[][]PROPERTY[]_[][]DEFAULT
 []

[69]
Underfull \hbox (badness 1881) in paragraph at lines 1474--1475
[]\T1/phv/m/n/10 When used in [], this spe-cial value is used to in-di-cate tha
t the
 []


Underfull \hbox (badness 1331) in paragraph at lines 1476--1477
[]\T1/phv/m/n/10 Note[]: You can-not use this value to \T1/phv/m/sl/10 get \T1/
phv/m/n/10 the de-fault prop-er-ties for a Flow[]Controller; for this pur-pose,
 use
 []


Underfull \hbox (badness 10000) detected at line 1478
[][][]
 []

) (./group__DDSDiscoveryModule.tex
LaTeX Font Info:    Font shape `T1/pcr/m/it' in size <9> not available
(Font)              Font shape `T1/pcr/m/sl' tried instead on input line 25.
 [70] [71] [72] [73]
LaTeX Font Info:    Trying to load font information for TS1+pcr on input line 2
60.

(/opt/texlive/2019/texmf-dist/tex/latex/psnfss/ts1pcr.fd
File: ts1pcr.fd 2001/06/04 font definitions for TS1/pcr.
) [74]
Overfull \hbox (41.32051pt too wide) in paragraph at lines 293--294
[]\T1/phv/m/n/10 For ex-am-ple, to con-fig-ure a re-mote [] with ob-ject ID 100
 by set-ting the key in the [][]
 []


Underfull \hbox (badness 10000) detected at line 300
[][][]
 []

(./group__DDSParticipantBuiltInTopicModule.tex
Overfull \hbox (46.42065pt too wide) in paragraph at lines 21--22
[]\T1/phv/m/n/10 DDSCDll[]Export [] [] (struct []
 []

[75]
Overfull \hbox (28.97002pt too wide) in paragraph at lines 27--28
[]\T1/phv/m/n/10 DDSCDll[]Export [] [] (const struct []
 []


Underfull \hbox (badness 10000) detected at line 49
[][][]
 []

[76] [77]
Underfull \hbox (badness 10000) detected at line 76
[][][]
 []


Underfull \hbox (badness 10000) detected at line 96
[][][]
 []


Underfull \hbox (badness 10000) detected at line 118
[][][]
 []

[78]
Underfull \hbox (badness 10000) detected at line 140
[][][]
 []

) (./group__DDSPublicationBuiltInTopicModule.tex
Overfull \hbox (49.06683pt too wide) in paragraph at lines 21--22
[]\T1/phv/m/n/10 DDSCDll[]Export [] [] (struct []
 []


Overfull \hbox (31.6162pt too wide) in paragraph at lines 27--28
[]\T1/phv/m/n/10 DDSCDll[]Export [] [] (const struct []
 []

[79]
Underfull \hbox (badness 10000) detected at line 49
[][][]
 []


Underfull \hbox (badness 10000) detected at line 76
[][][]
 []

[80]
Underfull \hbox (badness 10000) detected at line 96
[][][]
 []


Underfull \hbox (badness 10000) detected at line 118
[][][]
 []


Underfull \hbox (badness 10000) detected at line 140
[][][]
 []

) (./group__DDSSubscriptionBuiltInTopicModule.tex [81]
Overfull \hbox (60.69446pt too wide) in paragraph at lines 21--22
[]\T1/phv/m/n/10 DDSCDll[]Export [] [] (struct []
 []


Overfull \hbox (43.24382pt too wide) in paragraph at lines 27--28
[]\T1/phv/m/n/10 DDSCDll[]Export [] [] (const struct []
 []


Underfull \hbox (badness 10000) detected at line 49
[][][]
 []

[82]
Underfull \hbox (badness 10000) detected at line 76
[][][]
 []


Underfull \hbox (badness 10000) detected at line 96
[][][]
 []

[83]
Underfull \hbox (badness 10000) detected at line 118
[][][]
 []


Underfull \hbox (badness 10000) detected at line 140
[][][]
 []

))) (./group__DDSTopicModule.tex (./group__DDSCdrTypesModule.tex [84] [85]
Underfull \hbox (badness 10000) detected at line 95
[][][]
 []


Underfull \hbox (badness 10000) detected at line 110
[][][]
 []

[86]
Underfull \hbox (badness 10000) detected at line 125
[][][]
 []


Underfull \hbox (badness 10000) detected at line 140
[][][]
 []


Underfull \hbox (badness 10000) detected at line 155
[][][]
 []


Underfull \hbox (badness 10000) detected at line 170
[][][]
 []


Underfull \hbox (badness 10000) detected at line 185
[][][]
 []

[87]
Underfull \hbox (badness 10000) detected at line 202
[][][]
 []


Underfull \hbox (badness 10000) detected at line 219
[][][]
 []


Underfull \hbox (badness 10000) detected at line 234
[][][]
 []

[88]
Underfull \hbox (badness 10000) detected at line 249
[][][]
 []


Underfull \hbox (badness 10000) detected at line 266
[][][]
 []


Underfull \hbox (badness 10000) detected at line 281
[][][]
 []

[89]
Underfull \hbox (badness 10000) detected at line 296
[][][]
 []


Underfull \hbox (badness 10000) detected at line 309
[][][]
 []


Underfull \hbox (badness 10000) detected at line 326
[][][]
 []

) (./group__DDSTopicEntityModule.tex [90]
Underfull \hbox (badness 10000) in paragraph at lines 40--41
[]\T1/phv/m/n/10 DDSCDll[]Export [] [] (struct [] $\OMS/cmsy/m/n/10 ^^C$\T1/phv
/m/n/10 self, const struct
 []


Underfull \hbox (badness 7186) in paragraph at lines 56--57
[]\T1/phv/m/n/10 DDSCDll[]Export [] [] ([] $\OMS/cmsy/m/n/10 ^^C$\T1/phv/m/n/10
 self, struct
 []

[91]
Underfull \hbox (badness 10000) detected at line 107
[][][]
 []

[92]
Underfull \hbox (badness 10000) detected at line 132
[][][]
 []


Underfull \hbox (badness 10000) detected at line 160
[][][]
 []


Underfull \hbox (badness 10000) detected at line 163
[][][]
 []


Underfull \hbox (badness 10000) detected at line 166
[][][]
 []

[93]
Underfull \hbox (badness 10000) detected at line 214
[][][]
 []


Underfull \hbox (badness 10000) detected at line 217
[][][]
 []

[94]
Underfull \hbox (badness 10000) detected at line 241
[][][]
 []


Underfull \hbox (badness 10000) detected at line 244
[][][]
 []


Underfull \hbox (badness 10000) detected at line 272
[][][]
 []


Underfull \hbox (badness 10000) detected at line 275
[][][]
 []

[95] [96]
Underfull \hbox (badness 10000) detected at line 301
[][][]
 []


Underfull \hbox (badness 10000) detected at line 304
[][][]
 []


Underfull \hbox (badness 10000) detected at line 322
[][][]
 []


Underfull \hbox (badness 3168) in paragraph at lines 323--324
[]\T1/phv/m/n/10 the name used to cre-ate this []. The re-turned topic name is 
valid un-til the
 []


Underfull \hbox (badness 10000) detected at line 325
[][][]
 []


Underfull \hbox (badness 10000) detected at line 343
[][][]
 []


Underfull \hbox (badness 10000) detected at line 346
[][][]
 []

[97]
Underfull \hbox (badness 10000) detected at line 359
[][][]
 []


Underfull \hbox (badness 10000) detected at line 372
[][][]
 []


Underfull \hbox (badness 10000) detected at line 385
[][][]
 []

[98]
Underfull \hbox (badness 10000) detected at line 407
[][][]
 []


Underfull \hbox (badness 10000) detected at line 410
[][][]
 []


Underfull \hbox (badness 1231) in paragraph at lines 428--429
[]\T1/phv/m/n/10 Policies must be con-sis-tent. Poli-cies can-not be changed af
-ter [] is en-abled. The spe-cial value
 []


Underfull \hbox (badness 10000) detected at line 435
[][][]
 []


Underfull \hbox (badness 10000) detected at line 438
[][][]
 []

[99]
Underfull \hbox (badness 10000) detected at line 462
[][][]
 []


Underfull \hbox (badness 10000) detected at line 465
[][][]
 []


Underfull \hbox (badness 10000) detected at line 487
[][][]
 []


Underfull \hbox (badness 10000) detected at line 505
[][][]
 []

) (./group__RTIFlatDataModule.tex [100]
Underfull \hbox (badness 10000) detected at line 10
[][][]
 []


Underfull \hbox (badness 10000) detected at line 15
[][][]
 []


Overfull \hbox (50.43184pt too wide) in paragraph at lines 18--19
[]\T1/phv/m/n/10 For build-able \T1/phv/b/n/10 code ex-am-ples\T1/phv/m/n/10 , 
see [][] \T1/pcr/m/n/10 https[]://community.[]rti.[]com/kb/flatdata-and-zerocop
y-examples[][]\T1/phv/m/n/10 . 
 []

) (./group__RTIZeroCopyModule.tex
Underfull \hbox (badness 10000) detected at line 10
[][][]
 []


Overfull \hbox (50.43184pt too wide) in paragraph at lines 13--14
[]\T1/phv/m/n/10 For build-able \T1/phv/b/n/10 code ex-am-ples\T1/phv/m/n/10 , 
see [][] \T1/pcr/m/n/10 https[]://community.[]rti.[]com/kb/flatdata-and-zerocop
y-examples[][]\T1/phv/m/n/10 . 
 []

) (./group__DDSUserDataModule.tex [101]
Underfull \hbox (badness 4531) in paragraph at lines 46--47
[]\T1/phv/m/n/10 DDSCDll[]Export [] [] (const [] $\OMS/cmsy/m/n/10 ^^C$\T1/phv/
m/n/10 self, const
 []

[102]
Underfull \hbox (badness 10000) detected at line 81
[][][]
 []


Underfull \hbox (badness 10000) detected at line 84
[][][]
 []


Underfull \hbox (badness 10000) detected at line 97
[][][]
 []


Underfull \hbox (badness 10000) detected at line 110
[][][]
 []

[103]
Underfull \hbox (badness 10000) detected at line 113
[][][]
 []


Underfull \hbox (badness 10000) detected at line 116
[][][]
 []


Underfull \hbox (badness 10000) detected at line 134
[][][]
 []


Underfull \hbox (badness 10000) detected at line 156
[][][]
 []


Underfull \hbox (badness 10000) detected at line 159
[][][]
 []

[104]
Underfull \hbox (badness 10000) detected at line 179
[][][]
 []


Underfull \hbox (badness 10000) detected at line 182
[][][]
 []


Underfull \hbox (badness 1107) in paragraph at lines 197--198
\T1/phv/m/n/10 same or dif-fer-ent val-ues for the \T1/pcr/m/n/10 type[]_[]name
\T1/phv/m/n/10 . If \T1/pcr/m/n/10 register[]_[]type \T1/phv/m/n/10 is called m
ul-ti-ple times on the same
 []


Underfull \hbox (badness 10000) detected at line 199
[][][]
 []


Underfull \hbox (badness 2302) in paragraph at lines 200--201
[]\T1/phv/m/n/10 Cannot use the same \T1/pcr/m/n/10 type[]_[]name \T1/phv/m/n/1
0 to reg-is-ter two dif-fer-ent [] with the same
 []


Underfull \hbox (badness 10000) detected at line 209
[][][]
 []


Overfull \hbox (68.02036pt too wide) in paragraph at lines 210--211
[]\T1/phv/m/n/10 One of the [], [] or []. 
 []


Underfull \hbox (badness 10000) detected at line 212
[][][]
 []

[105]
Underfull \hbox (badness 10000) detected at line 215
[][][]
 []


Underfull \hbox (badness 10000) detected at line 230
[][][]
 []


Underfull \hbox (badness 10000) detected at line 233
[][][]
 []


Underfull \hbox (badness 10000) detected at line 243
[][][]
 []


Underfull \hbox (badness 10000) detected at line 246
[][][]
 []


Underfull \hbox (badness 10000) detected at line 249
[][][]
 []

[106]
Overfull \hbox (84.33836pt too wide) in paragraph at lines 262--263
[]\T1/phv/m/n/10 This func-tion se-ri-al-izes a sam-ple into a buffer of octets
 us-ing the in-put data rep-re-sen-ta-tion. See []
 []


Underfull \hbox (badness 10000) detected at line 277
[][][]
 []


Underfull \hbox (badness 10000) detected at line 307
[][][]
 []

[107]
Underfull \hbox (badness 10000) detected at line 333
[][][]
 []


Underfull \hbox (badness 10000) detected at line 353
[][][]
 []


Underfull \hbox (badness 10000) detected at line 356
[][][]
 []


Underfull \hbox (badness 10000) detected at line 369
[][][]
 []

[108]
Underfull \hbox (badness 10000) detected at line 372
[][][]
 []


Underfull \hbox (badness 10000) detected at line 390
[][][]
 []

)) (./group__DDSPublicationModule.tex (./group__DDSFlowControllerModule.tex
[109]
Overfull \hbox (162.66585pt too wide) in paragraph at lines 23--27
[]\T1/phv/m/n/10 enum [] { [] , []
 []


Underfull \hbox (badness 3601) in paragraph at lines 37--38
[]\T1/phv/m/n/10 DDSCDll[]Export [] [] ([] $\OMS/cmsy/m/n/10 ^^C$\T1/phv/m/n/10
 self, struct
 []

LaTeX Font Info:    Font shape `T1/phv/b/it' in size <9> not available
(Font)              Font shape `T1/phv/b/sl' tried instead on input line 45.
LaTeX Font Info:    Font shape `T1/phv/b/sl' will be
(Font)              scaled to size 8.09995pt on input line 45.
[110]
Underfull \hbox (badness 1199) in paragraph at lines 55--56
\T1/phv/m/n/10 For use cases and ad-van-tages of pub-lish-ing as-ny-chronously,
 please re-fer to [] of
 []


Underfull \hbox (badness 10000) detected at line 57
[][][]
 []


Underfull \hbox (badness 10000) detected at line 75
[][][]
 []


Underfull \hbox (badness 10000) detected at line 91
[][][]
 []

[111] [112] [113]
Underfull \hbox (badness 10000) detected at line 144
[][][]
 []

[114]
Underfull \hbox (badness 10000) detected at line 162
[][][]
 []


Underfull \hbox (badness 10000) detected at line 190
[][][]
 []


Overfull \hbox (49.94096pt too wide) in paragraph at lines 191--192
[]\T1/phv/m/n/10 One of the [], [], or []. 
 []


Underfull \hbox (badness 10000) detected at line 193
[][][]
 []

[115]
Underfull \hbox (badness 10000) detected at line 213
[][][]
 []


Underfull \hbox (badness 10000) detected at line 231
[][][]
 []


Overfull \hbox (195.62308pt too wide) in paragraph at lines 236--237
[]\T1/phv/m/n/10 This func-tion pro-vides an ad-di-tional, ex-ter-nal trig-ger 
to the []. This trig-ger adds []
 []


Overfull \hbox (90.21593pt too wide) in paragraph at lines 238--239
[]\T1/phv/m/n/10 An \T1/phv/m/sl/10 on-demand [] \T1/phv/m/n/10 can be cre-ated
 with a [] as [],
 []

[116]
Underfull \hbox (badness 10000) detected at line 271
[][][]
 []

[117]
Underfull \hbox (badness 10000) detected at line 306
[][][]
 []

[118]
Underfull \hbox (badness 10000) detected at line 339
[][][]
 []

) (./group__DDSPublisherModule.tex [119]
Overfull \hbox (43.97095pt too wide) in paragraph at lines 58--59
[]\T1/phv/m/n/10 DDSCDll[]Export [] [] ([] $\OMS/cmsy/m/n/10 ^^C$\T1/phv/m/n/10
 self, const struct []
 []

[120]
Underfull \hbox (badness 10000) detected at line 96
[][][]
 []


Underfull \hbox (badness 10000) detected at line 121
[][][]
 []


Underfull \hbox (badness 10000) detected at line 139
[][][]
 []


Underfull \hbox (badness 10000) detected at line 142
[][][]
 []

[121]
Underfull \hbox (badness 10000) detected at line 169
[][][]
 []


Underfull \hbox (badness 10000) detected at line 172
[][][]
 []


Underfull \hbox (badness 10000) detected at line 194
[][][]
 []


Underfull \hbox (badness 10000) detected at line 197
[][][]
 []

[122]
Underfull \hbox (badness 10000) detected at line 225
[][][]
 []


Underfull \hbox (badness 10000) detected at line 228
[][][]
 []


Underfull \hbox (badness 10000) detected at line 248
[][][]
 []


Overfull \hbox (30.71808pt too wide) in paragraph at lines 261--262
[]\T1/phv/m/n/10 The re-treived \T1/pcr/m/n/10 qos \T1/phv/m/n/10 will match th
e set of val-ues spec-i-fied on the last suc-cess-ful call to []
 []

[123]
Underfull \hbox (badness 10000) detected at line 265
[][][]
 []


Underfull \hbox (badness 10000) detected at line 275
[][][]
 []


Underfull \hbox (badness 10000) detected at line 278
[][][]
 []


Underfull \hbox (badness 10000) detected at line 297
[][][]
 []


Underfull \hbox (badness 995) in paragraph at lines 298--299
[]\T1/phv/m/n/10 The spec-i-fied QoS poli-cies must be con-sis-tent, or else th
e op-er-a-tion will have no ef-fect and fail with
 []


Underfull \hbox (badness 10000) detected at line 300
[][][]
 []

[124]
Underfull \hbox (badness 10000) detected at line 310
[][][]
 []


Underfull \hbox (badness 10000) detected at line 323
[][][]
 []


Underfull \hbox (badness 10000) detected at line 346
[][][]
 []


Underfull \hbox (badness 10000) detected at line 349
[][][]
 []

[125]
Underfull \hbox (badness 10000) detected at line 368
[][][]
 []


Overfull \hbox (86.67639pt too wide) in paragraph at lines 369--370
[]\T1/phv/m/n/10 If the [] does not be-long to the [], the op-er-a-tion will fa
il with []. 
 []


Underfull \hbox (badness 10000) detected at line 371
[][][]
 []


Underfull \hbox (badness 10000) detected at line 381
[][][]
 []


Underfull \hbox (badness 10000) detected at line 403
[][][]
 []


Underfull \hbox (badness 10000) detected at line 408
[][][]
 []

[126]
Underfull \hbox (badness 10000) detected at line 434
[][][]
 []


Underfull \hbox (badness 10000) detected at line 437
[][][]
 []


Underfull \hbox (badness 10000) detected at line 455
[][][]
 []

[127]
Underfull \hbox (badness 10000) detected at line 477
[][][]
 []


Underfull \hbox (badness 10000) detected at line 501
[][][]
 []


Overfull \hbox (49.94096pt too wide) in paragraph at lines 502--503
[]\T1/phv/m/n/10 One of the [], [], or []. 
 []


Underfull \hbox (badness 10000) detected at line 504
[][][]
 []

[128]
Underfull \hbox (badness 10000) detected at line 528
[][][]
 []


Underfull \hbox (badness 10000) detected at line 531
[][][]
 []


Underfull \hbox (badness 10000) detected at line 553
[][][]
 []


Underfull \hbox (badness 10000) detected at line 556
[][][]
 []

[129]
Underfull \hbox (badness 10000) detected at line 574
[][][]
 []


Underfull \hbox (badness 10000) detected at line 600
[][][]
 []

) (./group__DDSWriterModule.tex [130]
Underfull \hbox (badness 764) in paragraph at lines 57--58
[]\T1/phv/m/n/10 typedef void($\OMS/cmsy/m/n/10 ^^C$ []\T1/phv/m/n/10 ) (void $
\OMS/cmsy/m/n/10 ^^C$\T1/phv/m/n/10 listener[]_[]data, []
 []


Underfull \hbox (badness 10000) in paragraph at lines 59--60
[]\T1/phv/m/n/10 typedef void($\OMS/cmsy/m/n/10 ^^C$ []\T1/phv/m/n/10 ) (void $
\OMS/cmsy/m/n/10 ^^C$\T1/phv/m/n/10 listener[]_[]data,
 []


Underfull \hbox (badness 10000) in paragraph at lines 61--62
[]\T1/phv/m/n/10 typedef void($\OMS/cmsy/m/n/10 ^^C$ []\T1/phv/m/n/10 ) (void $
\OMS/cmsy/m/n/10 ^^C$\T1/phv/m/n/10 listener[]_[]data,
 []


Underfull \hbox (badness 3291) in paragraph at lines 63--64
[]\T1/phv/m/n/10 typedef void($\OMS/cmsy/m/n/10 ^^C$ []\T1/phv/m/n/10 ) (void $
\OMS/cmsy/m/n/10 ^^C$\T1/phv/m/n/10 listener[]_[]data, []
 []


Underfull \hbox (badness 5681) in paragraph at lines 74--75
[][] [] \T1/phv/m/n/10 ([] $\OMS/cmsy/m/n/10 ^^C$\T1/phv/m/n/10 self, const voi
d
 []

[131]
Underfull \hbox (badness 8094) in paragraph at lines 78--79
[][] [] \T1/phv/m/n/10 ([] $\OMS/cmsy/m/n/10 ^^C$\T1/phv/m/n/10 self, const voi
d
 []


Underfull \hbox (badness 10000) in paragraph at lines 80--81
[][] [] \T1/phv/m/n/10 ([] $\OMS/cmsy/m/n/10 ^^C$\T1/phv/m/n/10 self, const voi
d $\OMS/cmsy/m/n/10 ^^C$\T1/phv/m/n/10 instance[]_[]data, const
 []


Overfull \hbox (30.7116pt too wide) in paragraph at lines 84--85
[][] [] \T1/phv/m/n/10 ([] $\OMS/cmsy/m/n/10 ^^C$\T1/phv/m/n/10 self, const voi
d $\OMS/cmsy/m/n/10 ^^C$\T1/phv/m/n/10 instance[]_[]data, const []
 []


Underfull \hbox (badness 4467) in paragraph at lines 106--107
[]\T1/phv/m/n/10 DDSCDll[]Export [] [] ([] $\OMS/cmsy/m/n/10 ^^C$\T1/phv/m/n/10
 self,
 []

[132]
Overfull \hbox (21.98598pt too wide) in paragraph at lines 122--123
[]\T1/phv/m/n/10 DDSCDll[]Export [] [] ([]
 []


Overfull \hbox (31.37968pt too wide) in paragraph at lines 124--125
[]\T1/phv/m/n/10 DDSCDll[]Export [] [] ([] $\OMS/cmsy/m/n/10 ^^C$\T1/phv/m/n/10
 self, const struct []
 []


Underfull \hbox (badness 5832) in paragraph at lines 128--129
[]\T1/phv/m/n/10 DDSCDll[]Export [] [] ([] $\OMS/cmsy/m/n/10 ^^C$\T1/phv/m/n/10
 self, const struct
 []

[133] [134]
Underfull \hbox (badness 10000) detected at line 221
[][][]
 []


Underfull \hbox (badness 10000) detected at line 246
[][][]
 []


Underfull \hbox (badness 10000) detected at line 264
[][][]
 []

[135]
Underfull \hbox (badness 10000) detected at line 267
[][][]
 []


Underfull \hbox (badness 10000) in paragraph at lines 268--272

 []


Underfull \hbox (badness 10000) detected at line 274
[][][]
 []


Overfull \hbox (170.96022pt too wide) in paragraph at lines 284--284
[][] [] []
 []


Overfull \hbox (30.8692pt too wide) in paragraph at lines 289--290
\T1/pcr/m/n/8 typedef void($\OMS/cmsy/m/n/8 ^^C$ \T1/pcr/m/n/8 DDS[]_[][]Data[]
Writer[]Listener[]_[][]Offered[]Deadline[]Missed[]Callback) (void $\OMS/cmsy/m/
n/8 ^^C$\T1/pcr/m/n/8 listener[]_[]data, []
 []


Underfull \hbox (badness 10000) in paragraph at lines 299--300
\T1/pcr/m/n/8 typedef void($\OMS/cmsy/m/n/8 ^^C$ \T1/pcr/m/n/8 DDS[]_[][]Data[]
Writer[]Listener[]_[][]Liveliness[]Lost[]Callback) (void $\OMS/cmsy/m/n/8 ^^C$\
T1/pcr/m/n/8 listener[]_[]data, []
 []

[136]
Overfull \hbox (35.6692pt too wide) in paragraph at lines 318--319
\T1/pcr/m/n/8 typedef void($\OMS/cmsy/m/n/8 ^^C$ \T1/pcr/m/n/8 DDS[]_[][]Data[]
Writer[]Listener[]_[][]Offered[]Incompatible[]Qos[]Callback) (void $\OMS/cmsy/m
/n/8 ^^C$\T1/pcr/m/n/8 listener[]_[]data, []
 []


Overfull \hbox (16.4692pt too wide) in paragraph at lines 337--338
\T1/pcr/m/n/8 typedef void($\OMS/cmsy/m/n/8 ^^C$ \T1/pcr/m/n/8 DDS[]_[][]Data[]
Writer[]Listener[]_[][]Publication[]Matched[]Callback) (void $\OMS/cmsy/m/n/8 ^
^C$\T1/pcr/m/n/8 listener[]_[]data, []
 []


Underfull \hbox (badness 10000) in paragraph at lines 347--348
\T1/pcr/m/n/8 typedef void($\OMS/cmsy/m/n/8 ^^C$ \T1/pcr/m/n/8 DDS[]_[][]Data[]
Writer[]Listener[]_[][]Reliable[]Reader[]Activity[]Changed[]Callback) (void $\O
MS/cmsy/m/n/8 ^^C$\T1/pcr/m/n/8 listener[]_[]data,
 []


Underfull \hbox (badness 10000) in paragraph at lines 366--367
\T1/pcr/m/n/8 typedef void($\OMS/cmsy/m/n/8 ^^C$ \T1/pcr/m/n/8 DDS[]_[][]Data[]
Writer[]Listener[]_[][]Reliable[]Sample[]Unacknowledged[]Callback) (void $\OMS/
cmsy/m/n/8 ^^C$\T1/pcr/m/n/8 listener[]_[]data,
 []

[137]
Underfull \hbox (badness 10000) in paragraph at lines 385--386
\T1/pcr/m/n/8 typedef void($\OMS/cmsy/m/n/8 ^^C$ \T1/pcr/m/n/8 DDS[]_[][]Data[]
Writer[]Listener[]_[][]Sample[]Removed[]Callback) (void $\OMS/cmsy/m/n/8 ^^C$\T
1/pcr/m/n/8 listener[]_[]data, []
 []


Underfull \hbox (badness 10000) detected at line 420
[][][]
 []

[138]
Underfull \hbox (badness 10000) detected at line 438
[][][]
 []


Overfull \hbox (25.68077pt too wide) in paragraph at lines 457--458
[]\T1/phv/m/n/10 , [], [] and []
 []


Underfull \hbox (badness 10000) detected at line 474
[][][]
 []


Underfull \hbox (badness 10000) detected at line 477
[][][]
 []

[139]
Underfull \hbox (badness 10000) detected at line 505
[][][]
 []


Underfull \hbox (badness 10000) detected at line 508
[][][]
 []

[140]
Overfull \hbox (25.3098pt too wide) in paragraph at lines 537--538
[]\T1/phv/m/n/10 If af-ter a [], the ap-pli-ca-tion wants to mod-ify ([] or [])

 []


Overfull \hbox (24.03249pt too wide) in paragraph at lines 543--544
\T1/phv/m/n/10 the re-source lim-its of this writer or of a reader, this op-er-
a-tion may block for up to [];
 []

[141]
Underfull \hbox (badness 10000) detected at line 554
[][][]
 []


Underfull \hbox (badness 10000) detected at line 557
[][][]
 []

[142]
Underfull \hbox (badness 10000) detected at line 589
[][][]
 []


Underfull \hbox (badness 10000) detected at line 592
[][][]
 []

[143]
Underfull \hbox (badness 10000) detected at line 638
[][][]
 []


Underfull \hbox (badness 10000) detected at line 641
[][][]
 []

[144]
Underfull \hbox (badness 10000) detected at line 671
[][][]
 []


Underfull \hbox (badness 10000) detected at line 674
[][][]
 []

[145]
Underfull \hbox (badness 968) in paragraph at lines 689--690
[]\T1/phv/m/n/10 As a side ef-fect, this op-er-a-tion as-serts live-li-ness on 
the [] it-self, the [] and the
 []


Underfull \hbox (badness 10000) in paragraph at lines 700--700
[]\T1/phv/m/n/10 If ([] $\OML/cmm/m/it/10 <$ [] $\OMS/cmsy/m/n/10 ^^C$
 []

[146]
Underfull \hbox (badness 10000) detected at line 716
[][][]
 []


Underfull \hbox (badness 10000) detected at line 719
[][][]
 []

[147]
Underfull \hbox (badness 10000) detected at line 755
[][][]
 []


Underfull \hbox (badness 10000) detected at line 758
[][][]
 []


Underfull \hbox (badness 10000) detected at line 778
[][][]
 []

[148]
Underfull \hbox (badness 10000) detected at line 800
[][][]
 []


Underfull \hbox (badness 10000) detected at line 803
[][][]
 []


Overfull \hbox (148.55257pt too wide) in paragraph at lines 822--823
[][] \T1/phv/m/n/10 fails with [] if []
 []


Underfull \hbox (badness 2503) in paragraph at lines 832--833
[]\T1/phv/m/n/10 A loaned sam-ple that has not been writ-ten can be re-turned t
o the Data[]Writer\TS1/phv/m/n/10 '\T1/phv/m/n/10 s sam-ple pool by us-ing
 []

[149]
Underfull \hbox (badness 10000) detected at line 843
[][][]
 []


Underfull \hbox (badness 10000) detected at line 869
[][][]
 []


Underfull \hbox (badness 10000) detected at line 872
[][][]
 []

[150]
Underfull \hbox (badness 10000) detected at line 892
[][][]
 []


Underfull \hbox (badness 10000) detected at line 895
[][][]
 []


Underfull \hbox (badness 10000) detected at line 917
[][][]
 []


Underfull \hbox (badness 10000) detected at line 920
[][][]
 []

[151]
Underfull \hbox (badness 10000) detected at line 948
[][][]
 []


Underfull \hbox (badness 10000) detected at line 951
[][][]
 []


Underfull \hbox (badness 10000) detected at line 971
[][][]
 []

[152]
Underfull \hbox (badness 10000) detected at line 995
[][][]
 []


Underfull \hbox (badness 10000) detected at line 998
[][][]
 []


Underfull \hbox (badness 10000) detected at line 1018
[][][]
 []

[153]
Underfull \hbox (badness 10000) detected at line 1040
[][][]
 []


Underfull \hbox (badness 10000) detected at line 1060
[][][]
 []


Underfull \hbox (badness 10000) detected at line 1078
[][][]
 []

[154]
Underfull \hbox (badness 10000) detected at line 1098
[][][]
 []


Underfull \hbox (badness 10000) detected at line 1118
[][][]
 []


Underfull \hbox (badness 10000) detected at line 1138
[][][]
 []

[155]
Underfull \hbox (badness 10000) detected at line 1158
[][][]
 []


Underfull \hbox (badness 10000) detected at line 1178
[][][]
 []


Underfull \hbox (badness 10000) detected at line 1202
[][][]
 []


Overfull \hbox (44.81839pt too wide) in paragraph at lines 1203--1204
[]\T1/phv/m/n/10 One of the [], [] or [] 
 []


Underfull \hbox (badness 10000) detected at line 1205
[][][]
 []

[156]
Underfull \hbox (badness 10000) detected at line 1229
[][][]
 []


Underfull \hbox (badness 10000) detected at line 1232
[][][]
 []


Underfull \hbox (badness 10000) detected at line 1254
[][][]
 []


Underfull \hbox (badness 10000) detected at line 1257
[][][]
 []

[157]
Underfull \hbox (badness 10000) detected at line 1275
[][][]
 []

)) (./group__DDSSubscriptionModule.tex
Overfull \hbox (58.48225pt too wide) in paragraph at lines 25--26
\T1/phv/m/n/10 Data is made avail-able to the ap-pli-ca-tion by the fol-low-ing
 op-er-a-tions on [] objects[]: [],
 []

[158]
Underfull \hbox (badness 10000) detected at line 35
[][][]
 []

(./group__DDSSubscriberModule.tex [159]
Underfull \hbox (badness 3000) in paragraph at lines 42--43
[]\T1/phv/m/n/10 DDSCDll[]Export [] [] ([] $\OMS/cmsy/m/n/10 ^^C$\T1/phv/m/n/10
 self,
 []


Underfull \hbox (badness 3250) in paragraph at lines 44--45
[]\T1/phv/m/n/10 DDSCDll[]Export [] [] ([] $\OMS/cmsy/m/n/10 ^^C$\T1/phv/m/n/10
 self,
 []


Overfull \hbox (31.55626pt too wide) in paragraph at lines 46--47
[]\T1/phv/m/n/10 DDSCDll[]Export [] $\OMS/cmsy/m/n/10 ^^C$ [] \T1/phv/m/n/10 ([
] $\OMS/cmsy/m/n/10 ^^C$\T1/phv/m/n/10 self, []
 []

[160]
Overfull \hbox (31.4071pt too wide) in paragraph at lines 60--61
[]\T1/phv/m/n/10 DDSCDll[]Export [] [] ([] $\OMS/cmsy/m/n/10 ^^C$\T1/phv/m/n/10
 self, const struct []
 []


Underfull \hbox (badness 5817) in paragraph at lines 64--65
[]\T1/phv/m/n/10 DDSCDll[]Export [] [] ([] $\OMS/cmsy/m/n/10 ^^C$\T1/phv/m/n/10
 self, const struct
 []


Underfull \hbox (badness 1701) in paragraph at lines 74--74
[]\T1/phv/m/sl/9 Special value for cre-at-ing [] with a com-bi-na-tion of the d
e-fault [] and the
 []

[161]
Underfull \hbox (badness 10000) detected at line 104
[][][]
 []


Underfull \hbox (badness 10000) detected at line 128
[][][]
 []


Underfull \hbox (badness 10000) detected at line 154
[][][]
 []


Underfull \hbox (badness 10000) detected at line 157
[][][]
 []


Underfull \hbox (badness 10000) detected at line 160
[][][]
 []


Overfull \hbox (29.62108pt too wide) in paragraph at lines 168--168
[][]\T1/phv/m/n/10 , [], []. 
 []


Overfull \hbox (51.12967pt too wide) in paragraph at lines 169--171
\T1/phv/m/n/10 All op-er-a-tions ex-cept for the base-class op-er-a-tions en-ab
le() and create[]_[]datareader() may fail with [].
 []

[162]
Underfull \hbox (badness 10000) in paragraph at lines 173--174
\T1/pcr/m/n/8 typedef void($\OMS/cmsy/m/n/8 ^^C$ \T1/pcr/m/n/8 DDS[]_[][]Subscr
iber[]Listener[]_[][]Data[]On[]Readers[]Callback) (void $\OMS/cmsy/m/n/8 ^^C$\T
1/pcr/m/n/8 listener[]_[]data, []
 []


Underfull \hbox (badness 10000) detected at line 199
[][][]
 []


Underfull \hbox (badness 10000) detected at line 202
[][][]
 []

[163]
Underfull \hbox (badness 10000) detected at line 226
[][][]
 []


Underfull \hbox (badness 10000) detected at line 250
[][][]
 []

[164]
Underfull \hbox (badness 10000) detected at line 268
[][][]
 []


Overfull \hbox (43.09279pt too wide) in paragraph at lines 281--282
[]\T1/phv/m/n/10 The re-treived \T1/pcr/m/n/10 qos \T1/phv/m/n/10 will match th
e set of val-ues spec-i-fied on the last suc-cess-ful call to [],
 []


Underfull \hbox (badness 10000) detected at line 285
[][][]
 []


Underfull \hbox (badness 10000) detected at line 295
[][][]
 []


Underfull \hbox (badness 10000) detected at line 298
[][][]
 []


Underfull \hbox (badness 10000) detected at line 317
[][][]
 []


Underfull \hbox (badness 995) in paragraph at lines 318--319
[]\T1/phv/m/n/10 The spec-i-fied QoS poli-cies must be con-sis-tent, or else th
e op-er-a-tion will have no ef-fect and fail with
 []

[165]
Underfull \hbox (badness 10000) detected at line 320
[][][]
 []


Underfull \hbox (badness 10000) detected at line 330
[][][]
 []


Underfull \hbox (badness 10000) detected at line 343
[][][]
 []

[166]
Underfull \hbox (badness 10000) detected at line 361
[][][]
 []


Underfull \hbox (badness 10000) detected at line 364
[][][]
 []


Underfull \hbox (badness 10000) detected at line 379
[][][]
 []


Underfull \hbox (badness 10000) detected at line 382
[][][]
 []


Underfull \hbox (badness 10000) detected at line 392
[][][]
 []

[167]
Underfull \hbox (badness 10000) detected at line 410
[][][]
 []


Underfull \hbox (badness 10000) detected at line 413
[][][]
 []


Underfull \hbox (badness 10000) detected at line 437
[][][]
 []

[168]
Underfull \hbox (badness 10000) detected at line 465
[][][]
 []


Underfull \hbox (badness 10000) detected at line 472
[][][]
 []

[169]
Underfull \hbox (badness 10000) detected at line 498
[][][]
 []


Underfull \hbox (badness 10000) detected at line 501
[][][]
 []


Underfull \hbox (badness 10000) detected at line 519
[][][]
 []

[170]
Underfull \hbox (badness 10000) detected at line 543
[][][]
 []


Overfull \hbox (49.94096pt too wide) in paragraph at lines 544--545
[]\T1/phv/m/n/10 One of the [], [], or []. 
 []


Underfull \hbox (badness 10000) detected at line 546
[][][]
 []


Underfull \hbox (badness 10000) detected at line 570
[][][]
 []


Underfull \hbox (badness 10000) detected at line 573
[][][]
 []

[171]
Underfull \hbox (badness 10000) detected at line 595
[][][]
 []


Underfull \hbox (badness 10000) detected at line 598
[][][]
 []


Underfull \hbox (badness 10000) detected at line 616
[][][]
 []


Underfull \hbox (badness 10000) detected at line 642
[][][]
 []


Underfull \hbox (badness 945) in paragraph at lines 653--654
[]\T1/phv/m/n/10 Special value for cre-at-ing [] with a com-bi-na-tion of the d
e-fault [] and the
 []

[172]
Underfull \hbox (badness 10000) detected at line 659
[][][]
 []

) (./group__DDSReaderModule.tex [173]
Overfull \hbox (21.64748pt too wide) in paragraph at lines 57--58
[]\T1/phv/m/n/10 typedef void($\OMS/cmsy/m/n/10 ^^C$ []\T1/phv/m/n/10 ) (void $
\OMS/cmsy/m/n/10 ^^C$\T1/phv/m/n/10 listener[]_[]data, []
 []


Overfull \hbox (24.97728pt too wide) in paragraph at lines 61--62
[]\T1/phv/m/n/10 typedef void($\OMS/cmsy/m/n/10 ^^C$ []\T1/phv/m/n/10 ) (void $
\OMS/cmsy/m/n/10 ^^C$\T1/phv/m/n/10 listener[]_[]data, []
 []


Underfull \hbox (badness 1019) in paragraph at lines 63--64
[]\T1/phv/m/n/10 typedef void($\OMS/cmsy/m/n/10 ^^C$ []\T1/phv/m/n/10 ) (void $
\OMS/cmsy/m/n/10 ^^C$\T1/phv/m/n/10 listener[]_[]data, []
 []


Underfull \hbox (badness 4686) in paragraph at lines 65--66
[]\T1/phv/m/n/10 typedef void($\OMS/cmsy/m/n/10 ^^C$ []\T1/phv/m/n/10 ) (void $
\OMS/cmsy/m/n/10 ^^C$\T1/phv/m/n/10 listener[]_[]data, []
 []


Underfull \hbox (badness 1939) in paragraph at lines 73--74
[]\T1/phv/m/n/10 typedef []($\OMS/cmsy/m/n/10 ^^C$ []\T1/phv/m/n/10 ) (void $\O
MS/cmsy/m/n/10 ^^C$\T1/phv/m/n/10 listener[]_[]data,
 []

[174]
Underfull \hbox (badness 10000) in paragraph at lines 75--76
[]\T1/phv/m/n/10 typedef []($\OMS/cmsy/m/n/10 ^^C$ []\T1/phv/m/n/10 ) (void $\O
MS/cmsy/m/n/10 ^^C$\T1/phv/m/n/10 listener[]_[]data,
 []


Underfull \hbox (badness 768) in paragraph at lines 75--76
[] $\OMS/cmsy/m/n/10 ^^C$\T1/phv/m/n/10 reader, const void $\OMS/cmsy/m/n/10 ^^
C$\T1/phv/m/n/10 const sam-ple, const struct [] $\OMS/cmsy/m/n/10 ^^C$\T1/phv/m
/n/10 const sample[]_[]info,
 []


Overfull \hbox (36.76674pt too wide) in paragraph at lines 80--89
[] \T1/phv/m/n/10 , []
 []


Overfull \hbox (80.6604pt too wide) in paragraph at lines 90--100
[] \T1/phv/m/n/10 , [] , []
 []


Overfull \hbox (28.32458pt too wide) in paragraph at lines 90--100
[] \T1/phv/m/n/10 , []
 []


Underfull \hbox (badness 3088) in paragraph at lines 108--109
[][] [] \T1/phv/m/n/10 ([] $\OMS/cmsy/m/n/10 ^^C$\T1/phv/m/n/10 self, struct []
 $\OMS/cmsy/m/n/10 ^^C$\T1/phv/m/n/10 received[]_[]data, struct
 []


Overfull \hbox (36.44208pt too wide) in paragraph at lines 108--109
[] $\OMS/cmsy/m/n/10 ^^C$\T1/phv/m/n/10 info[]_[]seq, [] max[]_[]samples, [] sa
mple[]_[]states, []
 []


Underfull \hbox (badness 3407) in paragraph at lines 110--111
[][] [] \T1/phv/m/n/10 ([] $\OMS/cmsy/m/n/10 ^^C$\T1/phv/m/n/10 self, struct []
 $\OMS/cmsy/m/n/10 ^^C$\T1/phv/m/n/10 received[]_[]data, struct
 []


Overfull \hbox (36.44208pt too wide) in paragraph at lines 110--111
[] $\OMS/cmsy/m/n/10 ^^C$\T1/phv/m/n/10 info[]_[]seq, [] max[]_[]samples, [] sa
mple[]_[]states, []
 []


Underfull \hbox (badness 991) in paragraph at lines 112--113
[][] [] \T1/phv/m/n/10 ([] $\OMS/cmsy/m/n/10 ^^C$\T1/phv/m/n/10 self, struct Fo
o $\OMS/cmsy/m/n/10 ^^C$\T1/phv/m/n/10 received[]_[]data,
 []


Underfull \hbox (badness 1184) in paragraph at lines 116--117
[][] [] \T1/phv/m/n/10 ([] $\OMS/cmsy/m/n/10 ^^C$\T1/phv/m/n/10 self, struct []
 $\OMS/cmsy/m/n/10 ^^C$\T1/phv/m/n/10 received[]_[]data,
 []


Underfull \hbox (badness 1394) in paragraph at lines 118--119
[][] [] \T1/phv/m/n/10 ([] $\OMS/cmsy/m/n/10 ^^C$\T1/phv/m/n/10 self, struct []
 $\OMS/cmsy/m/n/10 ^^C$\T1/phv/m/n/10 received[]_[]data,
 []

[175]
Underfull \hbox (badness 3601) in paragraph at lines 120--121
[][] [] \T1/phv/m/n/10 ([] $\OMS/cmsy/m/n/10 ^^C$\T1/phv/m/n/10 self, [] $\OMS/
cmsy/m/n/10 ^^C$\T1/phv/m/n/10 received[]_[]data, struct
 []


Underfull \hbox (badness 940) in paragraph at lines 128--129
[]\T1/phv/m/n/10 DDSCDll[]Export [] [] (struct [] $\OMS/cmsy/m/n/10 ^^C$\T1/phv
/m/n/10 self, const
 []


Underfull \hbox (badness 1831) in paragraph at lines 134--135
[]\T1/phv/m/n/10 DDSCDll[]Export [] [] ([] $\OMS/cmsy/m/n/10 ^^C$\T1/phv/m/n/10
 self,
 []


Overfull \hbox (15.74948pt too wide) in paragraph at lines 148--149
[]\T1/phv/m/n/10 DDSCDll[]Export [] [] ([]
 []


Underfull \hbox (badness 1005) in paragraph at lines 150--151
[]\T1/phv/m/n/10 DDSCDll[]Export [] [] ([]
 []

[176]
Underfull \hbox (badness 7832) in paragraph at lines 156--157
[]\T1/phv/m/n/10 DDSCDll[]Export [] [] ([] $\OMS/cmsy/m/n/10 ^^C$\T1/phv/m/n/10
 self, const struct
 []


Overfull \hbox (24.61224pt too wide) in paragraph at lines 158--159
[]\T1/phv/m/n/10 DDSCDll[]Export [] [] ([] $\OMS/cmsy/m/n/10 ^^C$\T1/phv/m/n/10
 self, struct []
 []


Underfull \hbox (badness 2027) in paragraph at lines 160--161
[]\T1/phv/m/n/10 DDSCDll[]Export [] [] ([] $\OMS/cmsy/m/n/10 ^^C$\T1/phv/m/n/10
 self, const struct
 []

[177] [178]
Underfull \hbox (badness 10000) detected at line 277
[][][]
 []


Underfull \hbox (badness 10000) detected at line 303
[][][]
 []


Underfull \hbox (badness 10000) detected at line 306
[][][]
 []


Underfull \hbox (badness 10000) in paragraph at lines 307--312

 []

[179]
Underfull \hbox (badness 10000) detected at line 314
[][][]
 []


Overfull \hbox (40.46921pt too wide) in paragraph at lines 327--328
\T1/pcr/m/n/8 typedef void($\OMS/cmsy/m/n/8 ^^C$ \T1/pcr/m/n/8 DDS[]_[][]Data[]
Reader[]Listener[]_[][]Requested[]Deadline[]Missed[]Callback) (void $\OMS/cmsy/
m/n/8 ^^C$\T1/pcr/m/n/8 listener[]_[]data, []
 []


Underfull \hbox (badness 10000) in paragraph at lines 347--348
\T1/pcr/m/n/8 typedef void($\OMS/cmsy/m/n/8 ^^C$ \T1/pcr/m/n/8 DDS[]_[][]Data[]
Reader[]Listener[]_[][]Requested[]Incompatible[]Qos[]Callback) (void $\OMS/cmsy
/m/n/8 ^^C$\T1/pcr/m/n/8 listener[]_[]data,
 []


Underfull \hbox (badness 10000) in paragraph at lines 357--358
\T1/pcr/m/n/8 typedef void($\OMS/cmsy/m/n/8 ^^C$ \T1/pcr/m/n/8 DDS[]_[][]Data[]
Reader[]Listener[]_[][]Sample[]Rejected[]Callback) (void $\OMS/cmsy/m/n/8 ^^C$\
T1/pcr/m/n/8 listener[]_[]data, []
 []

[180]
Underfull \hbox (badness 10000) in paragraph at lines 367--368
\T1/pcr/m/n/8 typedef void($\OMS/cmsy/m/n/8 ^^C$ \T1/pcr/m/n/8 DDS[]_[][]Data[]
Reader[]Listener[]_[][]Data[]Available[]Callback) (void $\OMS/cmsy/m/n/8 ^^C$\T
1/pcr/m/n/8 listener[]_[]data, []
 []


Overfull \hbox (21.2692pt too wide) in paragraph at lines 377--378
\T1/pcr/m/n/8 typedef void($\OMS/cmsy/m/n/8 ^^C$ \T1/pcr/m/n/8 DDS[]_[][]Data[]
Reader[]Listener[]_[][]Subscription[]Matched[]Callback) (void $\OMS/cmsy/m/n/8 
^^C$\T1/pcr/m/n/8 listener[]_[]data, []
 []


Underfull \hbox (badness 10000) in paragraph at lines 387--388
\T1/pcr/m/n/8 typedef void($\OMS/cmsy/m/n/8 ^^C$ \T1/pcr/m/n/8 DDS[]_[][]Data[]
Reader[]Listener[]_[][]Sample[]Lost[]Callback) (void $\OMS/cmsy/m/n/8 ^^C$\T1/p
cr/m/n/8 listener[]_[]data, []
 []


Underfull \hbox (badness 10000) in paragraph at lines 407--408
\T1/pcr/m/n/8 typedef []($\OMS/cmsy/m/n/8 ^^C$ \T1/pcr/m/n/8 DDS[]_[][]Data[]Re
ader[]Listener[]_[][]Before[]Sample[]Deserialize[]Callback) (void $\OMS/cmsy/m/
n/8 ^^C$\T1/pcr/m/n/8 listener[]_[]
 []


Overfull \hbox (20.71925pt too wide) in paragraph at lines 407--408
\T1/pcr/m/n/8 data, [] $\OMS/cmsy/m/n/8 ^^C$\T1/pcr/m/n/8 reader, struct [] $\O
MS/cmsy/m/n/8 ^^C$\T1/pcr/m/n/8 plugin, struct CDR[]_[][]Stream[]_[]t $\OMS/cms
y/m/n/8 ^^C$\T1/pcr/m/n/8 stream, []
 []


Underfull \hbox (badness 10000) in paragraph at lines 417--418
\T1/pcr/m/n/8 typedef []($\OMS/cmsy/m/n/8 ^^C$ \T1/pcr/m/n/8 DDS[]_[][]Data[]Re
ader[]Listener[]_[][]Before[]Sample[]Commit[]Callback) (void $\OMS/cmsy/m/n/8 ^
^C$\T1/pcr/m/n/8 listener[]_[]data,
 []


Underfull \hbox (badness 10000) in paragraph at lines 417--418
[] $\OMS/cmsy/m/n/8 ^^C$\T1/pcr/m/n/8 reader, const void $\OMS/cmsy/m/n/8 ^^C$\
T1/pcr/m/n/8 const sample, const struct [] $\OMS/cmsy/m/n/8 ^^C$\T1/pcr/m/n/8 c
onst sample[]_[]info,
 []

[181]
Underfull \hbox (badness 10000) detected at line 2
[][][]
 []


Underfull \hbox (badness 10000) detected at line 9
[][][]
 []


Underfull \hbox (badness 10000) detected at line 16
[][][]
 []


Underfull \hbox (badness 10000) detected at line 23
[][][]
 []


Underfull \hbox (badness 10000) detected at line 30
[][][]
 []


Underfull \hbox (badness 10000) detected at line 37
[][][]
 []

[182]
Underfull \hbox (badness 10000) detected at line 2
[][][]
 []


Underfull \hbox (badness 10000) detected at line 9
[][][]
 []


Underfull \hbox (badness 10000) detected at line 16
[][][]
 []


Underfull \hbox (badness 10000) detected at line 23
[][][]
 []


Underfull \hbox (badness 10000) detected at line 30
[][][]
 []


Underfull \hbox (badness 10000) detected at line 37
[][][]
 []


Underfull \hbox (badness 10000) detected at line 44
[][][]
 []

[183] [184]
Underfull \hbox (badness 10000) detected at line 609
[][][]
 []


Underfull \hbox (badness 10000) detected at line 612
[][][]
 []

[185]
Overfull \hbox (39.60101pt too wide) in paragraph at lines 629--630
[]\T1/phv/m/n/10 This op-er-a-tion may fail with [] if the []
 []


Overfull \hbox (84.46892pt too wide) in paragraph at lines 638--638
\T1/phv/m/n/10 lim-ited by the prod-uct ([] $\OMS/cmsy/m/n/10 ^^C$ []
 []

[186] [187]
Overfull \hbox (101.0688pt too wide) in paragraph at lines 677--678
[]\T1/phv/m/n/10 If the ini-tial \T1/pcr/m/n/10 max[]_[]len$\OML/cmm/m/it/10 >$
\T1/pcr/m/n/10 0 \T1/phv/m/n/10 and \T1/pcr/m/n/10 owns==FALSE\T1/phv/m/n/10 , 
then the read or take op-er-a-tion will fail with [].
 []


Overfull \hbox (65.3487pt too wide) in paragraph at lines 690--691
[]\T1/phv/m/n/10 If \T1/pcr/m/n/10 max[]_[]samples $\OML/cmm/m/it/10 >$ \T1/pcr
/m/n/10 max[]_[]len\T1/phv/m/n/10 , then the read or take op-er-a-tion will fai
l with [].
 []

[188]
Underfull \hbox (badness 10000) detected at line 725
[][][]
 []


Underfull \hbox (badness 10000) detected at line 728
[][][]
 []

[189]
Underfull \hbox (badness 10000) detected at line 760
[][][]
 []


Underfull \hbox (badness 10000) detected at line 763
[][][]
 []

[190]
Underfull \hbox (badness 10000) detected at line 793
[][][]
 []


Underfull \hbox (badness 10000) detected at line 796
[][][]
 []

[191]
Underfull \hbox (badness 10000) detected at line 842
[][][]
 []


Underfull \hbox (badness 10000) detected at line 845
[][][]
 []


Underfull \hbox (badness 1735) in paragraph at lines 862--863
[]\T1/phv/m/n/10 The se-man-tics are the same for the [] op-er-a-tion, ex-cept 
in build-ing the col-lec-tion, the
 []

[192]
Underfull \hbox (badness 10000) detected at line 891
[][][]
 []


Underfull \hbox (badness 10000) detected at line 894
[][][]
 []

[193]
Underfull \hbox (badness 10000) detected at line 934
[][][]
 []


Overfull \hbox (35.16191pt too wide) in paragraph at lines 935--936
[]\T1/phv/m/n/10 One of the [], [] or []. 
 []

[194]
Underfull \hbox (badness 10000) detected at line 958
[][][]
 []


Overfull \hbox (43.2988pt too wide) in paragraph at lines 973--974
[]\T1/phv/m/n/10 A pre-con-di-tion for us-ing this op-er-a-tion is to set []
 []


Underfull \hbox (badness 10000) detected at line 986
[][][]
 []

[195]
Underfull \hbox (badness 10000) detected at line 1006
[][][]
 []

[196]
Underfull \hbox (badness 10000) detected at line 1083
[][][]
 []


Underfull \hbox (badness 10000) detected at line 1105
[][][]
 []

[197]
Underfull \hbox (badness 10000) detected at line 1125
[][][]
 []


Underfull \hbox (badness 10000) detected at line 1143
[][][]
 []


Underfull \hbox (badness 10000) detected at line 1163
[][][]
 []

[198]
Underfull \hbox (badness 10000) detected at line 1183
[][][]
 []


Underfull \hbox (badness 10000) detected at line 1203
[][][]
 []


Underfull \hbox (badness 10000) detected at line 1223
[][][]
 []

[199]
Underfull \hbox (badness 10000) detected at line 1243
[][][]
 []


Underfull \hbox (badness 10000) detected at line 1263
[][][]
 []


Underfull \hbox (badness 10000) detected at line 1283
[][][]
 []

[200] [201]
Underfull \hbox (badness 10000) detected at line 1309
[][][]
 []


Overfull \hbox (49.94096pt too wide) in paragraph at lines 1310--1311
[]\T1/phv/m/n/10 One of the [], [], or []. 
 []


Underfull \hbox (badness 10000) detected at line 1312
[][][]
 []


Underfull \hbox (badness 10000) detected at line 1338
[][][]
 []


Underfull \hbox (badness 10000) detected at line 1341
[][][]
 []

[202]
Underfull \hbox (badness 10000) detected at line 1363
[][][]
 []


Underfull \hbox (badness 10000) detected at line 1366
[][][]
 []


Underfull \hbox (badness 10000) detected at line 1384
[][][]
 []

) (./group__DDSDataSampleModule.tex (./group__DDSSampleStateModule.tex [203]
Overfull \hbox (15.44078pt too wide) in paragraph at lines 16--19
[]\T1/phv/m/n/10 enum [] { [] = 0x0001 $\OML/cmm/m/it/10 <$$<$ \T1/phv/m/n/10 0
 , []
 []

[204]) (./group__DDSViewStateModule.tex [205]
Underfull \hbox (badness 1137) in paragraph at lines 56--57
[]\T1/phv/m/n/10 For each in-stance (iden-ti-fied by the key), the mid-dle-ware
 in-ter-nally main-tains a view state rel-a-tive to each
 []

[206]) (./group__DDSInstanceStateModule.tex
Overfull \hbox (87.31331pt too wide) in paragraph at lines 16--20
[]\T1/phv/m/n/10 enum [] { [] = 0x0001 $\OML/cmm/m/it/10 <$$<$ \T1/phv/m/n/10 0
 , []
 []

[207]
Underfull \hbox (badness 3623) in paragraph at lines 64--64
[][] \T1/phv/m/n/10 in-di-cates the in-stance was ex-plic-itly dis-posed by a
 []


Underfull \hbox (badness 4366) in paragraph at lines 70--70
[]\T1/phv/m/n/10 If [] is set to [], then the in-stance state be-comes
 []


Overfull \hbox (135.08955pt too wide) in paragraph at lines 72--72
[]\T1/phv/m/n/10 If [] is set to [], then the in-stance state be-comes []
 []

[208]))) (./group__DDSInfrastructureModule.tex [209] [210]
(./group__DDSTimeSupportModule.tex [211]
Underfull \hbox (badness 5105) in paragraph at lines 31--33
[]\T1/phv/m/n/10 DDSCDll[]Export [] [] (const struct [] $\OMS/cmsy/m/n/10 ^^C$\
T1/phv/m/n/10 self, const struct
 []

[212]
Underfull \hbox (badness 10000) detected at line 83
[][][]
 []


Underfull \hbox (badness 10000) detected at line 96
[][][]
 []


Underfull \hbox (badness 10000) detected at line 109
[][][]
 []

[213]
Underfull \hbox (badness 10000) detected at line 125
[][][]
 []


Underfull \hbox (badness 10000) detected at line 145
[][][]
 []


Underfull \hbox (badness 10000) detected at line 158
[][][]
 []

[214]) (./group__DDSGUIDSupportModule.tex [215])
(./group__DDSSequenceNumberSupportModule.tex [216] [217]
Underfull \hbox (badness 10000) detected at line 43
[][][]
 []

) (./group__DDSReturnTypesModule.tex
Overfull \hbox (56.79536pt too wide) in paragraph at lines 11--30
[] \T1/phv/m/n/10 , [] , [] , []
 []


Overfull \hbox (65.6764pt too wide) in paragraph at lines 11--30
[] \T1/phv/m/n/10 , [] , []
 []


Overfull \hbox (18.0939pt too wide) in paragraph at lines 11--30
[] \T1/phv/m/n/10 , [] , []
 []

[218]) (./group__DDSStatusTypesModule.tex [219]
Overfull \hbox (130.00706pt too wide) in paragraph at lines 23--44
[] \T1/phv/m/n/10 , [] , []
 []


Overfull \hbox (57.72023pt too wide) in paragraph at lines 23--44
[] \T1/phv/m/n/10 , [] , []
 []


Overfull \hbox (147.25998pt too wide) in paragraph at lines 23--44
[] \T1/phv/m/n/10 , [] , []
 []


Underfull \hbox (badness 10000) detected at line 50
[][][]
 []


Underfull \hbox (badness 10000) detected at line 53
[][][]
 []


Underfull \hbox (badness 10000) detected at line 56
[][][]
 []


Overfull \hbox (24.55473pt too wide) in paragraph at lines 70--70
[]\T1/phv/m/sl/10 read com-mu-ni-ca-tion statuses[]\T1/phv/m/n/10 : i.[]e., tho
se that are re-lated to ar-rival of data, namely []
 []

[220]
Overfull \hbox (20.98528pt too wide) in paragraph at lines 88--89
\T1/pcr/m/n/10 Changed[]Flag \T1/phv/m/n/10 be-comes TRUE when ei-ther a data-s
ample ar-rives or else the [], [],
 []


Overfull \hbox (37.95383pt too wide) in paragraph at lines 88--89
\T1/phv/m/n/10 or [] of any ex-ist-ing sam-ple changes for any rea-son other th
an a call to [],
 []

[221]
Underfull \hbox (badness 4205) in paragraph at lines 115--116
[]\T1/phv/m/n/10 The on[]_[]data[]_[]available lis-tener op-er-a-tion is called
 on any [] be-long-ing to the
 []


Underfull \hbox (badness 10000) detected at line 126
[][][]
 []

[222]
Underfull \hbox (badness 10000) detected at line 206
[][][]
 []


Underfull \hbox (badness 10000) detected at line 2
[][][]
 []


Underfull \hbox (badness 10000) detected at line 5
[][][]
 []


Underfull \hbox (badness 10000) detected at line 8
[][][]
 []


Underfull \hbox (badness 10000) detected at line 15
[][][]
 []


Underfull \hbox (badness 10000) detected at line 18
[][][]
 []


Underfull \hbox (badness 10000) detected at line 21
[][][]
 []


Underfull \hbox (badness 10000) detected at line 24
[][][]
 []


Underfull \hbox (badness 10000) detected at line 31
[][][]
 []


Underfull \hbox (badness 10000) detected at line 34
[][][]
 []


Underfull \hbox (badness 10000) detected at line 37
[][][]
 []


Underfull \hbox (badness 10000) detected at line 40
[][][]
 []


Underfull \hbox (badness 10000) detected at line 47
[][][]
 []


Underfull \hbox (badness 10000) detected at line 50
[][][]
 []


Underfull \hbox (badness 10000) detected at line 53
[][][]
 []


Underfull \hbox (badness 10000) detected at line 60
[][][]
 []


Underfull \hbox (badness 10000) detected at line 63
[][][]
 []


Underfull \hbox (badness 10000) detected at line 66
[][][]
 []


Underfull \hbox (badness 10000) detected at line 73
[][][]
 []


Underfull \hbox (badness 10000) detected at line 76
[][][]
 []


Underfull \hbox (badness 10000) detected at line 79
[][][]
 []


Underfull \hbox (badness 10000) detected at line 86
[][][]
 []


Underfull \hbox (badness 10000) detected at line 89
[][][]
 []


Underfull \hbox (badness 10000) detected at line 92
[][][]
 []


Underfull \hbox (badness 10000) detected at line 95
[][][]
 []


Underfull \hbox (badness 10000) detected at line 102
[][][]
 []


Underfull \hbox (badness 10000) detected at line 105
[][][]
 []


Underfull \hbox (badness 10000) detected at line 112
[][][]
 []


Underfull \hbox (badness 10000) detected at line 115
[][][]
 []


Underfull \hbox (badness 10000) detected at line 122
[][][]
 []


Underfull \hbox (badness 10000) detected at line 125
[][][]
 []


Underfull \hbox (badness 10000) detected at line 128
[][][]
 []


Underfull \hbox (badness 10000) detected at line 131
[][][]
 []


Underfull \hbox (badness 10000) detected at line 138
[][][]
 []


Underfull \hbox (badness 10000) detected at line 141
[][][]
 []


Underfull \hbox (badness 10000) detected at line 144
[][][]
 []


Underfull \hbox (badness 10000) detected at line 147
[][][]
 []


Underfull \hbox (badness 10000) detected at line 154
[][][]
 []


Underfull \hbox (badness 10000) detected at line 157
[][][]
 []


Underfull \hbox (badness 10000) detected at line 160
[][][]
 []


Underfull \hbox (badness 10000) detected at line 167
[][][]
 []


Underfull \hbox (badness 10000) detected at line 170
[][][]
 []


Underfull \hbox (badness 10000) detected at line 173
[][][]
 []


Underfull \hbox (badness 10000) detected at line 180
[][][]
 []


Underfull \hbox (badness 10000) detected at line 183
[][][]
 []


Underfull \hbox (badness 10000) detected at line 186
[][][]
 []


Underfull \hbox (badness 10000) detected at line 193
[][][]
 []


Underfull \hbox (badness 10000) detected at line 196
[][][]
 []


Underfull \hbox (badness 10000) detected at line 199
[][][]
 []


Underfull \hbox (badness 10000) detected at line 206
[][][]
 []


Underfull \hbox (badness 10000) detected at line 209
[][][]
 []


Underfull \hbox (badness 10000) detected at line 212
[][][]
 []

[223] [224] [225] [226] [227] [228]) (./group__DDSQosTypesModule.tex [229]
[230]
Underfull \hbox (badness 958) in paragraph at lines 68--68
[]\T1/phv/m/sl/9 The USER[]_[][]DATA QoS pol-icy al-lows the user to at-tach a 
buffer of opaque data to a [],
 []


Overfull \hbox (63.34404pt too wide) in paragraph at lines 85--118
[] \T1/phv/m/n/10 , \T1/phv/b/n/10 DDS[]_[][]LATENCYBUDGET[]_[][]QOS[]_[][]POLI
CY[]_[][]ID \T1/phv/m/n/10 = 5 , []
 []


Underfull \hbox (badness 10000) in paragraph at lines 85--118
\T1/phv/b/n/10 DDS[]_[][]DESTINATIONORDER[]_[][]QOS[]_[][]POLICY[]_[][]ID \T1/p
hv/m/n/10 = 12 , [] , \T1/phv/b/n/10 DDS[]_[][]
 []

[231]
Underfull \hbox (badness 931) in paragraph at lines 161--162
\T1/phv/m/n/10 Qos[]Policies can be set pro-gram-mat-i-cally when an [] is cre-
ated, or mod-i-fied with the []\TS1/phv/m/n/10 '\T1/phv/m/n/10 s
 []

[232]
Underfull \hbox (badness 1142) in paragraph at lines 178--179
\T1/phv/m/n/10 lisher side specifes an "of-fered" value for that \T1/pcr/m/n/10
 Qos[]Policy\T1/phv/m/n/10 . RTI Con-next DDS Mi-cro will then de-ter-mine
 []


Underfull \hbox (badness 892) in paragraph at lines 178--179
\T1/phv/m/n/10 pat-i-ble, RTI Con-next DDS Mi-cro will not es-tab-lish com-mu-n
i-ca-tions be-tween the two [] ob-jects and
 []

(./group__DDSFilterQosModule.tex [233] [234])
(./group__DDSContentFilterQosModule.tex [235])
(./group__DDSDiscoveryQosModule.tex) (./group__UserTrafficQosModule.tex)
(./group__DDSDeadlineQosModule.tex) (./group__DDSLatencyBudgetQosModule.tex
[236]) (./group__DDSOwnershipQosModule.tex
Overfull \hbox (22.15068pt too wide) in paragraph at lines 16--19
[]\T1/phv/m/n/10 enum [] { [] , []
 []

[237]
Underfull \hbox (badness 10000) detected at line 38
[][][]
 []

) (./group__DDSOwnershipStrengthQosModule.tex)
(./group__DDSLivelinessQosModule.tex [238]
Overfull \hbox (90.33345pt too wide) in paragraph at lines 16--20
[]\T1/phv/m/n/10 enum [] { [] , []
 []


Underfull \hbox (badness 10000) detected at line 39
[][][]
 []

[239]) (./group__DDSReliabilityQosModule.tex
Overfull \hbox (33.463pt too wide) in paragraph at lines 16--19
[]\T1/phv/m/n/10 enum [] { [] , []
 []

[240]
Underfull \hbox (badness 10000) detected at line 38
[][][]
 []

) (./group__DDSHistoryQosModule.tex [241]
Underfull \hbox (badness 10000) detected at line 38
[][][]
 []

) (./group__DurabilityQosPolicyModule.tex
Overfull \hbox (51.184pt too wide) in paragraph at lines 16--21
[]\T1/phv/m/n/10 enum [] { [] , []
 []

[242]) (./group__DDSDataRepresentationQosModule.tex [243]
Underfull \hbox (badness 10000) detected at line 71
[][][]
 []

[244]
Underfull \hbox (badness 2205) in paragraph at lines 96--98
[]\T1/phv/m/n/10 For the [] "Flat[]Data lan-guage bind-ing", RTI Con-next DDS M
i-cro trans-lates this field to
 []

LaTeX Font Info:    Font shape `T1/phv/b/n' will be
(Font)              scaled to size 7.19995pt on input line 98.
[245pdfTeX warning (ext4): destination with the same identifier (name{group__DD
SDataRepresentationQosModule_ga0acb682b8260ab1c60b918599864e\ETC.}) has been al
ready used, duplicate ignored

\AtBegShi@Output ...ipout \box \AtBeginShipoutBox 
                                                  \fi \fi 
l.144 A
        two-\/byte signed integer that identifies a data representation.pdfTeX 
warning (ext4): destination with the same identifier (name{group__DDSDataRepres
entationQosModule_ga0acb682b8260ab1c60b918599864e\ETC.}) has been already used,
 duplicate ignored

\AtBegShi@Output ...ipout \box \AtBeginShipoutBox 
                                                  \fi \fi 
l.144 A
        two-\/byte signed integer that identifies a data representation.]pdfTeX
 warning (ext4): destination with the same identifier (name{group__DDSDataRepre
sentationQosModule_ga0acb682b8260ab1c60b918599864e\ETC.}) has been already used
, duplicate ignored
<to be read again> 
                   \relax 
l.146 ...odule_ga0acb682b8260ab1c60b918599864e2e5}
                                                  \index{DATA\_REPRESENTATIO...
pdfTeX warning (ext4): destination with the same identifier (name{group__DDSDat
aRepresentationQosModule_ga0acb682b8260ab1c60b918599864e\ETC.}) has been alread
y used, duplicate ignored
<to be read again> 
                   \relax 
l.156 ...odule_ga0acb682b8260ab1c60b918599864e2e5}
                                                  \index{DATA\_REPRESENTATIO...
) (./group__DDSResourceLimitsQosModule.tex [246pdfTeX warning (ext4): destinati
on with the same identifier (name{group__DDSDataRepresentationQosModule_ga0acb6
82b8260ab1c60b918599864e\ETC.}) has been already used, duplicate ignored

\AtBegShi@Output ...ipout \box \AtBeginShipoutBox 
                                                  \fi \fi 
l.17 \begin{DoxyCompactList}\small\item\em
                                           A special value indicating an unl...
pdfTeX warning (ext4): destination with the same identifier (name{group__DDSDat
aRepresentationQosModule_ga0acb682b8260ab1c60b918599864e\ETC.}) has been alread
y used, duplicate ignored

\AtBegShi@Output ...ipout \box \AtBeginShipoutBox 
                                                  \fi \fi 
l.17 \begin{DoxyCompactList}\small\item\em
                                           A special value indicating an unl...
]) (./group__DDSPresentationQosModule.tex [247]
Overfull \hbox (92.97064pt too wide) in paragraph at lines 16--21
[]\T1/phv/m/n/10 enum [] { [] , []
 []


Underfull \hbox (badness 10000) detected at line 42
[][][]
 []

[248]) (./group__DestinationOrderQosPolicyModule.tex
Underfull \hbox (badness 10000) detected at line 2
[][][]
 []


Underfull \hbox (badness 10000) detected at line 5
[][][]
 []


Underfull \hbox (badness 10000) detected at line 16
[][][]
 []


Underfull \hbox (badness 10000) detected at line 19
[][][]
 []

[249]) (./group__DDSEntityFactoryQosModule.tex)
(./group__DDSExtendedQosSupportModule.tex [250]
(./group__DDSDataReaderResourceLimitsQosModule.tex
Underfull \hbox (badness 10000) detected at line 38
[][][]
 []

[251]) (./group__DDSDataWriterResourceLimitsQosModule.tex))
(./group__DDSSystemResourceLimitsQosModule.tex)
(./group__DDSWireProtocolQosModule.tex [252]
Overfull \hbox (59.28242pt too wide) in paragraph at lines 38--39
[]\T1/phv/m/n/10 DDSCDll[]Variable struct [] [] 
 []

[253]
Underfull \hbox (badness 10000) detected at line 60
[][][]
 []


Underfull \hbox (badness 10000) in paragraph at lines 61--62

 []


Underfull \hbox (badness 10000) detected at line 74
[][][]
 []


Underfull \hbox (badness 10000) in paragraph at lines 75--76

 []


Underfull \hbox (badness 10000) detected at line 88
[][][]
 []


Underfull \hbox (badness 10000) in paragraph at lines 89--90

 []


Underfull \hbox (badness 10000) detected at line 102
[][][]
 []


Underfull \hbox (badness 10000) in paragraph at lines 103--104

 []


Underfull \hbox (badness 10000) detected at line 116
[][][]
 []


Underfull \hbox (badness 10000) in paragraph at lines 117--118

 []

[254]
Underfull \hbox (badness 10000) detected at line 133
[][][]
 []


Underfull \hbox (badness 10000) in paragraph at lines 134--135

 []


Underfull \hbox (badness 10000) detected at line 147
[][][]
 []


Underfull \hbox (badness 10000) in paragraph at lines 148--149

 []


Underfull \hbox (badness 10000) in paragraph at lines 158--159
\T1/pcr/m/n/8 DDSCDll[]Variable struct [] DDS[]_[][]RTI[]_[][]BACKWARDS[]_[][]C
OMPATIBLE[]_[][]RTPS[]_[][]WELL[]_[][]KNOWN[]_[][]PORTS
 []


Overfull \hbox (82.54158pt too wide) in paragraph at lines 166--167
[]\T1/phv/m/n/10 The fol-low-ing are the \T1/pcr/m/n/10 rtps[]_[]well[]_[]known
[]_[]ports \T1/phv/m/n/10 val-ues for [][]
 []

[255]
Underfull \hbox (badness 10000) detected at line 178
[][][]
 []


Overfull \hbox (20.5055pt too wide) in paragraph at lines 195--196
[]\T1/phv/m/n/10 The fol-low-ing are the \T1/pcr/m/n/10 rtps[]_[]well[]_[]known
[]_[]ports \T1/phv/m/n/10 val-ues for [][]
 []


Overfull \hbox (60.97803pt too wide) in paragraph at lines 207--208
\T1/phv/m/n/10 fixed port map-pings. For back-wards com-pa-bil-ity, please use 
[]. 
 []


Underfull \hbox (badness 10000) detected at line 209
[][][]
 []

) (./group__DDSDataReaderProtocolQosModule.tex [256])
(./group__DDSDataWriterProtocolQosModule.tex) (./group__TransportQosModule.tex)
(./group__DDSDomainParticipantResourceLimitsQosModule.tex)
(./group__DDSEntityNameQosModule.tex [257] [258]
Underfull \hbox (badness 10000) detected at line 63
[][][]
 []

) (./group__DDSPublishModeQosModule.tex
Overfull \hbox (121.16719pt too wide) in paragraph at lines 23--27
[]\T1/phv/m/n/10 enum [] { [] , []
 []

[259]
Underfull \hbox (badness 10000) detected at line 69
[][][]
 []


Underfull \hbox (badness 10000) detected at line 8
[][][]
 []


Underfull \hbox (badness 10000) detected at line 21
[][][]
 []

[260]) (./group__DDSPartitionQosModule.tex) (./group__DDSPropertyQosModule.tex
[261]
Overfull \hbox (19.9611pt too wide) in paragraph at lines 20--21
[]\T1/phv/m/n/10 DDSCDll[]Export [] [] (struct []
 []


Underfull \hbox (badness 6032) in paragraph at lines 24--25
[]\T1/phv/m/n/10 DDSCDll[]Export struct [] $\OMS/cmsy/m/n/10 ^^C$ [] \T1/phv/m/
n/10 (const struct
 []


Overfull \hbox (24.74022pt too wide) in paragraph at lines 26--27
[]\T1/phv/m/n/10 DDSCDll[]Export [] [] (struct []
 []

[262]
Underfull \hbox (badness 10000) detected at line 52
[][][]
 []


Underfull \hbox (badness 10000) detected at line 66
[][][]
 []


Underfull \hbox (badness 10000) detected at line 85
[][][]
 []


Underfull \hbox (badness 10000) detected at line 101
[][][]
 []


Overfull \hbox (58.23033pt too wide) in paragraph at lines 102--103
[]\T1/phv/m/n/10 One of the [], [], [] 
 []

[263]
Underfull \hbox (badness 10000) detected at line 114
[][][]
 []


Underfull \hbox (badness 10000) detected at line 124
[][][]
 []


Underfull \hbox (badness 10000) detected at line 139
[][][]
 []


Underfull \hbox (badness 10000) detected at line 151
[][][]
 []

) (./group__DDSUserDataQosModule.tex [264]) (./group__DDSGroupDataQosModule.tex
) (./group__DDSTopicDataQosModule.tex)
(./group__DDSDataWriterTransferModeQosModule.tex [265]
Underfull \hbox (badness 10000) detected at line 40
[][][]
 []


Underfull \hbox (badness 10000) detected at line 43
[][][]
 []


Underfull \hbox (badness 10000) in paragraph at lines 44--46

 []

)) (./group__DDSConditionsModule.tex [266]
Underfull \hbox (badness 5105) in paragraph at lines 30--31
[]\T1/phv/m/n/10 DDSCDll[]Export [] [] ([] $\OMS/cmsy/m/n/10 ^^C$\T1/phv/m/n/10
 self,
 []


Underfull \hbox (badness 4752) in paragraph at lines 42--43
[]\T1/phv/m/n/10 DDSCDll[]Export [] [] ([] $\OMS/cmsy/m/n/10 ^^C$\T1/phv/m/n/10
 self, struct []
 []


Underfull \hbox (badness 3158) in paragraph at lines 44--45
[]\T1/phv/m/n/10 DDSCDll[]Export [] [] ([] $\OMS/cmsy/m/n/10 ^^C$\T1/phv/m/n/10
 self, []
 []


Underfull \hbox (badness 2302) in paragraph at lines 48--49
[]\T1/phv/m/n/10 DDSCDll[]Export [] [] ([] $\OMS/cmsy/m/n/10 ^^C$\T1/phv/m/n/10
 self, []
 []

[267]
Underfull \hbox (badness 10000) detected at line 76
[][][]
 []


Underfull \hbox (badness 10000) detected at line 91
[][][]
 []

[268]
Underfull \hbox (badness 10000) detected at line 110
[][][]
 []


Underfull \hbox (badness 991) in paragraph at lines 133--133
[]\T1/phv/m/n/10 The ap-pli-ca-tion in-di-cates which rel-e-vant in-for-ma-tion
 it wants to get by cre-at-ing [] ob-jects
 []

[269]
Underfull \hbox (badness 10000) detected at line 158
[][][]
 []

[270]
Underfull \hbox (badness 10000) detected at line 183
[][][]
 []


Underfull \hbox (badness 10000) detected at line 213
[][][]
 []

[271]
Underfull \hbox (badness 10000) detected at line 280
[][][]
 []

[272]
Underfull \hbox (badness 10000) detected at line 306
[][][]
 []


Underfull \hbox (badness 10000) detected at line 326
[][][]
 []


Underfull \hbox (badness 10000) detected at line 341
[][][]
 []

[273]
Underfull \hbox (badness 972) in paragraph at lines 356--357
[]\T1/phv/m/n/10 The re-sult of the wait op-er-a-tion is the list of all the at
-tached con-di-tions that have a \T1/pcr/m/n/10 trigger[]_[]value \T1/phv/m/n/1
0 of
 []


Underfull \hbox (badness 10000) detected at line 377
[][][]
 []


Overfull \hbox (17.2954pt too wide) in paragraph at lines 378--379
[]\T1/phv/m/n/10 One of the [] or [] or []. 
 []

[274]
Underfull \hbox (badness 10000) detected at line 399
[][][]
 []

[275]
Underfull \hbox (badness 10000) detected at line 438
[][][]
 []


Underfull \hbox (badness 10000) detected at line 458
[][][]
 []

) (./group__DDSEntityModule.tex [276]
Underfull \hbox (badness 10000) detected at line 75
[][][]
 []


Underfull \hbox (badness 10000) detected at line 78
[][][]
 []

[277]
Underfull \hbox (badness 10000) detected at line 81
[][][]
 []


Underfull \hbox (badness 10000) detected at line 90
[][][]
 []


Underfull \hbox (badness 10000) detected at line 97
[][][]
 []


Underfull \hbox (badness 6725) in paragraph at lines 100--101
[]\T1/phv/m/n/10 ) has a cor-re-spond-ing spe-cial value of the QoS ([],
 []


Overfull \hbox (108.68977pt too wide) in paragraph at lines 100--101
[]\T1/phv/m/n/10 , [], [], [],
 []

[278]
Underfull \hbox (badness 1168) in paragraph at lines 112--113
[]\T1/phv/m/n/10 It is per-mit-ted to use NULL as the value of the lis-tener. T
he NULL lis-tener be-haves as if the \T1/pcr/m/n/10 mask \T1/phv/m/n/10 is
 []


Underfull \hbox (badness 10000) detected at line 114
[][][]
 []

[279]
Overfull \hbox (31.21393pt too wide) in paragraph at lines 159--160
[]\T1/phv/m/n/10 Entities cre-ated from a fac-tory that is dis-abled are cre-at
ed dis-abled, re-gard-less of the set-ting of the []. 
 []


Underfull \hbox (badness 10000) detected at line 172
[][][]
 []

[280]
Underfull \hbox (badness 10000) detected at line 190
[][][]
 []


Underfull \hbox (badness 10000) detected at line 210
[][][]
 []


Underfull \hbox (badness 10000) detected at line 228
[][][]
 []

[281]
Underfull \hbox (badness 10000) detected at line 246
[][][]
 []


Underfull \hbox (badness 10000) detected at line 270
[][][]
 []


Underfull \hbox (badness 10000) detected at line 273
[][][]
 []

) (./group__DDSSequenceModule.tex [282]
Underfull \hbox (badness 3312) in paragraph at lines 45--46
[][] [] \T1/phv/m/n/10 (struct [] $\OMS/cmsy/m/n/10 ^^C$\T1/phv/m/n/10 self, vo
id $\OMS/cmsy/m/n/10 ^^C$\T1/phv/m/n/10 buffer, [] new[]_[]length,
 []

[283]
Underfull \hbox (badness 1454) in paragraph at lines 63--64
[][] [] \T1/phv/m/n/10 (struct [] $\OMS/cmsy/m/n/10 ^^C$\T1/phv/m/n/10 self, []
 length, [] max,
 []


Underfull \hbox (badness 2213) in paragraph at lines 67--68
[][] [] \T1/phv/m/n/10 (struct [] $\OMS/cmsy/m/n/10 ^^C$\T1/phv/m/n/10 self, co
nst Foo array[]$ $[], [] length,
 []


Underfull \hbox (badness 4531) in paragraph at lines 71--72
[][] [] \T1/phv/m/n/10 (struct [] $\OMS/cmsy/m/n/10 ^^C$\T1/phv/m/n/10 self, co
nst Foo array[]$ $[], [] length,
 []

[284]
Underfull \hbox (badness 10000) detected at line 111
[][][]
 []


Underfull \hbox (badness 10000) detected at line 150
[][][]
 []


Underfull \hbox (badness 10000) detected at line 153
[][][]
 []

[285]
Underfull \hbox (badness 10000) detected at line 170
[][][]
 []


Underfull \hbox (badness 10000) detected at line 173
[][][]
 []


Underfull \hbox (badness 10000) detected at line 185
[][][]
 []


Underfull \hbox (badness 10000) detected at line 202
[][][]
 []


Underfull \hbox (badness 10000) detected at line 205
[][][]
 []

[286]
Underfull \hbox (badness 10000) detected at line 219
[][][]
 []


Underfull \hbox (badness 10000) detected at line 239
[][][]
 []


Underfull \hbox (badness 10000) detected at line 258
[][][]
 []

[287]
Underfull \hbox (badness 10000) detected at line 268
[][][]
 []


Underfull \hbox (badness 10000) detected at line 288
[][][]
 []


Underfull \hbox (badness 10000) detected at line 312
[][][]
 []

[288]
Underfull \hbox (badness 10000) detected at line 336
[][][]
 []


Underfull \hbox (badness 10000) detected at line 356
[][][]
 []

[289]
Underfull \hbox (badness 10000) detected at line 388
[][][]
 []


Underfull \hbox (badness 10000) detected at line 393
[][][]
 []


Underfull \hbox (badness 10000) detected at line 413
[][][]
 []

[290]
Underfull \hbox (badness 10000) detected at line 416
[][][]
 []


Underfull \hbox (badness 10000) detected at line 442
[][][]
 []


Underfull \hbox (badness 10000) detected at line 459
[][][]
 []

[291]
Underfull \hbox (badness 10000) detected at line 462
[][][]
 []


Underfull \hbox (badness 10000) detected at line 472
[][][]
 []


Underfull \hbox (badness 10000) detected at line 475
[][][]
 []


Underfull \hbox (badness 10000) detected at line 493
[][][]
 []

[292]
Underfull \hbox (badness 10000) detected at line 563
[][][]
 []

[293]
Underfull \hbox (badness 10000) detected at line 587
[][][]
 []


Underfull \hbox (badness 10000) detected at line 606
[][][]
 []


Underfull \hbox (badness 10000) detected at line 611
[][][]
 []

[294]
Underfull \hbox (badness 10000) detected at line 625
[][][]
 []


Underfull \hbox (badness 10000) detected at line 644
[][][]
 []


Underfull \hbox (badness 10000) detected at line 649
[][][]
 []


Underfull \hbox (badness 10000) detected at line 665
[][][]
 []

[295]
Underfull \hbox (badness 10000) detected at line 680
[][][]
 []


Underfull \hbox (badness 10000) detected at line 683
[][][]
 []


Underfull \hbox (badness 10000) detected at line 699
[][][]
 []


Underfull \hbox (badness 10000) detected at line 714
[][][]
 []


Underfull \hbox (badness 10000) detected at line 717
[][][]
 []

[296]
Underfull \hbox (badness 10000) detected at line 735
[][][]
 []


Underfull \hbox (badness 10000) detected at line 759
[][][]
 []

[297]
Underfull \hbox (badness 10000) detected at line 785
[][][]
 []

) (./group__DDSExceptionTypesModule.tex
Overfull \hbox (55.41426pt too wide) in paragraph at lines 11--26
[] \T1/phv/m/n/10 , []
 []

[298]) (./group__DDSMicroTypesModule.tex [299]
Underfull \hbox (badness 2189) in paragraph at lines 32--36
[]\T1/phv/m/n/10 enum [] { [] , \T1/phv/b/n/10 NDDS[]_[][]TYPEPLUGIN[]_[][]GUID
[]_[][]KEY \T1/phv/m/n/10 ,
 []


Underfull \hbox (badness 10000) in paragraph at lines 53--54
[]\T1/phv/m/n/10 Referenced by [], [], and
 []


Underfull \hbox (badness 10000) detected at line 74
[][][]
 []

[300]) (./group__DDSStringClass.tex [301] [302]
Underfull \hbox (badness 10000) detected at line 87
[][][]
 []


Underfull \hbox (badness 10000) detected at line 107
[][][]
 []


Underfull \hbox (badness 10000) detected at line 120
[][][]
 []

[303]
Underfull \hbox (badness 10000) detected at line 142
[][][]
 []


Underfull \hbox (badness 10000) detected at line 152
[][][]
 []


Underfull \hbox (badness 10000) detected at line 180
[][][]
 []

[304]
Underfull \hbox (badness 10000) detected at line 197
[][][]
 []


Underfull \hbox (badness 10000) detected at line 205
[][][]
 []

)) (./group__NDDSUtilityModule.tex (./group__NDDSGlobalConfigurationModule.tex)
(./group__NDDSGlobalPropertyModule.tex [305]))) (./group__DPSEModule.tex
Overfull \hbox (47.3388pt too wide) in paragraph at lines 16--17
[]\T1/phv/m/n/10 DISC[]_[][]DPSEDll[]Export [] [] (struct []
 []

[306] [307] [308]
Underfull \hbox (badness 10000) detected at line 117
[][][]
 []


Underfull \hbox (badness 10000) detected at line 120
[][][]
 []

) (./group__DPDEModule.tex [309]) (./group__CDRStreamModule.tex [310]
Underfull \hbox (badness 10000) detected at line 39
[][][]
 []

[311]
Underfull \hbox (badness 10000) detected at line 59
[][][]
 []


Underfull \hbox (badness 10000) detected at line 83
[][][]
 []


Underfull \hbox (badness 10000) detected at line 107
[][][]
 []

[312] [313]
Underfull \hbox (badness 10000) detected at line 129
[][][]
 []


Underfull \hbox (badness 10000) detected at line 151
[][][]
 []

) (./group__RTModule.tex
Underfull \hbox (badness 1521) in paragraph at lines 8--9
[]\T1/phv/m/n/10 RTDll[]Export [] [] (RT[]_[][]Registry[]_[]T $\OMS/cmsy/m/n/10
 ^^C$\T1/phv/m/n/10 self, const char $\OMS/cmsy/m/n/10 ^^C$\T1/phv/m/n/10 name,
 struct RT[]_[][]
 []

[314]
Underfull \hbox (badness 10000) detected at line 45
[][][]
 []


Underfull \hbox (badness 10000) detected at line 48
[][][]
 []

[315]
Underfull \hbox (badness 10000) detected at line 74
[][][]
 []


Underfull \hbox (badness 10000) detected at line 77
[][][]
 []


Underfull \hbox (badness 10000) detected at line 103
[][][]
 []

) (./group__RHSMModule.tex [316]
Underfull \hbox (badness 10000) detected at line 28
[][][]
 []

) (./group__WHSMModule.tex [317]
Underfull \hbox (badness 10000) detected at line 28
[][][]
 []

) (./group__NETIO.tex (./group__NETIO__PacketClass.tex [318] [319]
Underfull \hbox (badness 10000) detected at line 65
[][][]
 []


Underfull \hbox (badness 10000) detected at line 68
[][][]
 []


Underfull \hbox (badness 10000) detected at line 90
[][][]
 []


Underfull \hbox (badness 10000) detected at line 93
[][][]
 []

[320]
Underfull \hbox (badness 10000) detected at line 115
[][][]
 []


Underfull \hbox (badness 10000) detected at line 118
[][][]
 []

) (./group__NETIO__InterfaceClass.tex [321]
Overfull \hbox (3.9776pt too wide) in paragraph at lines 1--1
[]\T1/phv/m/sl/10 self[] 
 []


Overfull \hbox (1.97075pt too wide) in paragraph at lines 3--3
[]\T1/phv/m/sl/10 src[] 
 []


Overfull \hbox (1.97964pt too wide) in paragraph at lines 5--5
[]\T1/phv/m/sl/10 dst[] 
 []


Underfull \hbox (badness 10000) detected at line 63
[][][]
 []


Underfull \hbox (badness 10000) in paragraph at lines 79--80
\T1/pcr/m/n/8 typedef []($\OMS/cmsy/m/n/8 ^^C$ \T1/pcr/m/n/8 NETIO[]_[][]Interf
ace[]_[]send[]Func) ([] $\OMS/cmsy/m/n/8 ^^C$\T1/pcr/m/n/8 self, struct []
 []

[322]
Underfull \hbox (badness 10000) detected at line 98
[][][]
 []


Underfull \hbox (badness 10000) detected at line 124
[][][]
 []


Overfull \hbox (30.8692pt too wide) in paragraph at lines 131--132
\T1/pcr/m/n/8 typedef []($\OMS/cmsy/m/n/8 ^^C$ \T1/pcr/m/n/8 NETIO[]_[][]Interf
ace[]_[]reserve[]_[]address[]Func) ([] $\OMS/cmsy/m/n/8 ^^C$\T1/pcr/m/n/8 self,
 struct []
 []


Underfull \hbox (badness 10000) detected at line 148
[][][]
 []


Overfull \hbox (16.4692pt too wide) in paragraph at lines 155--156
\T1/pcr/m/n/8 typedef []($\OMS/cmsy/m/n/8 ^^C$ \T1/pcr/m/n/8 NETIO[]_[][]Interf
ace[]_[]release[]_[]address[]Func) ([] $\OMS/cmsy/m/n/8 ^^C$\T1/pcr/m/n/8 self,
 struct []
 []

[323]
Underfull \hbox (badness 10000) detected at line 168
[][][]
 []

) (./group__NETIOAddressClass.tex
Overfull \hbox (103.25873pt too wide) in paragraph at lines 26--26
[][] [] \T1/phv/m/sl/9 Ad-dresses in the range [][], [][]
 []


Overfull \hbox (103.25873pt too wide) in paragraph at lines 28--28
[][] [] \T1/phv/m/sl/9 Ad-dresses in the range [][], [][]
 []

[324]
Overfull \hbox (121.86774pt too wide) in paragraph at lines 74--75
[][] [] \T1/phv/m/n/10 Ad-dresses in the range [][], [][]
 []


Overfull \hbox (121.86774pt too wide) in paragraph at lines 84--85
[][] [] \T1/phv/m/n/10 Ad-dresses in the range [][], [][]
 []

[325]
Underfull \hbox (badness 10000) detected at line 142
[][][]
 []


Underfull \hbox (badness 10000) detected at line 145
[][][]
 []

[326]
Underfull \hbox (badness 10000) detected at line 173
[][][]
 []

)) (./group__UDPPluginModule.tex
Overfull \hbox (74.40436pt too wide) in paragraph at lines 42--45
[]\T1/phv/m/n/10 enum [] { [] , []
 []

[327]
Underfull \hbox (badness 1688) in paragraph at lines 49--50
[]\T1/phv/m/n/10 NETIOPSLDll[]Export [] [] (struct [] $\OMS/cmsy/m/n/10 ^^C$\T1
/phv/m/n/10 seq,
 []


Underfull \hbox (badness 3281) in paragraph at lines 55--56
[]\T1/phv/m/n/10 NETIOPSLDll[]Export [] [] (struct []
 []


Underfull \hbox (badness 853) in paragraph at lines 65--66
[]\T1/phv/m/n/10 static bool [] (struct [] $\OMS/cmsy/m/n/10 ^^C$\T1/phv/m/n/10
 seq, [] ad-dress,
 []

[328] [329]
Underfull \hbox (badness 10000) detected at line 216
[][][]
 []

[330]
Underfull \hbox (badness 10000) detected at line 238
[][][]
 []


Underfull \hbox (badness 10000) detected at line 256
[][][]
 []

[331]
Underfull \hbox (badness 10000) detected at line 284
[][][]
 []


Underfull \hbox (badness 10000) detected at line 316
[][][]
 []


Underfull \hbox (badness 10000) detected at line 335
[][][]
 []

[332]
Underfull \hbox (badness 10000) detected at line 350
[][][]
 []


Underfull \hbox (badness 10000) detected at line 365
[][][]
 []


Underfull \hbox (badness 10000) detected at line 393
[][][]
 []


Underfull \hbox (badness 10000) in paragraph at lines 407--408
\T1/pcr/m/n/8 NETIOPSLDll[]Variable struct [] UDP[]_[][]INTERFACE[]_[][]FACTORY
[]_[][]PROPERTY[]_[][]DEFAULT
 []

[333]) (./group__UDPTransformModule.tex
Overfull \hbox (28.95259pt too wide) in paragraph at lines 17--18
[]\T1/phv/m/n/10 #define []  REDA[]_[][]DEFINE[]_[][]SEQUENCE[]_[][]INITIALIZER
(struct []) 
 []


Underfull \hbox (badness 1540) in paragraph at lines 24--25
[]\T1/phv/m/n/10 typedef []($\OMS/cmsy/m/n/10 ^^C$ []\T1/phv/m/n/10 ) ([] $\OMS
/cmsy/m/n/10 ^^C$\T1/phv/m/n/10 const self, void
 []


Underfull \hbox (badness 1635) in paragraph at lines 28--29
[]\T1/phv/m/n/10 typedef []($\OMS/cmsy/m/n/10 ^^C$ []\T1/phv/m/n/10 ) ([] $\OMS
/cmsy/m/n/10 ^^C$\T1/phv/m/n/10 const self, void
 []

[334] [335]
Underfull \hbox (badness 10000) in paragraph at lines 115--116
\T1/pcr/m/n/8 typedef []($\OMS/cmsy/m/n/8 ^^C$ \T1/pcr/m/n/8 UDP[]_[][]Transfor
m[]I[]_[]create[]_[]destination[]_[]transform) ([] $\OMS/cmsy/m/n/8 ^^C$\T1/pcr
/m/n/8 const self, void
 []


Underfull \hbox (badness 10000) in paragraph at lines 115--116
\OMS/cmsy/m/n/8 ^^C$$^^C$\T1/pcr/m/n/8 const context, const struct [] $\OMS/cms
y/m/n/8 ^^C$\T1/pcr/m/n/8 const destination, const struct [] $\OMS/cmsy/m/n/8 ^
^C$\T1/pcr/m/n/8 const
 []


Underfull \hbox (badness 10000) detected at line 136
[][][]
 []


Underfull \hbox (badness 10000) in paragraph at lines 143--144
\T1/pcr/m/n/8 typedef []($\OMS/cmsy/m/n/8 ^^C$ \T1/pcr/m/n/8 UDP[]_[][]Transfor
m[]I[]_[]create[]_[]source[]_[]transform) ([] $\OMS/cmsy/m/n/8 ^^C$\T1/pcr/m/n/
8 const self, void
 []

[336] [337]
Underfull \hbox (badness 10000) detected at line 164
[][][]
 []


Underfull \hbox (badness 10000) in paragraph at lines 171--172
\T1/pcr/m/n/8 typedef []($\OMS/cmsy/m/n/8 ^^C$ \T1/pcr/m/n/8 UDP[]_[][]Transfor
m[]I[]_[]delete[]_[]destination[]_[]transform) ([] $\OMS/cmsy/m/n/8 ^^C$\T1/pcr
/m/n/8 const self,
 []


Underfull \hbox (badness 10000) in paragraph at lines 171--172
\T1/pcr/m/n/8 void $\OMS/cmsy/m/n/8 ^^C$\T1/pcr/m/n/8 context, const struct [] 
$\OMS/cmsy/m/n/8 ^^C$\T1/pcr/m/n/8 const destination, const struct [] $\OMS/cms
y/m/n/8 ^^C$\T1/pcr/m/n/8 const
 []


Underfull \hbox (badness 10000) detected at line 188
[][][]
 []


Underfull \hbox (badness 10000) in paragraph at lines 195--196
\T1/pcr/m/n/8 typedef []($\OMS/cmsy/m/n/8 ^^C$ \T1/pcr/m/n/8 UDP[]_[][]Transfor
m[]I[]_[]delete[]_[]source[]_[]transform) ([] $\OMS/cmsy/m/n/8 ^^C$\T1/pcr/m/n/
8 const self, void
 []


Underfull \hbox (badness 10000) in paragraph at lines 195--196
\OMS/cmsy/m/n/8 ^^C$\T1/pcr/m/n/8 context, const struct [] $\OMS/cmsy/m/n/8 ^^C
$\T1/pcr/m/n/8 const source, const struct [] $\OMS/cmsy/m/n/8 ^^C$\T1/pcr/m/n/8
 const netmask,
 []


Underfull \hbox (badness 10000) detected at line 212
[][][]
 []


Underfull \hbox (badness 10000) in paragraph at lines 219--220
\T1/pcr/m/n/8 typedef []($\OMS/cmsy/m/n/8 ^^C$ \T1/pcr/m/n/8 UDP[]_[][]Transfor
m[]I[]_[]transform[]_[]source) ([] $\OMS/cmsy/m/n/8 ^^C$\T1/pcr/m/n/8 const sel
f, void $\OMS/cmsy/m/n/8 ^^C$\T1/pcr/m/n/8 context,
 []


Underfull \hbox (badness 10000) in paragraph at lines 219--220
\T1/pcr/m/n/8 const struct [] $\OMS/cmsy/m/n/8 ^^C$\T1/pcr/m/n/8 const source, 
const [] $\OMS/cmsy/m/n/8 ^^C$\T1/pcr/m/n/8 const in[]_[]packet, []
 []

[338]
Underfull \hbox (badness 10000) detected at line 240
[][][]
 []


Underfull \hbox (badness 10000) detected at line 268
[][][]
 []

[339]
Underfull \hbox (badness 10000) detected at line 319
[][][]
 []


Underfull \hbox (badness 10000) detected at line 347
[][][]
 []

[340]
Underfull \hbox (badness 10000) detected at line 375
[][][]
 []


Underfull \hbox (badness 10000) detected at line 403
[][][]
 []


Underfull \hbox (badness 10000) detected at line 427
[][][]
 []

[341]
Underfull \hbox (badness 10000) detected at line 451
[][][]
 []

) (./group__RTPSPluginModule.tex [342]
Overfull \hbox (27.34457pt too wide) in paragraph at lines 30--33
[]\T1/phv/m/n/10 enum [] { [] , []
 []

[343]
Overfull \hbox (15.91925pt too wide) in paragraph at lines 98--99
\T1/pcr/m/n/8 typedef []($\OMS/cmsy/m/n/8 ^^C$ \T1/pcr/m/n/8 RTPS[]_[][]Checksu
m[]Calculate[]_[]T) (void $\OMS/cmsy/m/n/8 ^^C$\T1/pcr/m/n/8 context, const str
uct REDA[]_[][]Buffer $\OMS/cmsy/m/n/8 ^^C$\T1/pcr/m/n/8 buf, []
 []

[344]
Underfull \hbox (badness 10000) detected at line 115
[][][]
 []

[345]
Underfull \hbox (badness 10000) detected at line 176
[][][]
 []


Underfull \hbox (badness 10000) detected at line 179
[][][]
 []

[346] [347]) (./group__SHMEMPluginModule.tex
Overfull \hbox (99.61853pt too wide) in paragraph at lines 16--17
[]\T1/phv/m/n/10 NETIO[]_[][]SHMEMDll[]Export [] [] (struct []
 []


Overfull \hbox (95.62274pt too wide) in paragraph at lines 18--19
[]\T1/phv/m/n/10 NETIO[]_[][]SHMEMDll[]Export [] [] (struct []
 []

[348]
Underfull \hbox (badness 10000) detected at line 43
[][][]
 []


Underfull \hbox (badness 10000) detected at line 61
[][][]
 []


Underfull \hbox (badness 10000) detected at line 76
[][][]
 []

(./group__NETIO__SharedMemoryClass.tex [349] [350]
(./group__NETIO__SharedMemoryMutexClass.tex [351]
Underfull \hbox (badness 10000) detected at line 51
[][][]
 []


Underfull \hbox (badness 10000) detected at line 68
[][][]
 []


Underfull \hbox (badness 10000) detected at line 71
[][][]
 []

[352]
Underfull \hbox (badness 10000) detected at line 89
[][][]
 []


Underfull \hbox (badness 10000) detected at line 92
[][][]
 []


Underfull \hbox (badness 10000) detected at line 95
[][][]
 []


Underfull \hbox (badness 10000) detected at line 112
[][][]
 []


Underfull \hbox (badness 10000) detected at line 115
[][][]
 []


Underfull \hbox (badness 10000) detected at line 133
[][][]
 []

[353]
Underfull \hbox (badness 10000) detected at line 150
[][][]
 []


Underfull \hbox (badness 10000) detected at line 153
[][][]
 []


Underfull \hbox (badness 10000) detected at line 168
[][][]
 []


Underfull \hbox (badness 10000) detected at line 171
[][][]
 []


Underfull \hbox (badness 10000) detected at line 188
[][][]
 []


Underfull \hbox (badness 10000) detected at line 191
[][][]
 []

[354]
Underfull \hbox (badness 10000) detected at line 206
[][][]
 []


Underfull \hbox (badness 10000) detected at line 209
[][][]
 []


Underfull \hbox (badness 10000) detected at line 226
[][][]
 []


Underfull \hbox (badness 10000) detected at line 229
[][][]
 []


Underfull \hbox (badness 10000) detected at line 237
[][][]
 []

[355]
Underfull \hbox (badness 10000) detected at line 254
[][][]
 []


Underfull \hbox (badness 10000) detected at line 257
[][][]
 []


Underfull \hbox (badness 10000) detected at line 265
[][][]
 []

) (./group__NETIO__SharedMemorySegmentClass.tex
Underfull \hbox (badness 10000) in paragraph at lines 16--17
[]\T1/phv/m/n/10 RTIBool [] (struct NETIO[]_[][]Shared[]Memory[]Segment[]Handle

 []


Underfull \hbox (badness 10000) in paragraph at lines 18--19
[]\T1/phv/m/n/10 RTIBool [] (struct NETIO[]_[][]Shared[]Memory[]Segment[]Handle
 $\OMS/cmsy/m/n/10 ^^C$\T1/phv/m/n/10 handle,
 []


Underfull \hbox (badness 10000) in paragraph at lines 22--23
[]\T1/phv/m/n/10 RTIBool [] (struct NETIO[]_[][]Shared[]Memory[]Segment[]Handle
 $\OMS/cmsy/m/n/10 ^^C$\T1/phv/m/n/10 handle,
 []

[356]
Underfull \hbox (badness 1515) in paragraph at lines 28--29
[]\T1/phv/m/n/10 NETIOPSLDll[]Export [] [] (struct NETIO[]_[][]Shared[]Memory[]

 []

[357]
Underfull \hbox (badness 10000) detected at line 72
[][][]
 []

[358]
Underfull \hbox (badness 10000) detected at line 110
[][][]
 []


Underfull \hbox (badness 10000) detected at line 113
[][][]
 []


Underfull \hbox (badness 10000) detected at line 135
[][][]
 []


Underfull \hbox (badness 10000) detected at line 138
[][][]
 []


Overfull \hbox (75.69464pt too wide) in paragraph at lines 141--142
[]\T1/phv/m/n/10 When you cre-ate a seg-ment with [] or with [],
 []


Overfull \hbox (69.42181pt too wide) in paragraph at lines 141--142
\T1/phv/m/n/10 you can delete it by call-ing di-rectly NETIO[]_[][]Shared[]Memo
ry[]Segment[]_[]delete with-out call-ing []. 
 []

[359]
Underfull \hbox (badness 10000) detected at line 169
[][][]
 []

[360]
Underfull \hbox (badness 10000) detected at line 191
[][][]
 []


Underfull \hbox (badness 10000) detected at line 206
[][][]
 []


Underfull \hbox (badness 10000) detected at line 209
[][][]
 []


Underfull \hbox (badness 10000) detected at line 217
[][][]
 []


Underfull \hbox (badness 1584) in paragraph at lines 218--219
[]\T1/phv/m/n/10 the ad-dress that can be used to read and write the mem-ory. F
or per-for-mance this func-tion never
 []


Underfull \hbox (badness 2980) in paragraph at lines 218--219
\T1/phv/m/n/10 checks pre-conditions. It is the caller\TS1/phv/m/n/10 '\T1/phv/
m/n/10 s re-spon-si-bil-ity to en-sure the han-dle is NON null and AT-
 []


Underfull \hbox (badness 10000) detected at line 236
[][][]
 []


Underfull \hbox (badness 10000) detected at line 239
[][][]
 []

[361]
Underfull \hbox (badness 10000) detected at line 247
[][][]
 []


Overfull \hbox (45.22104pt too wide) in paragraph at lines 248--249
[]\T1/phv/m/n/10 the num-ber of bytes that can be read/written stat-ing at the 
ad-dress pro-vided by [].
 []

) (./group__NETIO__SharedMemorySignalingSemaphoreClass.tex
Underfull \hbox (badness 10000) in paragraph at lines 6--7
[]\T1/phv/m/n/10 RTIBool [] (struct NETIO[]_[][]Shared[]Memory[]Signaling[]
 []


Underfull \hbox (badness 10000) in paragraph at lines 8--9
[]\T1/phv/m/n/10 RTIBool [] (struct NETIO[]_[][]Shared[]Memory[]Signaling[]
 []


Underfull \hbox (badness 10000) in paragraph at lines 10--11
[]\T1/phv/m/n/10 RTIBool [] (struct NETIO[]_[][]Shared[]Memory[]
 []


Underfull \hbox (badness 10000) in paragraph at lines 12--13
[]\T1/phv/m/n/10 RTIBool [] (struct NETIO[]_[][]Shared[]Memory[]Signaling[]
 []


Underfull \hbox (badness 10000) in paragraph at lines 16--17
[]\T1/phv/m/n/10 RTIBool [] (struct NETIO[]_[][]Shared[]Memory[]Signaling[]
 []


Underfull \hbox (badness 10000) in paragraph at lines 18--19
[]\T1/phv/m/n/10 RTIBool [] (struct NETIO[]_[][]Shared[]Memory[]Signaling[]
 []

[362]
Underfull \hbox (badness 10000) detected at line 36
[][][]
 []


Underfull \hbox (badness 10000) detected at line 39
[][][]
 []


Underfull \hbox (badness 10000) detected at line 57
[][][]
 []

[363]
Underfull \hbox (badness 10000) detected at line 74
[][][]
 []


Underfull \hbox (badness 10000) detected at line 77
[][][]
 []


Underfull \hbox (badness 10000) detected at line 95
[][][]
 []


Underfull \hbox (badness 10000) detected at line 98
[][][]
 []


Underfull \hbox (badness 10000) detected at line 101
[][][]
 []

[364]
Underfull \hbox (badness 10000) detected at line 118
[][][]
 []


Underfull \hbox (badness 10000) detected at line 121
[][][]
 []


Underfull \hbox (badness 10000) detected at line 139
[][][]
 []


Underfull \hbox (badness 10000) detected at line 156
[][][]
 []

[365]
Underfull \hbox (badness 10000) detected at line 159
[][][]
 []


Underfull \hbox (badness 10000) detected at line 174
[][][]
 []


Underfull \hbox (badness 10000) detected at line 177
[][][]
 []


Underfull \hbox (badness 10000) detected at line 194
[][][]
 []


Underfull \hbox (badness 10000) detected at line 197
[][][]
 []

[366]
Underfull \hbox (badness 10000) detected at line 212
[][][]
 []


Underfull \hbox (badness 10000) detected at line 215
[][][]
 []


Underfull \hbox (badness 10000) detected at line 232
[][][]
 []


Underfull \hbox (badness 10000) detected at line 235
[][][]
 []


Underfull \hbox (badness 10000) detected at line 243
[][][]
 []

[367]
Underfull \hbox (badness 10000) detected at line 260
[][][]
 []


Underfull \hbox (badness 10000) detected at line 263
[][][]
 []


Underfull \hbox (badness 10000) detected at line 271
[][][]
 []

))) (./group__NETIO__DGRAMInterface.tex [368]
Underfull \hbox (badness 2401) in paragraph at lines 47--48
[]\T1/phv/m/n/10 typedef []($\OMS/cmsy/m/n/10 ^^C$ []\T1/phv/m/n/10 ) ([] $\OMS
/cmsy/m/n/10 ^^C$\T1/phv/m/n/10 user[]_[]intf,
 []


Underfull \hbox (badness 2376) in paragraph at lines 49--50
[]\T1/phv/m/n/10 typedef []($\OMS/cmsy/m/n/10 ^^C$ []\T1/phv/m/n/10 ) ([] $\OMS
/cmsy/m/n/10 ^^C$\T1/phv/m/n/10 netio[]_[]intf,
 []


Overfull \hbox (58.42192pt too wide) in paragraph at lines 60--61
[][] [] \T1/phv/m/n/10 (RT[]_[][]Registry[]_[]T $\OMS/cmsy/m/n/10 ^^C$\T1/phv/m
/n/10 registry, const char $\OMS/cmsy/m/n/10 ^^C$\T1/phv/m/n/10 name, []
 []


Underfull \hbox (badness 1448) in paragraph at lines 64--65
[][] [] \T1/phv/m/n/10 (struct [] $\OMS/cmsy/m/n/10 ^^C$\T1/phv/m/n/10 address[
]_[]seq, struct
 []

[369]
Underfull \hbox (badness 2961) in paragraph at lines 66--67
[][] [] \T1/phv/m/n/10 (struct [] $\OMS/cmsy/m/n/10 ^^C$\T1/phv/m/n/10 address[
]_[]seq,
 []


Overfull \hbox (43.5142pt too wide) in paragraph at lines 71--72
[]\T1/phv/m/n/10 DDSCPPDll[]Export const struct [] [] 
 []


Overfull \hbox (54.02606pt too wide) in paragraph at lines 73--74
[]\T1/phv/m/n/10 DDSCPPDll[]Export const struct [] [] 
 []


Overfull \hbox (43.5142pt too wide) in paragraph at lines 75--76
[]\T1/phv/m/n/10 DDSCPPDll[]Export const struct [] [] 
 []


Overfull \hbox (54.02606pt too wide) in paragraph at lines 77--78
[]\T1/phv/m/n/10 DDSCPPDll[]Export const struct [] [] 
 []

[370]
Overfull \hbox (73.69131pt too wide) in paragraph at lines 115--117
[]\T1/phv/m/n/10 Each NETIO[]_[][]DGRAM Trans-port in-stance is as-so-ci-ated w
ith net-work in-ter-face as re-turned by the [].
 []

[371]
Underfull \hbox (badness 10000) in paragraph at lines 227--228
\T1/pcr/m/n/8 #define NETIO[]_[][]DGRAM[]_[][]Interface[]Table[]Entry[]Seq[]_[]
[]INITIALIZER  REDA[]_[][]DEFINE[]_[][]SEQUENCE[]_[][]INITIALIZER(struct
 []


Underfull \hbox (badness 10000) in paragraph at lines 240--241
\T1/pcr/m/n/8 typedef [] $\OMS/cmsy/m/n/8 ^^C$\T1/pcr/m/n/8 ($\OMS/cmsy/m/n/8 ^
^C$ \T1/pcr/m/n/8 NETIO[]_[][]DGRAM[]_[][]Interface[]_[]create[]Func) ([] $\OMS
/cmsy/m/n/8 ^^C$\T1/pcr/m/n/8 upstream, void
 []

[372]
Underfull \hbox (badness 10000) in paragraph at lines 250--251
\T1/pcr/m/n/8 typedef []($\OMS/cmsy/m/n/8 ^^C$ \T1/pcr/m/n/8 NETIO[]_[][]DGRAMU
ser[]Interface[]_[]get[]_[]interface[]_[]list[]Func) ([] $\OMS/cmsy/m/n/8 ^^C$\
T1/pcr/m/n/8 user[]_[]intf,
 []


Underfull \hbox (badness 10000) in paragraph at lines 260--261
\T1/pcr/m/n/8 typedef []($\OMS/cmsy/m/n/8 ^^C$ \T1/pcr/m/n/8 NETIO[]_[][]DGRAMU
ser[]Interface[]_[]resolve[]_[]address[]Func) ([] $\OMS/cmsy/m/n/8 ^^C$\T1/pcr/
m/n/8 netio[]_[]
 []


Underfull \hbox (badness 10000) in paragraph at lines 260--261
\T1/pcr/m/n/8 intf, const struct [] $\OMS/cmsy/m/n/8 ^^C$\T1/pcr/m/n/8 if[]_[]e
ntry, const char $\OMS/cmsy/m/n/8 ^^C$\T1/pcr/m/n/8 address[]_[]string, struct
 []

[373]
Underfull \hbox (badness 10000) detected at line 324
[][][]
 []


Underfull \hbox (badness 10000) detected at line 327
[][][]
 []

[374]
Underfull \hbox (badness 10000) detected at line 349
[][][]
 []


Underfull \hbox (badness 10000) detected at line 352
[][][]
 []


Underfull \hbox (badness 10000) detected at line 378
[][][]
 []


Underfull \hbox (badness 10000) detected at line 381
[][][]
 []

[375]
Underfull \hbox (badness 10000) detected at line 405
[][][]
 []


Underfull \hbox (badness 10000) detected at line 408
[][][]
 []


Underfull \hbox (badness 10000) in paragraph at lines 418--419
\T1/pcr/m/n/8 DDSCPPDll[]Export const struct [] NETIO[]_[][]ADDRESS[]_[][]UDPv4
[]_[][]ANY[]_[][]UNICAST[]_[][]ROUTE
 []


Underfull \hbox (badness 10000) in paragraph at lines 428--429
\T1/pcr/m/n/8 DDSCPPDll[]Export const struct [] NETIO[]_[][]ADDRESS[]_[][]UDPv4
[]_[][]ANY[]_[][]MULTICAST[]_[][]
 []


Underfull \hbox (badness 10000) in paragraph at lines 438--439
\T1/pcr/m/n/8 DDSCPPDll[]Export const struct [] NETIO[]_[][]ADDRESS[]_[][]UDPv6
[]_[][]ANY[]_[][]UNICAST[]_[][]ROUTE
 []


Underfull \hbox (badness 10000) in paragraph at lines 448--449
\T1/pcr/m/n/8 DDSCPPDll[]Export const struct [] NETIO[]_[][]ADDRESS[]_[][]UDPv6
[]_[][]ANY[]_[][]MULTICAST[]_[][]
 []

[376]) (./group__ZCV2Module.tex
Underfull \hbox (badness 2073) in paragraph at lines 30--31
[]\T1/phv/m/n/10 typedef []($\OMS/cmsy/m/n/10 ^^C$ []\T1/phv/m/n/10 ) ([] $\OMS
/cmsy/m/n/10 ^^C$\T1/phv/m/n/10 netio[]_[]intf, const char
 []


Overfull \hbox (32.0955pt too wide) in paragraph at lines 32--33
[]\T1/phv/m/n/10 typedef []($\OMS/cmsy/m/n/10 ^^C$ []\T1/phv/m/n/10 ) ([] $\OMS
/cmsy/m/n/10 ^^C$\T1/phv/m/n/10 netio[]_[]intf, struct []
 []

[377]
Underfull \hbox (badness 6364) in paragraph at lines 42--43
[]\T1/phv/m/n/10 typedef []($\OMS/cmsy/m/n/10 ^^C$ []\T1/phv/m/n/10 ) ([] $\OMS
/cmsy/m/n/10 ^^C$\T1/phv/m/n/10 user[]_[]intf, struct
 []


Underfull \hbox (badness 2150) in paragraph at lines 44--45
[]\T1/phv/m/n/10 typedef []($\OMS/cmsy/m/n/10 ^^C$ []\T1/phv/m/n/10 ) ([] $\OMS
/cmsy/m/n/10 ^^C$\T1/phv/m/n/10 user[]_[]intf, struct
 []


Overfull \hbox (19.73907pt too wide) in paragraph at lines 50--51
[]\T1/phv/m/n/10 typedef []($\OMS/cmsy/m/n/10 ^^C$ []\T1/phv/m/n/10 ) ([] $\OMS
/cmsy/m/n/10 ^^C$\T1/phv/m/n/10 user[]_[]intf, struct []
 []


Overfull \hbox (92.60309pt too wide) in paragraph at lines 65--66
[][] [] \T1/phv/m/n/10 (RT[]_[][]Registry[]_[]T $\OMS/cmsy/m/n/10 ^^C$\T1/phv/m
/n/10 registry, const char $\OMS/cmsy/m/n/10 ^^C$\T1/phv/m/n/10 name, struct []

 []

[378]
Underfull \hbox (badness 4634) in paragraph at lines 71--72
[][] [] \T1/phv/m/n/10 (RT[]_[][]Registry[]_[]T $\OMS/cmsy/m/n/10 ^^C$\T1/phv/m
/n/10 registry, const char $\OMS/cmsy/m/n/10 ^^C$\T1/phv/m/n/10 name, struct
 []


Underfull \hbox (badness 10000) in paragraph at lines 114--115
\T1/pcr/m/n/8 typedef []($\OMS/cmsy/m/n/8 ^^C$ \T1/pcr/m/n/8 NETIO[]_[][]Interf
ace[]_[]resolve[]_[]address[]Func) ([] $\OMS/cmsy/m/n/8 ^^C$\T1/pcr/m/n/8 netio
[]_[]intf, const char
 []


Underfull \hbox (badness 10000) in paragraph at lines 124--125
\T1/pcr/m/n/8 typedef []($\OMS/cmsy/m/n/8 ^^C$ \T1/pcr/m/n/8 NETIO[]_[][]Interf
ace[]_[]get[]_[]route[]_[]table[]Func) ([] $\OMS/cmsy/m/n/8 ^^C$\T1/pcr/m/n/8 n
etio[]_[]intf, struct
 []

[379]
Underfull \hbox (badness 10000) in paragraph at lines 134--135
\T1/pcr/m/n/8 typedef [] $\OMS/cmsy/m/n/8 ^^C$\T1/pcr/m/n/8 ($\OMS/cmsy/m/n/8 ^
^C$ \T1/pcr/m/n/8 ZCOPY[]_[][]Notif[]User[]Interface[]_[]create[]Func) ([] $\OM
S/cmsy/m/n/8 ^^C$\T1/pcr/m/n/8 upstream,
 []


Underfull \hbox (badness 10000) in paragraph at lines 154--155
\T1/pcr/m/n/8 typedef []($\OMS/cmsy/m/n/8 ^^C$ \T1/pcr/m/n/8 ZCOPY[]_[][]Notif[
]User[]Interface[]_[]reserve[]_[]address[]Func) ([] $\OMS/cmsy/m/n/8 ^^C$\T1/pc
r/m/n/8 user[]_[]intf,
 []


Underfull \hbox (badness 10000) in paragraph at lines 164--165
\T1/pcr/m/n/8 typedef []($\OMS/cmsy/m/n/8 ^^C$ \T1/pcr/m/n/8 ZCOPY[]_[][]Notif[
]User[]Interface[]_[]release[]_[]address[]Func) ([] $\OMS/cmsy/m/n/8 ^^C$\T1/pc
r/m/n/8 user[]_[]intf,
 []


Underfull \hbox (badness 10000) in paragraph at lines 174--175
\T1/pcr/m/n/8 typedef []($\OMS/cmsy/m/n/8 ^^C$ \T1/pcr/m/n/8 ZCOPY[]_[][]Notif[
]User[]Interface[]_[]add[]_[]route[]Func) ([] $\OMS/cmsy/m/n/8 ^^C$\T1/pcr/m/n/
8 user[]_[]intf, struct
 []

[380]
Overfull \hbox (30.8692pt too wide) in paragraph at lines 206--207
\T1/pcr/m/n/8 typedef []($\OMS/cmsy/m/n/8 ^^C$ \T1/pcr/m/n/8 ZCOPY[]_[][]Notif[
]User[]Interface[]_[]bind[]Func) ([] $\OMS/cmsy/m/n/8 ^^C$\T1/pcr/m/n/8 user[]_
[]intf, struct []
 []


Underfull \hbox (badness 10000) in paragraph at lines 216--217
\T1/pcr/m/n/8 typedef []($\OMS/cmsy/m/n/8 ^^C$ \T1/pcr/m/n/8 ZCOPY[]_[][]Notif[
]User[]Interface[]_[]unbind[]Func) ([] $\OMS/cmsy/m/n/8 ^^C$\T1/pcr/m/n/8 user[
]_[]intf, struct
 []

[381]
Underfull \hbox (badness 10000) in paragraph at lines 226--227
\T1/pcr/m/n/8 typedef []($\OMS/cmsy/m/n/8 ^^C$ \T1/pcr/m/n/8 ZCOPY[]_[][]Notif[
]User[]Interface[]_[]notify[]_[]port[]Func) ([] $\OMS/cmsy/m/n/8 ^^C$\T1/pcr/m/
n/8 user[]_[]intf, void
 []


Underfull \hbox (badness 10000) detected at line 266
[][][]
 []


Underfull \hbox (badness 10000) detected at line 269
[][][]
 []

[382]
Underfull \hbox (badness 10000) detected at line 293
[][][]
 []


Underfull \hbox (badness 10000) detected at line 296
[][][]
 []


Underfull \hbox (badness 10000) detected at line 309
[][][]
 []

[383]
Underfull \hbox (badness 10000) detected at line 331
[][][]
 []


Underfull \hbox (badness 10000) detected at line 351
[][][]
 []


Underfull \hbox (badness 10000) detected at line 373
[][][]
 []

[384]
Underfull \hbox (badness 10000) detected at line 395
[][][]
 []


Underfull \hbox (badness 10000) detected at line 415
[][][]
 []


Underfull \hbox (badness 10000) detected at line 430
[][][]
 []

[385]
Underfull \hbox (badness 10000) detected at line 445
[][][]
 []

(./group__ZCOPY__NotifInterfaceClass.tex)) (./group__OSAPIModule.tex [386]
(./group__OSAPI__HeapClass.tex [387] [388]
Underfull \hbox (badness 10000) detected at line 113
[][][]
 []

[389]
Underfull \hbox (badness 10000) detected at line 133
[][][]
 []

[390]) (./group__OSAPI__MutexClass.tex [391]
Underfull \hbox (badness 10000) detected at line 56
[][][]
 []


Underfull \hbox (badness 10000) detected at line 69
[][][]
 []


Underfull \hbox (badness 10000) detected at line 91
[][][]
 []

[392]
Underfull \hbox (badness 10000) detected at line 111
[][][]
 []

) (./group__OSAPI__ProcessClass.tex
Underfull \hbox (badness 10000) detected at line 51
[][][]
 []

[393]
Underfull \hbox (badness 10000) detected at line 66
[][][]
 []

) (./group__OSAPI__SemaphoreClass.tex [394]
Overfull \hbox (15.65288pt too wide) in paragraph at lines 51--52
[]\T1/phv/m/n/10 If [] is called with OSAPI[]_[][]SEMAPHORE[]_[][]TIMEOUT[]_[][
]INFINITE as time-out, []
 []

[395]
Underfull \hbox (badness 10000) detected at line 111
[][][]
 []


Underfull \hbox (badness 10000) detected at line 129
[][][]
 []

[396]
Underfull \hbox (badness 10000) detected at line 151
[][][]
 []


Underfull \hbox (badness 10000) detected at line 175
[][][]
 []

) (./group__OSAPI__MemoryClass.tex [397]
Underfull \hbox (badness 10000) detected at line 48
[][][]
 []

[398]
Underfull \hbox (badness 10000) detected at line 75
[][][]
 []


Underfull \hbox (badness 10000) detected at line 103
[][][]
 []

[399]
Underfull \hbox (badness 10000) detected at line 132
[][][]
 []


Underfull \hbox (badness 10000) detected at line 156
[][][]
 []

) (./group__OSAPI__StringClass.tex [400]
Underfull \hbox (badness 10000) detected at line 35
[][][]
 []


Underfull \hbox (badness 10000) detected at line 61
[][][]
 []

[401]
Underfull \hbox (badness 10000) detected at line 89
[][][]
 []

) (./group__OSAPI__SystemClass.tex [402] [403]
Underfull \hbox (badness 10000) in paragraph at lines 111--112
\T1/pcr/m/n/8 typedef []($\OMS/cmsy/m/n/8 ^^C$ \T1/pcr/m/n/8 OSAPI[]_[][]System
[]_[]start[]_[]timer[]_[]T) (OSAPI[]_[][]Timer[]_[]T self, OSAPI[]_[][]Timer[]T
ick[]Handler[]Function
 []


Underfull \hbox (badness 10000) detected at line 124
[][][]
 []


Underfull \hbox (badness 10000) detected at line 139
[][][]
 []

[404]
Underfull \hbox (badness 10000) detected at line 165
[][][]
 []


Underfull \hbox (badness 10000) detected at line 180
[][][]
 []

[405]
Underfull \hbox (badness 10000) detected at line 198
[][][]
 []


Underfull \hbox (badness 10000) detected at line 216
[][][]
 []


Underfull \hbox (badness 10000) detected at line 238
[][][]
 []

[406]
Underfull \hbox (badness 10000) detected at line 271
[][][]
 []


Underfull \hbox (badness 10000) detected at line 274
[][][]
 []


Underfull \hbox (badness 10000) detected at line 277
[][][]
 []

[407]
Underfull \hbox (badness 10000) detected at line 297
[][][]
 []


Underfull \hbox (badness 10000) detected at line 300
[][][]
 []


Underfull \hbox (badness 10000) detected at line 303
[][][]
 []


Underfull \hbox (badness 10000) detected at line 323
[][][]
 []


Underfull \hbox (badness 10000) detected at line 326
[][][]
 []


Underfull \hbox (badness 10000) detected at line 329
[][][]
 []

[408]
Underfull \hbox (badness 10000) detected at line 349
[][][]
 []


Underfull \hbox (badness 10000) detected at line 352
[][][]
 []


Underfull \hbox (badness 10000) detected at line 376
[][][]
 []


Underfull \hbox (badness 10000) detected at line 379
[][][]
 []


Underfull \hbox (badness 10000) detected at line 382
[][][]
 []

[409]
Underfull \hbox (badness 10000) detected at line 405
[][][]
 []


Underfull \hbox (badness 10000) detected at line 408
[][][]
 []


Underfull \hbox (badness 10000) detected at line 411
[][][]
 []

) (./group__OSAPI__ThreadClass.tex [410] [411] [412])
(./group__OSAPI__TimeClass.tex [413]) (./group__OSAPI__TimerClass.tex)
(./group__OSAPI__TypeClass.tex [414]
Overfull \hbox (15.38571pt too wide) in paragraph at lines 68--69
[]\T1/phv/m/n/10 Referenced by [], [], and []. 
 []

[415]
Overfull \hbox (30.20969pt too wide) in paragraph at lines 102--103
[]\T1/phv/m/n/10 Referenced by [], [], [], [],
 []


Overfull \hbox (59.767pt too wide) in paragraph at lines 102--103
[]\T1/phv/m/n/10 , [], [], [], [],
 []


Underfull \hbox (badness 10000) in paragraph at lines 102--103
[]\T1/phv/m/n/10 , [], [],
 []


Overfull \hbox (35.97705pt too wide) in paragraph at lines 102--103
[]\T1/phv/m/n/10 , [], [],
 []


Overfull \hbox (27.02208pt too wide) in paragraph at lines 102--103
[]\T1/phv/m/n/10 , [], [],
 []


Overfull \hbox (135.89304pt too wide) in paragraph at lines 102--103
[]\T1/phv/m/n/10 , [], [],
 []


Overfull \hbox (223.06514pt too wide) in paragraph at lines 102--103
[]\T1/phv/m/n/10 , [], [],
 []


Overfull \hbox (95.11461pt too wide) in paragraph at lines 102--103
[]\T1/phv/m/n/10 , [], [],
 []


Overfull \hbox (65.61632pt too wide) in paragraph at lines 102--103
[]\T1/phv/m/n/10 , [], [], [], [],
 []


Overfull \hbox (25.05208pt too wide) in paragraph at lines 102--103
[]\T1/phv/m/n/10 , [], [], [],
 []


Overfull \hbox (18.57146pt too wide) in paragraph at lines 116--117
[]\T1/phv/m/n/10 , [], [],
 []


Overfull \hbox (89.22142pt too wide) in paragraph at lines 116--117
[]\T1/phv/m/n/10 , [], [], [],
 []


Overfull \hbox (97.92465pt too wide) in paragraph at lines 116--117
[]\T1/phv/m/n/10 , [], [], [],
 []


Underfull \hbox (badness 909) in paragraph at lines 116--117
[]\T1/phv/m/n/10 , [], [], [],
 []


Overfull \hbox (47.89426pt too wide) in paragraph at lines 116--117
[]\T1/phv/m/n/10 , [], [], [],
 []

[416]) (./group__OSAPI__SharedMemoryMonitorClass.tex [417]
Underfull \hbox (badness 2213) in paragraph at lines 21--22
[]\T1/phv/m/n/10 NETIOPSLDll[]Export [] [] (struct OSAPI[]_[][]Shared[]Memory[]
Monitor
 []


Underfull \hbox (badness 4205) in paragraph at lines 25--26
[]\T1/phv/m/n/10 NETIOPSLDll[]Export [] [] (struct OSAPI[]_[][]Shared[]
 []


Underfull \hbox (badness 10000) detected at line 45
[][][]
 []

[418]
Underfull \hbox (badness 10000) detected at line 67
[][][]
 []


Underfull \hbox (badness 10000) detected at line 85
[][][]
 []

[419]
Underfull \hbox (badness 10000) detected at line 110
[][][]
 []


Underfull \hbox (badness 10000) detected at line 128
[][][]
 []


Underfull \hbox (badness 10000) detected at line 152
[][][]
 []

[420]
Underfull \hbox (badness 10000) detected at line 170
[][][]
 []


Underfull \hbox (badness 10000) detected at line 190
[][][]
 []

) (./group__OSAPI__SharedMemorySegmentClass.tex
Underfull \hbox (badness 841) in paragraph at lines 18--27
[] \T1/phv/m/n/10 , [] , [] ,
 []


Overfull \hbox (147.51947pt too wide) in paragraph at lines 31--34
[]\T1/phv/m/n/10 enum [] { [] , []
 []

[421]
Underfull \hbox (badness 5288) in paragraph at lines 40--41
[][] [] \T1/phv/m/n/10 (struct []
 []


Underfull \hbox (badness 1168) in paragraph at lines 42--43
[]\T1/phv/m/n/10 NETIOPSLDll[]Export [] [] ([]
 []


Underfull \hbox (badness 857) in paragraph at lines 44--45
[]\T1/phv/m/n/10 NETIOPSLDll[]Export [] [] ([]
 []


Overfull \hbox (52.01831pt too wide) in paragraph at lines 46--47
[]\T1/phv/m/n/10 NETIOPSLDll[]Export [] [] (struct []
 []


Overfull \hbox (51.52327pt too wide) in paragraph at lines 48--49
[]\T1/phv/m/n/10 NETIOPSLDll[]Export [] [] (struct []
 []


Overfull \hbox (51.52327pt too wide) in paragraph at lines 50--51
[]\T1/phv/m/n/10 NETIOPSLDll[]Export [] [] (struct []
 []


Overfull \hbox (54.02528pt too wide) in paragraph at lines 52--53
[]\T1/phv/m/n/10 NETIOPSLDll[]Export [] [] (struct []
 []


Overfull \hbox (42.82964pt too wide) in paragraph at lines 54--55
[]\T1/phv/m/n/10 NETIOPSLDll[]Export [] [] (struct []
 []


Overfull \hbox (52.83745pt too wide) in paragraph at lines 56--57
[]\T1/phv/m/n/10 NETIOPSLDll[]Export [] [] (struct []
 []


Overfull \hbox (92.66159pt too wide) in paragraph at lines 58--59
[]\T1/phv/m/n/10 NETIOPSLDll[]Export [] [] (struct []
 []


Underfull \hbox (badness 2970) in paragraph at lines 59--59
[]\T1/phv/m/sl/9 Mark a shared mem-ory seg-ment as con-sis-tent. This func-tion
 can only be called if a pre-vi-ous call to
 []

[422] [423]
Underfull \hbox (badness 10000) detected at line 143
[][][]
 []


Underfull \hbox (badness 10000) detected at line 163
[][][]
 []


Underfull \hbox (badness 10000) detected at line 181
[][][]
 []

[424]
Underfull \hbox (badness 10000) detected at line 199
[][][]
 []


Underfull \hbox (badness 10000) detected at line 225
[][][]
 []

[425]
Underfull \hbox (badness 10000) detected at line 247
[][][]
 []


Underfull \hbox (badness 10000) detected at line 271
[][][]
 []


Underfull \hbox (badness 10000) detected at line 289
[][][]
 []

[426]
Underfull \hbox (badness 10000) detected at line 309
[][][]
 []


Underfull \hbox (badness 10000) detected at line 327
[][][]
 []


Underfull \hbox (badness 1448) in paragraph at lines 330--332
\T1/phv/m/n/10 The be-hav-ior of this method is un-de-fined if the call-ing pro
-cess has not pre-vi-ously ac-quired the lock with
 []


Underfull \hbox (badness 2165) in paragraph at lines 338--339
[]\T1/phv/m/n/10 Mark a shared mem-ory seg-ment as con-sis-tent. This func-tion
 can only be called if a pre-vi-ous call to
 []

[427]
Underfull \hbox (badness 10000) detected at line 345
[][][]
 []


Underfull \hbox (badness 10000) detected at line 358
[][][]
 []

)) (./group__OSAPILogClass.tex [428] [429]
Underfull \hbox (badness 10000) detected at line 146
[][][]
 []

[430]
Underfull \hbox (badness 10000) detected at line 168
[][][]
 []


Underfull \hbox (badness 10000) detected at line 190
[][][]
 []


Underfull \hbox (badness 10000) detected at line 212
[][][]
 []

[431]
Underfull \hbox (badness 10000) detected at line 250
[][][]
 []

[432]
Underfull \hbox (badness 10000) detected at line 287
[][][]
 []


Underfull \hbox (badness 10000) detected at line 306
[][][]
 []

) (./group__DDSAPPGENModule.tex
Underfull \hbox (badness 1400) in paragraph at lines 10--11
[]\T1/phv/m/n/10 APPGENDll[]Export [] [] (RT[]_[][]Registry[]_[]T $\OMS/cmsy/m/
n/10 ^^C$\T1/phv/m/n/10 registry, struct APPGEN[]_[][]
 []

[433]
Underfull \hbox (badness 10000) detected at line 34
[][][]
 []


Underfull \hbox (badness 10000) detected at line 54
[][][]
 []


Underfull \hbox (badness 10000) detected at line 74
[][][]
 []

) (./group__DDSPSKModule.tex [434]
Overfull \hbox (52.61905pt too wide) in paragraph at lines 23--24
[]\T1/phv/m/n/10 DDSPSKDll[]Export [] [] (RT[]_[][]Registry[]_[]T $\OMS/cmsy/m/
n/10 ^^C$\T1/phv/m/n/10 registry, struct []
 []

[435]
Underfull \hbox (badness 10000) detected at line 73
[][][]
 []


Underfull \hbox (badness 10000) detected at line 93
[][][]
 []


Underfull \hbox (badness 10000) detected at line 96
[][][]
 []

[436]
Underfull \hbox (badness 10000) detected at line 116
[][][]
 []


Underfull \hbox (badness 10000) detected at line 119
[][][]
 []

) (./group__DDSUserManuals__ResourceModule.tex [437]
(./group__DDSUserManuals__ResourceModule__dpf.tex
(./group__DDSUserManuals__ResourceModule__max__components.tex
Underfull \hbox (badness 10000) detected at line 3
[][][]
 []


Underfull \hbox (badness 10000) detected at line 6
[][][]
 []

) (./group__DDSUserManuals__ResourceModule__max__participants.tex
Underfull \hbox (badness 10000) detected at line 3
[][][]
 []


Underfull \hbox (badness 10000) detected at line 6
[][][]
 []

)) (./group__DDSUserManuals__ResourceModule__dp.tex [438]
(./group__DDSUserManuals__ResourceModule__dp__local__topic__allocation.tex
Underfull \hbox (badness 963) in paragraph at lines 33--1
\T1/phv/m/n/10 sources spec-i-fied in the Domain[]Participant[]Qos are al-lo-ca
ted when the Domain[]Participant is cre-ated with the
 []


Underfull \hbox (badness 10000) detected at line 3
[][][]
 []


Underfull \hbox (badness 10000) detected at line 6
[][][]
 []


Overfull \hbox (27.24866pt too wide) in paragraph at lines 7--8
[]\TS1/phv/m/n/10 '\T1/phv/m/n/10 s that can be cre-ated within a sin-gle [] wi
th the []
 []

) (./group__DDSUserManuals__ResourceModule__dp__local__type__allocation.tex
Underfull \hbox (badness 10000) detected at line 3
[][][]
 []


Underfull \hbox (badness 10000) detected at line 6
[][][]
 []


Underfull \hbox (badness 986) in paragraph at lines 7--8
[] \T1/phv/m/n/10 plu-g-ins that can be reg-is-tered lo-cally within a sin-gle 
[] with the
 []

)
(./group__DDSUserManuals__ResourceModule__dp__local__publisher__allocation.tex
Underfull \hbox (badness 10000) detected at line 3
[][][]
 []

[439]
Underfull \hbox (badness 10000) detected at line 6
[][][]
 []


Underfull \hbox (badness 1838) in paragraph at lines 7--8
[][] \T1/phv/m/n/10 lim-its the max-i-mum num-ber of
 []


Overfull \hbox (35.76231pt too wide) in paragraph at lines 7--8
[] \T1/phv/m/n/10 en-ti-ties that can be cre-ated within a Domain[]Participant 
with the []
 []

)
(./group__DDSUserManuals__ResourceModule__dp__local__subscriber__allocation.tex

Underfull \hbox (badness 10000) detected at line 3
[][][]
 []


Underfull \hbox (badness 10000) detected at line 6
[][][]
 []


Overfull \hbox (46.886pt too wide) in paragraph at lines 7--8
[] \T1/phv/m/n/10 en-ti-ties that can be cre-ated within a Domain[]Participant 
with the []
 []

) (./group__DDSUserManuals__ResourceModule__dp__local__reader__allocation.tex
Underfull \hbox (badness 10000) detected at line 3
[][][]
 []


Underfull \hbox (badness 10000) detected at line 6
[][][]
 []


Underfull \hbox (badness 6493) in paragraph at lines 7--8
[][] \T1/phv/m/n/10 lim-its the max-i-mum num-ber of
 []

)
(./group__DDSUserManuals__ResourceModule__dp__local__local__writer__allocation.
tex
Underfull \hbox (badness 10000) detected at line 3
[][][]
 []


Underfull \hbox (badness 10000) detected at line 6
[][][]
 []


Underfull \hbox (badness 10000) in paragraph at lines 7--8
[][] \T1/phv/m/n/10 lim-its the max-i-mum num-ber of
 []

)
(./group__DDSUserManuals__ResourceModule__dp__local__matching__matching__writer
__reader__pair__allocation.tex
Underfull \hbox (badness 10000) detected at line 3
[][][]
 []


Underfull \hbox (badness 10000) detected at line 6
[][][]
 []

[440]
Underfull \hbox (badness 10000) detected at line 9
[][][]
 []


Underfull \hbox (badness 10000) detected at line 14
[][][]
 []


Underfull \hbox (badness 10000) detected at line 17
[][][]
 []


Underfull \hbox (badness 10000) detected at line 20
[][][]
 []


Underfull \hbox (badness 10000) detected at line 23
[][][]
 []


Underfull \hbox (badness 10000) detected at line 26
[][][]
 []

)
(./group__DDSUserManuals__ResourceModule__dp__remote__participant__allocation.t
ex
Underfull \hbox (badness 10000) detected at line 3
[][][]
 []


Underfull \hbox (badness 10000) detected at line 6
[][][]
 []


Underfull \hbox (badness 10000) detected at line 9
[][][]
 []

[441]
Underfull \hbox (badness 10000) detected at line 12
[][][]
 []

) (./group__DDSUserManuals__ResourceModule__dp__remote__writer__allocation.tex
Underfull \hbox (badness 10000) detected at line 3
[][][]
 []


Underfull \hbox (badness 10000) detected at line 6
[][][]
 []

) (./group__DDSUserManuals__ResourceModule__dp__remote__reader__allocation.tex
Underfull \hbox (badness 10000) detected at line 3
[][][]
 []


Underfull \hbox (badness 10000) detected at line 6
[][][]
 []

) (./group__DDSUserManuals__ResourceModule__dp__max__destination__ports.tex
Underfull \hbox (badness 10000) detected at line 3
[][][]
 []


Underfull \hbox (badness 10000) detected at line 6
[][][]
 []


Overfull \hbox (17.24042pt too wide) in paragraph at lines 7--9
\T1/phv/m/n/10 queried from the reg-is-tered trans-ports. The []
 []

[442]
Underfull \hbox (badness 10000) detected at line 14
[][][]
 []


Underfull \hbox (badness 10000) detected at line 17
[][][]
 []


Underfull \hbox (badness 10000) detected at line 22
[][][]
 []


Underfull \hbox (badness 10000) detected at line 25
[][][]
 []


Underfull \hbox (badness 10000) detected at line 30
[][][]
 []


Underfull \hbox (badness 10000) detected at line 33
[][][]
 []

) (./group__DDSUserManuals__ResourceModule__dp__max__receive__ports.tex
Underfull \hbox (badness 10000) detected at line 3
[][][]
 []


Underfull \hbox (badness 10000) detected at line 6
[][][]
 []

[443]
Underfull \hbox (badness 10000) detected at line 15
[][][]
 []


Underfull \hbox (badness 10000) detected at line 22
[][][]
 []


Underfull \hbox (badness 10000) detected at line 25
[][][]
 []


Underfull \hbox (badness 10000) detected at line 32
[][][]
 []


Underfull \hbox (badness 10000) detected at line 35
[][][]
 []


Underfull \hbox (badness 10000) detected at line 42
[][][]
 []


Underfull \hbox (badness 10000) detected at line 45
[][][]
 []

)) (./group__DDSUserManuals__ResourceModule__drqos.tex [444]
(./group__DDSUserManuals__ResourceModule__drqos__max__instances.tex
Underfull \hbox (badness 10000) detected at line 3
[][][]
 []


Underfull \hbox (badness 10000) detected at line 6
[][][]
 []


Underfull \hbox (badness 10000) detected at line 9
[][][]
 []


Underfull \hbox (badness 1383) in paragraph at lines 10--11
[]\T1/phv/m/n/10 The re-sources al-lo-cated by an in-stance is nor-mally only r
e-leased when an in-stance is dis-posed \T1/phv/m/sl/10 and
 []


Underfull \hbox (badness 10000) detected at line 12
[][][]
 []


Underfull \hbox (badness 820) in paragraph at lines 13--14
\T1/phv/m/n/10 only the last N in-stances and when it is not nec-es-sary to kee
p sam-ples in the [] his-
 []


Underfull \hbox (badness 936) in paragraph at lines 13--14
\T1/phv/m/n/10 the old-est in-stance is au-to-mat-i-cally re-moved and the newl
y dis-cov-ered in-stance is re-ceived. The dis-
 []


Underfull \hbox (badness 10000) detected at line 15
[][][]
 []

)
(./group__DDSUserManuals__ResourceModule__drqos__max__remote__writers__per__ins
tance.tex [445]
Underfull \hbox (badness 10000) detected at line 3
[][][]
 []


Underfull \hbox (badness 10000) detected at line 6
[][][]
 []


Underfull \hbox (badness 3417) in paragraph at lines 7--8
[][] \T1/phv/m/n/10 lim-its the max-i-mum num-ber
 []


Underfull \hbox (badness 1158) in paragraph at lines 7--8
\T1/phv/m/n/10 limit is lower than the ac-tual num-ber of re-mote datawrit-ers 
up-dat-ing an in-stance only state for up to
 []

) (./group__DDSUserManuals__ResourceModule__drqos__max__samples.tex
Underfull \hbox (badness 10000) detected at line 3
[][][]
 []


Underfull \hbox (badness 10000) detected at line 6
[][][]
 []


Underfull \hbox (badness 10000) detected at line 9
[][][]
 []


Underfull \hbox (badness 10000) detected at line 16
[][][]
 []

)
(./group__DDSUserManuals__ResourceModule__drqos__max__samples__per__instance.te
x
Underfull \hbox (badness 10000) detected at line 3
[][][]
 []


Underfull \hbox (badness 10000) detected at line 6
[][][]
 []

[446]
Underfull \hbox (badness 10000) detected at line 9
[][][]
 []

) (./group__DDSUserManuals__ResourceModule__drqos__max__remote__writers.tex
Underfull \hbox (badness 10000) detected at line 3
[][][]
 []


Underfull \hbox (badness 10000) detected at line 6
[][][]
 []


Underfull \hbox (badness 10000) detected at line 9
[][][]
 []

)
(./group__DDSUserManuals__ResourceModule__drqos__max__samples__per__remote__wri
ter.tex
Underfull \hbox (badness 10000) detected at line 3
[][][]
 []


Underfull \hbox (badness 10000) detected at line 6
[][][]
 []


Underfull \hbox (badness 1242) in paragraph at lines 7--8
\T1/phv/m/n/10 : The sam-ples cached from a [] is al-lo-cated from the same sam
-ple pool con-trolled by
 []

) (./group__DDSUserManuals__ResourceModule__drqos__max__routes__per__writer.tex

Underfull \hbox (badness 10000) detected at line 3
[][][]
 []


Underfull \hbox (badness 10000) detected at line 6
[][][]
 []

[447]
Underfull \hbox (badness 10000) detected at line 9
[][][]
 []


Underfull \hbox (badness 3428) in paragraph at lines 10--11
[]\T1/phv/m/n/10 This resource-limit is shared across all matched [] per []. Th
us, if
 []


Overfull \hbox (117.61629pt too wide) in paragraph at lines 10--11
[] \T1/phv/m/n/10 is 2 and []
 []

) (./group__DDSUserManuals__ResourceModule__drqos__max__outstanding__reads.tex
Underfull \hbox (badness 10000) detected at line 3
[][][]
 []


Underfull \hbox (badness 10000) detected at line 6
[][][]
 []


Underfull \hbox (badness 10000) detected at line 9
[][][]
 []

) (./group__DDSUserManuals__ResourceModule__drqos__max__fragmented__samples.tex

Underfull \hbox (badness 10000) detected at line 3
[][][]
 []


Underfull \hbox (badness 10000) detected at line 6
[][][]
 []


Underfull \hbox (badness 1231) in paragraph at lines 7--8
[][] \T1/phv/m/n/10 lim-its the max-i-mum num-ber of frag-
 []


Underfull \hbox (badness 10000) detected at line 9
[][][]
 []

)
(./group__DDSUserManuals__ResourceModule__drqos__max__fragmented__samples__per_
_remote__writer.tex [448]
Underfull \hbox (badness 10000) detected at line 3
[][][]
 []


Underfull \hbox (badness 10000) detected at line 6
[][][]
 []


Underfull \hbox (badness 10000) detected at line 9
[][][]
 []

)) (./group__DDSUserManuals__ResourceModule__dwqos.tex
(./group__DDSUserManuals__ResourceModule__dwqos__max__samples.tex
Underfull \hbox (badness 10000) detected at line 3
[][][]
 []


Underfull \hbox (badness 10000) detected at line 6
[][][]
 []


Underfull \hbox (badness 10000) detected at line 9
[][][]
 []


Overfull \hbox (29.00772pt too wide) in paragraph at lines 11--11
[]\T1/phv/m/n/10 If the Data[]Writer is us-ing [] and not us-ing [],
 []


Underfull \hbox (badness 2875) in paragraph at lines 11--11
\T1/phv/m/n/10 the sam-ple is re-turned to the pool for reuse only if the his-t
ory depth is ex-ceeded and the
 []

[449]
Underfull \hbox (badness 10000) detected at line 14
[][][]
 []


Underfull \hbox (badness 10000) detected at line 17
[][][]
 []


Underfull \hbox (badness 10000) detected at line 20
[][][]
 []


Overfull \hbox (50.71936pt too wide) in paragraph at lines 21--22
[] \T1/phv/m/n/10 and []. 
 []

)
(./group__DDSUserManuals__ResourceModule__dwqos__max__samples__per__instance.te
x
Underfull \hbox (badness 10000) detected at line 3
[][][]
 []


Underfull \hbox (badness 10000) detected at line 6
[][][]
 []


Underfull \hbox (badness 10000) detected at line 9
[][][]
 []


Overfull \hbox (61.79077pt too wide) in paragraph at lines 10--11
[][] \T1/phv/m/n/10 de-ter-mines how many sam-ples are kept in case of []
 []


Overfull \hbox (62.8002pt too wide) in paragraph at lines 10--11
\T1/phv/m/n/10 dura-bil-ity and made avail-able to late join-ing [], while []
 []

) (./group__DDSUserManuals__ResourceModule__dwqos__max__instances.tex
Underfull \hbox (badness 10000) detected at line 3
[][][]
 []


Underfull \hbox (badness 10000) detected at line 6
[][][]
 []

) (./group__DDSUserManuals__ResourceModule__dwqos__max__routes__per__reader.tex
[450]
Underfull \hbox (badness 10000) detected at line 3
[][][]
 []


Underfull \hbox (badness 10000) detected at line 6
[][][]
 []


Underfull \hbox (badness 10000) detected at line 9
[][][]
 []


Overfull \hbox (171.7881pt too wide) in paragraph at lines 10--11
[]\T1/phv/m/n/10 This resource-limit is shared across all matched Data[]Readers
 per []. Thus, if []
 []

) (./group__DDSUserManuals__ResourceModule__dwqos__max__remote__readers.tex
Underfull \hbox (badness 10000) detected at line 3
[][][]
 []


Underfull \hbox (badness 10000) detected at line 6
[][][]
 []

)) (./group__DDSUserManuals__ResourceModule__osapi.tex
(./group__DDSUserManuals__ResourceModule__osapi__buffer.tex
Underfull \hbox (badness 10000) detected at line 3
[][][]
 []

[451]
Underfull \hbox (badness 10000) detected at line 6
[][][]
 []

)) (./group__DDSUserManuals__ResourceModule__udp.tex
(./group__DDSUserManuals__ResourceModule__udp__max__message__size.tex
Underfull \hbox (badness 10000) detected at line 3
[][][]
 []


Underfull \hbox (badness 10000) detected at line 6
[][][]
 []


Underfull \hbox (badness 10000) detected at line 9
[][][]
 []


Underfull \hbox (badness 10000) detected at line 12
[][][]
 []


Overfull \hbox (67.94562pt too wide) in paragraph at lines 13--14
[]\T1/phv/m/n/10 The UDP trans-port al-lo-cates one buffer for each re-source i
n [].
 []

)) (./group__DDSUserManuals__ResourceModule__dpse.tex
(./group__DDSUserManuals__ResourceModule__dpse__max__participant__locators.tex
[452]
Underfull \hbox (badness 10000) detected at line 3
[][][]
 []


Underfull \hbox (badness 10000) detected at line 6
[][][]
 []


Underfull \hbox (badness 10000) detected at line 9
[][][]
 []


Underfull \hbox (badness 10000) detected at line 12
[][][]
 []


Overfull \hbox (62.66367pt too wide) in paragraph at lines 13--14
[]\T1/phv/m/n/10 The max-i-mum num-ber of ad-dresses to send to is de-fined by 
the peer list (ei-ther spec-i-fied in []
 []


Underfull \hbox (badness 10000) detected at line 15
[][][]
 []

)
(./group__DDSUserManuals__ResourceModule__dpse__max__locators__per__discovered_
_participant.tex
Underfull \hbox (badness 10000) detected at line 3
[][][]
 []


Underfull \hbox (badness 10000) detected at line 6
[][][]
 []


Underfull \hbox (badness 10000) detected at line 9
[][][]
 []

)) (./group__DDSUserManuals__ResourceModule__dpde.tex
(./group__DDSUserManuals__ResourceModule__dpde__max__participant__locators.tex
[453]
Underfull \hbox (badness 10000) detected at line 3
[][][]
 []


Underfull \hbox (badness 10000) detected at line 6
[][][]
 []


Underfull \hbox (badness 10000) detected at line 9
[][][]
 []


Underfull \hbox (badness 10000) detected at line 12
[][][]
 []


Overfull \hbox (62.66367pt too wide) in paragraph at lines 13--14
[]\T1/phv/m/n/10 The max-i-mum num-ber of ad-dresses to send to is de-fined by 
the peer list (ei-ther spec-i-fied in []
 []


Underfull \hbox (badness 10000) detected at line 15
[][][]
 []

)
(./group__DDSUserManuals__ResourceModule__dpde__max__locators__per__discovered_
_participant.tex
Underfull \hbox (badness 10000) detected at line 3
[][][]
 []


Underfull \hbox (badness 10000) detected at line 6
[][][]
 []


Underfull \hbox (badness 10000) detected at line 9
[][][]
 []

[454]
Underfull \hbox (badness 10000) detected at line 14
[][][]
 []


Underfull \hbox (badness 10000) detected at line 17
[][][]
 []


Underfull \hbox (badness 10000) detected at line 20
[][][]
 []

)
(./group__DDSUserManuals__ResourceModule__dpde__max__samples__per__builtin__end
point__reader.tex
Underfull \hbox (badness 10000) detected at line 3
[][][]
 []


Underfull \hbox (badness 10000) detected at line 6
[][][]
 []

))) (./group__LoggingModule.tex [455] (./group__OSAPILogCodesClass.tex [456]
[457] [458] [459] [460] [461] [462] [463] [464] [465] [466] [467] [468]
[469] [470] [471] [472] [473] [474]) (./group__REDALogCodesClass.tex [475]
[476] [477] [478] [479] [480]) (./group__DBLogCodesClass.tex [481] [482]
[483] [484] [485] [486]) (./group__RTLogCodesClass.tex [487] [488])
(./group__CDRLogCodesClass.tex [489]) (./group__NETIOLogCodesClass.tex [490]
[491] [492] [493] [494] [495] [496] [497] [498] [499] [500] [501] [502]
[503] [504] [505] [506] [507] [508] [509] [510] [511] [512] [513] [514]
[515]) (./group__RTPSLogCodesClass.tex [516] [517] [518] [519] [520] [521]
[522] [523] [524] [525]
Underfull \hbox (badness 1648) in paragraph at lines 471--473
[]\T1/phv/m/n/10 If Domain[]Participant, may have ex-ceeded Domain[]Participant
[]Qos.[]resource[]_[]limits.[]matching[]_[]reader[]_[]writer[]_[]pair[]_[]
 []

[526] [527] [528] [529] [530] [531] [532] [533]
Underfull \hbox (badness 1648) in paragraph at lines 1041--1043
[]\T1/phv/m/n/10 If Domain[]Participant, may have ex-ceeded Domain[]Participant
[]Qos.[]resource[]_[]limits.[]matching[]_[]reader[]_[]writer[]_[]pair[]_[]
 []

[534] [535] [536] [537] [538] [539] [540] [541] [542] [543] [544] [545]
[546]) (./group__DDSCLogCodesClass.tex [547] [548] [549] [550] [551] [552]
[553] [554] [555] [556] [557] [558] [559] [560] [561] [562] [563]
Overfull \hbox (15.23718pt too wide) in paragraph at lines 801--802
[]\T1/phv/m/n/10 #define []  ([]
 []

[564]
Overfull \hbox (88.25314pt too wide) in paragraph at lines 803--804
[]\T1/phv/m/n/10 #define []  ([]
 []


Overfull \hbox (77.67825pt too wide) in paragraph at lines 805--806
[]\T1/phv/m/n/10 #define []  ([]
 []

[565]
Underfull \hbox (badness 10000) in paragraph at lines 867--868
[]\T1/phv/m/n/10 #define [] ([] +
 []


Overfull \hbox (36.82811pt too wide) in paragraph at lines 869--870
[]\T1/phv/m/n/10 #define []  ([]
 []

[566]
Overfull \hbox (19.20648pt too wide) in paragraph at lines 897--898
[]\T1/phv/m/n/10 #define []  ([]
 []


Overfull \hbox (45.7111pt too wide) in paragraph at lines 905--906
[]\T1/phv/m/n/10 #define []  ([]
 []


Overfull \hbox (47.6192pt too wide) in paragraph at lines 907--908
[]\T1/phv/m/n/10 #define []  ([]
 []


Overfull \hbox (45.16222pt too wide) in paragraph at lines 909--910
[]\T1/phv/m/n/10 #define []  ([]
 []

[567] [568]
Underfull \hbox (badness 5288) in paragraph at lines 985--986
[]\T1/phv/m/n/10 #define []  ([] +
 []

[569]
Overfull \hbox (54.45pt too wide) in paragraph at lines 1017--1018
[]\T1/phv/m/n/10 #define []  ([]
 []


Overfull \hbox (56.90698pt too wide) in paragraph at lines 1019--1020
[]\T1/phv/m/n/10 #define []  ([]
 []


Overfull \hbox (55.81795pt too wide) in paragraph at lines 1023--1024
[]\T1/phv/m/n/10 #define []  ([]
 []


Underfull \hbox (badness 1454) in paragraph at lines 1027--1028
[]\T1/phv/m/n/10 #define []  ([] +
 []


Underfull \hbox (badness 836) in paragraph at lines 1029--1030
[]\T1/phv/m/n/10 #define []  ([] +
 []


Overfull \hbox (19.77348pt too wide) in paragraph at lines 1033--1034
[]\T1/phv/m/n/10 #define []  ([]
 []


Overfull \hbox (19.03542pt too wide) in paragraph at lines 1039--1040
[]\T1/phv/m/n/10 #define []  ([]
 []


Overfull \hbox (20.06111pt too wide) in paragraph at lines 1043--1044
[]\T1/phv/m/n/10 #define []  ([]
 []

[570]
Overfull \hbox (17.05516pt too wide) in paragraph at lines 1045--1046
[]\T1/phv/m/n/10 #define []  ([]
 []


Underfull \hbox (badness 4001) in paragraph at lines 1047--1048
[]\T1/phv/m/n/10 #define []  ([] +
 []


Overfull \hbox (25.88446pt too wide) in paragraph at lines 1049--1050
[]\T1/phv/m/n/10 #define []  ([]
 []


Underfull \hbox (badness 2237) in paragraph at lines 1053--1054
[]\T1/phv/m/n/10 #define []  ([] +
 []


Underfull \hbox (badness 4108) in paragraph at lines 1059--1060
[]\T1/phv/m/n/10 #define []  ([] +
 []

[571] [572] [573] [574] [575] [576] [577] [578] [579] [580] [581] [582]
[583] [584] [585] [586] [587] [588] [589] [590] [591] [592] [593] [594]
[595] [596] [597] [598] [599] [600] [601] [602] [603] [604] [605] [606]
[607] [608] [609] [610] [611] [612] [613] [614] [615] [616] [617] [618]
[619] [620] [621] [622] [623] [624] [625] [626] [627] [628] [629] [630]
[631] [632]
Underfull \hbox (badness 10000) in paragraph at lines 5206--5207
\T1/pcr/m/n/8 #define DDSC[]_[][]LOG[]_[][]IPC[]_[][]CHANNEL[]_[][]FAILED[]_[][
]PROCESS[]_[][]ENDPOINT[]_[][]INTERCEPTOR[]_[][]STATE[]_[][]FAILED[]_[][]EC  ([
] +
 []

[633] [634] [635] [636] [637] [638] [639] [640] [641] [642] [643] [644]
[645] [646] [647]
Underfull \hbox (badness 10000) in paragraph at lines 6262--6263
\T1/pcr/m/n/8 #define DDSC[]_[][]LOG[]_[][]TRUST[]_[][]CREATE[]_[][]LOCAL[]_[][
]DATAWRITER[]_[][]INTERCEPTOR[]_[][]TOKENS[]_[][]FAILED[]_[][]EC  ([] +
 []


Underfull \hbox (badness 10000) in paragraph at lines 6272--6273
\T1/pcr/m/n/8 #define DDSC[]_[][]LOG[]_[][]TRUST[]_[][]CREATE[]_[][]LOCAL[]_[][
]DATAREADER[]_[][]INTERCEPTOR[]_[][]TOKENS[]_[][]FAILED[]_[][]EC  ([] +
 []


Underfull \hbox (badness 10000) in paragraph at lines 6292--6293
\T1/pcr/m/n/8 #define DDSC[]_[][]LOG[]_[][]TRUST[]_[][]RETURN[]_[][]AUTHENTICAT
ED[]_[][]PEER[]_[][]CREDENTIAL[]_[][]TOKEN[]_[][]FAILED[]_[][]EC  ([] +
 []

[648] [649] [650] [651] [652] [653] [654] [655] [656] [657])
(./group__WHSQLogCodesClass.tex [658] [659] [660])
(./group__RHLogCodesClass.tex [661] [662] [663] [664] [665])
(./group__WHLogCodesClass.tex [666]) (./group__DPSELogCodesClass.tex [667]
[668] [669] [670] [671] [672] [673] [674] [675] [676] [677] [678] [679])
(./group__DPDELogCodesClass.tex [680] [681] [682] [683] [684] [685] [686]
[687] [688] [689] [690] [691]) (./group__APPGENLogCodesClass.tex [692] [693]
[694]) (./group__DDSFilterLogCodesClass.tex [695] [696] [697] [698] [699]
[700] [701] [702] [703] [704] [705])) (./structDDS__BuiltinTopicKey__t.tex
Overfull \hbox (41.32051pt too wide) in paragraph at lines 26--27
[]\T1/phv/m/n/10 For ex-am-ple, to con-fig-ure a re-mote [] with ob-ject ID 100
 by set-ting the key in the [][]
 []

[706]
Underfull \hbox (badness 10000) detected at line 33
[][][]
 []


Underfull \hbox (badness 10000) in paragraph at lines 47--48
\T1/pcr/m/n/8 DDS[]_[][]BUILTIN[]_[][]TOPIC[]_[][]KEY[]_[][]TYPE[]_[][]NATIVE D
DS[]_[][]Builtin[]Topic[]Key[]_[]t[]::value[]DDS[]_[][]BUILTIN[]_[][]TOPIC[]_[]
[]KEY[]_[][]TYPE[]_[][]NATIVE[]
 []

) (./structDDS__ChecksumProperty.tex [707])
(./structDDS__ChecksumProperty__t.tex [708]) (./structDDS__ConditionSeq.tex)
(./structDDS__ContentFilterProperty.tex [709]
Underfull \hbox (badness 10000) detected at line 30
[][][]
 []


Overfull \hbox (29.71pt too wide) in paragraph at lines 73--75
[]\T1/phv/m/n/10 Specifies which fil-ter class should be used to eval-u-ate the
 fil-ter ex-pres-sion. See []
 []

[710]
Underfull \hbox (badness 3199) in paragraph at lines 83--85
[]\T1/phv/m/n/10 Contains the fil-ter ex-pres-sion that de-ter-mines which sam-
ples are ac-cepted by the con-tent fil-ter. See
 []

) (./structDDS__ContentFilterQosPolicy.tex
Overfull \hbox (70.55916pt too wide) in paragraph at lines 93--1
[]\T1/phv/m/n/10 A se-quence of string pa-ram-e-ters that can be ref-er-enced i
n the fil-ter ex-pres-sion. See []
 []


Underfull \hbox (badness 10000) detected at line 28
[][][]
 []

[711]
Underfull \hbox (badness 10000) detected at line 31
[][][]
 []


Underfull \hbox (badness 10000) in paragraph at lines 32--34

 []


Underfull \hbox (badness 1009) in paragraph at lines 41--42
[]\T1/phv/m/n/10 Generally, RTI Con-next DDS Mi-cro does not sup-port chang-ing
 the QoS of DDS en-ti-ties af-ter they are en-
 []


Underfull \hbox (badness 1168) in paragraph at lines 41--42
\T1/phv/m/n/10 abled. [] is an ex-cep-tion to this rule, since it can be up-dat
ed at run-time us-ing
 []


Underfull \hbox (badness 10000) detected at line 63
[][][]
 []

[712]) (./structDDS__DataReaderInstanceReplacedStatus.tex [713] [714])
(./structDDS__DataReaderListener.tex [715]
Underfull \hbox (badness 10000) detected at line 42
[][][]
 []


Underfull \hbox (badness 10000) detected at line 45
[][][]
 []


Underfull \hbox (badness 10000) in paragraph at lines 46--54

 []


Underfull \hbox (badness 10000) detected at line 56
[][][]
 []


Underfull \hbox (badness 10000) in paragraph at lines 76--77
[] \T1/pcr/m/n/8 DDS[]_[][]Data[]Reader[]Listener[]::on[]_[]requested[]_[]
 []


Underfull \hbox (badness 10000) in paragraph at lines 86--87
[] \T1/pcr/m/n/8 DDS[]_[][]Data[]Reader[]Listener[]::on[]_[]requested[]_[]
 []

[716]
Underfull \hbox (badness 10000) in paragraph at lines 146--147
[] \T1/pcr/m/n/8 DDS[]_[][]Data[]Reader[]Listener[]::on[]_[]before[]_[]sample[]
_[]
 []

[717]) (./structDDS__DataReaderProtocolQosPolicy.tex [718]
Underfull \hbox (badness 10000) detected at line 26
[][][]
 []


Underfull \hbox (badness 10000) detected at line 29
[][][]
 []


Underfull \hbox (badness 10000) in paragraph at lines 30--32

 []


Underfull \hbox (badness 10000) in paragraph at lines 65--67

 []

) (./structDDS__DataReaderQos.tex [719] [720] [721]
Underfull \hbox (badness 10000) detected at line 207
[][][]
 []

[722]) (./structDDS__DataReaderResourceLimitsQosPolicy.tex [723]
Underfull \hbox (badness 10000) detected at line 40
[][][]
 []


Underfull \hbox (badness 10000) detected at line 43
[][][]
 []


Underfull \hbox (badness 10000) in paragraph at lines 44--46

 []

[724] [725]) (./structDDS__DataRepresentationQosPolicy.tex
Underfull \hbox (badness 10000) detected at line 17
[][][]
 []


Underfull \hbox (badness 10000) detected at line 20
[][][]
 []


Underfull \hbox (badness 10000) detected at line 23
[][][]
 []


Underfull \hbox (badness 10000) in paragraph at lines 24--26

 []


Underfull \hbox (badness 10000) detected at line 28
[][][]
 []

) (./structDDS__DataWriterListener.tex [726]
Underfull \hbox (badness 10000) detected at line 36
[][][]
 []


Underfull \hbox (badness 10000) detected at line 39
[][][]
 []


Underfull \hbox (badness 10000) in paragraph at lines 40--43

 []

[727]
Underfull \hbox (badness 10000) detected at line 45
[][][]
 []


Underfull \hbox (badness 10000) in paragraph at lines 65--66
[] \T1/pcr/m/n/8 DDS[]_[][]Data[]Writer[]Listener[]::on[]_[]offered[]_[]deadlin
e[]
 []


Overfull \hbox (21.75058pt too wide) in paragraph at lines 75--76
[] \T1/pcr/m/n/8 DDS[]_[][]Data[]Writer[]Listener[]::on[]_[]offered[]_[]incompa
tible[]
 []

[728]
Underfull \hbox (badness 10000) in paragraph at lines 105--106
[] \T1/pcr/m/n/8 DDS[]_[][]Data[]Writer[]Listener[]::on[]_[]reliable[]
 []


Underfull \hbox (badness 10000) in paragraph at lines 117--118
[] \T1/pcr/m/n/8 DDS[]_[][]Data[]Writer[]Listener[]::on[]_[]reliable[]_[]
 []


Underfull \hbox (badness 1521) in paragraph at lines 135--136
[]\T1/phv/m/n/10 Supported while us-ing [] "Zero Copy trans-fer over shared mem
-ory" or
 []

[729]
Underfull \hbox (badness 10000) detected at line 137
[][][]
 []

) (./structDDS__DataWriterProtocolQosPolicy.tex
Underfull \hbox (badness 10000) detected at line 28
[][][]
 []


Underfull \hbox (badness 10000) detected at line 31
[][][]
 []


Underfull \hbox (badness 10000) in paragraph at lines 32--34

 []

[730]
Underfull \hbox (badness 4886) in paragraph at lines 65--72
\T1/phv/m/n/10 max[]_[]send[]_[]window[]: min-i-mum(256, []::[]DDS[]_[][]Histor
y[]Qos[]Policy[]::depth $\OMS/cmsy/m/n/10 ^^C$ []\T1/phv/m/n/10 ::[]DDS[]_[][]R
esource[]Limits[]Qos[]Policy[]::max[]_[]
 []

) (./structDDS__DataWriterQos.tex [731]
Overfull \hbox (99.99104pt too wide) in paragraph at lines 58--59
[]\T1/phv/m/n/10 - [][]:[]::[]:[] $\OML/cmm/m/it/10 <$\T1/phv/m/n/10 = [][]:[]:
:[]:[] 
 []


Underfull \hbox (badness 1728) in paragraph at lines 60--61
[]\T1/phv/m/n/10 - [][]:[]::[]:[] $\OML/cmm/m/it/10 <$\T1/phv/m/n/10 = [][]:[]:
:[]
 []

[732]
Underfull \hbox (badness 10000) detected at line 64
[][][]
 []


Underfull \hbox (badness 10000) detected at line 67
[][][]
 []

[733] [734]) (./structDDS__DataWriterResourceLimitsQosPolicy.tex
Underfull \hbox (badness 10000) detected at line 32
[][][]
 []

[735]
Underfull \hbox (badness 10000) detected at line 35
[][][]
 []


Underfull \hbox (badness 10000) in paragraph at lines 36--38

 []


Overfull \hbox (207.3123pt too wide) in paragraph at lines 79--80
[]\T1/phv/m/n/10 The num-ber of sam-ples loaned by a [] via [] is lim-ited by [
].
 []


Overfull \hbox (36.36858pt too wide) in paragraph at lines 79--80
[] \T1/phv/m/n/10 re-turns NULL if and only if []
 []


Overfull \hbox (155.10335pt too wide) in paragraph at lines 79--80
[]\T1/phv/m/n/10 . If the de-fault value of DDS[]_[][]SIZE[]_[][]AUTO is used t
he []
 []


Underfull \hbox (badness 10000) detected at line 85
[][][]
 []

[736]
Underfull \hbox (badness 10000) detected at line 100
[][][]
 []


Underfull \hbox (badness 779) in paragraph at lines 118--118
[]\T1/pcr/m/n/10 1 \T1/phv/m/n/10 to (2$[]$31)-1[]: The [] will per-form writer
-side fil-ter-ing for up to the spec-i-fied num-ber of
 []


Overfull \hbox (172.91344pt too wide) in paragraph at lines 118--118
[]\T1/phv/m/n/10 DDS[]_[][]LENGTH[]_[][]UNLIMITED[]: The [] will per-form write
r-side fil-ter-ing for up to []
 []


Underfull \hbox (badness 787) in paragraph at lines 121--122
\T1/phv/m/n/10 even if one of the pre-vi-ously fil-tered [] en-ti-ties goes awa
y. How-ever, any sub-se-quently cre-
 []

[737]
Underfull \hbox (badness 10000) detected at line 129
[][][]
 []

) (./structDDS__DataWriterShmemRefTransferModeSettings.tex
Underfull \hbox (badness 10000) detected at line 22
[][][]
 []


Underfull \hbox (badness 10000) in paragraph at lines 23--25

 []


Underfull \hbox (badness 10000) detected at line 27
[][][]
 []


Underfull \hbox (badness 10000) in paragraph at lines 28--29

 []

[738]) (./structDDS__DataWriterTransferModeQosPolicy.tex
Underfull \hbox (badness 10000) detected at line 24
[][][]
 []


Underfull \hbox (badness 10000) detected at line 27
[][][]
 []


Underfull \hbox (badness 10000) in paragraph at lines 28--30

 []


Underfull \hbox (badness 10000) in paragraph at lines 39--40
\T1/pcr/m/n/8 struct [] DDS[]_[][]Data[]Writer[]Transfer[]Mode[]Qos[]Policy[]::
shmem[]_[]ref[]
 []

) (./structDDS__DeadlineQosPolicy.tex [739]
Underfull \hbox (badness 849) in paragraph at lines 22--23
[][] \T1/phv/m/n/10 ex-pects a new sam-ple up-dat-ing the value of each in-stan
ce at least once ev-ery \T1/pcr/m/n/10 period\T1/phv/m/n/10 .
 []


Underfull \hbox (badness 10000) detected at line 24
[][][]
 []


Underfull \hbox (badness 10000) detected at line 27
[][][]
 []


Overfull \hbox (164.92387pt too wide) in paragraph at lines 28--29
[][]\T1/phv/m/n/10 , [], [],
 []


Underfull \hbox (badness 10000) detected at line 30
[][][]
 []


Underfull \hbox (badness 10000) in paragraph at lines 31--33

 []

[740]) (./structDDS__DestinationOrderQosPolicy.tex [741]
Overfull \hbox (51.54362pt too wide) in paragraph at lines 47--48
[]\T1/phv/m/n/10 When a [] sets [] to [],
 []

) (./structDDS__DiscoveryComponent.tex) (./structDDS__DiscoveryQosPolicy.tex
[742]
Underfull \hbox (badness 10000) detected at line 32
[][][]
 []


Underfull \hbox (badness 10000) detected at line 35
[][][]
 []


Underfull \hbox (badness 10000) in paragraph at lines 36--38

 []

[743]
Overfull \hbox (27.39662pt too wide) in paragraph at lines 78--79
[]\T1/phv/m/n/10 When an empty se-quence is passed to [] in the [],
 []

[744]
Underfull \hbox (badness 10000) detected at line 94
[][][]
 []

) (./structDDS__DomainParticipantFactoryQos.tex [745]
Underfull \hbox (badness 10000) detected at line 24
[][][]
 []


Underfull \hbox (badness 10000) detected at line 27
[][][]
 []

) (./structDDS__DomainParticipantListener.tex [746]
Underfull \hbox (badness 10000) detected at line 26
[][][]
 []


Underfull \hbox (badness 10000) detected at line 29
[][][]
 []


Underfull \hbox (badness 883) in paragraph at lines 32--33
\T1/phv/m/n/10 This is the in-ter-face that can be im-ple-mented by an applicat
ion-provided class and then reg-is-tered with the
 []

[747]
Underfull \hbox (badness 10000) detected at line 40
[][][]
 []

) (./structDDS__DomainParticipantQos.tex [748]
Overfull \hbox (45.7937pt too wide) in paragraph at lines 44--45
[]\T1/phv/m/n/10 If any of the above are not true, [] and []
 []


Underfull \hbox (badness 10000) detected at line 46
[][][]
 []


Underfull \hbox (badness 10000) detected at line 49
[][][]
 []

[749] [750]) (./structDDS__DomainParticipantResourceLimitsQosPolicy.tex
[751] [752]
Underfull \hbox (badness 841) in paragraph at lines 74--74
[]\T1/phv/m/sl/9 The max-i-mum num-ber of 8-bit char-ac-ters re-served for PART
ITION.[]name strings to al-lo-cate for the PAR-TI-TION
 []


Underfull \hbox (badness 10000) detected at line 82
[][][]
 []


Underfull \hbox (badness 10000) detected at line 85
[][][]
 []


Underfull \hbox (badness 10000) in paragraph at lines 86--88

 []

[753] [754] [755]
Underfull \hbox (badness 10000) in paragraph at lines 241--242
[] \T1/pcr/m/n/8 DDS[]_[][]Domain[]Participant[]Resource[]Limits[]Qos[]Policy[]
::shmem[]_[]ref[]_[]transfer[]_[]mode[]_[]max[]_[]
 []


Overfull \hbox (16.10239pt too wide) in paragraph at lines 267--268
[]\T1/phv/m/n/10 Maximum num-ber of unique user data se-quences al-lowed across
 Domain[]Participants (the lo-cal []
 []

[756] [757] [758] [759]) (./structDDS__DurabilityQosPolicy.tex)
(./structDDS__Duration__t.tex [760]) (./structDDS__EntityFactoryQosPolicy.tex
[761]
Underfull \hbox (badness 10000) detected at line 22
[][][]
 []


Underfull \hbox (badness 10000) detected at line 25
[][][]
 []


Underfull \hbox (badness 10000) in paragraph at lines 26--28

 []

) (./structDDS__EntityNameQosPolicy.tex [762]
Underfull \hbox (badness 10000) detected at line 22
[][][]
 []


Underfull \hbox (badness 10000) detected at line 25
[][][]
 []


Underfull \hbox (badness 10000) in paragraph at lines 26--28

 []

) (./structDDS__FilterQosPolicy.tex [763]
Underfull \hbox (badness 10000) detected at line 28
[][][]
 []


Underfull \hbox (badness 10000) detected at line 31
[][][]
 []


Underfull \hbox (badness 10000) in paragraph at lines 32--34

 []

[764]
Underfull \hbox (badness 10000) detected at line 45
[][][]
 []

[765]) (./structDDS__FilterResourceLimits.tex [766] [767])
(./structDDS__FlowControllerProperty__t.tex [768]
Underfull \hbox (badness 10000) detected at line 28
[][][]
 []


Underfull \hbox (badness 10000) detected at line 31
[][][]
 []


Underfull \hbox (badness 10000) in paragraph at lines 32--33

 []


Overfull \hbox (33.3653pt too wide) in paragraph at lines 35--36
[] \T1/phv/m/n/10 = [] for [], [] for [].
 []


Underfull \hbox (badness 10000) in paragraph at lines 35--36

 []

) (./structDDS__FlowControllerTokenBucketProperty__t.tex [769]
Underfull \hbox (badness 10000) detected at line 36
[][][]
 []


Underfull \hbox (badness 10000) detected at line 39
[][][]
 []


Underfull \hbox (badness 10000) in paragraph at lines 40--41

 []


Overfull \hbox (55.14528pt too wide) in paragraph at lines 43--44
[] \T1/phv/m/n/10 = []. How-ever, the spe-cial value of [] as []
 []


Underfull \hbox (badness 10000) in paragraph at lines 43--44

 []

[770]
Overfull \hbox (70.50583pt too wide) in paragraph at lines 75--76
[]\T1/phv/m/n/10 Available to-kens are dis-tributed to as-so-ci-ated [] in-stan
ces based on the []. 
 []


Overfull \hbox (87.26385pt too wide) in paragraph at lines 77--78
[]\T1/phv/m/n/10 Use DDS[]_[][]LENGTH[]_[][]UNLIMITED to add the max-i-mum num-
ber of to-kens al-lowed by []. 
 []


Underfull \hbox (badness 900) in paragraph at lines 109--110
[]\T1/phv/m/n/10 The spe-cial value [] can be used to cre-ate an \T1/phv/m/sl/1
0 on-demand []\T1/phv/m/n/10 , for
 []


Underfull \hbox (badness 1867) in paragraph at lines 109--110
\T1/phv/m/n/10 which to-kens are no longer re-plen-ished pe-ri-od-i-cally. In-s
tead, to-kens must be added ex-plic-itly by call-ing
 []


Overfull \hbox (52.67714pt too wide) in paragraph at lines 109--110
[]\T1/phv/m/n/10 . This ex-ter-nal trig-ger adds []
 []

[771]
Overfull \hbox (122.36565pt too wide) in paragraph at lines 125--126
[]\T1/phv/m/n/10 Tokens are al-ways con-sumed in whole by each []. That is, in 
cases where []
 []

) (./structDDS__GroupDataQosPolicy.tex [772]
Underfull \hbox (badness 10000) detected at line 22
[][][]
 []


Underfull \hbox (badness 10000) detected at line 25
[][][]
 []


Underfull \hbox (badness 10000) in paragraph at lines 26--28

 []

) (./structDDS__GUID__t.tex [773]) (./structDDS__HistoryQosPolicy.tex [774]
Underfull \hbox (badness 10000) detected at line 32
[][][]
 []


Underfull \hbox (badness 10000) detected at line 35
[][][]
 []


Underfull \hbox (badness 10000) in paragraph at lines 36--38

 []


Underfull \hbox (badness 10000) detected at line 40
[][][]
 []


Underfull \hbox (badness 10000) detected at line 51
[][][]
 []

[775]) (./structDDS__InconsistentTopicStatus.tex
Underfull \hbox (badness 10000) detected at line 17
[][][]
 []


Underfull \hbox (badness 10000) detected at line 20
[][][]
 []

) (./structDDS__InstanceHandleSeq.tex
Underfull \hbox (badness 10000) detected at line 17
[][][]
 []

[776]
Underfull \hbox (badness 10000) detected at line 20
[][][]
 []

) (./structDDS__LatencyBudgetQosPolicy.tex
Underfull \hbox (badness 10000) detected at line 24
[][][]
 []


Underfull \hbox (badness 10000) detected at line 27
[][][]
 []


Underfull \hbox (badness 10000) detected at line 30
[][][]
 []


Underfull \hbox (badness 10000) in paragraph at lines 31--33

 []


Underfull \hbox (badness 10000) detected at line 35
[][][]
 []

[777]) (./structDDS__Listener.tex
Underfull \hbox (badness 10000) detected at line 22
[][][]
 []


Underfull \hbox (badness 10000) detected at line 25
[][][]
 []


Underfull \hbox (badness 10000) detected at line 28
[][][]
 []

[778]
Underfull \hbox (badness 2856) in paragraph at lines 52--52
\T1/phv/m/n/10 This be-hav-ior al-lows the ap-pli-ca-tion to set a de-fault be-
hav-ior (e.[]g., in the lis-tener as-so-ci-ated with the
 []

[779]
Underfull \hbox (badness 1603) in paragraph at lines 79--80
[]\T1/phv/m/n/10 Within a [] or [] lis-tener call-back, in-vok-ing any op-er-a-
tion on any other
 []


Underfull \hbox (badness 10000) detected at line 85
[][][]
 []

[780]) (./structDDS__LivelinessChangedStatus.tex [781])
(./structDDS__LivelinessLostStatus.tex
Underfull \hbox (badness 10000) detected at line 24
[][][]
 []


Underfull \hbox (badness 10000) detected at line 27
[][][]
 []

[782]) (./structDDS__LivelinessQosPolicy.tex [783]
Underfull \hbox (badness 10000) detected at line 36
[][][]
 []


Underfull \hbox (badness 10000) detected at line 39
[][][]
 []


Underfull \hbox (badness 10000) detected at line 44
[][][]
 []


Underfull \hbox (badness 10000) in paragraph at lines 45--47

 []


Overfull \hbox (33.77074pt too wide) in paragraph at lines 56--57
[]\T1/phv/m/n/10 The man-ual set-tings ([], [])
 []


Underfull \hbox (badness 812) in paragraph at lines 63--63
[]\T1/phv/m/n/10 The set-ting [] re-quires that at least one in-stance within t
he
 []

[784]) (./structDDS__Locator__t.tex [785]) (./structDDS__LocatorSeq.tex
Underfull \hbox (badness 10000) detected at line 17
[][][]
 []

) (./structDDS__OfferedDeadlineMissedStatus.tex [786]
Underfull \hbox (badness 10000) detected at line 26
[][][]
 []


Underfull \hbox (badness 10000) detected at line 29
[][][]
 []

) (./structDDS__OfferedIncompatibleQosStatus.tex [787]
Underfull \hbox (badness 870) in paragraph at lines 16--16
[]\T1/phv/m/sl/9 Total cu-mu-la-tive num-ber of times the con-cerned [] dis-cov
-ered a [] for the same
 []


Underfull \hbox (badness 1286) in paragraph at lines 22--22
[]\T1/phv/m/sl/9 A list con-tain-ing for each pol-icy the to-tal num-ber of tim
es that the con-cerned [] dis-cov-ered a
 []


Underfull \hbox (badness 10000) detected at line 28
[][][]
 []


Underfull \hbox (badness 10000) detected at line 31
[][][]
 []

[788]
Underfull \hbox (badness 768) in paragraph at lines 75--76
[]\T1/phv/m/n/10 A list con-tain-ing for each pol-icy the to-tal num-ber of tim
es that the con-cerned [] dis-cov-ered a
 []

) (./structDDS__OwnershipQosPolicy.tex
Underfull \hbox (badness 10000) detected at line 22
[][][]
 []


Underfull \hbox (badness 10000) detected at line 25
[][][]
 []

[789]
Underfull \hbox (badness 10000) detected at line 28
[][][]
 []


Underfull \hbox (badness 10000) in paragraph at lines 29--31

 []


Underfull \hbox (badness 10000) detected at line 33
[][][]
 []

[790]
Underfull \hbox (badness 1067) in paragraph at lines 63--64
\T1/phv/m/n/10 Both cases above use the [] and ar-bi-trate them-selves by means
 of the
 []

[791]
Underfull \hbox (badness 2538) in paragraph at lines 72--72
[][]\T1/phv/m/n/10 application fault[] The ap-pli-ca-tion logic that was writ-i
ng the data is faulty and has stopped call-ing
 []


Underfull \hbox (badness 2197) in paragraph at lines 74--74
\T1/phv/m/n/10 This de-ter-mi-na-tion is rea-son-ably sim-ple when the data is 
be-ing writ-ten pe-ri-od-i-cally at some rate. The
 []

[792]) (./structDDS__OwnershipStrengthQosPolicy.tex [793]
Underfull \hbox (badness 10000) detected at line 24
[][][]
 []


Underfull \hbox (badness 10000) detected at line 27
[][][]
 []


Underfull \hbox (badness 10000) in paragraph at lines 28--30

 []


Underfull \hbox (badness 10000) detected at line 34
[][][]
 []

) (./structDDS__ParticipantBuiltinTopicData.tex [794] [795] [796])
(./structDDS__PartitionQosPolicy.tex [797]
Underfull \hbox (badness 914) in paragraph at lines 32--33
[]\T1/phv/m/n/10 The PAR-TI-TION se-quence must be set be-fore en-abling the en
-tity. The user must cre-ate a Pub-lisher QoS
 []

[798]
Underfull \hbox (badness 918) in paragraph at lines 68--69
[]\T1/phv/m/n/10 When max[]_[]partition[]_[]string[]_[]allocation is DDS[]_[][]
LENGTH[]_[][]UNLIMITED max[]_[]partition[]_[]string[]_[]size should be set to
 []

[799]) (./structDDS__PresentationQosPolicy.tex
Overfull \hbox (24.18336pt too wide) in paragraph at lines 26--27
[]\T1/phv/b/n/10 NOTE[]: This QoS pol-icy can only be set when us-ing the stati
c dis-cov-ery API on the []. 
 []


Underfull \hbox (badness 995) in paragraph at lines 28--29
[]\T1/phv/m/n/10 However, a [] al-ways an-nounces [] via dis-cov-ery, en-abling
 a
 []

[800]
Underfull \hbox (badness 10000) detected at line 36
[][][]
 []


Underfull \hbox (badness 10000) detected at line 39
[][][]
 []

[801]
Underfull \hbox (badness 5802) in paragraph at lines 72--73
[]\T1/phv/m/n/10 the in-equal-ity \T1/phv/m/sl/10 of-fered \T1/pcr/m/sl/10 acce
ss[]_[]scope $\OML/cmm/m/it/10 >$\T1/phv/m/sl/10 = re-quested \T1/pcr/m/sl/10 a
ccess[]_[]scope \T1/phv/m/n/10 eval-u-ates to \TS1/phv/m/n/10 '\T1/phv/m/n/10 T
RUE\TS1/phv/m/n/10 '\T1/phv/m/n/10 . For
 []


Underfull \hbox (badness 3333) in paragraph at lines 72--73
\T1/phv/m/n/10 the pur-poses of this in-equal-ity, the val-ues of \T1/pcr/m/n/1
0 access[]_[]scope \T1/phv/m/n/10 are con-sid-ered or-dered such that
 []


Overfull \hbox (48.64854pt too wide) in paragraph at lines 72--73
[] $\OML/cmm/m/it/10 <$ [] $<$ []\T1/phv/m/n/10 .
 []


Underfull \hbox (badness 10000) in paragraph at lines 72--73

 []


Underfull \hbox (badness 10000) in paragraph at lines 72--73

 []


Underfull \hbox (badness 10000) in paragraph at lines 73--74

 []


Underfull \hbox (badness 10000) in paragraph at lines 74--75

 []

[802]
Overfull \hbox (27.76534pt too wide) in paragraph at lines 89--91
[]\T1/phv/b/n/10 NOTE[]: This QoS set-ting can only be set when us-ing the stat
ic dis-cov-ery API on the [].
 []


Overfull \hbox (35.26355pt too wide) in paragraph at lines 101--102
[]\T1/phv/m/n/10 To use this fea-ture, the Data[]Writer must be con-fig-ured fo
r RE-LI-ABLE com-mu-ni-ca-tion (see []). 
 []


Overfull \hbox (27.76534pt too wide) in paragraph at lines 103--104
[]\T1/phv/b/n/10 NOTE[]: This QoS set-ting can only be set when us-ing the stat
ic dis-cov-ery API on the []. 
 []


Overfull \hbox (27.76534pt too wide) in paragraph at lines 117--118
[]\T1/phv/b/n/10 NOTE[]: This QoS set-ting can only be set when us-ing the stat
ic dis-cov-ery API on the []. 
 []

) (./structDDS__ProductVersion.tex [803] [804])
(./structDDS__ProductVersion__t.tex [805]) (./structDDS__Property__t.tex
[806]) (./structDDS__PropertyQosPolicy.tex
Underfull \hbox (badness 10000) detected at line 22
[][][]
 []


Underfull \hbox (badness 10000) detected at line 25
[][][]
 []


Underfull \hbox (badness 10000) in paragraph at lines 26--28

 []

[807]) (./structDDS__PropertySeq.tex
Underfull \hbox (badness 10000) detected at line 17
[][][]
 []

) (./structDDS__ProtocolVersion.tex [808])
(./structDDS__PskServiceFactoryProperty.tex [809])
(./structDDS__PublicationBuiltinTopicData.tex [810] [811]
Underfull \hbox (badness 10000) detected at line 97
[][][]
 []


Underfull \hbox (badness 10000) detected at line 114
[][][]
 []

[812] [813]) (./structDDS__PublicationMatchedStatus.tex [814] [815])
(./structDDS__PublisherListener.tex
Underfull \hbox (badness 10000) detected at line 22
[][][]
 []


Underfull \hbox (badness 10000) detected at line 25
[][][]
 []


Underfull \hbox (badness 10000) in paragraph at lines 26--30

 []


Underfull \hbox (badness 10000) detected at line 32
[][][]
 []

[816]) (./structDDS__PublisherQos.tex
Overfull \hbox (77.9386pt too wide) in paragraph at lines 28--29
[]\T1/phv/m/n/10 If the call to [] at-tempts to change the PAR-TI-TION QoS then
 it will re-turn [] 
 []

[817]) (./structDDS__PublishModeQosPolicy.tex
Underfull \hbox (badness 10000) detected at line 28
[][][]
 []

[818]
Underfull \hbox (badness 10000) detected at line 33
[][][]
 []


Underfull \hbox (badness 10000) detected at line 36
[][][]
 []


Underfull \hbox (badness 10000) in paragraph at lines 37--39

 []

[819]
Underfull \hbox (badness 10000) detected at line 81
[][][]
 []

) (./structDDS__ReliabilityQosPolicy.tex [820]
Underfull \hbox (badness 10000) detected at line 24
[][][]
 []


Underfull \hbox (badness 10000) detected at line 27
[][][]
 []


Underfull \hbox (badness 10000) detected at line 30
[][][]
 []


Underfull \hbox (badness 10000) in paragraph at lines 31--33

 []


Underfull \hbox (badness 10000) detected at line 44
[][][]
 []

[821]
Overfull \hbox (75.98665pt too wide) in paragraph at lines 75--76
[]\T1/phv/m/n/10 For a [][]: This set-ting ap-plies only to the case where [] =
 [].
 []


Underfull \hbox (badness 10000) in paragraph at lines 77--79

 []


Underfull \hbox (badness 10000) in paragraph at lines 77--79

 []


Underfull \hbox (badness 10000) in paragraph at lines 83--85

 []


Underfull \hbox (badness 10000) in paragraph at lines 83--85

 []


Underfull \hbox (badness 10000) in paragraph at lines 89--90

 []


Underfull \hbox (badness 10000) detected at line 92
[][][]
 []

) (./structDDS__ReliableReaderActivityChangedStatus.tex [822]
Underfull \hbox (badness 10000) detected at line 30
[][][]
 []


Underfull \hbox (badness 10000) detected at line 33
[][][]
 []


Overfull \hbox (37.03423pt too wide) in paragraph at lines 61--63
[]\T1/phv/m/n/10 A reader is con-sid-ered to be in-ac-tive af-ter is has been s
ent heart-beats []
 []

[823]) (./structDDS__ReliableSampleUnacknowledgedStatus.tex
Underfull \hbox (badness 10000) detected at line 26
[][][]
 []

[824]
Underfull \hbox (badness 10000) detected at line 29
[][][]
 []

) (./structDDS__RequestedDeadlineMissedStatus.tex [825])
(./structDDS__RequestedIncompatibleQosStatus.tex
Underfull \hbox (badness 787) in paragraph at lines 22--22
[] \T1/phv/m/sl/9 for the same [] with an of-fered QoS that is in-com-pat-i-ble
 with that re-quested by the
 []

[826]
Underfull \hbox (badness 10000) detected at line 28
[][][]
 []

) (./structDDS__ResourceLimitsQosPolicy.tex [827]
Underfull \hbox (badness 10000) detected at line 26
[][][]
 []


Underfull \hbox (badness 10000) detected at line 29
[][][]
 []


Underfull \hbox (badness 10000) detected at line 32
[][][]
 []


Underfull \hbox (badness 10000) in paragraph at lines 33--35

 []

[828]
Underfull \hbox (badness 10000) detected at line 42
[][][]
 []


Underfull \hbox (badness 10000) detected at line 57
[][][]
 []

[829]) (./structDDS__RtpsReliableReaderProtocol__t.tex
Underfull \hbox (badness 10000) detected at line 24
[][][]
 []


Underfull \hbox (badness 10000) in paragraph at lines 25--27

 []


Underfull \hbox (badness 10000) detected at line 29
[][][]
 []


Underfull \hbox (badness 10000) in paragraph at lines 30--31

 []

[830]
Underfull \hbox (badness 10000) in paragraph at lines 48--49

 []

) (./structDDS__RtpsReliableWriterProtocol__t.tex
Underfull \hbox (badness 10000) detected at line 30
[][][]
 []


Underfull \hbox (badness 10000) in paragraph at lines 31--33

 []


Underfull \hbox (badness 10000) detected at line 35
[][][]
 []


Underfull \hbox (badness 10000) in paragraph at lines 36--37

 []

[831]) (./structDDS__RtpsWellKnownPorts__t.tex [832] [833]
Overfull \hbox (195.16919pt too wide) in paragraph at lines 46--46
[]\T1/pcr/m/n/8 metatraffic_unicast_port = port_base + (domain_id_gain * domain
_id) + (participant_id_gain * participant_id) + builtin_unicast_port_offset  
 []


Overfull \hbox (17.56908pt too wide) in paragraph at lines 49--49
[]\T1/pcr/m/n/8 metatraffic_multicast_port = port_base + (domain_id_gain * doma
in_id) + builtin_multicast_port_offset  
 []


Overfull \hbox (180.76918pt too wide) in paragraph at lines 54--54
[]\T1/pcr/m/n/8 usertraffic_unicast_port = port_base + (domain_id_gain * domain
_id) + (participant_id_gain * participant_id) + user_unicast_port_offset  
 []


Underfull \hbox (badness 10000) detected at line 66
[][][]
 []


Underfull \hbox (badness 10000) in paragraph at lines 67--68

 []

[834]
Underfull \vbox (badness 10000) detected at line 118
 []

[835] [836]) (./structDDS__SampleIdentity__t.tex [837])
(./structDDS__SampleInfo.tex [838]
Underfull \hbox (badness 10000) detected at line 60
[][][]
 []

[839]
Underfull \hbox (badness 10000) detected at line 78
[][][]
 []


Underfull \hbox (badness 10000) detected at line 93
[][][]
 []


Underfull \hbox (badness 10000) detected at line 108
[][][]
 []

[840]) (./structDDS__SampleInfoSeq.tex [841]
Underfull \hbox (badness 10000) detected at line 17
[][][]
 []

) (./structDDS__SampleLostStatus.tex [842])
(./structDDS__SampleRejectedStatus.tex [843]
Underfull \hbox (badness 10000) detected at line 61
[][][]
 []

) (./structDDS__SecTransform__Configuration.tex [844])
(./structDDS__SequenceNumber__t.tex [845]) (./structDDS__SubscriberListener.tex

Underfull \hbox (badness 10000) detected at line 24
[][][]
 []


Underfull \hbox (badness 10000) detected at line 27
[][][]
 []


Underfull \hbox (badness 10000) in paragraph at lines 28--36

 []

[846]
Underfull \hbox (badness 10000) detected at line 38
[][][]
 []

) (./structDDS__SubscriberQos.tex [847]
Overfull \hbox (69.4699pt too wide) in paragraph at lines 28--29
[]\T1/phv/m/n/10 If the call to [] at-tempts to change the par-ti-tion QoS then
 it will re-turn [] 
 []

) (./structDDS__SubscriptionBuiltinTopicData.tex [848] [849]
Underfull \hbox (badness 10000) detected at line 62
[][][]
 []


Underfull \hbox (badness 10000) detected at line 102
[][][]
 []

[850]
Underfull \hbox (badness 10000) detected at line 119
[][][]
 []

[851] [852]
Underfull \hbox (badness 10000) detected at line 284
[][][]
 []

) (./structDDS__SubscriptionMatchedStatus.tex [853])
(./structDDS__SystemResourceLimitsQosPolicy.tex [854]
Underfull \hbox (badness 10000) detected at line 26
[][][]
 []


Underfull \hbox (badness 10000) detected at line 29
[][][]
 []


Underfull \hbox (badness 10000) in paragraph at lines 30--32

 []

[855]) (./structDDS__Time__t.tex [856]) (./structDDS__TopicDataQosPolicy.tex
Underfull \hbox (badness 10000) detected at line 22
[][][]
 []


Underfull \hbox (badness 10000) detected at line 25
[][][]
 []


Underfull \hbox (badness 10000) in paragraph at lines 26--28

 []

[857]) (./structDDS__TopicListener.tex
Underfull \hbox (badness 10000) detected at line 24
[][][]
 []


Underfull \hbox (badness 10000) detected at line 27
[][][]
 []


Underfull \hbox (badness 10000) detected at line 32
[][][]
 []

[858]) (./structDDS__TopicQos.tex [859]) (./structDDS__TransportQosPolicy.tex
Underfull \hbox (badness 10000) detected at line 22
[][][]
 []


Underfull \hbox (badness 10000) detected at line 25
[][][]
 []


Underfull \hbox (badness 10000) in paragraph at lines 26--28

 []


Underfull \hbox (badness 10000) detected at line 45
[][][]
 []

) (./structDDS__TypePluginI.tex [860]) (./structDDS__UserDataQosPolicy.tex
Underfull \hbox (badness 10000) detected at line 22
[][][]
 []


Underfull \hbox (badness 10000) detected at line 25
[][][]
 []


Underfull \hbox (badness 10000) in paragraph at lines 26--28

 []

[861]) (./structDDS__UserTrafficQosPolicy.tex [862]
Underfull \hbox (badness 10000) detected at line 22
[][][]
 []


Underfull \hbox (badness 10000) detected at line 25
[][][]
 []


Underfull \hbox (badness 10000) in paragraph at lines 26--28

 []


Underfull \hbox (badness 10000) detected at line 45
[][][]
 []

) (./structDDS__VendorId.tex) (./structDDS__VendorId__t.tex [863])
(./structDDS__WireProtocolQosPolicy.tex [864]
Underfull \hbox (badness 10000) detected at line 40
[][][]
 []


Underfull \hbox (badness 10000) detected at line 43
[][][]
 []


Underfull \hbox (badness 10000) in paragraph at lines 44--46

 []

[865]
Underfull \hbox (badness 10000) detected at line 82
[][][]
 []


Overfull \hbox (124.04889pt too wide) in paragraph at lines 95--96
[]\T1/phv/m/n/10 Either all of [], [], and []
 []

[866]
Overfull \hbox (124.04889pt too wide) in paragraph at lines 109--110
[]\T1/phv/m/n/10 Either all of [], [], and []
 []


Overfull \hbox (124.04889pt too wide) in paragraph at lines 123--124
[]\T1/phv/m/n/10 Either all of [], [], and []
 []

[867]
Overfull \hbox (20.08032pt too wide) in paragraph at lines 173--174
[]\T1/phv/m/n/10 Require that dis-cov-ered par-tic-i-pants send one of the chec
k-sums en-abled in []. 
 []

[868]) (./structDDS__WriteParams__t.tex [869])
(./structDPDE__DiscoveryPluginProperty.tex [870] [871] [872]
Overfull \hbox (212.45894pt too wide) in paragraph at lines 178--178
[]\T1/phv/b/n/10 DDS[]_[][]MAX[]_[][]UNLIMITED\T1/phv/m/n/10 . This al-lows eac
h re-mote builtin end-point Data[]Writer to use up to []
 []


Overfull \hbox (27.64888pt too wide) in paragraph at lines 180--180
[][]\T1/phv/m/n/10 1, 256[]. When a pos-i-tive value is spec-i-fied []
 []

[873]) (./structDPSE__DiscoveryPluginProperty.tex [874] [875] [876])
(./structFooDataReader.tex
Underfull \hbox (badness 10000) detected at line 21
[][][]
 []

) (./structFooDataWriter.tex
Underfull \hbox (badness 10000) detected at line 21
[][][]
 []

) (./structFooSeq.tex [877] [878]) (./structFooTypeSupport.tex [879]
Underfull \hbox (badness 10000) detected at line 21
[][][]
 []

) (./structNDDS__Discovery__Property.tex)
(./structNDDS__Type__PluginVersion.tex [880]) (./structNETIO__Address.tex
[881]) (./structNETIO__AddressSeq.tex) (./structNETIO__AddressUInt32.tex
[882]) (./unionNETIO__AddressValue.tex) (./structNETIO__DGRAM__InterfaceI.tex
[883] [884]
Underfull \hbox (badness 10000) detected at line 58
[][][]
 []


Underfull \hbox (badness 10000) detected at line 78
[][][]
 []


Underfull \hbox (badness 10000) detected at line 100
[][][]
 []

[885]
Underfull \hbox (badness 10000) detected at line 122
[][][]
 []


Underfull \hbox (badness 10000) detected at line 152
[][][]
 []


Underfull \hbox (badness 10000) detected at line 178
[][][]
 []

[886]
Underfull \hbox (badness 10000) detected at line 202
[][][]
 []


Underfull \hbox (badness 10000) detected at line 224
[][][]
 []

) (./structNETIO__DGRAM__InterfaceMultiCastGroup.tex [887])
(./structNETIO__DGRAM__InterfaceRouteEntry.tex [888])
(./structNETIO__DGRAM__InterfaceTableEntry.tex [889]
Underfull \hbox (badness 1609) in paragraph at lines 47--49
[]\T1/phv/m/n/10 Note that the locator[]_[]kind must be less than [] and greate
r than
 []

[890]) (./structNETIO__DGRAM__InterfaceTableEntrySeq.tex)
(./structNETIO__Interface.tex) (./structNETIO__InterfaceI.tex)
(./structNETIO__Netmask.tex [891]) (./structNETIO__NetmaskSeq.tex)
(./structNETIO__Packet.tex [892]) (./structNETIO__SharedMemorySegmentHeader.tex
) (./structNETIO__SHMEMInterfaceFactoryProperty.tex [893])
(./structOSAPI__LogProperty.tex [894])
(./structOSAPI__SharedMemorySegmentHandle.tex [895])
(./structOSAPI__SharedMemorySegmentHeader.tex [896])
(./structOSAPI__SystemI.tex [897]) (./structOSAPI__SystemProperty.tex [898]
Overfull \hbox (60.2753pt too wide) in paragraph at lines 63--64
[]\T1/phv/m/n/10 If a block-ing op-er-a-tion is un-able to ac-quire a block-ing
 re-source, the op-er-a-tion will re-turn with []. 
 []

[899]
Underfull \hbox (badness 1460) in paragraph at lines 84--84
[]\T1/phv/m/n/10 One timer is al-lo-cated per [] for each [] trans-port en-able
d on a
 []

) (./structOSAPI__SystemTime.tex [900]) (./structOSAPI__ThreadProperty.tex
[901]) (./structOSAPI__TimerProperty.tex) (./structPSK__ErrListener.tex
[902]) (./unionRTPS__Checksum.tex [903]) (./structRTPS__ChecksumClass.tex)
(./structRTPS__ChecksumProperty.tex [904])
(./structRTPS__InterfaceFactoryProperty.tex)
(./structUDP__InterfaceFactoryProperty.tex [905] [906] [907] [908] [909])
(./structUDP__InterfaceTableEntry.tex [910])
(./structUDP__InterfaceTableEntrySeq.tex) (./structUDP__NatEntry.tex [911])
(./structUDP__NatEntrySeq.tex) (./structUDP__Transform.tex [912])
(./structUDP__TransformProperty.tex) (./structUDP__TransformRule.tex [913])
(./structUDP__TransformRuleSeq.tex) (./classUDPInterfaceFactory.tex)
(./classUDPInterfaceTable.tex)
(./structZCOPY__NotifInterfaceFactoryProperty.tex [914] [915])
(./structZCOPY__NotifMechanismProperty.tex [916])
(./structZCOPY__NotifUserInterfaceI.tex [917]
Underfull \hbox (badness 10000) detected at line 64
[][][]
 []

[918]
Underfull \hbox (badness 10000) detected at line 109
[][][]
 []


Underfull \hbox (badness 10000) detected at line 133
[][][]
 []

[919] [920]
Underfull \hbox (badness 10000) detected at line 178
[][][]
 []


Underfull \hbox (badness 10000) detected at line 204
[][][]
 []


Underfull \hbox (badness 10000) detected at line 230
[][][]
 []

[921]
Underfull \hbox (badness 10000) detected at line 258
[][][]
 []


Underfull \hbox (badness 10000) detected at line 286
[][][]
 []

[922]
Underfull \hbox (badness 10000) detected at line 312
[][][]
 []


Underfull \hbox (badness 10000) detected at line 336
[][][]
 []

) (./app__gen__dll_8h.tex
Underfull \hbox (badness 10000) in paragraph at lines 8--9

 []

) (./app__gen__log_8h.tex
Underfull \hbox (badness 10000) in paragraph at lines 3--4

 []

[923]) (./cdr__log_8h.tex
Underfull \hbox (badness 10000) in paragraph at lines 3--4

 []

[924]) (./db__dll_8h.tex
Underfull \hbox (badness 10000) in paragraph at lines 8--9

 []

) (./db__log_8h.tex
Underfull \hbox (badness 10000) in paragraph at lines 8--9

 []

[925]) (./dds__c__common_8h.tex [926]
Underfull \hbox (badness 10000) in paragraph at lines 8--11

 []

[927]) (./dds__c__common__impl_8h.tex
Underfull \hbox (badness 10000) in paragraph at lines 8--32

 []

) (./dds__c__config_8h.tex [928]
Underfull \hbox (badness 10000) in paragraph at lines 8--10

 []

) (./dds__c__content__filter_8h.tex
Underfull \hbox (badness 10000) in paragraph at lines 8--9

 []

) (./dds__c__discovery_8h.tex [929]
Underfull \hbox (badness 10000) in paragraph at lines 8--16

 []


Overfull \hbox (46.42065pt too wide) in paragraph at lines 28--29
[]\T1/phv/m/n/10 DDSCDll[]Export [] [] (struct []
 []


Overfull \hbox (28.97002pt too wide) in paragraph at lines 34--35
[]\T1/phv/m/n/10 DDSCDll[]Export [] [] (const struct []
 []


Overfull \hbox (49.06683pt too wide) in paragraph at lines 36--37
[]\T1/phv/m/n/10 DDSCDll[]Export [] [] (struct []
 []


Overfull \hbox (31.6162pt too wide) in paragraph at lines 42--43
[]\T1/phv/m/n/10 DDSCDll[]Export [] [] (const struct []
 []

[930]
Overfull \hbox (60.69446pt too wide) in paragraph at lines 44--45
[]\T1/phv/m/n/10 DDSCDll[]Export [] [] (struct []
 []


Overfull \hbox (43.24382pt too wide) in paragraph at lines 50--51
[]\T1/phv/m/n/10 DDSCDll[]Export [] [] (const struct []
 []

) (./dds__c__discovery__plugin_8h.tex
Underfull \hbox (badness 10000) in paragraph at lines 8--11

 []

) (./dds__c__dll_8h.tex
Underfull \hbox (badness 10000) in paragraph at lines 8--9

 []

) (./dds__c__domain_8h.tex [931]
Underfull \hbox (badness 10000) in paragraph at lines 8--22

 []

[932]
Underfull \hbox (badness 2495) in paragraph at lines 62--63
[]\T1/phv/m/n/10 DDSCDll[]Export [] [] (struct []
 []


Underfull \hbox (badness 841) in paragraph at lines 80--81
[]\T1/phv/m/n/10 DDSCDll[]Export [] $\OMS/cmsy/m/n/10 ^^C$ [] \T1/phv/m/n/10 ([
] $\OMS/cmsy/m/n/10 ^^C$\T1/phv/m/n/10 self,
 []

[933]
Underfull \hbox (badness 4713) in paragraph at lines 90--91
[]\T1/phv/m/n/10 DDSCDll[]Export [] [] ([] $\OMS/cmsy/m/n/10 ^^C$\T1/phv/m/n/10
 self,
 []


Overfull \hbox (15.2506pt too wide) in paragraph at lines 94--95
[]\T1/phv/m/n/10 DDSCDll[]Export [] $\OMS/cmsy/m/n/10 ^^C$ [] \T1/phv/m/n/10 ([
]
 []


Overfull \hbox (20.40756pt too wide) in paragraph at lines 102--103
[]\T1/phv/m/n/10 DDSCDll[]Export [] $\OMS/cmsy/m/n/10 ^^C$ [] \T1/phv/m/n/10 ([
]
 []

[934]
Overfull \hbox (16.39738pt too wide) in paragraph at lines 114--115
[]\T1/phv/m/n/10 DDSCDll[]Export [] [] ([]
 []


Overfull \hbox (34.41493pt too wide) in paragraph at lines 116--117
[]\T1/phv/m/n/10 DDSCDll[]Export [] [] ([]
 []


Overfull \hbox (24.2pt too wide) in paragraph at lines 124--125
[]\T1/phv/m/n/10 DDSCDll[]Export struct [] [] ([]
 []


Underfull \hbox (badness 2781) in paragraph at lines 126--127
[]\T1/phv/m/n/10 DDSCDll[]Export [] [] ([] $\OMS/cmsy/m/n/10 ^^C$\T1/phv/m/n/10
 self,
 []


Overfull \hbox (74.14906pt too wide) in paragraph at lines 134--135
[]\T1/phv/m/n/10 DDSCDll[]Export [] [] ([]
 []


Overfull \hbox (74.653pt too wide) in paragraph at lines 136--137
[]\T1/phv/m/n/10 DDSCDll[]Export [] [] ([]
 []


Overfull \hbox (60.06947pt too wide) in paragraph at lines 138--139
[]\T1/phv/m/n/10 DDSCDll[]Export [] $\OMS/cmsy/m/n/10 ^^C$ [] \T1/phv/m/n/10 ([
]
 []


Overfull \hbox (54.0051pt too wide) in paragraph at lines 138--139
\OMS/cmsy/m/n/10 ^^C$\T1/phv/m/n/10 self, [] domain[]Id, const struct [] $\OMS/
cmsy/m/n/10 ^^C$\T1/phv/m/n/10 qos, const struct []
 []


Overfull \hbox (35.39575pt too wide) in paragraph at lines 140--141
[]\T1/phv/m/n/10 DDSCDll[]Export [] [] ([]
 []


Overfull \hbox (61.57251pt too wide) in paragraph at lines 142--143
[]\T1/phv/m/n/10 DDSCDll[]Export [] $\OMS/cmsy/m/n/10 ^^C$ [] \T1/phv/m/n/10 ([
]
 []

[935]
Underfull \hbox (badness 10000) in paragraph at lines 144--145
[]\T1/phv/m/n/10 DDSCDll[]Export [] $\OMS/cmsy/m/n/10 ^^C$ []
 []

) (./dds__c__flowcontroller_8h.tex
Underfull \hbox (badness 10000) in paragraph at lines 8--11

 []

[936]
Overfull \hbox (162.66585pt too wide) in paragraph at lines 26--30
[]\T1/phv/m/n/10 enum [] { [] , []
 []


Underfull \hbox (badness 3601) in paragraph at lines 40--41
[]\T1/phv/m/n/10 DDSCDll[]Export [] [] ([] $\OMS/cmsy/m/n/10 ^^C$\T1/phv/m/n/10
 self, struct
 []


Overfull \hbox (44.86371pt too wide) in paragraph at lines 44--45
[]\T1/phv/m/n/10 DDSCDll[]Export [] [] ([]
 []


Overfull \hbox (44.35977pt too wide) in paragraph at lines 46--47
[]\T1/phv/m/n/10 DDSCDll[]Export [] [] ([]
 []


Underfull \hbox (badness 1675) in paragraph at lines 50--51
[]\T1/phv/m/n/10 DDSCDll[]Export [] [] ([]
 []

[937]) (./dds__c__infrastructure_8h.tex
Underfull \hbox (badness 10000) in paragraph at lines 8--21

 []

[938] [939] [940] [941] [942]
Overfull \hbox (56.79536pt too wide) in paragraph at lines 243--262
[] \T1/phv/m/n/10 , [] , [] , []
 []


Overfull \hbox (65.6764pt too wide) in paragraph at lines 243--262
[] \T1/phv/m/n/10 , [] , []
 []


Overfull \hbox (18.0939pt too wide) in paragraph at lines 243--262
[] \T1/phv/m/n/10 , [] , []
 []


Overfull \hbox (130.00706pt too wide) in paragraph at lines 263--284
[] \T1/phv/m/n/10 , [] , []
 []


Overfull \hbox (57.72023pt too wide) in paragraph at lines 263--284
[] \T1/phv/m/n/10 , [] , []
 []


Overfull \hbox (147.25998pt too wide) in paragraph at lines 263--284
[] \T1/phv/m/n/10 , [] , []
 []

[943]
Overfull \hbox (63.34404pt too wide) in paragraph at lines 285--318
[] \T1/phv/m/n/10 , \T1/phv/b/n/10 DDS[]_[][]LATENCYBUDGET[]_[][]QOS[]_[][]POLI
CY[]_[][]ID \T1/phv/m/n/10 = 5 , []
 []


Underfull \hbox (badness 10000) in paragraph at lines 285--318
\T1/phv/b/n/10 DDS[]_[][]DESTINATIONORDER[]_[][]QOS[]_[][]POLICY[]_[][]ID \T1/p
hv/m/n/10 = 12 , [] , \T1/phv/b/n/10 DDS[]_[][]
 []


Overfull \hbox (22.15068pt too wide) in paragraph at lines 330--333
[]\T1/phv/m/n/10 enum [] { [] , []
 []


Overfull \hbox (90.33345pt too wide) in paragraph at lines 334--338
[]\T1/phv/m/n/10 enum [] { [] , []
 []


Overfull \hbox (33.463pt too wide) in paragraph at lines 339--342
[]\T1/phv/m/n/10 enum [] { [] , []
 []


Overfull \hbox (51.184pt too wide) in paragraph at lines 347--352
[]\T1/phv/m/n/10 enum [] { [] , []
 []


Overfull \hbox (92.97064pt too wide) in paragraph at lines 353--358
[]\T1/phv/m/n/10 enum [] { [] , []
 []

[944]
Overfull \hbox (121.16719pt too wide) in paragraph at lines 370--374
[]\T1/phv/m/n/10 enum [] { [] , []
 []


Overfull \hbox (55.41426pt too wide) in paragraph at lines 375--390
[] \T1/phv/m/n/10 , []
 []


Underfull \hbox (badness 5105) in paragraph at lines 402--404
[]\T1/phv/m/n/10 DDSCDll[]Export [] [] (const struct [] $\OMS/cmsy/m/n/10 ^^C$\
T1/phv/m/n/10 self, const struct
 []


Underfull \hbox (badness 4531) in paragraph at lines 406--407
[]\T1/phv/m/n/10 DDSCDll[]Export [] [] (const [] $\OMS/cmsy/m/n/10 ^^C$\T1/phv/
m/n/10 self, const
 []


Underfull \hbox (badness 5105) in paragraph at lines 422--423
[]\T1/phv/m/n/10 DDSCDll[]Export [] [] ([] $\OMS/cmsy/m/n/10 ^^C$\T1/phv/m/n/10
 self,
 []

[945]
Underfull \hbox (badness 4752) in paragraph at lines 434--435
[]\T1/phv/m/n/10 DDSCDll[]Export [] [] ([] $\OMS/cmsy/m/n/10 ^^C$\T1/phv/m/n/10
 self, struct []
 []


Underfull \hbox (badness 3158) in paragraph at lines 436--437
[]\T1/phv/m/n/10 DDSCDll[]Export [] [] ([] $\OMS/cmsy/m/n/10 ^^C$\T1/phv/m/n/10
 self, []
 []


Underfull \hbox (badness 2302) in paragraph at lines 440--441
[]\T1/phv/m/n/10 DDSCDll[]Export [] [] ([] $\OMS/cmsy/m/n/10 ^^C$\T1/phv/m/n/10
 self, []
 []

[946]
Overfull \hbox (59.28242pt too wide) in paragraph at lines 489--490
[]\T1/phv/m/n/10 DDSCDll[]Variable struct [] [] 
 []


Underfull \hbox (badness 10000) detected at line 4
[][][]
 []

[947]) (./dds__c__log_8h.tex
Underfull \hbox (badness 10000) in paragraph at lines 8--10

 []

[948] [949] [950] [951] [952] [953] [954] [955] [956] [957] [958] [959]
[960] [961] [962] [963] [964]
Overfull \hbox (15.23718pt too wide) in paragraph at lines 803--804
[]\T1/phv/m/n/10 #define []  ([]
 []

[965]
Overfull \hbox (88.25314pt too wide) in paragraph at lines 805--806
[]\T1/phv/m/n/10 #define []  ([]
 []


Overfull \hbox (77.67825pt too wide) in paragraph at lines 807--808
[]\T1/phv/m/n/10 #define []  ([]
 []

[966]
Underfull \hbox (badness 10000) in paragraph at lines 869--870
[]\T1/phv/m/n/10 #define [] ([] +
 []


Overfull \hbox (36.82811pt too wide) in paragraph at lines 871--872
[]\T1/phv/m/n/10 #define []  ([]
 []

[967]
Overfull \hbox (19.20648pt too wide) in paragraph at lines 899--900
[]\T1/phv/m/n/10 #define []  ([]
 []


Overfull \hbox (45.7111pt too wide) in paragraph at lines 907--908
[]\T1/phv/m/n/10 #define []  ([]
 []


Overfull \hbox (47.6192pt too wide) in paragraph at lines 909--910
[]\T1/phv/m/n/10 #define []  ([]
 []


Overfull \hbox (45.16222pt too wide) in paragraph at lines 911--912
[]\T1/phv/m/n/10 #define []  ([]
 []

[968] [969]
Underfull \hbox (badness 5288) in paragraph at lines 987--988
[]\T1/phv/m/n/10 #define []  ([] +
 []

[970]
Overfull \hbox (54.45pt too wide) in paragraph at lines 1019--1020
[]\T1/phv/m/n/10 #define []  ([]
 []


Overfull \hbox (56.90698pt too wide) in paragraph at lines 1021--1022
[]\T1/phv/m/n/10 #define []  ([]
 []


Overfull \hbox (55.81795pt too wide) in paragraph at lines 1025--1026
[]\T1/phv/m/n/10 #define []  ([]
 []


Underfull \hbox (badness 1454) in paragraph at lines 1029--1030
[]\T1/phv/m/n/10 #define []  ([] +
 []


Underfull \hbox (badness 836) in paragraph at lines 1031--1032
[]\T1/phv/m/n/10 #define []  ([] +
 []


Overfull \hbox (19.77348pt too wide) in paragraph at lines 1035--1036
[]\T1/phv/m/n/10 #define []  ([]
 []


Overfull \hbox (19.03542pt too wide) in paragraph at lines 1041--1042
[]\T1/phv/m/n/10 #define []  ([]
 []


Overfull \hbox (20.06111pt too wide) in paragraph at lines 1045--1046
[]\T1/phv/m/n/10 #define []  ([]
 []

[971]
Overfull \hbox (17.05516pt too wide) in paragraph at lines 1047--1048
[]\T1/phv/m/n/10 #define []  ([]
 []


Underfull \hbox (badness 4001) in paragraph at lines 1049--1050
[]\T1/phv/m/n/10 #define []  ([] +
 []


Overfull \hbox (25.88446pt too wide) in paragraph at lines 1051--1052
[]\T1/phv/m/n/10 #define []  ([]
 []


Underfull \hbox (badness 2237) in paragraph at lines 1055--1056
[]\T1/phv/m/n/10 #define []  ([] +
 []


Underfull \hbox (badness 4108) in paragraph at lines 1061--1062
[]\T1/phv/m/n/10 #define []  ([] +
 []

[972] [973]) (./dds__c__partition__qos_8h.tex
Underfull \hbox (badness 10000) in paragraph at lines 8--10

 []

[974]) (./dds__c__profile_8h.tex
Underfull \hbox (badness 10000) in paragraph at lines 8--12

 []


Underfull \hbox (badness 6893) in paragraph at lines 15--16
[]\T1/phv/m/n/10 DDSCDll[]Export [] $\OMS/cmsy/m/n/10 ^^C$ []
 []

) (./dds__c__property__qos_8h.tex
Overfull \hbox (19.9611pt too wide) in paragraph at lines 20--21
[]\T1/phv/m/n/10 DDSCDll[]Export [] [] (struct []
 []

[975]
Underfull \hbox (badness 6032) in paragraph at lines 24--25
[]\T1/phv/m/n/10 DDSCDll[]Export struct [] $\OMS/cmsy/m/n/10 ^^C$ [] \T1/phv/m/
n/10 (const struct
 []


Overfull \hbox (24.74022pt too wide) in paragraph at lines 26--27
[]\T1/phv/m/n/10 DDSCDll[]Export [] [] (struct []
 []

) (./dds__c__publication_8h.tex
Underfull \hbox (badness 10000) in paragraph at lines 8--17

 []

[976] [977]
Underfull \hbox (badness 764) in paragraph at lines 72--73
[]\T1/phv/m/n/10 typedef void($\OMS/cmsy/m/n/10 ^^C$ []\T1/phv/m/n/10 ) (void $
\OMS/cmsy/m/n/10 ^^C$\T1/phv/m/n/10 listener[]_[]data, []
 []


Underfull \hbox (badness 10000) in paragraph at lines 74--75
[]\T1/phv/m/n/10 typedef void($\OMS/cmsy/m/n/10 ^^C$ []\T1/phv/m/n/10 ) (void $
\OMS/cmsy/m/n/10 ^^C$\T1/phv/m/n/10 listener[]_[]data,
 []


Underfull \hbox (badness 10000) in paragraph at lines 76--77
[]\T1/phv/m/n/10 typedef void($\OMS/cmsy/m/n/10 ^^C$ []\T1/phv/m/n/10 ) (void $
\OMS/cmsy/m/n/10 ^^C$\T1/phv/m/n/10 listener[]_[]data,
 []


Underfull \hbox (badness 3291) in paragraph at lines 78--79
[]\T1/phv/m/n/10 typedef void($\OMS/cmsy/m/n/10 ^^C$ []\T1/phv/m/n/10 ) (void $
\OMS/cmsy/m/n/10 ^^C$\T1/phv/m/n/10 listener[]_[]data, []
 []

[978]
Overfull \hbox (43.97095pt too wide) in paragraph at lines 117--118
[]\T1/phv/m/n/10 DDSCDll[]Export [] [] ([] $\OMS/cmsy/m/n/10 ^^C$\T1/phv/m/n/10
 self, const struct []
 []


Underfull \hbox (badness 4467) in paragraph at lines 125--126
[]\T1/phv/m/n/10 DDSCDll[]Export [] [] ([] $\OMS/cmsy/m/n/10 ^^C$\T1/phv/m/n/10
 self,
 []

[979]
Overfull \hbox (21.98598pt too wide) in paragraph at lines 141--142
[]\T1/phv/m/n/10 DDSCDll[]Export [] [] ([]
 []


Overfull \hbox (31.37968pt too wide) in paragraph at lines 143--144
[]\T1/phv/m/n/10 DDSCDll[]Export [] [] ([] $\OMS/cmsy/m/n/10 ^^C$\T1/phv/m/n/10
 self, const struct []
 []


Underfull \hbox (badness 5832) in paragraph at lines 147--148
[]\T1/phv/m/n/10 DDSCDll[]Export [] [] ([] $\OMS/cmsy/m/n/10 ^^C$\T1/phv/m/n/10
 self, const struct
 []

) (./dds__c__rh__plugin_8h.tex
Underfull \hbox (badness 10000) in paragraph at lines 8--12

 []

[980]) (./dds__c__sequence_8h.tex
Underfull \hbox (badness 10000) in paragraph at lines 8--12

 []

[981]
Underfull \hbox (badness 3312) in paragraph at lines 49--50
[][] [] \T1/phv/m/n/10 (struct [] $\OMS/cmsy/m/n/10 ^^C$\T1/phv/m/n/10 self, vo
id $\OMS/cmsy/m/n/10 ^^C$\T1/phv/m/n/10 buffer, [] new[]_[]length,
 []


Underfull \hbox (badness 1454) in paragraph at lines 67--68
[][] [] \T1/phv/m/n/10 (struct [] $\OMS/cmsy/m/n/10 ^^C$\T1/phv/m/n/10 self, []
 length, [] max,
 []

[982]
Underfull \hbox (badness 2213) in paragraph at lines 71--72
[][] [] \T1/phv/m/n/10 (struct [] $\OMS/cmsy/m/n/10 ^^C$\T1/phv/m/n/10 self, co
nst Foo array[]$ $[], [] length,
 []


Underfull \hbox (badness 4531) in paragraph at lines 75--76
[][] [] \T1/phv/m/n/10 (struct [] $\OMS/cmsy/m/n/10 ^^C$\T1/phv/m/n/10 self, co
nst Foo array[]$ $[], [] length,
 []

) (./dds__c__string_8h.tex
Underfull \hbox (badness 10000) in paragraph at lines 8--11

 []

) (./dds__c__string__manager_8h.tex [983]
Underfull \hbox (badness 10000) in paragraph at lines 8--11

 []

) (./dds__c__subscription_8h.tex
Underfull \hbox (badness 10000) in paragraph at lines 8--18

 []

[984] [985]
Overfull \hbox (21.64748pt too wide) in paragraph at lines 85--86
[]\T1/phv/m/n/10 typedef void($\OMS/cmsy/m/n/10 ^^C$ []\T1/phv/m/n/10 ) (void $
\OMS/cmsy/m/n/10 ^^C$\T1/phv/m/n/10 listener[]_[]data, []
 []


Overfull \hbox (24.97728pt too wide) in paragraph at lines 89--90
[]\T1/phv/m/n/10 typedef void($\OMS/cmsy/m/n/10 ^^C$ []\T1/phv/m/n/10 ) (void $
\OMS/cmsy/m/n/10 ^^C$\T1/phv/m/n/10 listener[]_[]data, []
 []


Underfull \hbox (badness 1019) in paragraph at lines 91--92
[]\T1/phv/m/n/10 typedef void($\OMS/cmsy/m/n/10 ^^C$ []\T1/phv/m/n/10 ) (void $
\OMS/cmsy/m/n/10 ^^C$\T1/phv/m/n/10 listener[]_[]data, []
 []


Underfull \hbox (badness 4686) in paragraph at lines 93--94
[]\T1/phv/m/n/10 typedef void($\OMS/cmsy/m/n/10 ^^C$ []\T1/phv/m/n/10 ) (void $
\OMS/cmsy/m/n/10 ^^C$\T1/phv/m/n/10 listener[]_[]data, []
 []


Underfull \hbox (badness 1939) in paragraph at lines 101--102
[]\T1/phv/m/n/10 typedef []($\OMS/cmsy/m/n/10 ^^C$ []\T1/phv/m/n/10 ) (void $\O
MS/cmsy/m/n/10 ^^C$\T1/phv/m/n/10 listener[]_[]data,
 []


Underfull \hbox (badness 10000) in paragraph at lines 103--104
[]\T1/phv/m/n/10 typedef []($\OMS/cmsy/m/n/10 ^^C$ []\T1/phv/m/n/10 ) (void $\O
MS/cmsy/m/n/10 ^^C$\T1/phv/m/n/10 listener[]_[]data,
 []


Underfull \hbox (badness 768) in paragraph at lines 103--104
[] $\OMS/cmsy/m/n/10 ^^C$\T1/phv/m/n/10 reader, const void $\OMS/cmsy/m/n/10 ^^
C$\T1/phv/m/n/10 const sam-ple, const struct [] $\OMS/cmsy/m/n/10 ^^C$\T1/phv/m
/n/10 const sample[]_[]info,
 []


Overfull \hbox (36.76674pt too wide) in paragraph at lines 110--119
[] \T1/phv/m/n/10 , []
 []

[986]
Overfull \hbox (15.44078pt too wide) in paragraph at lines 120--123
[]\T1/phv/m/n/10 enum [] { [] = 0x0001 $\OML/cmm/m/it/10 <$$<$ \T1/phv/m/n/10 0
 , []
 []


Overfull \hbox (87.31331pt too wide) in paragraph at lines 128--132
[]\T1/phv/m/n/10 enum [] { [] = 0x0001 $\OML/cmm/m/it/10 <$$<$ \T1/phv/m/n/10 0
 , []
 []


Overfull \hbox (80.6604pt too wide) in paragraph at lines 133--143
[] \T1/phv/m/n/10 , [] , []
 []


Overfull \hbox (28.32458pt too wide) in paragraph at lines 133--143
[] \T1/phv/m/n/10 , []
 []


Underfull \hbox (badness 940) in paragraph at lines 149--150
[]\T1/phv/m/n/10 DDSCDll[]Export [] [] (struct [] $\OMS/cmsy/m/n/10 ^^C$\T1/phv
/m/n/10 self, const
 []


Underfull \hbox (badness 3000) in paragraph at lines 161--162
[]\T1/phv/m/n/10 DDSCDll[]Export [] [] ([] $\OMS/cmsy/m/n/10 ^^C$\T1/phv/m/n/10
 self,
 []


Underfull \hbox (badness 3250) in paragraph at lines 163--164
[]\T1/phv/m/n/10 DDSCDll[]Export [] [] ([] $\OMS/cmsy/m/n/10 ^^C$\T1/phv/m/n/10
 self,
 []


Overfull \hbox (31.55626pt too wide) in paragraph at lines 165--166
[]\T1/phv/m/n/10 DDSCDll[]Export [] $\OMS/cmsy/m/n/10 ^^C$ [] \T1/phv/m/n/10 ([
] $\OMS/cmsy/m/n/10 ^^C$\T1/phv/m/n/10 self, []
 []

[987]
Overfull \hbox (31.4071pt too wide) in paragraph at lines 179--180
[]\T1/phv/m/n/10 DDSCDll[]Export [] [] ([] $\OMS/cmsy/m/n/10 ^^C$\T1/phv/m/n/10
 self, const struct []
 []


Underfull \hbox (badness 5817) in paragraph at lines 183--184
[]\T1/phv/m/n/10 DDSCDll[]Export [] [] ([] $\OMS/cmsy/m/n/10 ^^C$\T1/phv/m/n/10
 self, const struct
 []


Underfull \hbox (badness 1831) in paragraph at lines 189--190
[]\T1/phv/m/n/10 DDSCDll[]Export [] [] ([] $\OMS/cmsy/m/n/10 ^^C$\T1/phv/m/n/10
 self,
 []

[988]
Overfull \hbox (15.74948pt too wide) in paragraph at lines 203--204
[]\T1/phv/m/n/10 DDSCDll[]Export [] [] ([]
 []


Underfull \hbox (badness 1005) in paragraph at lines 205--206
[]\T1/phv/m/n/10 DDSCDll[]Export [] [] ([]
 []


Underfull \hbox (badness 7832) in paragraph at lines 211--212
[]\T1/phv/m/n/10 DDSCDll[]Export [] [] ([] $\OMS/cmsy/m/n/10 ^^C$\T1/phv/m/n/10
 self, const struct
 []


Overfull \hbox (24.61224pt too wide) in paragraph at lines 213--214
[]\T1/phv/m/n/10 DDSCDll[]Export [] [] ([] $\OMS/cmsy/m/n/10 ^^C$\T1/phv/m/n/10
 self, struct []
 []


Underfull \hbox (badness 2027) in paragraph at lines 215--216
[]\T1/phv/m/n/10 DDSCDll[]Export [] [] ([] $\OMS/cmsy/m/n/10 ^^C$\T1/phv/m/n/10
 self, const struct
 []


Underfull \hbox (badness 1701) in paragraph at lines 233--233
[]\T1/phv/m/sl/9 Special value for cre-at-ing [] with a com-bi-na-tion of the d
e-fault [] and the
 []

) (./dds__c__topic_8h.tex
Underfull \hbox (badness 10000) in paragraph at lines 8--14

 []

[989]
Underfull \hbox (badness 10000) in paragraph at lines 48--49
[]\T1/phv/m/n/10 DDSCDll[]Export [] [] (struct [] $\OMS/cmsy/m/n/10 ^^C$\T1/phv
/m/n/10 self, const struct
 []

[990]
Underfull \hbox (badness 7186) in paragraph at lines 64--65
[]\T1/phv/m/n/10 DDSCDll[]Export [] [] ([] $\OMS/cmsy/m/n/10 ^^C$\T1/phv/m/n/10
 self, struct
 []

) (./dds__c__type_8h.tex
Underfull \hbox (badness 10000) in paragraph at lines 8--18

 []

[991]
Underfull \hbox (badness 2189) in paragraph at lines 40--44
[]\T1/phv/m/n/10 enum [] { [] , \T1/phv/b/n/10 NDDS[]_[][]TYPEPLUGIN[]_[][]GUID
[]_[][]KEY \T1/phv/m/n/10 ,
 []

) (./dds__c__user__data__manager_8h.tex
Underfull \hbox (badness 10000) in paragraph at lines 8--12

 []

) (./dds__c__user__data__qos_8h.tex [992]
Underfull \hbox (badness 10000) in paragraph at lines 8--10

 []

) (./dds__c__wh__plugin_8h.tex
Underfull \hbox (badness 10000) in paragraph at lines 8--13

 []

) (./dds__filter_8h.tex [993]
Underfull \hbox (badness 10000) in paragraph at lines 8--13

 []

) (./dds__filter__content__filter_8h.tex
Underfull \hbox (badness 10000) in paragraph at lines 8--9

 []

) (./dds__filter__dll_8h.tex
Underfull \hbox (badness 10000) in paragraph at lines 8--9

 []

) (./dds__filter__log_8h.tex [994]
Underfull \hbox (badness 10000) in paragraph at lines 8--9

 []

[995] [996] [997]) (./dds__psk__log_8h.tex
Underfull \hbox (badness 10000) in paragraph at lines 8--9

 []

[998]
Overfull \hbox (31.5357pt too wide) in paragraph at lines 48--49
[]\T1/phv/m/n/10 #define [] ([]
 []

[999]
Underfull \hbox (badness 1377) in paragraph at lines 52--53
[]\T1/phv/m/n/10 #define [] ([] +
 []


Overfull \hbox (23.34622pt too wide) in paragraph at lines 62--63
[]\T1/phv/m/n/10 #define [] ([]
 []


Underfull \hbox (badness 1112) in paragraph at lines 74--75
[]\T1/phv/m/n/10 #define [] ([] +
 []

[1000] [1001] [1002] [1003] [1004] [1005] [1006]) (./disc__dpde__dll_8h.tex
Underfull \hbox (badness 10000) in paragraph at lines 8--9

 []

) (./disc__dpde__log_8h.tex
Underfull \hbox (badness 10000) in paragraph at lines 3--4

 []

[1007] [1008] [1009]) (./disc__dpse__dll_8h.tex
Underfull \hbox (badness 10000) in paragraph at lines 8--9

 []

) (./disc__dpse__dpsediscovery_8h.tex
Underfull \hbox (badness 10000) in paragraph at lines 8--10

 []

[1010]
Overfull \hbox (47.3388pt too wide) in paragraph at lines 23--24
[]\T1/phv/m/n/10 DISC[]_[][]DPSEDll[]Export [] [] (struct []
 []

) (./disc__dpse__log_8h.tex
Underfull \hbox (badness 10000) in paragraph at lines 3--4

 []

[1011] [1012] [1013] [1014] [1015] [1016] [1017]) (./netio__common_8h.tex)
(./netio__config_8h.tex
Underfull \hbox (badness 10000) in paragraph at lines 3--1

 []

) (./netio__dll_8h.tex) (./netio__interface_8h.tex
Underfull \hbox (badness 10000) in paragraph at lines 3--1

 []


Underfull \hbox (badness 10000) in paragraph at lines 8--19

 []

[1018]
Underfull \hbox (badness 2073) in paragraph at lines 48--49
[]\T1/phv/m/n/10 typedef []($\OMS/cmsy/m/n/10 ^^C$ []\T1/phv/m/n/10 ) ([] $\OMS
/cmsy/m/n/10 ^^C$\T1/phv/m/n/10 netio[]_[]intf, const char
 []


Overfull \hbox (32.0955pt too wide) in paragraph at lines 50--51
[]\T1/phv/m/n/10 typedef []($\OMS/cmsy/m/n/10 ^^C$ []\T1/phv/m/n/10 ) ([] $\OMS
/cmsy/m/n/10 ^^C$\T1/phv/m/n/10 netio[]_[]intf, struct []
 []

[1019]) (./netio__log_8h.tex
Underfull \hbox (badness 10000) in paragraph at lines 8--9

 []

[1020] [1021] [1022] [1023] [1024] [1025]) (./netio__rtps_8h.tex
Underfull \hbox (badness 10000) in paragraph at lines 8--16

 []

[1026]) (./netio__shmem__log_8h.tex
Underfull \hbox (badness 10000) in paragraph at lines 8--9

 []

[1027] [1028]) (./netio__zcopy_8h.tex [1029]
Underfull \hbox (badness 10000) in paragraph at lines 8--13

 []

) (./netio__zcopy__dll_8h.tex
Underfull \hbox (badness 10000) in paragraph at lines 8--9

 []

) (./netio__zcopy__loader_8h.tex [1030]
Underfull \hbox (badness 10000) in paragraph at lines 8--9

 []

) (./netio__zcopy__log_8h.tex
Underfull \hbox (badness 10000) in paragraph at lines 8--9

 []

) (./netio__zcopy__notif__interface_8h.tex
Underfull \hbox (badness 10000) in paragraph at lines 3--5

 []

[1031]
Underfull \hbox (badness 4634) in paragraph at lines 20--21
[][] [] \T1/phv/m/n/10 (RT[]_[][]Registry[]_[]T $\OMS/cmsy/m/n/10 ^^C$\T1/phv/m
/n/10 registry, const char $\OMS/cmsy/m/n/10 ^^C$\T1/phv/m/n/10 name, struct
 []

) (./netio__zcopy__whsq_8h.tex
Underfull \hbox (badness 10000) in paragraph at lines 8--10

 []


Underfull \hbox (badness 10000) detected at line 33
[][][]
 []

) (./netio__zcopy__whsq__log_8h.tex
Underfull \hbox (badness 10000) in paragraph at lines 8--9

 []

[1032] [1033]) (./osapi__cc_8h.tex
Underfull \hbox (badness 10000) in paragraph at lines 8--9

 []

) (./osapi__cc__clang_8h.tex) (./osapi__cc__gcc_8h.tex)
(./osapi__cc__msvsc_8h.tex [1034]
Underfull \hbox (badness 10000) in paragraph at lines 8--9

 []

) (./osapi__cc__qcc_8h.tex) (./osapi__cc__stdc_8h.tex
Underfull \hbox (badness 10000) in paragraph at lines 8--9

 []

) (./osapi__config_8h.tex
Underfull \hbox (badness 10000) in paragraph at lines 8--10

 []

[1035]) (./osapi__features_8h.tex) (./osapi__heap_8h.tex
Underfull \hbox (badness 10000) in paragraph at lines 8--11

 []

[1036]) (./osapi__heap__impl_8h.tex
Underfull \hbox (badness 10000) in paragraph at lines 8--10

 []

) (./osapi__log_8h.tex
Underfull \hbox (badness 10000) in paragraph at lines 8--12

 []

[1037] [1038] [1039] [1040] [1041] [1042] [1043] [1044] [1045])
(./osapi__log__impl_8h.tex [1046]
Underfull \hbox (badness 10000) in paragraph at lines 8--9

 []

) (./osapi__mutex_8h.tex
Underfull \hbox (badness 10000) in paragraph at lines 8--10

 []

) (./osapi__os_8h.tex) (./osapi__os__threadx_8h.tex [1047]
Underfull \hbox (badness 10000) in paragraph at lines 8--13

 []

) (./osapi__os__vxworks_8h.tex
Underfull \hbox (badness 10000) in paragraph at lines 8--19

 []

) (./osapi__process_8h.tex
Underfull \hbox (badness 10000) in paragraph at lines 8--10

 []

[1048]) (./osapi__semaphore_8h.tex
Underfull \hbox (badness 10000) in paragraph at lines 8--10

 []

[1049]) (./osapi__stdio_8h.tex
Underfull \hbox (badness 10000) in paragraph at lines 8--10

 []

) (./osapi__string_8h.tex
Underfull \hbox (badness 10000) in paragraph at lines 8--10

 []

[1050]) (./osapi__system_8h.tex
Underfull \hbox (badness 10000) in paragraph at lines 8--16

 []

[1051]) (./osapi__task_8h.tex [1052]
Underfull \hbox (badness 10000) in paragraph at lines 8--15

 []

) (./osapi__time_8h.tex
Underfull \hbox (badness 10000) in paragraph at lines 8--10

 []

) (./reda__dll_8h.tex) (./reda__epoch_8h.tex
Underfull \hbox (badness 10000) in paragraph at lines 3--1

 []

) (./reda__log_8h.tex
Underfull \hbox (badness 10000) in paragraph at lines 3--1

 []

[1053]
Underfull \hbox (badness 10000) in paragraph at lines 8--9

 []

[1054]) (./reda__sequence__defn_8h.tex) (./rh__sm__dll_8h.tex
Underfull \hbox (badness 10000) in paragraph at lines 3--1

 []


Underfull \hbox (badness 10000) in paragraph at lines 8--9

 []

) (./rh__sm__history_8h.tex [1055]
Underfull \hbox (badness 10000) in paragraph at lines 8--15

 []

) (./rh__sm__log_8h.tex
Underfull \hbox (badness 10000) in paragraph at lines 8--9

 []

[1056] [1057] [1058] [1059]) (./rt__dll_8h.tex) (./rt__log_8h.tex
Underfull \hbox (badness 10000) in paragraph at lines 3--1

 []


Underfull \hbox (badness 10000) in paragraph at lines 3--4

 []

[1060]) (./osapi__heap__test_8h.tex
Underfull \hbox (badness 10000) in paragraph at lines 8--10

 []

) (./ospsl__os__freertos_8h.tex
Underfull \hbox (badness 10000) in paragraph at lines 8--12

 []

) (./ospsl__os__posix_8h.tex
Underfull \hbox (badness 10000) in paragraph at lines 8--25

 []

[1061]) (./ospsl__os__windows_8h.tex
Underfull \hbox (badness 10000) in paragraph at lines 8--19

 []

) (./rti__me__psl__dll_8h.tex) (./rtps__config_8h.tex
Underfull \hbox (badness 10000) in paragraph at lines 3--1

 []

[1062]) (./rtps__dll_8h.tex
Underfull \hbox (badness 10000) in paragraph at lines 8--10

 []

) (./rtps__log_8h.tex
Underfull \hbox (badness 10000) in paragraph at lines 8--9

 []

[1063] [1064] [1065] [1066] [1067] [1068] [1069] [1070])
(./rtps__rtps__impl_8h.tex
Underfull \hbox (badness 10000) in paragraph at lines 8--10

 []

) (./wh__sm__dll_8h.tex
Underfull \hbox (badness 10000) in paragraph at lines 8--9

 []

) (./wh__sm__history_8h.tex
Underfull \hbox (badness 10000) in paragraph at lines 8--17

 []

[1071]) (./wh__sm__log_8h.tex
Underfull \hbox (badness 10000) in paragraph at lines 8--9

 []

[1072] [1073]) [1074] (./refman.ind
Underfull \hbox (badness 10000) in paragraph at lines 60--62
[]| \T1/phv/m/n/10 APP-GEN_APP_PARTICIPANT_NOT_FOUND_EC,
 []


Overfull \hbox (51.68097pt too wide) in paragraph at lines 68--70
[]| \T1/phv/m/n/10 APP-GEN_LOG_APP_CONFIG_POINTER_NOT_CORRECT_EC,
 []


Overfull \hbox (29.17908pt too wide) in paragraph at lines 96--97
[]\T1/phv/m/n/10 APPGEN_LOG_APP_CONFIG_POINTER_NOT_CORRECT_EC 
 []

[1075


] [1076]
Underfull \hbox (badness 10000) in paragraph at lines 304--306
[]| \T1/phv/m/n/10 DDS_DataReader_get_instance_replaced_status,
 []


Underfull \hbox (badness 10000) in paragraph at lines 307--309
[]| \T1/phv/m/n/10 DDS_DataReader_get_liveliness_changed_status,
 []


Underfull \hbox (badness 10000) in paragraph at lines 309--311
[]| \T1/phv/m/n/10 DDS_DataReader_get_matched_publication_data,
 []


Overfull \hbox (28.092pt too wide) in paragraph at lines 314--316
[]| \T1/phv/m/n/10 DDS_DataReader_get_requested_deadline_missed_status,
 []


Overfull \hbox (30.41393pt too wide) in paragraph at lines 316--318
[]| \T1/phv/m/n/10 DDS_DataReader_get_requested_incompatible_qos_status,
 []


Overfull \hbox (17.5711pt too wide) in paragraph at lines 328--330
[]| \T1/phv/m/n/10 DDS_DataReaderInstanceReplacedStatus_INITIALIZER,
 []


Overfull \hbox (23.09727pt too wide) in paragraph at lines 330--332
[]| \T1/phv/m/n/10 DDS_DataReaderListener_BeforeSampleCommitCallback,
 []


Overfull \hbox (36.60606pt too wide) in paragraph at lines 332--334
[]| \T1/phv/m/n/10 DDS_DataReaderListener_BeforeSampleDeserializeCallback,
 []


Underfull \hbox (badness 10000) in paragraph at lines 334--336
[]| \T1/phv/m/n/10 DDS_DataReaderListener_DataAvailableCallback,
 []


Overfull \hbox (42.88805pt too wide) in paragraph at lines 341--343
[]| \T1/phv/m/n/10 DDS_DataReaderListener_RequestedDeadlineMissedCallback,
 []


Overfull \hbox (46.21785pt too wide) in paragraph at lines 343--345
[]| \T1/phv/m/n/10 DDS_DataReaderListener_RequestedIncompatibleQosCallback,
 []

[1077]
Overfull \hbox (19.51523pt too wide) in paragraph at lines 349--351
[]| \T1/phv/m/n/10 DDS_DataReaderListener_SubscriptionMatchedCallback,
 []


Underfull \hbox (badness 10000) in paragraph at lines 359--361
[]| \T1/phv/m/n/10 DDS_REJECTED_BY_REMOTE_WRITERS_LIMIT,
 []


Overfull \hbox (28.46133pt too wide) in paragraph at lines 362--364
[]| \T1/phv/m/n/10 DDS_REJECTED_BY_SAMPLES_PER_INSTANCE_LIMIT,
 []


Overfull \hbox (62.67886pt too wide) in paragraph at lines 364--366
[]| \T1/phv/m/n/10 DDS_REJECTED_BY_SAMPLES_PER_REMOTE_WRITER_LIMIT,
 []


Overfull \hbox (31.55722pt too wide) in paragraph at lines 373--375
[]| \T1/phv/m/n/10 DDS_SAMPLE_LOST_BY_MANAGEDPOOL_OVERWRITE,
 []


Underfull \hbox (badness 10000) in paragraph at lines 375--377
[]| \T1/phv/m/n/10 DDS_SAMPLE_LOST_BY_MAX_SAMPLES_LIMIT,
 []


Underfull \hbox (badness 10000) in paragraph at lines 377--379
[]| \T1/phv/m/n/10 DDS_SAMPLE_LOST_BY_META_SAMPLE_LIMIT,
 []


Overfull \hbox (55.92001pt too wide) in paragraph at lines 379--381
[]| \T1/phv/m/n/10 DDS_SAMPLE_LOST_BY_NOT_READ_ON_CACHE_DELETION,
 []


Overfull \hbox (31.06212pt too wide) in paragraph at lines 400--402
[]| \T1/phv/m/n/10 DDS_DataReaderResourceLimitsInstanceReplacementKind,
 []


Overfull \hbox (44.92223pt too wide) in paragraph at lines 403--405
[]| \T1/phv/m/n/10 DDS_REPLACE_OLDEST_INSTANCE_REPLACEMENT_QOS,
 []


Underfull \hbox (badness 10000) in paragraph at lines 413--415
[]| \T1/phv/m/n/10 DDS_DataWriter_get_matched_subscription_data,
 []


Underfull \hbox (badness 10000) in paragraph at lines 421--423
[]| \T1/phv/m/n/10 DDS_DataWriter_get_publication_matched_status,
 []


Overfull \hbox (42.0325pt too wide) in paragraph at lines 425--427
[]| \T1/phv/m/n/10 DDS_DataWriter_get_reliable_reader_activity_changed_status,
 []


Underfull \hbox (badness 10000) in paragraph at lines 431--433
[]| \T1/phv/m/n/10 DDS_DataWriterListener_LivelinessLostCallback,
 []


Overfull \hbox (23.72722pt too wide) in paragraph at lines 433--435
[]| \T1/phv/m/n/10 DDS_DataWriterListener_OfferedDeadlineMissedCallback,
 []


Overfull \hbox (27.05702pt too wide) in paragraph at lines 435--437
[]| \T1/phv/m/n/10 DDS_DataWriterListener_OfferedIncompatibleQosCallback,
 []


Overfull \hbox (56.82855pt too wide) in paragraph at lines 439--441
[]| \T1/phv/m/n/10 DDS_DataWriterListener_ReliableReaderActivityChangedCallback
,
 []


Overfull \hbox (61.5177pt too wide) in paragraph at lines 441--443
[]| \T1/phv/m/n/10 DDS_DataWriterListener_ReliableSampleUnacknowledgedCallback,

 []


Underfull \hbox (badness 10000) in paragraph at lines 443--445
[]| \T1/phv/m/n/10 DDS_DataWriterListener_SampleRemovedCallback,
 []


Underfull \hbox (badness 10000) in paragraph at lines 450--452
[]| \T1/phv/m/n/10 DDS_OfferedDeadlineMissedStatus_INITIALIZER,
 []


Underfull \hbox (badness 10000) in paragraph at lines 452--454
[]| \T1/phv/m/n/10 DDS_OfferedIncompatibleQosStatus_INITIALIZER,
 []


Overfull \hbox (23.88005pt too wide) in paragraph at lines 456--458
[]| \T1/phv/m/n/10 DDS_ReliableReaderActivityChangedStatus_INITIALIZER,
 []

[1078]
Underfull \hbox (badness 10000) in paragraph at lines 470--472
[]| \T1/phv/m/n/10 Foo-DataWriter_unregister_instance_w_timestamp,
 []

[1079]
Overfull \hbox (40.86986pt too wide) in paragraph at lines 630--631
[]\T1/phv/m/n/10 DDS_BY_RECEPTION_TIMESTAMP_DESTINATIONORDER_QOS 
 []


Overfull \hbox (26.86613pt too wide) in paragraph at lines 632--633
[]\T1/phv/m/n/10 DDS_BY_SOURCE_TIMESTAMP_DESTINATIONORDER_QOS 
 []


Overfull \hbox (120.51204pt too wide) in paragraph at lines 636--638
[]| \T1/phv/m/n/10 DDS_LOG_TRUST_ASSERT_PARTICIPANT_GENERIC_MESSAGE_FAILED_EC,
 []


Underfull \hbox (badness 10000) in paragraph at lines 648--649
[]| \T1/phv/m/n/10 DDSC_LOG_CDR_DESERIALIZE_HEADER_EC,
 []


Underfull \hbox (badness 10000) in paragraph at lines 650--652
[]| \T1/phv/m/n/10 DDSC_LOG_CDR_DESERIALIZE_KEYHASH_EC,
 []


Underfull \hbox (badness 10000) in paragraph at lines 663--665
[]| \T1/phv/m/n/10 DDSC_LOG_CDR_SERIALIZE_PID_LENGTH_EC,
 []


Underfull \hbox (badness 10000) in paragraph at lines 665--667
[]| \T1/phv/m/n/10 DDSC_LOG_CDR_SERIALIZE_STATUS_INFO_EC,
 []


Underfull \hbox (badness 10000) in paragraph at lines 669--670
[]| \T1/phv/m/n/10 DDSC_LOG_CHANGE_CONTENT_FILTER_EC,
 []


Underfull \hbox (badness 10000) in paragraph at lines 670--671
[]| \T1/phv/m/n/10 DDSC_LOG_CHECKSUM_INCOMPATIBLE_EC,
 []


Overfull \hbox (23.25055pt too wide) in paragraph at lines 671--673
[]| \T1/phv/m/n/10 DDSC_LOG_CHECKSUM_INCONSISTENT_ALLOW_EC,
 []

[1080]
Overfull \hbox (21.52254pt too wide) in paragraph at lines 673--675
[]| \T1/phv/m/n/10 DDSC_LOG_CHECKSUM_INCONSISTENT_CLASS_EC,
 []


Overfull \hbox (37.01138pt too wide) in paragraph at lines 675--677
[]| \T1/phv/m/n/10 DDSC_LOG_CHECKSUM_INCONSISTENT_COMPUTE_EC,
 []


Underfull \hbox (badness 10000) in paragraph at lines 678--679
[]| \T1/phv/m/n/10 DDSC_LOG_COMPILE_CONTENT_FILTER_EC,
 []


Underfull \hbox (badness 10000) in paragraph at lines 684--685
[]| \T1/phv/m/n/10 DDSC_LOG_CONTENT_FILTER_QOS_POLICY,
 []


Overfull \hbox (28.67754pt too wide) in paragraph at lines 685--687
[]| \T1/phv/m/n/10 DDSC_LOG_CONTENT_FILTERING_NOT_ENABLED_EC,
 []


Overfull \hbox (15.8616pt too wide) in paragraph at lines 692--694
[]| \T1/phv/m/n/10 DDSC_LOG_DATA_REPRESENTATION_QOS_POLICY,
 []


Overfull \hbox (24.0155pt too wide) in paragraph at lines 705--707
[]| \T1/phv/m/n/10 DDSC_LOG_DATAREADER_RESOURCE_QOS_POLICY,
 []


Overfull \hbox (21.55852pt too wide) in paragraph at lines 719--721
[]| \T1/phv/m/n/10 DDSC_LOG_DATAWRITER_RESOURCE_QOS_POLICY,
 []


Overfull \hbox (17.95834pt too wide) in paragraph at lines 735--737
[]| \T1/phv/m/n/10 DDSC_LOG_DESERIALIZE_BUILTIN_ENDPOINTS_EC,
 []


Overfull \hbox (32.04329pt too wide) in paragraph at lines 737--739
[]| \T1/phv/m/n/10 DDSC_LOG_DESERIALIZE_CONTENT_FILTER_INFO_EC,
 []


Underfull \hbox (badness 10000) in paragraph at lines 740--742
[]| \T1/phv/m/n/10 DDSC_LOG_DESERIALIZE_PARTITION_SEQ_EC,
 []


Overfull \hbox (22.14343pt too wide) in paragraph at lines 742--744
[]| \T1/phv/m/n/10 DDSC_LOG_DESERIALIZE_PROTOCOL_VERSION_EC,
 []


Overfull \hbox (48.68414pt too wide) in paragraph at lines 744--746
[]| \T1/phv/m/n/10 DDSC_LOG_DESERIALIZE_REMOTE_CONTENT_FILTER_EC,
 []


Underfull \hbox (badness 10000) in paragraph at lines 746--748
[]| \T1/phv/m/n/10 DDSC_LOG_DESERIALIZE_UNKNOWN_PID_EC,
 []


Overfull \hbox (64.524pt too wide) in paragraph at lines 752--754
[]| \T1/phv/m/n/10 DDSC_LOG_DISC_AFTER_LOCAL_DATAREADER_DELETED_EC,
 []


Overfull \hbox (65.02794pt too wide) in paragraph at lines 754--756
[]| \T1/phv/m/n/10 DDSC_LOG_DISC_AFTER_LOCAL_DATAREADER_ENABLED_EC,
 []


Overfull \hbox (62.06702pt too wide) in paragraph at lines 756--758
[]| \T1/phv/m/n/10 DDSC_LOG_DISC_AFTER_LOCAL_DATAWRITER_DELETED_EC,
 []


Overfull \hbox (62.57095pt too wide) in paragraph at lines 758--760
[]| \T1/phv/m/n/10 DDSC_LOG_DISC_AFTER_LOCAL_DATAWRITER_ENABLED_EC,
 []


Overfull \hbox (63.02997pt too wide) in paragraph at lines 760--762
[]| \T1/phv/m/n/10 DDSC_LOG_DISC_AFTER_LOCAL_PARTICIPANT_CREATED_EC,
 []


Overfull \hbox (70.53577pt too wide) in paragraph at lines 762--764
[]| \T1/phv/m/n/10 DDSC_LOG_DISC_BEFORE_LOCAL_PARTICIPANT_CREATED_EC,
 []


Overfull \hbox (78.7527pt too wide) in paragraph at lines 764--766
[]| \T1/phv/m/n/10 DDSC_LOG_DISC_BEFORE_REMOTE_PARTICIPANT_DELETED_EC,
 []


Overfull \hbox (28.61435pt too wide) in paragraph at lines 766--768
[]| \T1/phv/m/n/10 DDSC_LOG_DISC_LOCAL_PARTICIPANT_ENABLED_EC,
 []


Overfull \hbox (33.78938pt too wide) in paragraph at lines 768--770
[]| \T1/phv/m/n/10 DDSC_LOG_DISC_REMOTE_PARTICIPANT_REMOVE_EC,
 []


Underfull \hbox (badness 10000) in paragraph at lines 774--776
[]| \T1/phv/m/n/10 DDSC_LOG_DR_CREATE_TYPED_READER_EC,
 []


Underfull \hbox (badness 10000) in paragraph at lines 776--777
[]| \T1/phv/m/n/10 DDSC_LOG_DR_DESERIALIZE_KEYHASH_EC,
 []

[1081]
Overfull \hbox (18.46262pt too wide) in paragraph at lines 780--782
[]| \T1/phv/m/n/10 DDSC_LOG_DR_INSTANCE_ASSERTION_FAILED_EC,
 []


Overfull \hbox (31.99834pt too wide) in paragraph at lines 782--784
[]| \T1/phv/m/n/10 DDSC_LOG_DR_INSTANCE_MAPPING_EXHAUSTED_EC,
 []


Underfull \hbox (badness 10000) in paragraph at lines 784--786
[]| \T1/phv/m/n/10 DDSC_LOG_DR_INSTANCE_TO_KEYHASH_EC,
 []


Underfull \hbox (badness 10000) in paragraph at lines 786--787
[]| \T1/phv/m/n/10 DDSC_LOG_DR_ON_SAMPLE_REMOVED_EC,
 []


Overfull \hbox (49.16124pt too wide) in paragraph at lines 792--794
[]| \T1/phv/m/n/10 DDSC_LOG_DUPLICATE_REMOTE_PARTICIPANT_NAME_EC,
 []


Underfull \hbox (badness 10000) in paragraph at lines 797--799
[]| \T1/phv/m/n/10 DDSC_LOG_DW_CREATE_TYPED_WRITER_EC,
 []


Overfull \hbox (27.61568pt too wide) in paragraph at lines 799--801
[]| \T1/phv/m/n/10 DDSC_LOG_DW_FLOW_CONTROLLER_REQUIRED_EC,
 []


Underfull \hbox (badness 10000) in paragraph at lines 801--803
[]| \T1/phv/m/n/10 DDSC_LOG_DW_HISTORY_REGISTER_KEY_EC,
 []


Underfull \hbox (badness 10000) in paragraph at lines 804--806
[]| \T1/phv/m/n/10 DDSC_LOG_DW_INCOMPATIBLE_PADDING_EC,
 []


Overfull \hbox (20.10065pt too wide) in paragraph at lines 806--808
[]| \T1/phv/m/n/10 DDSC_LOG_DW_INSTANCE_ASSERTION_FAILED_EC,
 []


Overfull \hbox (27.42683pt too wide) in paragraph at lines 809--811
[]| \T1/phv/m/n/10 DDSC_LOG_DW_UNKNOWN_FLOW_CONTROLLER_EC,
 []


Underfull \hbox (badness 10000) in paragraph at lines 811--813
[]| \T1/phv/m/n/10 DDSC_LOG_ENABLE_WRITER_FILTERING_EC,
 []


Overfull \hbox (60.86993pt too wide) in paragraph at lines 813--815
[]| \T1/phv/m/n/10 DDSC_LOG_ENABLED_DISCVOERY_TRANSPORT_SEQUENCE,
 []


Overfull \hbox (33.67242pt too wide) in paragraph at lines 816--818
[]| \T1/phv/m/n/10 DDSC_LOG_ENABLED_USER_TRANSPORT_SEQUENCE,
 []


Overfull \hbox (45.23729pt too wide) in paragraph at lines 818--820
[]| \T1/phv/m/n/10 DDSC_LOG_ENDPOINT_NOT_CHILD_OF_PARTICIPANT_EC,
 []


Underfull \hbox (badness 10000) in paragraph at lines 820--822
[]| \T1/phv/m/n/10 DDSC_LOG_ENTITY_DIFFERENT_FACTORY_EC,
 []


Underfull \hbox (badness 10000) in paragraph at lines 825--827
[]| \T1/phv/m/n/10 DDSC_LOG_ENTITY_INVALID_PROPERTY_EC,
 []


Underfull \hbox (badness 10000) in paragraph at lines 831--833
[]| \T1/phv/m/n/10 DDSC_LOG_EVALUATE_CONTENT_FILTER_EC,
 []


Underfull \hbox (badness 10000) in paragraph at lines 833--834
[]| \T1/phv/m/n/10 DDSC_LOG_EVALUATE_WRITER_FILTER_EC,
 []


Overfull \hbox (28.2096pt too wide) in paragraph at lines 834--836
[]| \T1/phv/m/n/10 DDSC_LOG_FAILED_UPDATE_STATUS_CONDITION_EC,
 []


Overfull \hbox (38.87459pt too wide) in paragraph at lines 836--838
[]| \T1/phv/m/n/10 DDSC_LOG_FILTER_PLUGIN_FACTORY_NOT_FOUND_EC,
 []


Underfull \hbox (badness 10000) in paragraph at lines 840--842
[]| \T1/phv/m/n/10 DDSC_LOG_FIND_PUBLICATION_PARENT_EC,
 []


Underfull \hbox (badness 10000) in paragraph at lines 842--844
[]| \T1/phv/m/n/10 DDSC_LOG_FIND_SUBSCRIPTION_PARENT_EC,
 []


Underfull \hbox (badness 10000) in paragraph at lines 844--845
[]| \T1/phv/m/n/10 DDSC_LOG_FLOW_CONTROLLER_CREATE_EC,
 []


Underfull \hbox (badness 10000) in paragraph at lines 845--846
[]| \T1/phv/m/n/10 DDSC_LOG_FLOW_CONTROLLER_DELETE_EC,
 []


Overfull \hbox (52.89615pt too wide) in paragraph at lines 846--848
[]| \T1/phv/m/n/10 DDSC_LOG_FLOWCONTROLLER_INCONSISTENT_PROP_EC,
 []


Underfull \hbox (badness 10000) in paragraph at lines 851--853
[]| \T1/phv/m/n/10 DDSC_LOG_GET_SERIALIZED_KEY_SIZE_EC,
 []


Overfull \hbox (26.22032pt too wide) in paragraph at lines 859--861
[]| \T1/phv/m/n/10 DDSC_LOG_INCOMPATIBLE_PRESENTATION_QOS_EC,
 []


Overfull \hbox (79.07683pt too wide) in paragraph at lines 864--866
[]| \T1/phv/m/n/10 DDSC_LOG_INTERPRETER_SUPPORT_UNEXPECTED_ERROR_EC,
 []


Overfull \hbox (24.88834pt too wide) in paragraph at lines 871--873
[]| \T1/phv/m/n/10 DDSC_LOG_INVALID_PARTICIPANT_GUID_PREFIX_EC,
 []


Underfull \hbox (badness 10000) in paragraph at lines 873--875
[]| \T1/phv/m/n/10 DDSC_LOG_INVALID_PARTICIPANT_NAME_EC,
 []


Overfull \hbox (17.8417pt too wide) in paragraph at lines 877--879
[]| \T1/phv/m/n/10 DDSC_LOG_IPC_CHANNEL_ADD_ANON_ROUTE_EC,
 []

[1082]
Overfull \hbox (46.82098pt too wide) in paragraph at lines 880--882
[]| \T1/phv/m/n/10 DDSC_LOG_IPC_CHANNEL_CONFIG_FINALIZE_FAILED_EC,
 []


Overfull \hbox (51.82477pt too wide) in paragraph at lines 882--884
[]| \T1/phv/m/n/10 DDSC_LOG_IPC_CHANNEL_CONFIG_INITIALIZE_FAILED_EC,
 []


Overfull \hbox (24.81642pt too wide) in paragraph at lines 884--886
[]| \T1/phv/m/n/10 DDSC_LOG_IPC_CHANNEL_CONFIG_SET_FAILED_EC,
 []


Overfull \hbox (33.8524pt too wide) in paragraph at lines 888--890
[]| \T1/phv/m/n/10 DDSC_LOG_IPC_CHANNEL_DELETE_ANON_ROUTE_EC,
 []


Overfull \hbox (136.99068pt too wide) in paragraph at lines 892--894
[]| \T1/phv/m/n/10 DDSC_LOG_IPC_CHANNEL_FAILED_PROCESS_AUTH_HANDSHAKE_FAILED_EC
,
 []


Overfull \hbox (124.39987pt too wide) in paragraph at lines 894--896
[]| \T1/phv/m/n/10 DDSC_LOG_IPC_CHANNEL_FAILED_PROCESS_AUTH_REQUEST_FAILED_EC,
 []


Overfull \hbox (199.43175pt too wide) in paragraph at lines 896--898
[]| \T1/phv/m/n/10 DDSC_LOG_IPC_CHANNEL_FAILED_PROCESS_ENDPOINT_INTERCEPTOR_STA
TE_FAILED_EC,
 []


Overfull \hbox (210.00664pt too wide) in paragraph at lines 898--900
[]| \T1/phv/m/n/10 DDSC_LOG_IPC_CHANNEL_FAILED_PROCESS_PARTICIPANT_INTERCEPTOR_
STATE_FAILED_EC,
 []


Overfull \hbox (16.86052pt too wide) in paragraph at lines 900--902
[]| \T1/phv/m/n/10 DDSC_LOG_IPC_CHANNEL_PROCESS_SAMPLE_EC,
 []


Underfull \hbox (badness 10000) in paragraph at lines 904--906
[]| \T1/phv/m/n/10 DDSC_LOG_IPC_CHANNEL_REMOVE_PEER_EC,
 []


Underfull \hbox (badness 10000) in paragraph at lines 906--908
[]| \T1/phv/m/n/10 DDSC_LOG_IPC_CHANNEL_RETURN_LOAN_EC,
 []


Overfull \hbox (39.82814pt too wide) in paragraph at lines 908--910
[]| \T1/phv/m/n/10 DDSC_LOG_IPC_CHANNEL_SET_LISTENERS_FAILED_EC,
 []


Underfull \hbox (badness 10000) in paragraph at lines 910--912
[]| \T1/phv/m/n/10 DDSC_LOG_IPC_CHANNEL_TOPIC_CREATE_EC,
 []


Underfull \hbox (badness 10000) in paragraph at lines 912--914
[]| \T1/phv/m/n/10 DDSC_LOG_IPC_CHANNEL_TYPE_PLUGIN_EC,
 []


Underfull \hbox (badness 10000) in paragraph at lines 924--925
[]| \T1/phv/m/n/10 DDSC_LOG_LATENCY_BUDGET_QOS_POLICY,
 []


Underfull \hbox (badness 10000) in paragraph at lines 928--930
[]| \T1/phv/m/n/10 DDSC_LOG_LISTENER_SET_ILLEGAL_NULL_EC,
 []


Underfull \hbox (badness 10000) in paragraph at lines 939--940
[]| \T1/phv/m/n/10 DDSC_LOG_MEMORY_MANAGER_DELETE_EC,
 []


Overfull \hbox (16.66283pt too wide) in paragraph at lines 940--942
[]| \T1/phv/m/n/10 DDSC_LOG_MEMORY_MANAGER_NOT_OWNER_EC,
 []


Overfull \hbox (57.30603pt too wide) in paragraph at lines 942--944
[]| \T1/phv/m/n/10 DDSC_LOG_MEMORY_MANAGER_OUT_OF_RESOURCES_EC,
 []


Overfull \hbox (69.49171pt too wide) in paragraph at lines 945--947
[]| \T1/phv/m/n/10 DDSC_LOG_MESSAGE_DATA_UNKNOWN_LIVELINESS_KIND_EC,
 []


Overfull \hbox (57.58482pt too wide) in paragraph at lines 947--949
[]| \T1/phv/m/n/10 DDSC_LOG_MESSAGE_DATA_WRONG_LIVELINESS_KIND_EC,
 []


Underfull \hbox (badness 10000) in paragraph at lines 958--959
[]| \T1/phv/m/n/10 DDSC_LOG_NETIO_ADD_TOPIC_ROUTE_EC,
 []


Underfull \hbox (badness 10000) in paragraph at lines 963--965
[]| \T1/phv/m/n/10 DDSC_LOG_NETIO_DELETE_TOPIC_ROUTE_EC,
 []


Overfull \hbox (55.3709pt too wide) in paragraph at lines 965--967
[]| \T1/phv/m/n/10 DDSC_LOG_NETIO_DISCOVERY_ENABLED_TRANSPORT_EC,
 []


Underfull \hbox (badness 10000) in paragraph at lines 969--971
[]| \T1/phv/m/n/10 DDSC_LOG_NETIO_GET_EXTERNAL_INTF_EC,
 []


Overfull \hbox (19.06555pt too wide) in paragraph at lines 971--973
[]| \T1/phv/m/n/10 DDSC_LOG_NETIO_GET_ROUTE_TABLE_FAILED_EC,
 []

[1083]
Overfull \hbox (24.31248pt too wide) in paragraph at lines 996--998
[]| \T1/phv/m/n/10 DDSC_LOG_ON_TYPE_UNREGISTERED_FAILURE_EC,
 []


Overfull \hbox (18.75948pt too wide) in paragraph at lines 999--1001
[]| \T1/phv/m/n/10 DDSC_LOG_OWNERSHIP_STRENGTH_QOS_POLICY,
 []


Underfull \hbox (badness 10000) in paragraph at lines 1006--1008
[]| \T1/phv/m/n/10 DDSC_LOG_PARTICIPANT_BUILTIN_PUBLISHER,
 []


Overfull \hbox (38.83824pt too wide) in paragraph at lines 1013--1015
[]| \T1/phv/m/n/10 DDSC_LOG_PARTICIPANT_GENERIC_MESSAGE_OBJECT,
 []


Underfull \hbox (badness 10000) in paragraph at lines 1018--1019
[]| \T1/phv/m/n/10 DDSC_LOG_PARTICIPANT_NAME_EMPTY_EC,
 []


Underfull \hbox (badness 10000) in paragraph at lines 1025--1026
[]| \T1/phv/m/n/10 DDSC_LOG_PARTICIPANTFACTORY_LISTENER,
 []


Overfull \hbox (41.70917pt too wide) in paragraph at lines 1030--1032
[]| \T1/phv/m/n/10 DDSC_LOG_PARTMESSAGE_WRITE_SAMPLE_FAILED_EC,
 []


Underfull \hbox (badness 10000) in paragraph at lines 1033--1034
[]| \T1/phv/m/n/10 DDSC_LOG_PROPERTYQOSPOLICY_OBJECT,
 []


Underfull \hbox (badness 10000) in paragraph at lines 1052--1054
[]| \T1/phv/m/n/10 DDSC_LOG_QOS_INCONSISTENT_POLICY_EC,
 []


Overfull \hbox (16.4644pt too wide) in paragraph at lines 1058--1060
[]| \T1/phv/m/n/10 DDSC_LOG_QUEUE_PUBLICATION_DISCOVERY_EC,
 []


Overfull \hbox (25.04126pt too wide) in paragraph at lines 1060--1062
[]| \T1/phv/m/n/10 DDSC_LOG_QUEUE_SUBSCRIPTION_DISCOVERY_EC,
 []


Underfull \hbox (badness 10000) in paragraph at lines 1062--1063
[]| \T1/phv/m/n/10 DDSC_LOG_READERHISTORY_COMPONENT,
 []


Underfull \hbox (badness 10000) in paragraph at lines 1076--1078
[]| \T1/phv/m/n/10 DDSC_LOG_REFRESH_LIVELINESS_FAILED_EC,
 []


Underfull \hbox (badness 10000) in paragraph at lines 1078--1080
[]| \T1/phv/m/n/10 DDSC_LOG_REFRESH_REM_PARTICIPANT_EC,
 []


Overfull \hbox (39.0904pt too wide) in paragraph at lines 1080--1082
[]| \T1/phv/m/n/10 DDSC_LOG_REFRESH_REM_PARTICIPANT_TIMEOUT_EC,
 []


Overfull \hbox (46.13751pt too wide) in paragraph at lines 1087--1089
[]| \T1/phv/m/n/10 DDSC_LOG_REMOTE_ENDPOINT_TRUST_STATE_RECORD,
 []

[1084]
Overfull \hbox (45.44434pt too wide) in paragraph at lines 1089--1091
[]| \T1/phv/m/n/10 DDSC_LOG_REMOTE_PARTICIPANT_KEY_NOT_EQUAL_EC,
 []


Overfull \hbox (30.73853pt too wide) in paragraph at lines 1091--1093
[]| \T1/phv/m/n/10 DDSC_LOG_REMOTE_PARTICIPANT_NAME_EMPTY_EC,
 []


Overfull \hbox (42.0694pt too wide) in paragraph at lines 1095--1097
[]| \T1/phv/m/n/10 DDSC_LOG_REMOTE_PUBLICATION_DATA_CHANGED_EC,
 []


Overfull \hbox (50.64626pt too wide) in paragraph at lines 1097--1099
[]| \T1/phv/m/n/10 DDSC_LOG_REMOTE_SUBSCRIPTION_DATA_CHANGED_EC,
 []


Underfull \hbox (badness 10000) in paragraph at lines 1101--1102
[]| \T1/phv/m/n/10 DDSC_LOG_REPRESENTATION_ID_SEQUENCE,
 []


Underfull \hbox (badness 10000) in paragraph at lines 1107--1108
[]| \T1/phv/m/n/10 DDSC_LOG_RESOURCE_LIMIT_QOS_POLICY,
 []


Underfull \hbox (badness 10000) in paragraph at lines 1125--1127
[]| \T1/phv/m/n/10 DDSC_LOG_SERIALIZE_DEFAULT_UNICAST_EC,
 []


Underfull \hbox (badness 10000) in paragraph at lines 1129--1131
[]| \T1/phv/m/n/10 DDSC_LOG_SERIALIZE_LEASE_DURATION_EC,
 []


Underfull \hbox (badness 10000) in paragraph at lines 1172--1174
[]| \T1/phv/m/n/10 DDSC_LOG_TRUST_ADVANCE_SN_FAILED_EC,
 []


Overfull \hbox (147.63795pt too wide) in paragraph at lines 1174--1176
[]| \T1/phv/m/n/10 DDSC_LOG_TRUST_AFTER_REMOTE_PARTICIPANT_AUTHENTICATED_FAILED
_EC,
 []


Overfull \hbox (103.86263pt too wide) in paragraph at lines 1176--1178
[]| \T1/phv/m/n/10 DDSC_LOG_TRUST_AFTER_REMOTE_PARTICIPANT_READY_FAILED_EC,
 []


Overfull \hbox (91.58672pt too wide) in paragraph at lines 1179--1181
[]| \T1/phv/m/n/10 DDSC_LOG_TRUST_ASSERT_AUTH_HANDSHAKE_STATE_FAILED_EC,
 []


Overfull \hbox (127.00996pt too wide) in paragraph at lines 1181--1183
[]| \T1/phv/m/n/10 DDSC_LOG_TRUST_ASSERT_PARTICIPANT_GENERIC_MESSAGE_FAILED_EC,

 []


Overfull \hbox (23.73677pt too wide) in paragraph at lines 1183--1185
[]| \T1/phv/m/n/10 DDSC_LOG_TRUST_ASSERT_PROPERTY_FAILED_EC,
 []


Overfull \hbox (20.41566pt too wide) in paragraph at lines 1185--1187
[]| \T1/phv/m/n/10 DDSC_LOG_TRUST_BEGIN_HANDSHAKE_REPLY_EC,
 []


Overfull \hbox (35.5804pt too wide) in paragraph at lines 1187--1189
[]| \T1/phv/m/n/10 DDSC_LOG_TRUST_BEGIN_HANDSHAKE_REQUEST_EC,
 []


Overfull \hbox (62.57126pt too wide) in paragraph at lines 1189--1191
[]| \T1/phv/m/n/10 DDSC_LOG_TRUST_BIND_REMOTE_DATAREADER_FAILED_EC,
 []


Overfull \hbox (60.11427pt too wide) in paragraph at lines 1191--1193
[]| \T1/phv/m/n/10 DDSC_LOG_TRUST_BIND_REMOTE_DATAWRITER_FAILED_EC,
 []


Overfull \hbox (111.90839pt too wide) in paragraph at lines 1193--1195
[]| \T1/phv/m/n/10 DDSC_LOG_TRUST_CACHE_REMOTE_PARTICIPANT_SAMPLE_FAILED_EC,
 []

[1085]
Overfull \hbox (69.85219pt too wide) in paragraph at lines 1195--1197
[]| \T1/phv/m/n/10 DDSC_LOG_TRUST_CHECK_CREATE_DATAREADER_FAILED_EC,
 []


Overfull \hbox (67.3952pt too wide) in paragraph at lines 1197--1199
[]| \T1/phv/m/n/10 DDSC_LOG_TRUST_CHECK_CREATE_DATAWRITER_FAILED_EC,
 []


Overfull \hbox (67.94409pt too wide) in paragraph at lines 1199--1201
[]| \T1/phv/m/n/10 DDSC_LOG_TRUST_CHECK_CREATE_PARTICIPANT_FAILED_EC,
 []


Overfull \hbox (72.57018pt too wide) in paragraph at lines 1201--1203
[]| \T1/phv/m/n/10 DDSC_LOG_TRUST_CHECK_REMOTE_DATAREADER_FAILED_EC,
 []


Overfull \hbox (70.11319pt too wide) in paragraph at lines 1203--1205
[]| \T1/phv/m/n/10 DDSC_LOG_TRUST_CHECK_REMOTE_DATAWRITER_FAILED_EC,
 []


Overfull \hbox (70.66208pt too wide) in paragraph at lines 1205--1207
[]| \T1/phv/m/n/10 DDSC_LOG_TRUST_CHECK_REMOTE_PARTICIPANT_FAILED_EC,
 []


Overfull \hbox (178.66048pt too wide) in paragraph at lines 1207--1209
[]| \T1/phv/m/n/10 DDSC_LOG_TRUST_CREATE_LOCAL_DATAREADER_INTERCEPTOR_TOKENS_FA
ILED_EC,
 []


Overfull \hbox (176.20349pt too wide) in paragraph at lines 1209--1211
[]| \T1/phv/m/n/10 DDSC_LOG_TRUST_CREATE_LOCAL_DATAWRITER_INTERCEPTOR_TOKENS_FA
ILED_EC,
 []


Overfull \hbox (21.72983pt too wide) in paragraph at lines 1211--1213
[]| \T1/phv/m/n/10 DDSC_LOG_TRUST_CREATE_LOCAL_DR_TOKEN_EC,
 []


Overfull \hbox (23.36786pt too wide) in paragraph at lines 1213--1215
[]| \T1/phv/m/n/10 DDSC_LOG_TRUST_CREATE_LOCAL_DW_TOKEN_EC,
 []


Overfull \hbox (140.95998pt too wide) in paragraph at lines 1215--1217
[]| \T1/phv/m/n/10 DDSC_LOG_TRUST_CREATE_LOCAL_PARTICIPANT_INTERCEPTOR_TOKENS_E
C,
 []


Overfull \hbox (48.5134pt too wide) in paragraph at lines 1219--1221
[]| \T1/phv/m/n/10 DDSC_LOG_TRUST_CREATE_TRUST_PLUGINS_FAILED_EC,
 []


Overfull \hbox (28.43471pt too wide) in paragraph at lines 1221--1223
[]| \T1/phv/m/n/10 DDSC_LOG_TRUST_DATA_HOLDER_COPY_FAILED_EC,
 []


Overfull \hbox (130.21402pt too wide) in paragraph at lines 1225--1227
[]| \T1/phv/m/n/10 DDSC_LOG_TRUST_ENDPOINT_INTERNAL_ATTRIBUTES_CREATE_FAILED_EC
,
 []


Overfull \hbox (55.81209pt too wide) in paragraph at lines 1227--1229
[]| \T1/phv/m/n/10 DDSC_LOG_TRUST_FAILED_VALIDATE_LOCAL_IDENTITY_EC,
 []


Overfull \hbox (91.75743pt too wide) in paragraph at lines 1229--1231
[]| \T1/phv/m/n/10 DDSC_LOG_TRUST_FINALIZE_AC_PLUGIN_PROPERTIES_FAILED_EC,
 []


Overfull \hbox (95.35753pt too wide) in paragraph at lines 1231--1233
[]| \T1/phv/m/n/10 DDSC_LOG_TRUST_FINALIZE_AUTH_HANDSHAKE_STATE_FAILED_EC,
 []


Overfull \hbox (113.31242pt too wide) in paragraph at lines 1233--1235
[]| \T1/phv/m/n/10 DDSC_LOG_TRUST_FINALIZE_REMOTE_PARTICIPANT_TRUST_FAILED_EC,
 []


Overfull \hbox (74.35194pt too wide) in paragraph at lines 1235--1237
[]| \T1/phv/m/n/10 DDSC_LOG_TRUST_GET_AUTH_HANDSHAKE_STATE_FAILED_EC,
 []


Overfull \hbox (158.5816pt too wide) in paragraph at lines 1237--1239
[]| \T1/phv/m/n/10 DDSC_LOG_TRUST_GET_AUTHENTICATED_PEER_CREDENTIAL_TOKEN_FAILE
D_EC,
 []


Overfull \hbox (110.90962pt too wide) in paragraph at lines 1239--1241
[]| \T1/phv/m/n/10 DDSC_LOG_TRUST_GET_DATAREADER_TRUST_ATTRIBUTES_FAILED_EC,
 []


Overfull \hbox (108.45264pt too wide) in paragraph at lines 1241--1243
[]| \T1/phv/m/n/10 DDSC_LOG_TRUST_GET_DATAWRITER_TRUST_ATTRIBUTES_FAILED_EC,
 []


Overfull \hbox (34.09549pt too wide) in paragraph at lines 1243--1245
[]| \T1/phv/m/n/10 DDSC_LOG_TRUST_GET_IDENTITY_TOKEN_FAILED_EC,
 []


Overfull \hbox (114.50047pt too wide) in paragraph at lines 1245--1247
[]| \T1/phv/m/n/10 DDSC_LOG_TRUST_GET_PARTICIPANT_TRUST_ATTTRIBUTES_FAILED_EC,
 []


Overfull \hbox (117.61401pt too wide) in paragraph at lines 1247--1249
[]| \T1/phv/m/n/10 DDSC_LOG_TRUST_GET_PERMISSIONS_CREDENTIAL_TOKEN_FAILED_EC,
 []


Overfull \hbox (55.60501pt too wide) in paragraph at lines 1249--1251
[]| \T1/phv/m/n/10 DDSC_LOG_TRUST_GET_PERMISSIONS_TOKEN_FAILED_EC,
 []


Overfull \hbox (36.45349pt too wide) in paragraph at lines 1251--1253
[]| \T1/phv/m/n/10 DDSC_LOG_TRUST_GET_SHARED_SECRET_FAILED_EC,
 []


Overfull \hbox (79.06798pt too wide) in paragraph at lines 1253--1255
[]| \T1/phv/m/n/10 DDSC_LOG_TRUST_GET_TOPIC_TRUST_ATTRIBUTES_FAILED_EC,
 []


Overfull \hbox (50.40315pt too wide) in paragraph at lines 1255--1257
[]| \T1/phv/m/n/10 DDSC_LOG_TRUST_IGNORED_HANDSHAKE_MESSAGE_EC,
 []


Overfull \hbox (45.3724pt too wide) in paragraph at lines 1257--1259
[]| \T1/phv/m/n/10 DDSC_LOG_TRUST_IGNORED_REMOTE_PARTICIPANT_EC,
 []


Overfull \hbox (108.98341pt too wide) in paragraph at lines 1259--1261
[]| \T1/phv/m/n/10 DDSC_LOG_TRUST_INCOMPATIBLE_ENDPOINT_TRUST_ATTRIBUTES_EC,
 []


Overfull \hbox (105.44623pt too wide) in paragraph at lines 1261--1263
[]| \T1/phv/m/n/10 DDSC_LOG_TRUST_INITIALIZE_PARTICIPANT_BUILTIN_DATA_FAILED_EC
,
 []


Overfull \hbox (75.17082pt too wide) in paragraph at lines 1263--1265
[]| \T1/phv/m/n/10 DDSC_LOG_TRUST_INITIALIZE_PARTICIPANT_TRUST_FAILED_EC,
 []


Overfull \hbox (54.34521pt too wide) in paragraph at lines 1265--1267
[]| \T1/phv/m/n/10 DDSC_LOG_TRUST_INVALID_AUTH_HANDSHAKE_STATE_EC,
 []


Overfull \hbox (60.94191pt too wide) in paragraph at lines 1267--1269
[]| \T1/phv/m/n/10 DDSC_LOG_TRUST_INVALID_GENERIC_MESSAGE_REPLY_EC,
 []


Overfull \hbox (19.94763pt too wide) in paragraph at lines 1269--1271
[]| \T1/phv/m/n/10 DDSC_LOG_TRUST_INVALID_IDENTITY_HANDLE_EC,
 []


Overfull \hbox (43.08641pt too wide) in paragraph at lines 1271--1273
[]| \T1/phv/m/n/10 DDSC_LOG_TRUST_INVALID_INTERCEPTOR_HANDLE_EC,
 []


Overfull \hbox (107.66034pt too wide) in paragraph at lines 1273--1275
[]| \T1/phv/m/n/10 DDSC_LOG_TRUST_INVALID_INTERCEPTOR_TOKENS_DESTINATION_EC,
 []


Overfull \hbox (43.23042pt too wide) in paragraph at lines 1275--1277
[]| \T1/phv/m/n/10 DDSC_LOG_TRUST_INVALID_INTERCEPTOR_TOKENS_EC,
 []


Overfull \hbox (89.76846pt too wide) in paragraph at lines 1277--1279
[]| \T1/phv/m/n/10 DDSC_LOG_TRUST_INVALID_PARTICIPANT_GENERIC_MESSAGE_EC,
 []


Overfull \hbox (22.01762pt too wide) in paragraph at lines 1279--1281
[]| \T1/phv/m/n/10 DDSC_LOG_TRUST_INVALID_PARTICIPANT_GUID_EC,
 []


Overfull \hbox (103.86238pt too wide) in paragraph at lines 1281--1283
[]| \T1/phv/m/n/10 DDSC_LOG_TRUST_INVALID_PARTICIPANT_INTERNAL_ATTRIBUTES_EC,
 []


Overfull \hbox (41.45715pt too wide) in paragraph at lines 1283--1285
[]| \T1/phv/m/n/10 DDSC_LOG_TRUST_INVALID_PERMISSIONS_HANDLE_EC,
 []


Overfull \hbox (80.98434pt too wide) in paragraph at lines 1285--1287
[]| \T1/phv/m/n/10 DDSC_LOG_TRUST_INVALID_SAMPLE_MAX_SERIALIZED_SIZE_EC,
 []


Overfull \hbox (16.44676pt too wide) in paragraph at lines 1287--1289
[]| \T1/phv/m/n/10 DDSC_LOG_TRUST_INVALID_SHARED_SECRET_EC,
 []


Overfull \hbox (17.6529pt too wide) in paragraph at lines 1289--1291
[]| \T1/phv/m/n/10 DDSC_LOG_TRUST_LOOKUP_FACTORY_FAILED_EC,
 []


Overfull \hbox (17.42781pt too wide) in paragraph at lines 1291--1293
[]| \T1/phv/m/n/10 DDSC_LOG_TRUST_PARSE_PROPERTY_FAILED_EC,
 []


Overfull \hbox (73.48795pt too wide) in paragraph at lines 1293--1295
[]| \T1/phv/m/n/10 DDSC_LOG_TRUST_PARTICIPANT_AUTHENTICATION_FAILED_EC,
 []


Overfull \hbox (140.78891pt too wide) in paragraph at lines 1295--1297
[]| \T1/phv/m/n/10 DDSC_LOG_TRUST_PARTICIPANT_INTERNAL_ATTRIBUTES_CREATE_FAILED
_EC,
 []


Overfull \hbox (141.52698pt too wide) in paragraph at lines 1297--1299
[]| \T1/phv/m/n/10 DDSC_LOG_TRUST_PARTICIPANT_UNEXPECTED_AUTHENTICATION_ERROR_E
C,
 []


Overfull \hbox (79.38277pt too wide) in paragraph at lines 1301--1303
[]| \T1/phv/m/n/10 DDSC_LOG_TRUST_PREPARE_AUTH_HANDSHAKE_MESSAGE_EC,
 []

[1086]
Overfull \hbox (17.54482pt too wide) in paragraph at lines 1303--1305
[]| \T1/phv/m/n/10 DDSC_LOG_TRUST_PREPARE_AUTH_REQUEST_EC,
 []


Overfull \hbox (109.9733pt too wide) in paragraph at lines 1305--1307
[]| \T1/phv/m/n/10 DDSC_LOG_TRUST_PREPARE_ENDPOINT_INTERCEPTOR_MESSAGE_EC,
 []


Overfull \hbox (33.74449pt too wide) in paragraph at lines 1307--1309
[]| \T1/phv/m/n/10 DDSC_LOG_TRUST_PREPARE_LOCAL_DP_TOKENS_EC,
 []


Overfull \hbox (104.3124pt too wide) in paragraph at lines 1309--1311
[]| \T1/phv/m/n/10 DDSC_LOG_TRUST_PREPARE_LOCAL_PARTICIPANT_STATE_FAILED_EC,
 []


Overfull \hbox (131.70813pt too wide) in paragraph at lines 1313--1315
[]| \T1/phv/m/n/10 DDSC_LOG_TRUST_PROCESS_REMOTE_INTERCEPTOR_TOKENS_FAILED_EC,
 []


Overfull \hbox (75.71101pt too wide) in paragraph at lines 1315--1317
[]| \T1/phv/m/n/10 DDSC_LOG_TRUST_REAUTH_REMOTE_PARTICIPANT_FAILED_EC,
 []


Overfull \hbox (78.44684pt too wide) in paragraph at lines 1317--1319
[]| \T1/phv/m/n/10 DDSC_LOG_TRUST_REGISTER_LOCAL_DATAREADER_FAILED_EC,
 []


Overfull \hbox (75.98985pt too wide) in paragraph at lines 1319--1321
[]| \T1/phv/m/n/10 DDSC_LOG_TRUST_REGISTER_LOCAL_DATAWRITER_FAILED_EC,
 []


Overfull \hbox (76.53874pt too wide) in paragraph at lines 1321--1323
[]| \T1/phv/m/n/10 DDSC_LOG_TRUST_REGISTER_LOCAL_PARTICIPANT_FAILED_EC,
 []


Overfull \hbox (135.49718pt too wide) in paragraph at lines 1323--1325
[]| \T1/phv/m/n/10 DDSC_LOG_TRUST_REGISTER_MATCHED_REMOTE_DATAREADER_FAILED_EC,

 []


Overfull \hbox (133.04019pt too wide) in paragraph at lines 1325--1327
[]| \T1/phv/m/n/10 DDSC_LOG_TRUST_REGISTER_MATCHED_REMOTE_DATAWRITER_FAILED_EC,

 []


Overfull \hbox (133.58908pt too wide) in paragraph at lines 1327--1329
[]| \T1/phv/m/n/10 DDSC_LOG_TRUST_REGISTER_MATCHED_REMOTE_PARTICIPANT_FAILED_EC
,
 []


Overfull \hbox (87.07784pt too wide) in paragraph at lines 1329--1331
[]| \T1/phv/m/n/10 DDSC_LOG_TRUST_REGISTER_REMOTE_DATAREADER_FAILED_EC,
 []


Overfull \hbox (84.62085pt too wide) in paragraph at lines 1331--1333
[]| \T1/phv/m/n/10 DDSC_LOG_TRUST_REGISTER_REMOTE_DATAWRITER_FAILED_EC,
 []


Overfull \hbox (132.78775pt too wide) in paragraph at lines 1333--1335
[]| \T1/phv/m/n/10 DDSC_LOG_TRUST_RELEASE_PARTICIPANT_GENERIC_MESSAGE_FAILED_EC
,
 []


Overfull \hbox (41.92546pt too wide) in paragraph at lines 1335--1337
[]| \T1/phv/m/n/10 DDSC_LOG_TRUST_REMOVE_REMOTE_PARTICIPANT_EC,
 []


Overfull \hbox (66.49493pt too wide) in paragraph at lines 1337--1339
[]| \T1/phv/m/n/10 DDSC_LOG_TRUST_RESEND_HANDSHAKE_IN_PROGRESS_EC,
 []


Overfull \hbox (81.69571pt too wide) in paragraph at lines 1339--1341
[]| \T1/phv/m/n/10 DDSC_LOG_TRUST_RESEND_HANDSHAKE_MESSAGE_FAILED_EC,
 []


Overfull \hbox (114.8513pt too wide) in paragraph at lines 1341--1343
[]| \T1/phv/m/n/10 DDSC_LOG_TRUST_RESEND_HANDSHAKE_MESSAGE_START_FAILED_EC,
 []


Overfull \hbox (61.59912pt too wide) in paragraph at lines 1343--1345
[]| \T1/phv/m/n/10 DDSC_LOG_TRUST_RESEND_HANDSHAKE_STOP_FAILED_EC,
 []


Overfull \hbox (103.80867pt too wide) in paragraph at lines 1345--1347
[]| \T1/phv/m/n/10 DDSC_LOG_TRUST_RESET_REMOTE_PARTICIPANT_TRUST_FAILED_EC,
 []


Overfull \hbox (177.57144pt too wide) in paragraph at lines 1347--1349
[]| \T1/phv/m/n/10 DDSC_LOG_TRUST_RETURN_AUTHENTICATED_PEER_CREDENTIAL_TOKEN_FA
ILED_EC,
 []


Overfull \hbox (127.44247pt too wide) in paragraph at lines 1349--1351
[]| \T1/phv/m/n/10 DDSC_LOG_TRUST_RETURN_DATAWRITER_TRUST_ATTRIBUTES_FAILED_EC,

 []


Overfull \hbox (73.94702pt too wide) in paragraph at lines 1351--1353
[]| \T1/phv/m/n/10 DDSC_LOG_TRUST_RETURN_HANDSHAKE_HANDLE_FAILED_EC,
 []


Overfull \hbox (58.9442pt too wide) in paragraph at lines 1353--1355
[]| \T1/phv/m/n/10 DDSC_LOG_TRUST_RETURN_IDENTITY_HANDLE_FAILED_EC,
 []


Overfull \hbox (53.08533pt too wide) in paragraph at lines 1355--1357
[]| \T1/phv/m/n/10 DDSC_LOG_TRUST_RETURN_IDENTITY_TOKEN_FAILED_EC,
 []


Overfull \hbox (82.22699pt too wide) in paragraph at lines 1357--1359
[]| \T1/phv/m/n/10 DDSC_LOG_TRUST_RETURN_INTERCEPTOR_TOKENS_FAILED_EC,
 []


Overfull \hbox (136.60385pt too wide) in paragraph at lines 1359--1361
[]| \T1/phv/m/n/10 DDSC_LOG_TRUST_RETURN_PERMISSIONS_CREDENTIAL_TOKEN_FAILED_EC
,
 []


Overfull \hbox (80.45372pt too wide) in paragraph at lines 1361--1363
[]| \T1/phv/m/n/10 DDSC_LOG_TRUST_RETURN_PERMISSIONS_HANDLE_FAILED_EC,
 []


Overfull \hbox (74.59485pt too wide) in paragraph at lines 1363--1365
[]| \T1/phv/m/n/10 DDSC_LOG_TRUST_RETURN_PERMISSIONS_TOKEN_FAILED_EC,
 []


Overfull \hbox (91.94678pt too wide) in paragraph at lines 1365--1367
[]| \T1/phv/m/n/10 DDSC_LOG_TRUST_RETURN_SHAREDSECRET_HANDLE_FAILED_EC,
 []


Overfull \hbox (36.40852pt too wide) in paragraph at lines 1367--1369
[]| \T1/phv/m/n/10 DDSC_LOG_TRUST_SEND_AUTH_REQUEST_FAILED_EC,
 []


Overfull \hbox (111.4404pt too wide) in paragraph at lines 1369--1371
[]| \T1/phv/m/n/10 DDSC_LOG_TRUST_SEND_ENDPOINT_INTERCEPTOR_STATE_FAILED_EC,
 []


Underfull \hbox (badness 10000) in paragraph at lines 1371--1372
[]| \T1/phv/m/n/10 DDSC_LOG_TRUST_SEND_HANDSHAKE_EC,
 []


Overfull \hbox (69.1949pt too wide) in paragraph at lines 1372--1374
[]| \T1/phv/m/n/10 DDSC_LOG_TRUST_SEND_HANDSHAKE_MESSAGE_FAILED_EC,
 []


Overfull \hbox (122.01529pt too wide) in paragraph at lines 1374--1376
[]| \T1/phv/m/n/10 DDSC_LOG_TRUST_SEND_PARTICIPANT_INTERCEPTOR_STATE_FAILED_EC,

 []


Overfull \hbox (73.35297pt too wide) in paragraph at lines 1378--1380
[]| \T1/phv/m/n/10 DDSC_LOG_TRUST_SET_AUTH_HANDSHAKE_STATE_FAILED_EC,
 []


Overfull \hbox (116.61504pt too wide) in paragraph at lines 1380--1382
[]| \T1/phv/m/n/10 DDSC_LOG_TRUST_SET_PERMISSIONS_CREDENTIAL_TOKEN_FAILED_EC,
 []


Overfull \hbox (169.3727pt too wide) in paragraph at lines 1382--1384
[]| \T1/phv/m/n/10 DDSC_LOG_TRUST_SET_REMOTE_DATAREADER_INTERCEPTOR_TOKENS_FAIL
ED_EC,
 []


Overfull \hbox (166.91571pt too wide) in paragraph at lines 1384--1386
[]| \T1/phv/m/n/10 DDSC_LOG_TRUST_SET_REMOTE_DATAWRITER_INTERCEPTOR_TOKENS_FAIL
ED_EC,
 []


Overfull \hbox (167.4646pt too wide) in paragraph at lines 1386--1388
[]| \T1/phv/m/n/10 DDSC_LOG_TRUST_SET_REMOTE_PARTICIPANT_INTERCEPTOR_TOKENS_FAI
LED_EC,
 []


Overfull \hbox (138.80865pt too wide) in paragraph at lines 1388--1390
[]| \T1/phv/m/n/10 DDSC_LOG_TRUST_TRANFORM_INCOMING_SERIALIZED_PAYLOAD_FAILED_E
C,
 []


Overfull \hbox (141.8146pt too wide) in paragraph at lines 1390--1392
[]| \T1/phv/m/n/10 DDSC_LOG_TRUST_TRANFORM_OUTGOING_SERIALIZED_PAYLOAD_FAILED_E
C,
 []


Overfull \hbox (74.41508pt too wide) in paragraph at lines 1392--1394
[]| \T1/phv/m/n/10 DDSC_LOG_TRUST_UNAUTHORIZED_REMOTE_PARTICIPANT_EC,
 []


Overfull \hbox (103.22366pt too wide) in paragraph at lines 1394--1396
[]| \T1/phv/m/n/10 DDSC_LOG_TRUST_UNEXPECTED_REMOTE_PARTICIPANT_STATUS_EC,
 []


Overfull \hbox (55.52426pt too wide) in paragraph at lines 1396--1398
[]| \T1/phv/m/n/10 DDSC_LOG_TRUST_UNEXPECTED_VALIDATION_RESULT_EC,
 []


Underfull \hbox (badness 10000) in paragraph at lines 1400--1402
[]| \T1/phv/m/n/10 DDSC_LOG_TRUST_UNKNOWN_SERVICEID_EC,
 []


Overfull \hbox (56.9283pt too wide) in paragraph at lines 1402--1404
[]| \T1/phv/m/n/10 DDSC_LOG_TRUST_UNREGISTER_DATAREADER_FAILED_EC,
 []


Overfull \hbox (54.47131pt too wide) in paragraph at lines 1404--1406
[]| \T1/phv/m/n/10 DDSC_LOG_TRUST_UNREGISTER_DATAWRITER_FAILED_EC,
 []


Overfull \hbox (55.0202pt too wide) in paragraph at lines 1406--1408
[]| \T1/phv/m/n/10 DDSC_LOG_TRUST_UNREGISTER_PARTICIPANT_FAILED_EC,
 []


Overfull \hbox (100.07368pt too wide) in paragraph at lines 1408--1410
[]| \T1/phv/m/n/10 DDSC_LOG_TRUST_UNREGISTER_REMOTE_DATAREADER_FAILED_EC,
 []

[1087]
Overfull \hbox (97.6167pt too wide) in paragraph at lines 1410--1412
[]| \T1/phv/m/n/10 DDSC_LOG_TRUST_UNREGISTER_REMOTE_DATAWRITER_FAILED_EC,
 []


Overfull \hbox (105.97765pt too wide) in paragraph at lines 1412--1414
[]| \T1/phv/m/n/10 DDSC_LOG_TRUST_VALIDATE_LOCAL_DATAWRITER_TRUST_FAILED_EC,
 []


Overfull \hbox (117.06563pt too wide) in paragraph at lines 1414--1416
[]| \T1/phv/m/n/10 DDSC_LOG_TRUST_VALIDATE_REMOTE_DATAREADER_TRUST_FAILED_EC,
 []


Overfull \hbox (114.60864pt too wide) in paragraph at lines 1416--1418
[]| \T1/phv/m/n/10 DDSC_LOG_TRUST_VALIDATE_REMOTE_DATAWRITER_TRUST_FAILED_EC,
 []


Overfull \hbox (28.65068pt too wide) in paragraph at lines 1418--1420
[]| \T1/phv/m/n/10 DDSC_LOG_TRUST_VALIDATE_REMOTE_IDENTITY_EC,
 []


Underfull \hbox (badness 10000) in paragraph at lines 1422--1423
[]| \T1/phv/m/n/10 DDSC_LOG_TYPE_FUNCTION_COPY_SAMPLE,
 []


Underfull \hbox (badness 10000) in paragraph at lines 1429--1431
[]| \T1/phv/m/n/10 DDSC_LOG_TYPE_FUNCTION_GET_KEY_KIND,
 []


Overfull \hbox (93.0621pt too wide) in paragraph at lines 1431--1433
[]| \T1/phv/m/n/10 DDSC_LOG_TYPE_FUNCTION_GET_SERIALIZED_SAMPLE_MAX_SIZE,
 []


Overfull \hbox (35.58942pt too wide) in paragraph at lines 1433--1435
[]| \T1/phv/m/n/10 DDSC_LOG_TYPE_FUNCTION_INSTANCE_TO_KEYHASH,
 []


Underfull \hbox (badness 10000) in paragraph at lines 1436--1438
[]| \T1/phv/m/n/10 DDSC_LOG_TYPE_FUNCTION_SERIALIZE_DATA,
 []


Underfull \hbox (badness 10000) in paragraph at lines 1444--1446
[]| \T1/phv/m/n/10 DDSC_LOG_TYPE_PLUGIN_GET_BUFFER_EC,
 []


Overfull \hbox (15.52855pt too wide) in paragraph at lines 1446--1448
[]| \T1/phv/m/n/10 DDSC_LOG_TYPE_PLUGIN_INCONSISTENT_DR_EC,
 []


Overfull \hbox (38.96446pt too wide) in paragraph at lines 1451--1453
[]| \T1/phv/m/n/10 DDSC_LOG_UNKNOWN_REMOTE_PARTICIPANT_KEY_EC,
 []


Overfull \hbox (46.9564pt too wide) in paragraph at lines 1453--1455
[]| \T1/phv/m/n/10 DDSC_LOG_UNKNOWN_REMOTE_PARTICIPANT_NAME_EC,
 []


Overfull \hbox (16.5097pt too wide) in paragraph at lines 1457--1459
[]| \T1/phv/m/n/10 DDSC_LOG_UPDATE_LEASE_DURATION_TIMER_EC,
 []


Underfull \hbox (badness 10000) in paragraph at lines 1459--1461
[]| \T1/phv/m/n/10 DDSC_LOG_UPDATE_LIVELINESS_FAILED_EC,
 []


Overfull \hbox (25.2308pt too wide) in paragraph at lines 1461--1463
[]| \T1/phv/m/n/10 DDSC_LOG_UPDATE_REMOTE_CONTENT_FILTER_EC,
 []


Overfull \hbox (80.51692pt too wide) in paragraph at lines 1466--1468
[]| \T1/phv/m/n/10 DDSC_LOG_VALIDATE_REMOTE_PARTICIPANT_TRUST_FAILED_EC,
 []


Underfull \hbox (badness 10000) in paragraph at lines 1469--1470
[]| \T1/phv/m/n/10 DDSC_LOG_WRITERHISTORY_COMPONENT,
 []


Underfull \hbox (badness 10000) in paragraph at lines 1470--1471
[]| \T1/phv/m/n/10 DDSC_LOG_WS_ADD_COND_REFERENCE_EC,
 []


Overfull \hbox (51.53705pt too wide) in paragraph at lines 1474--1476
[]| \T1/phv/m/n/10 DDSC_LOG_XTYPES_LOANED_SAMPLE_STATE_ERROR_EC,
 []


Overfull \hbox (65.75693pt too wide) in paragraph at lines 1476--1478
[]| \T1/phv/m/n/10 DDSC_TRUST_INVALID_PARTICIPANT_GENERIC_MESSAGE_EC,
 []


Underfull \hbox (badness 10000) in paragraph at lines 1499--1500
[]| \T1/phv/m/n/10 DDSHST_READER_DEFAULT_HISTORY_NAME,
 []


Underfull \hbox (badness 10000) in paragraph at lines 1509--1510
[]| \T1/phv/m/n/10 DDSHST_WRITER_DEFAULT_HISTORY_NAME,
 []

[1088] [1089]
Overfull \hbox (20.38615pt too wide) in paragraph at lines 1639--1640
[]\T1/phv/m/n/10 DDS_DataReaderListener_RequestedDeadlineMissedCallback 
 []


Overfull \hbox (23.71596pt too wide) in paragraph at lines 1641--1642
[]\T1/phv/m/n/10 DDS_DataReaderListener_RequestedIncompatibleQosCallback 
 []


Overfull \hbox (21.22499pt too wide) in paragraph at lines 1689--1691
[]| \T1/phv/m/n/10 shmem_ref_transfer_mode_attached_segment_allocation,
 []


Overfull \hbox (19.53061pt too wide) in paragraph at lines 1722--1723
[]\T1/phv/m/n/10 DDS_DataWriter_get_reliable_reader_activity_changed_status 
 []

[1090]
Overfull \hbox (34.32666pt too wide) in paragraph at lines 1751--1752
[]\T1/phv/m/n/10 DDS_DataWriterListener_ReliableReaderActivityChangedCallback 
 []


Overfull \hbox (39.01581pt too wide) in paragraph at lines 1753--1754
[]\T1/phv/m/n/10 DDS_DataWriterListener_ReliableSampleUnacknowledgedCallback 
 []

[1091]
Overfull \hbox (25.24553pt too wide) in paragraph at lines 1904--1905
[]\T1/phv/m/n/10 DDS_DomainParticipantFactory_create_participant_from_config 
 []


Overfull \hbox (16.56981pt too wide) in paragraph at lines 1920--1921
[]\T1/phv/m/n/10 DDS_DomainParticipantFactory_lookup_participant_by_name 
 []

[1092] [1093]
Overfull \hbox (23.04358pt too wide) in paragraph at lines 2058--2060
[]| \T1/phv/m/n/10 DDS_FILTER_LOG_CONTENT_FILTER_NAME_STRING,
 []


Overfull \hbox (56.19907pt too wide) in paragraph at lines 2060--2062
[]| \T1/phv/m/n/10 DDS_FILTER_LOG_CONTENT_FILTER_NAME_TOO_LONG_EC,
 []


Overfull \hbox (67.69188pt too wide) in paragraph at lines 2062--2064
[]| \T1/phv/m/n/10 DDS_FILTER_LOG_CONTENT_FILTERED_TOPIC_NAME_STRING,
 []


Overfull \hbox (17.19373pt too wide) in paragraph at lines 2066--2068
[]| \T1/phv/m/n/10 DDS_FILTER_LOG_FILTER_CLASS_NOT_FOUND_EC,
 []


Overfull \hbox (20.55948pt too wide) in paragraph at lines 2071--2073
[]| \T1/phv/m/n/10 DDS_FILTER_LOG_FILTER_CLASS_UNREGISTER_EC,
 []


Overfull \hbox (47.06401pt too wide) in paragraph at lines 2079--2081
[]| \T1/phv/m/n/10 DDS_FILTER_LOG_FILTER_EXPRESSION_MAX_COUNT_EC,
 []


Overfull \hbox (66.98964pt too wide) in paragraph at lines 2081--2083
[]| \T1/phv/m/n/10 DDS_FILTER_LOG_FILTER_EXPRESSION_PARAMETER_STRING,
 []


Overfull \hbox (18.96669pt too wide) in paragraph at lines 2085--2087
[]| \T1/phv/m/n/10 DDS_FILTER_LOG_FILTER_PARAMETER_COUNT_EC,
 []


Overfull \hbox (44.26521pt too wide) in paragraph at lines 2087--2089
[]| \T1/phv/m/n/10 DDS_FILTER_LOG_FILTER_PLUGIN_FACTORY_IN_USE_EC,
 []


Overfull \hbox (17.10362pt too wide) in paragraph at lines 2100--2102
[]| \T1/phv/m/n/10 DDS_FILTER_LOG_RELATED_TOPIC_NAME_STRING,
 []


Overfull \hbox (35.19337pt too wide) in paragraph at lines 2103--2105
[]| \T1/phv/m/n/10 DDS_FILTER_LOG_SQL_ENUM_LABEL_NOT_FOUND_EC,
 []


Overfull \hbox (33.55522pt too wide) in paragraph at lines 2109--2111
[]| \T1/phv/m/n/10 DDS_FILTER_LOG_SQL_INTEGER_OUT_OF_RANGE_EC,
 []


Underfull \hbox (badness 10000) in paragraph at lines 2111--2113
[]| \T1/phv/m/n/10 DDS_FILTER_LOG_SQL_INVALID_TOKEN_EC,
 []


Overfull \hbox (50.48392pt too wide) in paragraph at lines 2113--2115
[]| \T1/phv/m/n/10 DDS_FILTER_LOG_SQL_MAX_PREDICATES_EXCEEDED_EC,
 []


Overfull \hbox (42.78915pt too wide) in paragraph at lines 2119--2121
[]| \T1/phv/m/n/10 DDS_FILTER_LOG_SQL_UNSUPPORTED_FIELD_TYPE_EC,
 []


Overfull \hbox (43.2842pt too wide) in paragraph at lines 2121--2123
[]| \T1/phv/m/n/10 DDS_FILTER_LOG_SQL_UNSUPPORTED_TYPE_CODE_EC,
 []


Overfull \hbox (16.68967pt too wide) in paragraph at lines 2125--2127
[]| \T1/phv/m/n/10 DDS_FILTER_LOG_STRING_MANAGER_CREATE_EC,
 []


Overfull \hbox (91.40656pt too wide) in paragraph at lines 2132--2134
[]| \T1/phv/m/n/10 DDS_FILTER_LOG_WRITER_FILTER_EVALUATE_OUT_OF_ORDER_EC,
 []


Overfull \hbox (48.60306pt too wide) in paragraph at lines 2134--2136
[]| \T1/phv/m/n/10 DDS_FILTER_LOG_WRITER_FILTER_REMOVE_READER_EC,
 []


Overfull \hbox (16.55455pt too wide) in paragraph at lines 2136--2138
[]| \T1/phv/m/n/10 DDS_FILTER_LOG_WRITER_FILTER_SEND_GAP_EC,
 []


Overfull \hbox (37.70438pt too wide) in paragraph at lines 2138--2140
[]| \T1/phv/m/n/10 DDS_FILTER_LOG_WRITER_FILTER_STORE_RESULT_EC,
 []


Overfull \hbox (37.5599pt too wide) in paragraph at lines 2140--2142
[]| \T1/phv/m/n/10 DDS_FILTER_LOG_WRITER_SERIALIZE_INLINE_QOS_EC,
 []


Underfull \hbox (badness 10000) in paragraph at lines 2146--2148
[]| \T1/phv/m/n/10 DDS_FILTER_LOG_FILTER_PLUGIN_BUFFER,
 []


Overfull \hbox (30.1626pt too wide) in paragraph at lines 2148--2150
[]| \T1/phv/m/n/10 DDS_FILTER_LOG_FILTER_PLUGIN_FACTORY_BUFFER,
 []


Underfull \hbox (badness 10000) in paragraph at lines 2153--2155
[]| \T1/phv/m/n/10 DDS_FILTER_LOG_WRITER_FILTER_BUFFER,
 []


Overfull \hbox (33.69717pt too wide) in paragraph at lines 2161--2162
[]\T1/phv/m/n/10 DDS_FILTER_LOG_CONTENT_FILTER_NAME_TOO_LONG_EC 
 []


Overfull \hbox (45.18999pt too wide) in paragraph at lines 2163--2164
[]\T1/phv/m/n/10 DDS_FILTER_LOG_CONTENT_FILTERED_TOPIC_NAME_STRING 
 []

[1094]
Overfull \hbox (24.56212pt too wide) in paragraph at lines 2183--2184
[]\T1/phv/m/n/10 DDS_FILTER_LOG_FILTER_EXPRESSION_MAX_COUNT_EC 
 []


Overfull \hbox (44.48775pt too wide) in paragraph at lines 2185--2186
[]\T1/phv/m/n/10 DDS_FILTER_LOG_FILTER_EXPRESSION_PARAMETER_STRING 
 []


Overfull \hbox (21.76332pt too wide) in paragraph at lines 2195--2196
[]\T1/phv/m/n/10 DDS_FILTER_LOG_FILTER_PLUGIN_FACTORY_IN_USE_EC 
 []


Overfull \hbox (27.98203pt too wide) in paragraph at lines 2231--2232
[]\T1/phv/m/n/10 DDS_FILTER_LOG_SQL_MAX_PREDICATES_EXCEEDED_EC 
 []


Overfull \hbox (20.28726pt too wide) in paragraph at lines 2237--2238
[]\T1/phv/m/n/10 DDS_FILTER_LOG_SQL_UNSUPPORTED_FIELD_TYPE_EC 
 []


Overfull \hbox (20.7823pt too wide) in paragraph at lines 2239--2240
[]\T1/phv/m/n/10 DDS_FILTER_LOG_SQL_UNSUPPORTED_TYPE_CODE_EC 
 []


Overfull \hbox (68.90466pt too wide) in paragraph at lines 2259--2260
[]\T1/phv/m/n/10 DDS_FILTER_LOG_WRITER_FILTER_EVALUATE_OUT_OF_ORDER_EC 
 []


Overfull \hbox (26.10117pt too wide) in paragraph at lines 2261--2262
[]\T1/phv/m/n/10 DDS_FILTER_LOG_WRITER_FILTER_REMOVE_READER_EC 
 []


Overfull \hbox (15.20248pt too wide) in paragraph at lines 2265--2266
[]\T1/phv/m/n/10 DDS_FILTER_LOG_WRITER_FILTER_STORE_RESULT_EC 
 []


Overfull \hbox (15.05801pt too wide) in paragraph at lines 2267--2268
[]\T1/phv/m/n/10 DDS_FILTER_LOG_WRITER_SERIALIZE_INLINE_QOS_EC 
 []

[1095]
Overfull \hbox (28.95409pt too wide) in paragraph at lines 2351--2352
[]\T1/phv/m/n/10 DDS_IMMUTABLE_TYPECODE_SYSTEM_EXCEPTION_CODE 
 []

[1096]
Overfull \hbox (98.01015pt too wide) in paragraph at lines 2442--2443
[]\T1/phv/m/n/10 DDS_LOG_TRUST_ASSERT_PARTICIPANT_GENERIC_MESSAGE_FAILED_EC 
 []

[1097]
Overfull \hbox (18.37036pt too wide) in paragraph at lines 2588--2589
[]\T1/phv/m/n/10 DDS_PSK_ACCESS_CONTROL_GET_CONFIG_FAILED_EC 
 []


Overfull \hbox (43.35405pt too wide) in paragraph at lines 2590--2591
[]\T1/phv/m/n/10 DDS_PSK_ACCESS_CONTROL_PARSE_PROPERTY_FAILED_EC 
 []


Overfull \hbox (58.19484pt too wide) in paragraph at lines 2596--2597
[]\T1/phv/m/n/10 DDS_PSK_INTERCEPTOR_ASSERT_MASTER_HANDLE_FAILED_EC 
 []


Overfull \hbox (43.19202pt too wide) in paragraph at lines 2598--2599
[]\T1/phv/m/n/10 DDS_PSK_INTERCEPTOR_ASSERT_MASTER_INFO_FAILED_EC 
 []

[1098]
Overfull \hbox (45.7028pt too wide) in paragraph at lines 2600--2601
[]\T1/phv/m/n/10 DDS_PSK_INTERCEPTOR_ASSERT_SESSION_INFO_FAILED_EC 
 []


Overfull \hbox (27.45126pt too wide) in paragraph at lines 2606--2607
[]\T1/phv/m/n/10 DDS_PSK_INTERCEPTOR_DECODE_INFO_SRC_FAILED_EC 
 []


Overfull \hbox (62.97353pt too wide) in paragraph at lines 2608--2609
[]\T1/phv/m/n/10 DDS_PSK_INTERCEPTOR_DECODE_LOOKUP_POSTFIX_FAILED_EC 
 []


Overfull \hbox (100.49426pt too wide) in paragraph at lines 2610--2611
[]\T1/phv/m/n/10 DDS_PSK_INTERCEPTOR_DECODE_PROCESS_TOTAL_HEADER_FAILED_EC 
 []


Overfull \hbox (54.92784pt too wide) in paragraph at lines 2612--2613
[]\T1/phv/m/n/10 DDS_PSK_INTERCEPTOR_DECODE_RTPS_MESSAGE_FAILED_EC 
 []


Overfull \hbox (72.7025pt too wide) in paragraph at lines 2614--2615
[]\T1/phv/m/n/10 DDS_PSK_INTERCEPTOR_DECODE_SEC_RTPS_POSTFIX_FAILED_EC 
 []


Overfull \hbox (66.69962pt too wide) in paragraph at lines 2616--2617
[]\T1/phv/m/n/10 DDS_PSK_INTERCEPTOR_DECODE_SEC_RTPS_PREFIX_FAILED_EC 
 []


Overfull \hbox (54.92784pt too wide) in paragraph at lines 2618--2619
[]\T1/phv/m/n/10 DDS_PSK_INTERCEPTOR_ENCODE_RTPS_MESSAGE_FAILED_EC 
 []


Overfull \hbox (71.4783pt too wide) in paragraph at lines 2620--2621
[]\T1/phv/m/n/10 DDS_PSK_INTERCEPTOR_ENCODE_SERIALIZE_POSTFIX_FAILED_EC 
 []


Overfull \hbox (65.47542pt too wide) in paragraph at lines 2622--2623
[]\T1/phv/m/n/10 DDS_PSK_INTERCEPTOR_ENCODE_SERIALIZE_PREFIX_FAILED_EC 
 []


Overfull \hbox (76.16734pt too wide) in paragraph at lines 2624--2625
[]\T1/phv/m/n/10 DDS_PSK_INTERCEPTOR_ENCODE_SERIALIZE_SECBODY_FAILED_EC 
 []


Overfull \hbox (40.96007pt too wide) in paragraph at lines 2626--2627
[]\T1/phv/m/n/10 DDS_PSK_INTERCEPTOR_GET_MASTER_HANDLE_FAILED_EC 
 []


Overfull \hbox (50.79703pt too wide) in paragraph at lines 2628--2629
[]\T1/phv/m/n/10 DDS_PSK_INTERCEPTOR_GET_TRANSFORM_STATE_FAILED_EC 
 []


Overfull \hbox (63.59454pt too wide) in paragraph at lines 2632--2633
[]\T1/phv/m/n/10 DDS_PSK_INTERCEPTOR_KEY_MATERIAL_DERIVATION_FAILED_EC 
 []


Overfull \hbox (42.81386pt too wide) in paragraph at lines 2634--2635
[]\T1/phv/m/n/10 DDS_PSK_INTERCEPTOR_PASSPHRASE_PARSING_FAILED_EC 
 []


Overfull \hbox (38.44913pt too wide) in paragraph at lines 2636--2637
[]\T1/phv/m/n/10 DDS_PSK_INTERCEPTOR_PASSPHRASE_UPDATE_FAILED_EC 
 []


Overfull \hbox (31.93318pt too wide) in paragraph at lines 2638--2639
[]\T1/phv/m/n/10 DDS_PSK_INTERCEPTOR_PROPERTY_PARSING_FAILED_EC 
 []


Overfull \hbox (46.53093pt too wide) in paragraph at lines 2640--2641
[]\T1/phv/m/n/10 DDS_PSK_INTERCEPTOR_REGISTER_PARTICIPANT_FAILED_EC 
 []


Overfull \hbox (57.44789pt too wide) in paragraph at lines 2642--2643
[]\T1/phv/m/n/10 DDS_PSK_INTERCEPTOR_SECTRANSFORM_DECODE_FAILED_EC 
 []


Overfull \hbox (75.37556pt too wide) in paragraph at lines 2644--2645
[]\T1/phv/m/n/10 DDS_PSK_INTERCEPTOR_SECTRANSFORM_MANIPULATE_FAILED_EC 
 []


Overfull \hbox (108.68375pt too wide) in paragraph at lines 2646--2647
[]\T1/phv/m/n/10 DDS_PSK_INTERCEPTOR_SENDER_KEY_ID_PREFIX_DERIVATION_FAILED_EC 

 []


Overfull \hbox (41.46388pt too wide) in paragraph at lines 2648--2649
[]\T1/phv/m/n/10 DDS_PSK_INTERCEPTOR_SESSION_INFO_MUTEX_FAILED_EC 
 []


Overfull \hbox (59.67949pt too wide) in paragraph at lines 2650--2651
[]\T1/phv/m/n/10 DDS_PSK_INTERCEPTOR_SESSION_KEY_DERIVATION_FAILED_EC 
 []


Overfull \hbox (35.38927pt too wide) in paragraph at lines 2652--2653
[]\T1/phv/m/n/10 DDS_PSK_INTERCEPTOR_UNSUPPORTED_URI_SCHEME_EC 
 []


Overfull \hbox (40.87225pt too wide) in paragraph at lines 2661--2663
[]| \T1/phv/m/n/10 DDS_PSK_ACCESS_CONTROL_GET_CONFIG_FAILED_EC,
 []


Overfull \hbox (65.85594pt too wide) in paragraph at lines 2663--2665
[]| \T1/phv/m/n/10 DDS_PSK_ACCESS_CONTROL_PARSE_PROPERTY_FAILED_EC,
 []


Overfull \hbox (80.69673pt too wide) in paragraph at lines 2666--2668
[]| \T1/phv/m/n/10 DDS_PSK_INTERCEPTOR_ASSERT_MASTER_HANDLE_FAILED_EC,
 []


Overfull \hbox (65.69391pt too wide) in paragraph at lines 2668--2670
[]| \T1/phv/m/n/10 DDS_PSK_INTERCEPTOR_ASSERT_MASTER_INFO_FAILED_EC,
 []


Overfull \hbox (68.2047pt too wide) in paragraph at lines 2670--2672
[]| \T1/phv/m/n/10 DDS_PSK_INTERCEPTOR_ASSERT_SESSION_INFO_FAILED_EC,
 []


Overfull \hbox (35.4455pt too wide) in paragraph at lines 2672--2674
[]| \T1/phv/m/n/10 DDS_PSK_INTERCEPTOR_COMPUTE_HKDF_FAILED_EC,
 []


Overfull \hbox (49.95316pt too wide) in paragraph at lines 2676--2678
[]| \T1/phv/m/n/10 DDS_PSK_INTERCEPTOR_DECODE_INFO_SRC_FAILED_EC,
 []


Overfull \hbox (85.47542pt too wide) in paragraph at lines 2678--2680
[]| \T1/phv/m/n/10 DDS_PSK_INTERCEPTOR_DECODE_LOOKUP_POSTFIX_FAILED_EC,
 []


Overfull \hbox (122.99615pt too wide) in paragraph at lines 2680--2682
[]| \T1/phv/m/n/10 DDS_PSK_INTERCEPTOR_DECODE_PROCESS_TOTAL_HEADER_FAILED_EC,
 []


Overfull \hbox (77.42973pt too wide) in paragraph at lines 2682--2684
[]| \T1/phv/m/n/10 DDS_PSK_INTERCEPTOR_DECODE_RTPS_MESSAGE_FAILED_EC,
 []


Overfull \hbox (95.20439pt too wide) in paragraph at lines 2684--2686
[]| \T1/phv/m/n/10 DDS_PSK_INTERCEPTOR_DECODE_SEC_RTPS_POSTFIX_FAILED_EC,
 []


Overfull \hbox (89.2015pt too wide) in paragraph at lines 2686--2688
[]| \T1/phv/m/n/10 DDS_PSK_INTERCEPTOR_DECODE_SEC_RTPS_PREFIX_FAILED_EC,
 []


Overfull \hbox (77.42973pt too wide) in paragraph at lines 2688--2690
[]| \T1/phv/m/n/10 DDS_PSK_INTERCEPTOR_ENCODE_RTPS_MESSAGE_FAILED_EC,
 []


Overfull \hbox (93.9802pt too wide) in paragraph at lines 2690--2692
[]| \T1/phv/m/n/10 DDS_PSK_INTERCEPTOR_ENCODE_SERIALIZE_POSTFIX_FAILED_EC,
 []


Overfull \hbox (87.97731pt too wide) in paragraph at lines 2692--2694
[]| \T1/phv/m/n/10 DDS_PSK_INTERCEPTOR_ENCODE_SERIALIZE_PREFIX_FAILED_EC,
 []


Overfull \hbox (98.66924pt too wide) in paragraph at lines 2694--2696
[]| \T1/phv/m/n/10 DDS_PSK_INTERCEPTOR_ENCODE_SERIALIZE_SECBODY_FAILED_EC,
 []


Overfull \hbox (63.46196pt too wide) in paragraph at lines 2696--2698
[]| \T1/phv/m/n/10 DDS_PSK_INTERCEPTOR_GET_MASTER_HANDLE_FAILED_EC,
 []


Overfull \hbox (73.29892pt too wide) in paragraph at lines 2698--2700
[]| \T1/phv/m/n/10 DDS_PSK_INTERCEPTOR_GET_TRANSFORM_STATE_FAILED_EC,
 []


Overfull \hbox (25.87831pt too wide) in paragraph at lines 2700--2702
[]| \T1/phv/m/n/10 DDS_PSK_INTERCEPTOR_INITIALIZATION_FAILED_EC,
 []


Overfull \hbox (86.09644pt too wide) in paragraph at lines 2702--2704
[]| \T1/phv/m/n/10 DDS_PSK_INTERCEPTOR_KEY_MATERIAL_DERIVATION_FAILED_EC,
 []


Overfull \hbox (65.31575pt too wide) in paragraph at lines 2704--2706
[]| \T1/phv/m/n/10 DDS_PSK_INTERCEPTOR_PASSPHRASE_PARSING_FAILED_EC,
 []


Overfull \hbox (60.95102pt too wide) in paragraph at lines 2706--2708
[]| \T1/phv/m/n/10 DDS_PSK_INTERCEPTOR_PASSPHRASE_UPDATE_FAILED_EC,
 []

[1099]
Overfull \hbox (54.43507pt too wide) in paragraph at lines 2708--2710
[]| \T1/phv/m/n/10 DDS_PSK_INTERCEPTOR_PROPERTY_PARSING_FAILED_EC,
 []


Overfull \hbox (69.03282pt too wide) in paragraph at lines 2710--2712
[]| \T1/phv/m/n/10 DDS_PSK_INTERCEPTOR_REGISTER_PARTICIPANT_FAILED_EC,
 []


Overfull \hbox (79.94978pt too wide) in paragraph at lines 2712--2714
[]| \T1/phv/m/n/10 DDS_PSK_INTERCEPTOR_SECTRANSFORM_DECODE_FAILED_EC,
 []


Overfull \hbox (97.87746pt too wide) in paragraph at lines 2714--2716
[]| \T1/phv/m/n/10 DDS_PSK_INTERCEPTOR_SECTRANSFORM_MANIPULATE_FAILED_EC,
 []


Overfull \hbox (131.18564pt too wide) in paragraph at lines 2716--2718
[]| \T1/phv/m/n/10 DDS_PSK_INTERCEPTOR_SENDER_KEY_ID_PREFIX_DERIVATION_FAILED_E
C,
 []


Overfull \hbox (63.96577pt too wide) in paragraph at lines 2718--2720
[]| \T1/phv/m/n/10 DDS_PSK_INTERCEPTOR_SESSION_INFO_MUTEX_FAILED_EC,
 []


Overfull \hbox (82.18138pt too wide) in paragraph at lines 2720--2722
[]| \T1/phv/m/n/10 DDS_PSK_INTERCEPTOR_SESSION_KEY_DERIVATION_FAILED_EC,
 []


Overfull \hbox (57.89116pt too wide) in paragraph at lines 2722--2724
[]| \T1/phv/m/n/10 DDS_PSK_INTERCEPTOR_UNSUPPORTED_URI_SCHEME_EC,
 []


Overfull \hbox (17.65251pt too wide) in paragraph at lines 2724--2726
[]| \T1/phv/m/n/10 DDS_PSK_KEY_HANDLE_DB_PROCESS_FAILED_EC,
 []


Overfull \hbox (29.01941pt too wide) in paragraph at lines 2728--2730
[]| \T1/phv/m/n/10 DDS_PSK_RANDOM_VALUE_GENERATION_FAILED_EC,
 []


Overfull \hbox (26.59859pt too wide) in paragraph at lines 2733--2735
[]| \T1/phv/m/n/10 DDS_PSK_TRUST_GET_IDENTITY_TOKEN_FAILED_EC,
 []


Underfull \hbox (badness 10000) in paragraph at lines 2739--2741
[]| \T1/phv/m/n/10 DDS_PskSHA256_COMPUTATION_FAILED_EC,
 []

[1100]
Overfull \hbox (40.17697pt too wide) in paragraph at lines 2877--2878
[]\T1/phv/m/n/10 DDS_REJECTED_BY_SAMPLES_PER_REMOTE_WRITER_LIMIT 
 []


Overfull \hbox (22.42033pt too wide) in paragraph at lines 2902--2903
[]\T1/phv/m/n/10 DDS_REPLACE_OLDEST_INSTANCE_REPLACEMENT_QOS 
 []

[1101]
Overfull \hbox (63.57683pt too wide) in paragraph at lines 2957--2958
[]\T1/phv/m/n/10 DDS_RTI_BACKWARDS_COMPATIBLE_RTPS_WELL_KNOWN_PORTS 
 []


Overfull \hbox (33.41812pt too wide) in paragraph at lines 2986--2987
[]\T1/phv/m/n/10 DDS_SAMPLE_LOST_BY_NOT_READ_ON_CACHE_DELETION 
 []

[1102] [1103] [1104] [1105] [1106]
Overfull \hbox (26.18225pt too wide) in paragraph at lines 3509--3510
[]\T1/phv/m/n/10 DDSC_LOG_DESERIALIZE_REMOTE_CONTENT_FILTER_EC 
 []


Overfull \hbox (42.02211pt too wide) in paragraph at lines 3521--3522
[]\T1/phv/m/n/10 DDSC_LOG_DISC_AFTER_LOCAL_DATAREADER_DELETED_EC 
 []


Overfull \hbox (42.52605pt too wide) in paragraph at lines 3523--3524
[]\T1/phv/m/n/10 DDSC_LOG_DISC_AFTER_LOCAL_DATAREADER_ENABLED_EC 
 []


Overfull \hbox (39.56512pt too wide) in paragraph at lines 3525--3526
[]\T1/phv/m/n/10 DDSC_LOG_DISC_AFTER_LOCAL_DATAWRITER_DELETED_EC 
 []


Overfull \hbox (40.06906pt too wide) in paragraph at lines 3527--3528
[]\T1/phv/m/n/10 DDSC_LOG_DISC_AFTER_LOCAL_DATAWRITER_ENABLED_EC 
 []


Overfull \hbox (40.52808pt too wide) in paragraph at lines 3529--3530
[]\T1/phv/m/n/10 DDSC_LOG_DISC_AFTER_LOCAL_PARTICIPANT_CREATED_EC 
 []


Overfull \hbox (48.03387pt too wide) in paragraph at lines 3531--3532
[]\T1/phv/m/n/10 DDSC_LOG_DISC_BEFORE_LOCAL_PARTICIPANT_CREATED_EC 
 []


Overfull \hbox (56.25081pt too wide) in paragraph at lines 3533--3534
[]\T1/phv/m/n/10 DDSC_LOG_DISC_BEFORE_REMOTE_PARTICIPANT_DELETED_EC 
 []

[1107]
Overfull \hbox (26.65935pt too wide) in paragraph at lines 3573--3574
[]\T1/phv/m/n/10 DDSC_LOG_DUPLICATE_REMOTE_PARTICIPANT_NAME_EC 
 []


Overfull \hbox (38.36804pt too wide) in paragraph at lines 3599--3600
[]\T1/phv/m/n/10 DDSC_LOG_ENABLED_DISCVOERY_TRANSPORT_SEQUENCE 
 []


Overfull \hbox (22.7354pt too wide) in paragraph at lines 3605--3606
[]\T1/phv/m/n/10 DDSC_LOG_ENDPOINT_NOT_CHILD_OF_PARTICIPANT_EC 
 []


Overfull \hbox (16.3727pt too wide) in paragraph at lines 3631--3632
[]\T1/phv/m/n/10 DDSC_LOG_FILTER_PLUGIN_FACTORY_NOT_FOUND_EC 
 []


Overfull \hbox (30.39426pt too wide) in paragraph at lines 3645--3646
[]\T1/phv/m/n/10 DDSC_LOG_FLOWCONTROLLER_INCONSISTENT_PROP_EC 
 []


Overfull \hbox (56.57494pt too wide) in paragraph at lines 3671--3672
[]\T1/phv/m/n/10 DDSC_LOG_INTERPRETER_SUPPORT_UNEXPECTED_ERROR_EC 
 []

[1108]
Overfull \hbox (24.31909pt too wide) in paragraph at lines 3695--3696
[]\T1/phv/m/n/10 DDSC_LOG_IPC_CHANNEL_CONFIG_FINALIZE_FAILED_EC 
 []


Overfull \hbox (29.32288pt too wide) in paragraph at lines 3697--3698
[]\T1/phv/m/n/10 DDSC_LOG_IPC_CHANNEL_CONFIG_INITIALIZE_FAILED_EC 
 []


Overfull \hbox (114.48878pt too wide) in paragraph at lines 3707--3708
[]\T1/phv/m/n/10 DDSC_LOG_IPC_CHANNEL_FAILED_PROCESS_AUTH_HANDSHAKE_FAILED_EC 
 []


Overfull \hbox (101.89798pt too wide) in paragraph at lines 3709--3710
[]\T1/phv/m/n/10 DDSC_LOG_IPC_CHANNEL_FAILED_PROCESS_AUTH_REQUEST_FAILED_EC 
 []


Overfull \hbox (176.92986pt too wide) in paragraph at lines 3711--3712
[]\T1/phv/m/n/10 DDSC_LOG_IPC_CHANNEL_FAILED_PROCESS_ENDPOINT_INTERCEPTOR_STATE
_FAILED_EC 
 []


Overfull \hbox (187.50475pt too wide) in paragraph at lines 3713--3714
[]\T1/phv/m/n/10 DDSC_LOG_IPC_CHANNEL_FAILED_PROCESS_PARTICIPANT_INTERCEPTOR_ST
ATE_FAILED_EC 
 []


Overfull \hbox (17.32625pt too wide) in paragraph at lines 3723--3724
[]\T1/phv/m/n/10 DDSC_LOG_IPC_CHANNEL_SET_LISTENERS_FAILED_EC 
 []


Overfull \hbox (34.80414pt too wide) in paragraph at lines 3773--3774
[]\T1/phv/m/n/10 DDSC_LOG_MEMORY_MANAGER_OUT_OF_RESOURCES_EC 
 []


Overfull \hbox (46.98982pt too wide) in paragraph at lines 3777--3778
[]\T1/phv/m/n/10 DDSC_LOG_MESSAGE_DATA_UNKNOWN_LIVELINESS_KIND_EC 
 []


Overfull \hbox (35.08293pt too wide) in paragraph at lines 3779--3780
[]\T1/phv/m/n/10 DDSC_LOG_MESSAGE_DATA_WRONG_LIVELINESS_KIND_EC 
 []

[1109]
Overfull \hbox (32.869pt too wide) in paragraph at lines 3809--3810
[]\T1/phv/m/n/10 DDSC_LOG_NETIO_DISCOVERY_ENABLED_TRANSPORT_EC 
 []


Overfull \hbox (16.33635pt too wide) in paragraph at lines 3883--3884
[]\T1/phv/m/n/10 DDSC_LOG_PARTICIPANT_GENERIC_MESSAGE_OBJECT 
 []

[1110]
Overfull \hbox (19.20728pt too wide) in paragraph at lines 3913--3914
[]\T1/phv/m/n/10 DDSC_LOG_PARTMESSAGE_WRITE_SAMPLE_FAILED_EC 
 []


Overfull \hbox (16.5885pt too wide) in paragraph at lines 3999--4000
[]\T1/phv/m/n/10 DDSC_LOG_REFRESH_REM_PARTICIPANT_TIMEOUT_EC 
 []

[1111]
Overfull \hbox (23.63562pt too wide) in paragraph at lines 4011--4012
[]\T1/phv/m/n/10 DDSC_LOG_REMOTE_ENDPOINT_TRUST_STATE_RECORD 
 []


Overfull \hbox (22.94244pt too wide) in paragraph at lines 4013--4014
[]\T1/phv/m/n/10 DDSC_LOG_REMOTE_PARTICIPANT_KEY_NOT_EQUAL_EC 
 []


Overfull \hbox (19.5675pt too wide) in paragraph at lines 4019--4020
[]\T1/phv/m/n/10 DDSC_LOG_REMOTE_PUBLICATION_DATA_CHANGED_EC 
 []


Overfull \hbox (28.14436pt too wide) in paragraph at lines 4021--4022
[]\T1/phv/m/n/10 DDSC_LOG_REMOTE_SUBSCRIPTION_DATA_CHANGED_EC 
 []

[1112]
Overfull \hbox (125.13606pt too wide) in paragraph at lines 4159--4160
[]\T1/phv/m/n/10 DDSC_LOG_TRUST_AFTER_REMOTE_PARTICIPANT_AUTHENTICATED_FAILED_E
C 
 []


Overfull \hbox (81.36073pt too wide) in paragraph at lines 4161--4162
[]\T1/phv/m/n/10 DDSC_LOG_TRUST_AFTER_REMOTE_PARTICIPANT_READY_FAILED_EC 
 []


Overfull \hbox (69.08482pt too wide) in paragraph at lines 4165--4166
[]\T1/phv/m/n/10 DDSC_LOG_TRUST_ASSERT_AUTH_HANDSHAKE_STATE_FAILED_EC 
 []


Overfull \hbox (104.50807pt too wide) in paragraph at lines 4167--4168
[]\T1/phv/m/n/10 DDSC_LOG_TRUST_ASSERT_PARTICIPANT_GENERIC_MESSAGE_FAILED_EC 
 []


Overfull \hbox (40.06937pt too wide) in paragraph at lines 4175--4176
[]\T1/phv/m/n/10 DDSC_LOG_TRUST_BIND_REMOTE_DATAREADER_FAILED_EC 
 []


Overfull \hbox (37.61238pt too wide) in paragraph at lines 4177--4178
[]\T1/phv/m/n/10 DDSC_LOG_TRUST_BIND_REMOTE_DATAWRITER_FAILED_EC 
 []


Overfull \hbox (89.4065pt too wide) in paragraph at lines 4179--4180
[]\T1/phv/m/n/10 DDSC_LOG_TRUST_CACHE_REMOTE_PARTICIPANT_SAMPLE_FAILED_EC 
 []


Overfull \hbox (47.3503pt too wide) in paragraph at lines 4181--4182
[]\T1/phv/m/n/10 DDSC_LOG_TRUST_CHECK_CREATE_DATAREADER_FAILED_EC 
 []


Overfull \hbox (44.89331pt too wide) in paragraph at lines 4183--4184
[]\T1/phv/m/n/10 DDSC_LOG_TRUST_CHECK_CREATE_DATAWRITER_FAILED_EC 
 []


Overfull \hbox (45.4422pt too wide) in paragraph at lines 4185--4186
[]\T1/phv/m/n/10 DDSC_LOG_TRUST_CHECK_CREATE_PARTICIPANT_FAILED_EC 
 []


Overfull \hbox (50.06828pt too wide) in paragraph at lines 4187--4188
[]\T1/phv/m/n/10 DDSC_LOG_TRUST_CHECK_REMOTE_DATAREADER_FAILED_EC 
 []


Overfull \hbox (47.6113pt too wide) in paragraph at lines 4189--4190
[]\T1/phv/m/n/10 DDSC_LOG_TRUST_CHECK_REMOTE_DATAWRITER_FAILED_EC 
 []


Overfull \hbox (48.16019pt too wide) in paragraph at lines 4191--4192
[]\T1/phv/m/n/10 DDSC_LOG_TRUST_CHECK_REMOTE_PARTICIPANT_FAILED_EC 
 []


Overfull \hbox (156.15858pt too wide) in paragraph at lines 4193--4194
[]\T1/phv/m/n/10 DDSC_LOG_TRUST_CREATE_LOCAL_DATAREADER_INTERCEPTOR_TOKENS_FAIL
ED_EC 
 []


Overfull \hbox (153.7016pt too wide) in paragraph at lines 4195--4196
[]\T1/phv/m/n/10 DDSC_LOG_TRUST_CREATE_LOCAL_DATAWRITER_INTERCEPTOR_TOKENS_FAIL
ED_EC 
 []


Overfull \hbox (118.45808pt too wide) in paragraph at lines 4201--4202
[]\T1/phv/m/n/10 DDSC_LOG_TRUST_CREATE_LOCAL_PARTICIPANT_INTERCEPTOR_TOKENS_EC 

 []


Overfull \hbox (26.0115pt too wide) in paragraph at lines 4205--4206
[]\T1/phv/m/n/10 DDSC_LOG_TRUST_CREATE_TRUST_PLUGINS_FAILED_EC 
 []


Overfull \hbox (107.71213pt too wide) in paragraph at lines 4211--4212
[]\T1/phv/m/n/10 DDSC_LOG_TRUST_ENDPOINT_INTERNAL_ATTRIBUTES_CREATE_FAILED_EC 
 []


Overfull \hbox (33.3102pt too wide) in paragraph at lines 4213--4214
[]\T1/phv/m/n/10 DDSC_LOG_TRUST_FAILED_VALIDATE_LOCAL_IDENTITY_EC 
 []


Overfull \hbox (69.25554pt too wide) in paragraph at lines 4215--4216
[]\T1/phv/m/n/10 DDSC_LOG_TRUST_FINALIZE_AC_PLUGIN_PROPERTIES_FAILED_EC 
 []


Overfull \hbox (72.85564pt too wide) in paragraph at lines 4217--4218
[]\T1/phv/m/n/10 DDSC_LOG_TRUST_FINALIZE_AUTH_HANDSHAKE_STATE_FAILED_EC 
 []


Overfull \hbox (90.81053pt too wide) in paragraph at lines 4219--4220
[]\T1/phv/m/n/10 DDSC_LOG_TRUST_FINALIZE_REMOTE_PARTICIPANT_TRUST_FAILED_EC 
 []

[1113]
Overfull \hbox (51.85005pt too wide) in paragraph at lines 4221--4222
[]\T1/phv/m/n/10 DDSC_LOG_TRUST_GET_AUTH_HANDSHAKE_STATE_FAILED_EC 
 []


Overfull \hbox (136.07971pt too wide) in paragraph at lines 4223--4224
[]\T1/phv/m/n/10 DDSC_LOG_TRUST_GET_AUTHENTICATED_PEER_CREDENTIAL_TOKEN_FAILED_
EC 
 []


Overfull \hbox (88.40773pt too wide) in paragraph at lines 4225--4226
[]\T1/phv/m/n/10 DDSC_LOG_TRUST_GET_DATAREADER_TRUST_ATTRIBUTES_FAILED_EC 
 []


Overfull \hbox (85.95074pt too wide) in paragraph at lines 4227--4228
[]\T1/phv/m/n/10 DDSC_LOG_TRUST_GET_DATAWRITER_TRUST_ATTRIBUTES_FAILED_EC 
 []


Overfull \hbox (91.99858pt too wide) in paragraph at lines 4231--4232
[]\T1/phv/m/n/10 DDSC_LOG_TRUST_GET_PARTICIPANT_TRUST_ATTTRIBUTES_FAILED_EC 
 []


Overfull \hbox (95.11212pt too wide) in paragraph at lines 4233--4234
[]\T1/phv/m/n/10 DDSC_LOG_TRUST_GET_PERMISSIONS_CREDENTIAL_TOKEN_FAILED_EC 
 []


Overfull \hbox (33.10312pt too wide) in paragraph at lines 4235--4236
[]\T1/phv/m/n/10 DDSC_LOG_TRUST_GET_PERMISSIONS_TOKEN_FAILED_EC 
 []


Overfull \hbox (56.56609pt too wide) in paragraph at lines 4239--4240
[]\T1/phv/m/n/10 DDSC_LOG_TRUST_GET_TOPIC_TRUST_ATTRIBUTES_FAILED_EC 
 []


Overfull \hbox (27.90126pt too wide) in paragraph at lines 4241--4242
[]\T1/phv/m/n/10 DDSC_LOG_TRUST_IGNORED_HANDSHAKE_MESSAGE_EC 
 []


Overfull \hbox (22.87051pt too wide) in paragraph at lines 4243--4244
[]\T1/phv/m/n/10 DDSC_LOG_TRUST_IGNORED_REMOTE_PARTICIPANT_EC 
 []


Overfull \hbox (86.48152pt too wide) in paragraph at lines 4245--4246
[]\T1/phv/m/n/10 DDSC_LOG_TRUST_INCOMPATIBLE_ENDPOINT_TRUST_ATTRIBUTES_EC 
 []


Overfull \hbox (82.94434pt too wide) in paragraph at lines 4247--4248
[]\T1/phv/m/n/10 DDSC_LOG_TRUST_INITIALIZE_PARTICIPANT_BUILTIN_DATA_FAILED_EC 
 []


Overfull \hbox (52.66893pt too wide) in paragraph at lines 4249--4250
[]\T1/phv/m/n/10 DDSC_LOG_TRUST_INITIALIZE_PARTICIPANT_TRUST_FAILED_EC 
 []


Overfull \hbox (31.84332pt too wide) in paragraph at lines 4251--4252
[]\T1/phv/m/n/10 DDSC_LOG_TRUST_INVALID_AUTH_HANDSHAKE_STATE_EC 
 []


Overfull \hbox (38.44002pt too wide) in paragraph at lines 4253--4254
[]\T1/phv/m/n/10 DDSC_LOG_TRUST_INVALID_GENERIC_MESSAGE_REPLY_EC 
 []


Overfull \hbox (20.58452pt too wide) in paragraph at lines 4257--4258
[]\T1/phv/m/n/10 DDSC_LOG_TRUST_INVALID_INTERCEPTOR_HANDLE_EC 
 []


Overfull \hbox (85.15845pt too wide) in paragraph at lines 4259--4260
[]\T1/phv/m/n/10 DDSC_LOG_TRUST_INVALID_INTERCEPTOR_TOKENS_DESTINATION_EC 
 []


Overfull \hbox (20.72853pt too wide) in paragraph at lines 4261--4262
[]\T1/phv/m/n/10 DDSC_LOG_TRUST_INVALID_INTERCEPTOR_TOKENS_EC 
 []


Overfull \hbox (67.26657pt too wide) in paragraph at lines 4263--4264
[]\T1/phv/m/n/10 DDSC_LOG_TRUST_INVALID_PARTICIPANT_GENERIC_MESSAGE_EC 
 []


Overfull \hbox (81.36049pt too wide) in paragraph at lines 4267--4268
[]\T1/phv/m/n/10 DDSC_LOG_TRUST_INVALID_PARTICIPANT_INTERNAL_ATTRIBUTES_EC 
 []


Overfull \hbox (18.95526pt too wide) in paragraph at lines 4269--4270
[]\T1/phv/m/n/10 DDSC_LOG_TRUST_INVALID_PERMISSIONS_HANDLE_EC 
 []


Overfull \hbox (58.48245pt too wide) in paragraph at lines 4271--4272
[]\T1/phv/m/n/10 DDSC_LOG_TRUST_INVALID_SAMPLE_MAX_SERIALIZED_SIZE_EC 
 []


Overfull \hbox (50.98605pt too wide) in paragraph at lines 4279--4280
[]\T1/phv/m/n/10 DDSC_LOG_TRUST_PARTICIPANT_AUTHENTICATION_FAILED_EC 
 []


Overfull \hbox (118.28702pt too wide) in paragraph at lines 4281--4282
[]\T1/phv/m/n/10 DDSC_LOG_TRUST_PARTICIPANT_INTERNAL_ATTRIBUTES_CREATE_FAILED_E
C 
 []


Overfull \hbox (119.02509pt too wide) in paragraph at lines 4283--4284
[]\T1/phv/m/n/10 DDSC_LOG_TRUST_PARTICIPANT_UNEXPECTED_AUTHENTICATION_ERROR_EC 

 []


Overfull \hbox (56.88087pt too wide) in paragraph at lines 4287--4288
[]\T1/phv/m/n/10 DDSC_LOG_TRUST_PREPARE_AUTH_HANDSHAKE_MESSAGE_EC 
 []


Overfull \hbox (87.4714pt too wide) in paragraph at lines 4291--4292
[]\T1/phv/m/n/10 DDSC_LOG_TRUST_PREPARE_ENDPOINT_INTERCEPTOR_MESSAGE_EC 
 []


Overfull \hbox (81.8105pt too wide) in paragraph at lines 4295--4296
[]\T1/phv/m/n/10 DDSC_LOG_TRUST_PREPARE_LOCAL_PARTICIPANT_STATE_FAILED_EC 
 []


Overfull \hbox (109.20624pt too wide) in paragraph at lines 4299--4300
[]\T1/phv/m/n/10 DDSC_LOG_TRUST_PROCESS_REMOTE_INTERCEPTOR_TOKENS_FAILED_EC 
 []


Overfull \hbox (53.20912pt too wide) in paragraph at lines 4301--4302
[]\T1/phv/m/n/10 DDSC_LOG_TRUST_REAUTH_REMOTE_PARTICIPANT_FAILED_EC 
 []


Overfull \hbox (55.94495pt too wide) in paragraph at lines 4303--4304
[]\T1/phv/m/n/10 DDSC_LOG_TRUST_REGISTER_LOCAL_DATAREADER_FAILED_EC 
 []


Overfull \hbox (53.48796pt too wide) in paragraph at lines 4305--4306
[]\T1/phv/m/n/10 DDSC_LOG_TRUST_REGISTER_LOCAL_DATAWRITER_FAILED_EC 
 []


Overfull \hbox (54.03685pt too wide) in paragraph at lines 4307--4308
[]\T1/phv/m/n/10 DDSC_LOG_TRUST_REGISTER_LOCAL_PARTICIPANT_FAILED_EC 
 []


Overfull \hbox (112.99529pt too wide) in paragraph at lines 4309--4310
[]\T1/phv/m/n/10 DDSC_LOG_TRUST_REGISTER_MATCHED_REMOTE_DATAREADER_FAILED_EC 
 []


Overfull \hbox (110.5383pt too wide) in paragraph at lines 4311--4312
[]\T1/phv/m/n/10 DDSC_LOG_TRUST_REGISTER_MATCHED_REMOTE_DATAWRITER_FAILED_EC 
 []


Overfull \hbox (111.08719pt too wide) in paragraph at lines 4313--4314
[]\T1/phv/m/n/10 DDSC_LOG_TRUST_REGISTER_MATCHED_REMOTE_PARTICIPANT_FAILED_EC 
 []


Overfull \hbox (64.57594pt too wide) in paragraph at lines 4315--4316
[]\T1/phv/m/n/10 DDSC_LOG_TRUST_REGISTER_REMOTE_DATAREADER_FAILED_EC 
 []


Overfull \hbox (62.11896pt too wide) in paragraph at lines 4317--4318
[]\T1/phv/m/n/10 DDSC_LOG_TRUST_REGISTER_REMOTE_DATAWRITER_FAILED_EC 
 []


Overfull \hbox (110.28586pt too wide) in paragraph at lines 4319--4320
[]\T1/phv/m/n/10 DDSC_LOG_TRUST_RELEASE_PARTICIPANT_GENERIC_MESSAGE_FAILED_EC 
 []


Overfull \hbox (19.42357pt too wide) in paragraph at lines 4321--4322
[]\T1/phv/m/n/10 DDSC_LOG_TRUST_REMOVE_REMOTE_PARTICIPANT_EC 
 []


Overfull \hbox (43.99304pt too wide) in paragraph at lines 4323--4324
[]\T1/phv/m/n/10 DDSC_LOG_TRUST_RESEND_HANDSHAKE_IN_PROGRESS_EC 
 []


Overfull \hbox (59.19382pt too wide) in paragraph at lines 4325--4326
[]\T1/phv/m/n/10 DDSC_LOG_TRUST_RESEND_HANDSHAKE_MESSAGE_FAILED_EC 
 []


Overfull \hbox (92.34941pt too wide) in paragraph at lines 4327--4328
[]\T1/phv/m/n/10 DDSC_LOG_TRUST_RESEND_HANDSHAKE_MESSAGE_START_FAILED_EC 
 []

[1114]
Overfull \hbox (39.09723pt too wide) in paragraph at lines 4329--4330
[]\T1/phv/m/n/10 DDSC_LOG_TRUST_RESEND_HANDSHAKE_STOP_FAILED_EC 
 []


Overfull \hbox (81.30678pt too wide) in paragraph at lines 4331--4332
[]\T1/phv/m/n/10 DDSC_LOG_TRUST_RESET_REMOTE_PARTICIPANT_TRUST_FAILED_EC 
 []


Overfull \hbox (155.06955pt too wide) in paragraph at lines 4333--4334
[]\T1/phv/m/n/10 DDSC_LOG_TRUST_RETURN_AUTHENTICATED_PEER_CREDENTIAL_TOKEN_FAIL
ED_EC 
 []


Overfull \hbox (104.94058pt too wide) in paragraph at lines 4335--4336
[]\T1/phv/m/n/10 DDSC_LOG_TRUST_RETURN_DATAWRITER_TRUST_ATTRIBUTES_FAILED_EC 
 []


Overfull \hbox (51.44513pt too wide) in paragraph at lines 4337--4338
[]\T1/phv/m/n/10 DDSC_LOG_TRUST_RETURN_HANDSHAKE_HANDLE_FAILED_EC 
 []


Overfull \hbox (36.4423pt too wide) in paragraph at lines 4339--4340
[]\T1/phv/m/n/10 DDSC_LOG_TRUST_RETURN_IDENTITY_HANDLE_FAILED_EC 
 []


Overfull \hbox (30.58344pt too wide) in paragraph at lines 4341--4342
[]\T1/phv/m/n/10 DDSC_LOG_TRUST_RETURN_IDENTITY_TOKEN_FAILED_EC 
 []


Overfull \hbox (59.7251pt too wide) in paragraph at lines 4343--4344
[]\T1/phv/m/n/10 DDSC_LOG_TRUST_RETURN_INTERCEPTOR_TOKENS_FAILED_EC 
 []


Overfull \hbox (114.10196pt too wide) in paragraph at lines 4345--4346
[]\T1/phv/m/n/10 DDSC_LOG_TRUST_RETURN_PERMISSIONS_CREDENTIAL_TOKEN_FAILED_EC 
 []


Overfull \hbox (57.95183pt too wide) in paragraph at lines 4347--4348
[]\T1/phv/m/n/10 DDSC_LOG_TRUST_RETURN_PERMISSIONS_HANDLE_FAILED_EC 
 []


Overfull \hbox (52.09296pt too wide) in paragraph at lines 4349--4350
[]\T1/phv/m/n/10 DDSC_LOG_TRUST_RETURN_PERMISSIONS_TOKEN_FAILED_EC 
 []


Overfull \hbox (69.44489pt too wide) in paragraph at lines 4351--4352
[]\T1/phv/m/n/10 DDSC_LOG_TRUST_RETURN_SHAREDSECRET_HANDLE_FAILED_EC 
 []


Overfull \hbox (88.9385pt too wide) in paragraph at lines 4355--4356
[]\T1/phv/m/n/10 DDSC_LOG_TRUST_SEND_ENDPOINT_INTERCEPTOR_STATE_FAILED_EC 
 []


Overfull \hbox (46.69301pt too wide) in paragraph at lines 4359--4360
[]\T1/phv/m/n/10 DDSC_LOG_TRUST_SEND_HANDSHAKE_MESSAGE_FAILED_EC 
 []


Overfull \hbox (99.5134pt too wide) in paragraph at lines 4361--4362
[]\T1/phv/m/n/10 DDSC_LOG_TRUST_SEND_PARTICIPANT_INTERCEPTOR_STATE_FAILED_EC 
 []


Overfull \hbox (50.85107pt too wide) in paragraph at lines 4365--4366
[]\T1/phv/m/n/10 DDSC_LOG_TRUST_SET_AUTH_HANDSHAKE_STATE_FAILED_EC 
 []


Overfull \hbox (94.11314pt too wide) in paragraph at lines 4367--4368
[]\T1/phv/m/n/10 DDSC_LOG_TRUST_SET_PERMISSIONS_CREDENTIAL_TOKEN_FAILED_EC 
 []


Overfull \hbox (146.8708pt too wide) in paragraph at lines 4369--4370
[]\T1/phv/m/n/10 DDSC_LOG_TRUST_SET_REMOTE_DATAREADER_INTERCEPTOR_TOKENS_FAILED
_EC 
 []


Overfull \hbox (144.41382pt too wide) in paragraph at lines 4371--4372
[]\T1/phv/m/n/10 DDSC_LOG_TRUST_SET_REMOTE_DATAWRITER_INTERCEPTOR_TOKENS_FAILED
_EC 
 []


Overfull \hbox (144.9627pt too wide) in paragraph at lines 4373--4374
[]\T1/phv/m/n/10 DDSC_LOG_TRUST_SET_REMOTE_PARTICIPANT_INTERCEPTOR_TOKENS_FAILE
D_EC 
 []


Overfull \hbox (116.30676pt too wide) in paragraph at lines 4375--4376
[]\T1/phv/m/n/10 DDSC_LOG_TRUST_TRANFORM_INCOMING_SERIALIZED_PAYLOAD_FAILED_EC 

 []


Overfull \hbox (119.31271pt too wide) in paragraph at lines 4377--4378
[]\T1/phv/m/n/10 DDSC_LOG_TRUST_TRANFORM_OUTGOING_SERIALIZED_PAYLOAD_FAILED_EC 

 []


Overfull \hbox (51.9132pt too wide) in paragraph at lines 4379--4380
[]\T1/phv/m/n/10 DDSC_LOG_TRUST_UNAUTHORIZED_REMOTE_PARTICIPANT_EC 
 []


Overfull \hbox (80.72177pt too wide) in paragraph at lines 4381--4382
[]\T1/phv/m/n/10 DDSC_LOG_TRUST_UNEXPECTED_REMOTE_PARTICIPANT_STATUS_EC 
 []


Overfull \hbox (33.02237pt too wide) in paragraph at lines 4383--4384
[]\T1/phv/m/n/10 DDSC_LOG_TRUST_UNEXPECTED_VALIDATION_RESULT_EC 
 []


Overfull \hbox (34.4264pt too wide) in paragraph at lines 4389--4390
[]\T1/phv/m/n/10 DDSC_LOG_TRUST_UNREGISTER_DATAREADER_FAILED_EC 
 []


Overfull \hbox (31.96942pt too wide) in paragraph at lines 4391--4392
[]\T1/phv/m/n/10 DDSC_LOG_TRUST_UNREGISTER_DATAWRITER_FAILED_EC 
 []


Overfull \hbox (32.51831pt too wide) in paragraph at lines 4393--4394
[]\T1/phv/m/n/10 DDSC_LOG_TRUST_UNREGISTER_PARTICIPANT_FAILED_EC 
 []


Overfull \hbox (77.5718pt too wide) in paragraph at lines 4395--4396
[]\T1/phv/m/n/10 DDSC_LOG_TRUST_UNREGISTER_REMOTE_DATAREADER_FAILED_EC 
 []


Overfull \hbox (75.1148pt too wide) in paragraph at lines 4397--4398
[]\T1/phv/m/n/10 DDSC_LOG_TRUST_UNREGISTER_REMOTE_DATAWRITER_FAILED_EC 
 []


Overfull \hbox (83.47575pt too wide) in paragraph at lines 4399--4400
[]\T1/phv/m/n/10 DDSC_LOG_TRUST_VALIDATE_LOCAL_DATAWRITER_TRUST_FAILED_EC 
 []


Overfull \hbox (94.56374pt too wide) in paragraph at lines 4401--4402
[]\T1/phv/m/n/10 DDSC_LOG_TRUST_VALIDATE_REMOTE_DATAREADER_TRUST_FAILED_EC 
 []


Overfull \hbox (92.10675pt too wide) in paragraph at lines 4403--4404
[]\T1/phv/m/n/10 DDSC_LOG_TRUST_VALIDATE_REMOTE_DATAWRITER_TRUST_FAILED_EC 
 []


Overfull \hbox (70.56021pt too wide) in paragraph at lines 4419--4420
[]\T1/phv/m/n/10 DDSC_LOG_TYPE_FUNCTION_GET_SERIALIZED_SAMPLE_MAX_SIZE 
 []

[1115]
Overfull \hbox (16.46257pt too wide) in paragraph at lines 4447--4448
[]\T1/phv/m/n/10 DDSC_LOG_UNKNOWN_REMOTE_PARTICIPANT_KEY_EC 
 []


Overfull \hbox (24.45451pt too wide) in paragraph at lines 4449--4450
[]\T1/phv/m/n/10 DDSC_LOG_UNKNOWN_REMOTE_PARTICIPANT_NAME_EC 
 []


Overfull \hbox (58.01503pt too wide) in paragraph at lines 4467--4468
[]\T1/phv/m/n/10 DDSC_LOG_VALIDATE_REMOTE_PARTICIPANT_TRUST_FAILED_EC 
 []


Overfull \hbox (29.03516pt too wide) in paragraph at lines 4479--4480
[]\T1/phv/m/n/10 DDSC_LOG_XTYPES_LOANED_SAMPLE_STATE_ERROR_EC 
 []


Overfull \hbox (43.25504pt too wide) in paragraph at lines 4481--4482
[]\T1/phv/m/n/10 DDSC_TRUST_INVALID_PARTICIPANT_GENERIC_MESSAGE_EC 
 []


Overfull \hbox (63.37175pt too wide) in paragraph at lines 4513--4515
[]| \T1/phv/m/n/10 DDS_BY_RECEPTION_TIMESTAMP_DESTINATIONORDER_QOS,
 []


Overfull \hbox (49.36803pt too wide) in paragraph at lines 4515--4517
[]| \T1/phv/m/n/10 DDS_BY_SOURCE_TIMESTAMP_DESTINATIONORDER_QOS,
 []


Underfull \hbox (badness 10000) in paragraph at lines 4541--4542
[]| \T1/phv/m/n/10 DPSE_ENABLEDPARTICIPANTINDEX_OBJECT,
 []

[1116]
Overfull \hbox (41.35835pt too wide) in paragraph at lines 4545--4547
[]| \T1/phv/m/n/10 DPSE_LOG_DEFAULT_MULTICAST_LOCATOR_SEQUENCE,
 []


Overfull \hbox (30.8465pt too wide) in paragraph at lines 4547--4549
[]| \T1/phv/m/n/10 DPSE_LOG_DEFAULT_UNICAST_LOCATOR_SEQUENCE,
 []


Overfull \hbox (26.43652pt too wide) in paragraph at lines 4549--4551
[]| \T1/phv/m/n/10 DPSE_LOG_META_MULTICAST_LOCATOR_SEQUENCE,
 []


Overfull \hbox (15.92467pt too wide) in paragraph at lines 4551--4553
[]| \T1/phv/m/n/10 DPSE_LOG_META_UNICAST_LOCATOR_SEQUENCE,
 []


Underfull \hbox (badness 10000) in paragraph at lines 4553--4554
[]| \T1/phv/m/n/10 DPSE_PARTICIPANTANNOUCEMENT_OBJECT,
 []


Underfull \hbox (badness 10000) in paragraph at lines 4605--4607
[]| \T1/phv/m/n/10 DDS_DomainParticipant_delete_contained_entities,
 []


Overfull \hbox (34.52667pt too wide) in paragraph at lines 4617--4619
[]| \T1/phv/m/n/10 DDS_DomainParticipant_get_default_flowcontroller_property,
 []


Underfull \hbox (badness 10000) in paragraph at lines 4619--4621
[]| \T1/phv/m/n/10 DDS_DomainParticipant_get_default_publisher_qos,
 []


Overfull \hbox (24.0779pt too wide) in paragraph at lines 4625--4627
[]| \T1/phv/m/n/10 DDS_DomainParticipant_get_discovered_participant_data,
 []


Underfull \hbox (badness 10000) in paragraph at lines 4642--4644
[]| \T1/phv/m/n/10 DDS_DomainParticipant_lookup_topicdescription,
 []


Overfull \hbox (34.02274pt too wide) in paragraph at lines 4645--4647
[]| \T1/phv/m/n/10 DDS_DomainParticipant_set_default_flowcontroller_property,
 []


Underfull \hbox (badness 10000) in paragraph at lines 4647--4649
[]| \T1/phv/m/n/10 DDS_DomainParticipant_set_default_publisher_qos,
 []

[1117]
Underfull \hbox (badness 10000) in paragraph at lines 4669--4671
[]| \T1/phv/m/n/10 DDS_DomainParticipantFactory_create_participant,
 []


Overfull \hbox (47.74742pt too wide) in paragraph at lines 4671--4673
[]| \T1/phv/m/n/10 DDS_DomainParticipantFactory_create_participant_from_config,

 []


Underfull \hbox (badness 10000) in paragraph at lines 4673--4675
[]| \T1/phv/m/n/10 DDS_DomainParticipantFactory_delete_participant,
 []


Underfull \hbox (badness 10000) in paragraph at lines 4675--4677
[]| \T1/phv/m/n/10 DDS_DomainParticipantFactory_finalize_instance,
 []


Overfull \hbox (34.49052pt too wide) in paragraph at lines 4677--4679
[]| \T1/phv/m/n/10 DDS_DomainParticipantFactory_get_default_participant_qos,
 []


Underfull \hbox (badness 10000) in paragraph at lines 4684--4686
[]| \T1/phv/m/n/10 DDS_DomainParticipantFactory_lookup_participant,
 []


Overfull \hbox (39.0717pt too wide) in paragraph at lines 4686--4688
[]| \T1/phv/m/n/10 DDS_DomainParticipantFactory_lookup_participant_by_name,
 []


Overfull \hbox (33.98659pt too wide) in paragraph at lines 4688--4690
[]| \T1/phv/m/n/10 DDS_DomainParticipantFactory_set_default_participant_qos,
 []


Underfull \hbox (badness 10000) in paragraph at lines 4691--4693
[]| \T1/phv/m/n/10 DDS_DomainParticipantFactoryQos_INITIALIZER,
 []


Overfull \hbox (65.35199pt too wide) in paragraph at lines 4700--4702
[]| \T1/phv/m/n/10 DPDE_LOG_ADD_REMOTE_PARTICIPANT_ROUTES_FAILED_EC,
 []


Overfull \hbox (93.44931pt too wide) in paragraph at lines 4713--4715
[]| \T1/phv/m/n/10 DPDE_LOG_CHECKSUM_INCOMPATIBLE_PARTICIPANT_IGNORED_EC,
 []


Overfull \hbox (17.62553pt too wide) in paragraph at lines 4715--4717
[]| \T1/phv/m/n/10 DPDE_LOG_CREATE_PARTICIPANT_DISCOVERY_EC,
 []


Overfull \hbox (19.47937pt too wide) in paragraph at lines 4717--4719
[]| \T1/phv/m/n/10 DPDE_LOG_CREATE_PUBLICATION_DISCOVERY_EC,
 []


Overfull \hbox (28.05623pt too wide) in paragraph at lines 4722--4724
[]| \T1/phv/m/n/10 DPDE_LOG_CREATE_SUBSCRIPTION_DISCOVERY_EC,
 []


Underfull \hbox (badness 10000) in paragraph at lines 4726--4728
[]| \T1/phv/m/n/10 DPDE_LOG_DELETE_PARTICIPANT_TOPIC_EC,
 []


Underfull \hbox (badness 10000) in paragraph at lines 4728--4730
[]| \T1/phv/m/n/10 DPDE_LOG_DELETE_PUBLICATION_TOPIC_EC,
 []


Overfull \hbox (81.36269pt too wide) in paragraph at lines 4730--4732
[]| \T1/phv/m/n/10 DPDE_LOG_DELETE_REMOTE_PARTICIPANT_ROUTES_FAILED_EC,
 []


Overfull \hbox (17.4633pt too wide) in paragraph at lines 4734--4736
[]| \T1/phv/m/n/10 DPDE_LOG_DESERIALIZE_BUILTIN_ENDPOINTS_EC,
 []


Overfull \hbox (21.64839pt too wide) in paragraph at lines 4737--4739
[]| \T1/phv/m/n/10 DPDE_LOG_DESERIALIZE_PROTOCOL_VERSION_EC,
 []


Underfull \hbox (badness 10000) in paragraph at lines 4739--4741
[]| \T1/phv/m/n/10 DPDE_LOG_DESERIALIZE_UNKNOWN_PID_EC,
 []


Overfull \hbox (17.2205pt too wide) in paragraph at lines 4762--4764
[]| \T1/phv/m/n/10 DPDE_LOG_REMOVE_REMOTE_SUBSCRIPTION_EC,
 []


Underfull \hbox (badness 10000) in paragraph at lines 4770--4772
[]| \T1/phv/m/n/10 DPDE_LOG_SCHEDULE_FAST_ASSERTION_EC,
 []

[1118]
Underfull \hbox (badness 10000) in paragraph at lines 4774--4776
[]| \T1/phv/m/n/10 DPDE_LOG_SERIALIZE_DEFAULT_UNICAST_EC,
 []


Underfull \hbox (badness 10000) in paragraph at lines 4778--4780
[]| \T1/phv/m/n/10 DPDE_LOG_SERIALIZE_LEASE_DURATION_EC,
 []


Underfull \hbox (badness 10000) in paragraph at lines 4788--4790
[]| \T1/phv/m/n/10 DPDE_LOG_TAKE_PARTICIPANT_SAMPLE_EC,
 []


Underfull \hbox (badness 10000) in paragraph at lines 4790--4792
[]| \T1/phv/m/n/10 DPDE_LOG_TAKE_PUBLICATION_SAMPLE_EC,
 []


Underfull \hbox (badness 10000) in paragraph at lines 4792--4794
[]| \T1/phv/m/n/10 DPDE_LOG_TAKE_SUBSCRIPTION_SAMPLE_EC,
 []


Overfull \hbox (40.40431pt too wide) in paragraph at lines 4796--4798
[]| \T1/phv/m/n/10 DPDE_LOG_UPDATE_PARTICIPANT_ASSERT_PERIOD_EC,
 []


Underfull \hbox (badness 10000) in paragraph at lines 4823--4825
[]| \T1/phv/m/n/10 max_samples_per_remote_builtin_endpoint_writer,
 []


Overfull \hbox (42.8501pt too wide) in paragraph at lines 4834--4835
[]\T1/phv/m/n/10 DPDE_LOG_ADD_REMOTE_PARTICIPANT_ROUTES_FAILED_EC 
 []


Overfull \hbox (70.94742pt too wide) in paragraph at lines 4854--4855
[]\T1/phv/m/n/10 DPDE_LOG_CHECKSUM_INCOMPATIBLE_PARTICIPANT_IGNORED_EC 
 []


Overfull \hbox (58.8608pt too wide) in paragraph at lines 4876--4877
[]\T1/phv/m/n/10 DPDE_LOG_DELETE_REMOTE_PARTICIPANT_ROUTES_FAILED_EC 
 []

[1119]
Overfull \hbox (17.90242pt too wide) in paragraph at lines 4958--4959
[]\T1/phv/m/n/10 DPDE_LOG_UPDATE_PARTICIPANT_ASSERT_PERIOD_EC 
 []


Overfull \hbox (60.61783pt too wide) in paragraph at lines 4963--4965
[]| \T1/phv/m/n/10 DPSE_LOG_ANNOUNCE_LOCAL_PARTICIPANT_DELETION_EC,
 []


Overfull \hbox (92.95427pt too wide) in paragraph at lines 4972--4974
[]| \T1/phv/m/n/10 DPSE_LOG_CHECKSUM_INCOMPATIBLE_PARTICIPANT_IGNORED_EC,
 []


Overfull \hbox (18.56137pt too wide) in paragraph at lines 4976--4978
[]| \T1/phv/m/n/10 DPSE_LOG_CREATE_DISCOVERY_SUBSCRIBER_EC,
 []


Underfull \hbox (badness 10000) in paragraph at lines 4981--4982
[]| \T1/phv/m/n/10 DPSE_LOG_DELETE_ANONYMOUS_ROUTE_EC,
 []


Overfull \hbox (16.96826pt too wide) in paragraph at lines 4987--4989
[]| \T1/phv/m/n/10 DPSE_LOG_DESERIALIZE_BUILTIN_ENDPOINTS_EC,
 []


Overfull \hbox (15.86142pt too wide) in paragraph at lines 4992--4994
[]| \T1/phv/m/n/10 DPSE_LOG_DESERIALIZE_PRODUCT_VERSION_EC,
 []

[1120]
Overfull \hbox (21.15335pt too wide) in paragraph at lines 4994--4996
[]| \T1/phv/m/n/10 DPSE_LOG_DESERIALIZE_PROTOCOL_VERSION_EC,
 []


Overfull \hbox (29.2533pt too wide) in paragraph at lines 4996--4998
[]| \T1/phv/m/n/10 DPSE_LOG_DESERIALIZE_TOO_MANY_LOCATORS_EC,
 []


Underfull \hbox (badness 10000) in paragraph at lines 4998--5000
[]| \T1/phv/m/n/10 DPSE_LOG_DESERIALIZE_UNKNOWN_PID_EC,
 []


Underfull \hbox (badness 10000) in paragraph at lines 5005--5007
[]| \T1/phv/m/n/10 DPSE_LOG_INVALID_DISCOVERY_SAMPLE_EC,
 []


Underfull \hbox (badness 10000) in paragraph at lines 5008--5009
[]| \T1/phv/m/n/10 DPSE_LOG_MAX_REMOTE_PARTICIPANT_EC,
 []


Overfull \hbox (21.9816pt too wide) in paragraph at lines 5014--5016
[]| \T1/phv/m/n/10 DPSE_LOG_ON_ASSERT_REMOTE_PARTICIPANT_EC,
 []


Underfull \hbox (badness 10000) in paragraph at lines 5020--5022
[]| \T1/phv/m/n/10 DPSE_LOG_RESET_REMOTE_PARTICIPANT_EC,
 []


Underfull \hbox (badness 10000) in paragraph at lines 5022--5024
[]| \T1/phv/m/n/10 DPSE_LOG_RETURN_DISCOVERY_SAMPLE_EC,
 []


Underfull \hbox (badness 10000) in paragraph at lines 5024--5026
[]| \T1/phv/m/n/10 DPSE_LOG_SCHEDULE_FAST_ASSERTION_EC,
 []


Underfull \hbox (badness 10000) in paragraph at lines 5034--5036
[]| \T1/phv/m/n/10 DPSE_LOG_SERIALIZE_DEFAULT_UNICAST_EC,
 []


Underfull \hbox (badness 10000) in paragraph at lines 5037--5039
[]| \T1/phv/m/n/10 DPSE_LOG_SERIALIZE_LEASE_DURATION_EC,
 []


Underfull \hbox (badness 10000) in paragraph at lines 5039--5041
[]| \T1/phv/m/n/10 DPSE_LOG_SERIALIZE_META_MULTICAST_EC,
 []


Overfull \hbox (39.90927pt too wide) in paragraph at lines 5052--5054
[]| \T1/phv/m/n/10 DPSE_LOG_UPDATE_PARTICIPANT_ASSERT_PERIOD_EC,
 []


Overfull \hbox (38.11594pt too wide) in paragraph at lines 5094--5095
[]\T1/phv/m/n/10 DPSE_LOG_ANNOUNCE_LOCAL_PARTICIPANT_DELETION_EC 
 []

[1121]
Overfull \hbox (70.45238pt too wide) in paragraph at lines 5114--5115
[]\T1/phv/m/n/10 DPSE_LOG_CHECKSUM_INCOMPATIBLE_PARTICIPANT_IGNORED_EC 
 []


Overfull \hbox (18.85646pt too wide) in paragraph at lines 5126--5127
[]\T1/phv/m/n/10 DPSE_LOG_DEFAULT_MULTICAST_LOCATOR_SEQUENCE 
 []

[1122]
Overfull \hbox (17.40738pt too wide) in paragraph at lines 5238--5239
[]\T1/phv/m/n/10 DPSE_LOG_UPDATE_PARTICIPANT_ASSERT_PERIOD_EC 
 []


Underfull \hbox (badness 10000) in paragraph at lines 5266--5267
[]| \T1/phv/m/n/10 DDS_TRANSIENT_LOCAL_DURABILITY_QOS,
 []


Underfull \hbox (badness 10000) in paragraph at lines 5281--5283
[]| \T1/phv/m/n/10 DDS_DataWriterShmemRefTransferModeSettings,
 []


Overfull \hbox (27.52542pt too wide) in paragraph at lines 5319--5321
[]| \T1/phv/m/n/10 DDS_BAD_MEMBER_NAME_USER_EXCEPTION_CODE,
 []


Underfull \hbox (badness 10000) in paragraph at lines 5321--5323
[]| \T1/phv/m/n/10 DDS_BAD_PARAM_SYSTEM_EXCEPTION_CODE,
 []

[1123]
Overfull \hbox (18.5345pt too wide) in paragraph at lines 5323--5325
[]| \T1/phv/m/n/10 DDS_BAD_TYPECODE_SYSTEM_EXCEPTION_CODE,
 []


Overfull \hbox (51.45598pt too wide) in paragraph at lines 5328--5330
[]| \T1/phv/m/n/10 DDS_IMMUTABLE_TYPECODE_SYSTEM_EXCEPTION_CODE,
 []


Overfull \hbox (25.53659pt too wide) in paragraph at lines 5343--5345
[]| \T1/phv/m/n/10 DDS_CONTENT_FILTER_CLASS_NAME_MAX_LENGTH,
 []


Overfull \hbox (23.53851pt too wide) in paragraph at lines 5345--5347
[]| \T1/phv/m/n/10 DDS_CONTENT_FILTER_EXPRESSION_MAX_LENGTH,
 []


Underfull \hbox (badness 10000) in paragraph at lines 5347--5348
[]| \T1/phv/m/n/10 DDS_CONTENT_FILTER_MAX_PARAMETERS,
 []


Underfull \hbox (badness 10000) in paragraph at lines 5348--5349
[]| \T1/phv/m/n/10 DDS_CONTENT_FILTER_NAME_MAX_LENGTH,
 []


Underfull \hbox (badness 10000) in paragraph at lines 5382--5384
[]| \T1/phv/m/n/10 DDS_FIXED_RATE_FLOW_CONTROLLER_NAME,
 []

[1124] [1125]
Underfull \hbox (badness 10000) in paragraph at lines 5616--5618
[]| \T1/phv/m/n/10 DDS_NOT_ALIVE_DISPOSED_INSTANCE_STATE,
 []

[1126]
Underfull \hbox (badness 10000) in paragraph at lines 5691--5692
[]| \T1/phv/m/n/10 DDS_MANUAL_BY_TOPIC_LIVELINESS_QOS,
 []


Underfull \hbox (badness 10000) in paragraph at lines 5702--5704
[]| \T1/phv/m/n/10 DDS_DomainParticipantResourceLimitsQosPolicy,
 []


Underfull \hbox (badness 10000) in paragraph at lines 5705--5707
[]| \T1/phv/m/n/10 DDS_DomainParticipantResourceLimitsQosPolicy,
 []


Underfull \hbox (badness 10000) in paragraph at lines 5708--5710
[]| \T1/phv/m/n/10 DDS_DomainParticipantResourceLimitsQosPolicy,
 []


Underfull \hbox (badness 10000) in paragraph at lines 5711--5713
[]| \T1/phv/m/n/10 DDS_DomainParticipantResourceLimitsQosPolicy,
 []


Underfull \hbox (badness 10000) in paragraph at lines 5714--5716
[]| \T1/phv/m/n/10 DDS_DomainParticipantResourceLimitsQosPolicy,
 []


Underfull \hbox (badness 10000) in paragraph at lines 5717--5719
[]| \T1/phv/m/n/10 DDS_DomainParticipantResourceLimitsQosPolicy,
 []


Underfull \hbox (badness 10000) in paragraph at lines 5757--5759
[]| \T1/phv/m/n/10 DDS_DomainParticipantResourceLimitsQosPolicy,
 []


Underfull \hbox (badness 10000) in paragraph at lines 5760--5762
[]| \T1/phv/m/n/10 DDS_DomainParticipantResourceLimitsQosPolicy,
 []

[1127]
Underfull \hbox (badness 10000) in paragraph at lines 5771--5773
[]| \T1/phv/m/n/10 DDS_DomainParticipantResourceLimitsQosPolicy,
 []


Underfull \hbox (badness 10000) in paragraph at lines 5796--5798
[]| \T1/phv/m/n/10 DDS_DomainParticipantResourceLimitsQosPolicy,
 []


Underfull \hbox (badness 10000) in paragraph at lines 5799--5801
[]| \T1/phv/m/n/10 DDS_DomainParticipantResourceLimitsQosPolicy,
 []


Underfull \hbox (badness 10000) in paragraph at lines 5802--5804
[]| \T1/phv/m/n/10 DDS_DomainParticipantResourceLimitsQosPolicy,
 []


Underfull \hbox (badness 10000) in paragraph at lines 5805--5807
[]| \T1/phv/m/n/10 DDS_DomainParticipantResourceLimitsQosPolicy,
 []


Underfull \hbox (badness 10000) in paragraph at lines 5812--5814
[]| \T1/phv/m/n/10 DDS_DomainParticipantResourceLimitsQosPolicy,
 []

[1128]
Underfull \hbox (badness 10000) in paragraph at lines 5917--5919
[]| \T1/phv/m/n/10 NE-TIO_LOG_AR_ADD_INVALID_INTERFACE_EC,
 []


Overfull \hbox (20.03741pt too wide) in paragraph at lines 5921--5923
[]| \T1/phv/m/n/10 NE-TIO_LOG_AR_ADDRESS_STRING_EXCEEDED_EC,
 []


Underfull \hbox (badness 10000) in paragraph at lines 5924--5926
[]| \T1/phv/m/n/10 NE-TIO_LOG_AR_CONTEXT_UNINITIALIZED_EC,
 []


Underfull \hbox (badness 10000) in paragraph at lines 5927--5929
[]| \T1/phv/m/n/10 NE-TIO_LOG_AR_PORT_RESOLVE_FAILED_EC,
 []


Underfull \hbox (badness 10000) in paragraph at lines 5937--5939
[]| \T1/phv/m/n/10 NE-TIO_LOG_ILLEGAL_ROUTE_OPERATION_EC,
 []


Underfull \hbox (badness 10000) in paragraph at lines 5947--5949
[]| \T1/phv/m/n/10 NE-TIO_LOG_LOOP_INVALID_COMPONENT_EC,
 []


Underfull \hbox (badness 10000) in paragraph at lines 5950--5951
[]| \T1/phv/m/n/10 NE-TIO_LOG_LOOP_INVALID_PROPERTY_EC,
 []


Underfull \hbox (badness 10000) in paragraph at lines 5963--5965
[]| \T1/phv/m/n/10 NE-TIO_LOG_UNBIND_EXTERNAL_FAILED_EC,
 []


Underfull \hbox (badness 10000) in paragraph at lines 5965--5966
[]| \T1/phv/m/n/10 NE-TIO_SHMEM_LOG_ADDRESS_IN_USE_EC,
 []


Overfull \hbox (27.53432pt too wide) in paragraph at lines 5967--5969
[]| \T1/phv/m/n/10 NE-TIO_SHMEM_LOG_CHECK_SYSTEM_SETTINGS_EC,
 []


Overfull \hbox (20.51462pt too wide) in paragraph at lines 5969--5971
[]| \T1/phv/m/n/10 NE-TIO_SHMEM_LOG_CREATE_ATTACH_INFINITE_EC,
 []


Overfull \hbox (44.02232pt too wide) in paragraph at lines 5976--5978
[]| \T1/phv/m/n/10 NE-TIO_SHMEM_LOG_FAILED_TO_ALLOCATE_STRUCT_EC,
 []


Overfull \hbox (71.51704pt too wide) in paragraph at lines 5978--5980
[]| \T1/phv/m/n/10 NE-TIO_SHMEM_LOG_FAILED_TO_ATTACH_CONCURRENT_Q_EC,
 []


Overfull \hbox (31.88132pt too wide) in paragraph at lines 5980--5982
[]| \T1/phv/m/n/10 NE-TIO_SHMEM_LOG_FAILED_TO_GET_TIMESTAMP_EC,
 []


Overfull \hbox (54.94804pt too wide) in paragraph at lines 5982--5984
[]| \T1/phv/m/n/10 NE-TIO_SHMEM_LOG_FAILED_TO_INIT_CONCURRENT_Q_EC,
 []


Overfull \hbox (53.95796pt too wide) in paragraph at lines 5986--5988
[]| \T1/phv/m/n/10 NE-TIO_SHMEM_LOG_FAILED_TO_INIT_SEGMENT_ADDR_EC,
 []


Overfull \hbox (18.96632pt too wide) in paragraph at lines 5988--5990
[]| \T1/phv/m/n/10 NE-TIO_SHMEM_LOG_FAILED_TO_INIT_SIG_SEM_EC,
 []

[1129]
Overfull \hbox (71.11154pt too wide) in paragraph at lines 5993--5995
[]| \T1/phv/m/n/10 NE-TIO_SHMEM_LOG_IGNORE_TRANSPORT_COMPATIBILITY_EC,
 []


Overfull \hbox (49.86307pt too wide) in paragraph at lines 5995--5997
[]| \T1/phv/m/n/10 NE-TIO_SHMEM_LOG_INCOMPATIBLE_CONCURRENT_Q_EC,
 []


Overfull \hbox (36.38107pt too wide) in paragraph at lines 6001--6003
[]| \T1/phv/m/n/10 NE-TIO_SHMEM_LOG_INCOMPATIBLE_HEADER_SIZE_EC,
 []


Overfull \hbox (45.2729pt too wide) in paragraph at lines 6005--6007
[]| \T1/phv/m/n/10 NE-TIO_SHMEM_LOG_INCONSISTENT_MESSAGE_SIZE_EC,
 []


Underfull \hbox (badness 10000) in paragraph at lines 6007--6009
[]| \T1/phv/m/n/10 NE-TIO_SHMEM_LOG_INITIALIZE_FAILED_EC,
 []


Underfull \hbox (badness 10000) in paragraph at lines 6011--6012
[]| \T1/phv/m/n/10 NE-TIO_SHMEM_LOG_INVALID_FACTORY_EC,
 []


Underfull \hbox (badness 10000) in paragraph at lines 6012--6014
[]| \T1/phv/m/n/10 NE-TIO_SHMEM_LOG_INVALID_PROPERTY_EC,
 []


Overfull \hbox (39.31519pt too wide) in paragraph at lines 6027--6029
[]| \T1/phv/m/n/10 NE-TIO_SHMEM_LOG_SHMEM_MUTEX_LOCK_FAILED_EC,
 []


Overfull \hbox (52.31104pt too wide) in paragraph at lines 6029--6031
[]| \T1/phv/m/n/10 NE-TIO_SHMEM_LOG_SHMEM_MUTEX_UNLOCK_FAILED_EC,
 []


Overfull \hbox (17.83223pt too wide) in paragraph at lines 6031--6033
[]| \T1/phv/m/n/10 NE-TIO_SHMEM_LOG_SIG_SEM_SIGNAL_FAILED_EC,
 []


Overfull \hbox (104.33922pt too wide) in paragraph at lines 6034--6036
[]| \T1/phv/m/n/10 NE-TIO_SHMEM_LOG_UNSUPPORTED_TRANSPORT_COMPATIBILITY_EC,
 []


Overfull \hbox (28.77618pt too wide) in paragraph at lines 6046--6048
[]| \T1/phv/m/n/10 UDP_LOG_INCONSISTENT_MAX_MESSSAGE_SIZE_EC,
 []


Underfull \hbox (badness 10000) in paragraph at lines 6081--6082
[]| \T1/phv/m/n/10 UDP_LOG_TRANSPORT_NO_INTERFACES_EC,
 []


Overfull \hbox (20.84804pt too wide) in paragraph at lines 6090--6092
[]| \T1/phv/m/n/10 UDP_TRANSFORM_LOG_FACTORY_NOT_FOUND_EC,
 []


Overfull \hbox (60.0062pt too wide) in paragraph at lines 6093--6095
[]| \T1/phv/m/n/10 UDP_TRANSFORM_LOG_INVALID_FACTORY_REFERENCE_EC,
 []


Overfull \hbox (56.3701pt too wide) in paragraph at lines 6095--6097
[]| \T1/phv/m/n/10 UDP_TRANSFORM_LOG_INVALID_TUDP_LOCATOR_KIND_EC,
 []

[1130]
Overfull \hbox (15.85275pt too wide) in paragraph at lines 6111--6113
[]| \T1/phv/m/n/10 NE-TIO_ADDRESS_UDPv4_ANY_MULTICAST_ROUTE,
 []


Overfull \hbox (15.85275pt too wide) in paragraph at lines 6115--6117
[]| \T1/phv/m/n/10 NE-TIO_ADDRESS_UDPv6_ANY_MULTICAST_ROUTE,
 []


Underfull \hbox (badness 10000) in paragraph at lines 6124--6125
[]| \T1/phv/m/n/10 NE-TIO_DGRAM_INTERFACE_MAX_ADDRESSES,
 []


Underfull \hbox (badness 10000) in paragraph at lines 6125--6127
[]| \T1/phv/m/n/10 NE-TIO_DGRAM_INTERFACE_MAX_INTERFACES,
 []


Overfull \hbox (15.77107pt too wide) in paragraph at lines 6134--6136
[]| \T1/phv/m/n/10 NE-TIO_DGRAM_InterfaceMultiCastGroup_INITIALIZER,
 []


Underfull \hbox (badness 10000) in paragraph at lines 6136--6138
[]| \T1/phv/m/n/10 NE-TIO_DGRAM_InterfaceMultiCastGroup_Invalid,
 []


Underfull \hbox (badness 10000) in paragraph at lines 6138--6140
[]| \T1/phv/m/n/10 NE-TIO_DGRAM_InterfaceMultiCastGroup_UDPv4,
 []


Underfull \hbox (badness 10000) in paragraph at lines 6140--6142
[]| \T1/phv/m/n/10 NE-TIO_DGRAM_InterfaceMultiCastGroup_UDPv6,
 []


Underfull \hbox (badness 10000) in paragraph at lines 6142--6144
[]| \T1/phv/m/n/10 NE-TIO_DGRAM_InterfaceTableEntry_INITIALIZER,
 []


Underfull \hbox (badness 10000) in paragraph at lines 6146--6148
[]| \T1/phv/m/n/10 NE-TIO_DGRAMUserInterface_bind_addressFunc,
 []

[1131]
Underfull \hbox (badness 10000) in paragraph at lines 6296--6297
[]| \T1/phv/m/n/10 UDP_TRANSFORM_LOG_KIND_DST_INDEX,
 []


Underfull \hbox (badness 10000) in paragraph at lines 6302--6303
[]| \T1/phv/m/n/10 UDP_TRANSFORM_LOG_KIND_SRC_INDEX,
 []


Overfull \hbox (49.43121pt too wide) in paragraph at lines 6303--6305
[]| \T1/phv/m/n/10 UDP_TRANSFORM_LOG_KIND_TRANSFORM_DESTINATION,
 []


Overfull \hbox (66.01793pt too wide) in paragraph at lines 6305--6307
[]| \T1/phv/m/n/10 UDP_TRANSFORM_LOG_KIND_TRANSFORM_NETMASK_INDEX,
 []


Overfull \hbox (28.5066pt too wide) in paragraph at lines 6307--6309
[]| \T1/phv/m/n/10 UDP_TRANSFORM_LOG_KIND_TRANSFORM_SOURCE,
 []

[1132] [1133]
Overfull \hbox (19.35068pt too wide) in paragraph at lines 6440--6441
[]\T1/phv/m/n/10 NETIO_SharedMemorySignalingSemaphore_create_or_attach 
 []


Overfull \hbox (21.52043pt too wide) in paragraph at lines 6477--6478
[]\T1/phv/m/n/10 NETIO_SHMEM_LOG_FAILED_TO_ALLOCATE_STRUCT_EC 
 []


Overfull \hbox (49.01515pt too wide) in paragraph at lines 6479--6480
[]\T1/phv/m/n/10 NETIO_SHMEM_LOG_FAILED_TO_ATTACH_CONCURRENT_Q_EC 
 []


Overfull \hbox (32.44615pt too wide) in paragraph at lines 6483--6484
[]\T1/phv/m/n/10 NETIO_SHMEM_LOG_FAILED_TO_INIT_CONCURRENT_Q_EC 
 []


Overfull \hbox (31.45607pt too wide) in paragraph at lines 6487--6488
[]\T1/phv/m/n/10 NETIO_SHMEM_LOG_FAILED_TO_INIT_SEGMENT_ADDR_EC 
 []


Overfull \hbox (48.60965pt too wide) in paragraph at lines 6495--6496
[]\T1/phv/m/n/10 NETIO_SHMEM_LOG_IGNORE_TRANSPORT_COMPATIBILITY_EC 
 []


Overfull \hbox (27.36118pt too wide) in paragraph at lines 6497--6498
[]\T1/phv/m/n/10 NETIO_SHMEM_LOG_INCOMPATIBLE_CONCURRENT_Q_EC 
 []


Overfull \hbox (22.77101pt too wide) in paragraph at lines 6507--6508
[]\T1/phv/m/n/10 NETIO_SHMEM_LOG_INCONSISTENT_MESSAGE_SIZE_EC 
 []

[1134]
Overfull \hbox (16.8133pt too wide) in paragraph at lines 6537--6538
[]\T1/phv/m/n/10 NETIO_SHMEM_LOG_SHMEM_MUTEX_LOCK_FAILED_EC 
 []


Overfull \hbox (29.80914pt too wide) in paragraph at lines 6539--6540
[]\T1/phv/m/n/10 NETIO_SHMEM_LOG_SHMEM_MUTEX_UNLOCK_FAILED_EC 
 []


Overfull \hbox (81.83733pt too wide) in paragraph at lines 6545--6546
[]\T1/phv/m/n/10 NETIO_SHMEM_LOG_UNSUPPORTED_TRANSPORT_COMPATIBILITY_EC 
 []


Underfull \hbox (badness 10000) in paragraph at lines 6560--6561
[]| \T1/phv/m/n/10 DDSHST_WRITER_WRAPPED_HISTORY_NAME,
 []


Underfull \hbox (badness 10000) in paragraph at lines 6635--6637
[]| \T1/phv/m/n/10 OS-API_LOG_HEAP_INTERNAL_ALLOCATE_EC,
 []

[1135]
Underfull \hbox (badness 10000) in paragraph at lines 6643--6644
[]| \T1/phv/m/n/10 OS-API_LOG_PTHREAD_COND_DESTROY_EC,
 []


Underfull \hbox (badness 10000) in paragraph at lines 6649--6650
[]| \T1/phv/m/n/10 OS-API_LOG_PTHREAD_CONDATTR_INIT_EC,
 []


Overfull \hbox (28.09251pt too wide) in paragraph at lines 6650--6652
[]| \T1/phv/m/n/10 OS-API_LOG_PTHREAD_CONDATTR_SETPSHARED_EC,
 []


Underfull \hbox (badness 10000) in paragraph at lines 6654--6655
[]| \T1/phv/m/n/10 OS-API_LOG_PTHREAD_MUTEX_DESTROY_EC,
 []


Underfull \hbox (badness 10000) in paragraph at lines 6657--6658
[]| \T1/phv/m/n/10 OS-API_LOG_PTHREAD_MUTEX_UNLOCK_EC,
 []


Overfull \hbox (15.14171pt too wide) in paragraph at lines 6658--6660
[]| \T1/phv/m/n/10 OS-API_LOG_PTHREAD_MUTEXATTR_DESTROY_EC,
 []


Underfull \hbox (badness 10000) in paragraph at lines 6660--6662
[]| \T1/phv/m/n/10 OS-API_LOG_PTHREAD_MUTEXATTR_INIT_EC,
 []


Overfull \hbox (47.96388pt too wide) in paragraph at lines 6662--6664
[]| \T1/phv/m/n/10 OS-API_LOG_PTHREAD_MUTEXATTR_SETPRIOCEILING_EC,
 []


Overfull \hbox (39.5584pt too wide) in paragraph at lines 6664--6666
[]| \T1/phv/m/n/10 OS-API_LOG_PTHREAD_MUTEXATTR_SETPROTOCOL_EC,
 []


Overfull \hbox (33.45634pt too wide) in paragraph at lines 6666--6668
[]| \T1/phv/m/n/10 OS-API_LOG_PTHREAD_MUTEXATTR_SETPSHARED_EC,
 []


Overfull \hbox (27.1835pt too wide) in paragraph at lines 6668--6670
[]| \T1/phv/m/n/10 OS-API_LOG_PTHREAD_MUTEXATTR_SETROBUST_EC,
 []


Underfull \hbox (badness 10000) in paragraph at lines 6674--6675
[]| \T1/phv/m/n/10 OS-API_LOG_SEGMENT_DETACH_FAILED_EC,
 []


Overfull \hbox (16.25726pt too wide) in paragraph at lines 6675--6677
[]| \T1/phv/m/n/10 OS-API_LOG_SEGMENT_KEY_ALREADY_EXISTS_EC,
 []


Underfull \hbox (badness 10000) in paragraph at lines 6693--6694
[]| \T1/phv/m/n/10 OS-API_LOG_SHMEM_INIT_DESCRIPTOR_EC,
 []


Overfull \hbox (32.83505pt too wide) in paragraph at lines 6699--6701
[]| \T1/phv/m/n/10 OS-API_LOG_SHMEM_SEGMENT_FILE_MAP_FAILED_EC,
 []


Underfull \hbox (badness 10000) in paragraph at lines 6701--6703
[]| \T1/phv/m/n/10 OS-API_LOG_SHMEM_SEM_DELETE_FAILED_EC,
 []


Underfull \hbox (badness 10000) in paragraph at lines 6707--6708
[]| \T1/phv/m/n/10 OS-API_LOG_SHMEM_SET_DESCRIPTOR_EC,
 []


Underfull \hbox (badness 10000) in paragraph at lines 6724--6726
[]| \T1/phv/m/n/10 OS-API_LOG_THREAD_GET_MAX_PRIORITY_EC,
 []


Overfull \hbox (15.83427pt too wide) in paragraph at lines 6736--6738
[]| \T1/phv/m/n/10 OS-API_LOG_THREAD_SEMPOOL_INVALID_SEM_EC,
 []

[1136]
Underfull \hbox (badness 10000) in paragraph at lines 6741--6743
[]| \T1/phv/m/n/10 OS-API_LOG_TIMER_DELETE_STOP_TIMER_EC,
 []


Underfull \hbox (badness 10000) in paragraph at lines 6749--6751
[]| \T1/phv/m/n/10 OS-API_LOG_TIMER_NEW_START_TIMER_EC,
 []


Underfull \hbox (badness 10000) in paragraph at lines 6816--6817
[]| \T1/phv/m/n/10 OS-API_THREAD_PRIORITY_ABOVE_NORMAL,
 []


Underfull \hbox (badness 10000) in paragraph at lines 6817--6818
[]| \T1/phv/m/n/10 OS-API_THREAD_PRIORITY_BELOW_NORMAL,
 []


Underfull \hbox (badness 10000) in paragraph at lines 6825--6827
[]| \T1/phv/m/n/10 OS-API_THREAD_USE_OSDEFAULT_STACKSIZE,
 []

[1137] [1138]
Overfull \hbox (25.46199pt too wide) in paragraph at lines 6963--6964
[]\T1/phv/m/n/10 OSAPI_LOG_PTHREAD_MUTEXATTR_SETPRIOCEILING_EC 
 []


Overfull \hbox (17.0565pt too wide) in paragraph at lines 6965--6966
[]\T1/phv/m/n/10 OSAPI_LOG_PTHREAD_MUTEXATTR_SETPROTOCOL_EC 
 []

[1139] [1140]
Underfull \hbox (badness 10000) in paragraph at lines 7192--7194
[]| \T1/phv/m/n/10 OS-API_SharedMemoryMonitor_mark_consistent,
 []


Underfull \hbox (badness 10000) in paragraph at lines 7226--7228
[]| \T1/phv/m/n/10 OS-API_SharedMemorySegment_is_owner_alive,
 []


Underfull \hbox (badness 10000) in paragraph at lines 7233--7235
[]| \T1/phv/m/n/10 OS-API_SharedMemorySegmentHandle_get_size,
 []


Underfull \hbox (badness 10000) in paragraph at lines 7235--7237
[]| \T1/phv/m/n/10 OS-API_SharedMemorySegmentHeader_get_size,
 []


Overfull \hbox (44.57152pt too wide) in paragraph at lines 7239--7241
[]| \T1/phv/m/n/10 OS-API_SHMEM_ATTACH_STATUS_SEGMENT_NOT_FOUND,
 []

[1141]
Overfull \hbox (22.06963pt too wide) in paragraph at lines 7283--7284
[]\T1/phv/m/n/10 OSAPI_SHMEM_ATTACH_STATUS_SEGMENT_NOT_FOUND 
 []

[1142]
Underfull \hbox (badness 10000) in paragraph at lines 7443--7445
[]| \T1/phv/m/n/10 DDS_DomainParticipantResourceLimitsQosPolicy,
 []


Underfull \hbox (badness 10000) in paragraph at lines 7446--7448
[]| \T1/phv/m/n/10 DDS_DomainParticipantResourceLimitsQosPolicy,
 []


Underfull \hbox (badness 10000) in paragraph at lines 7486--7488
[]| \T1/phv/m/n/10 DDS_PropertyQosPolicyHelper_assert_property,
 []


Underfull \hbox (badness 10000) in paragraph at lines 7488--7490
[]| \T1/phv/m/n/10 DDS_PropertyQosPolicyHelper_lookup_property,
 []


Underfull \hbox (badness 10000) in paragraph at lines 7490--7492
[]| \T1/phv/m/n/10 DDS_PropertyQosPolicyHelper_remove_property,
 []

[1143]
Underfull \hbox (badness 10000) in paragraph at lines 7536--7537
[]| \T1/phv/m/n/10 DDS_ASYNCHRONOUS_PUBLISH_MODE_QOS,
 []


Underfull \hbox (badness 10000) in paragraph at lines 7541--7542
[]| \T1/phv/m/n/10 DDS_SYNCHRONOUS_PUBLISH_MODE_QOS,
 []


Underfull \hbox (badness 10000) in paragraph at lines 7570--7572
[]| \T1/phv/m/n/10 DDS_DomainParticipantResourceLimitsQosPolicy,
 []


Underfull \hbox (badness 10000) in paragraph at lines 7573--7575
[]| \T1/phv/m/n/10 DDS_DomainParticipantResourceLimitsQosPolicy,
 []


Underfull \hbox (badness 10000) in paragraph at lines 7587--7588
[]| \T1/phv/m/n/10 DDS_OWNERSHIPSTRENGTH_QOS_POLICY_ID,
 []


Underfull \hbox (badness 10000) in paragraph at lines 7596--7598
[]| \T1/phv/m/n/10 DDS_DomainParticipantResourceLimitsQosPolicy,
 []


Underfull \hbox (badness 10000) in paragraph at lines 7599--7601
[]| \T1/phv/m/n/10 DDS_DomainParticipantResourceLimitsQosPolicy,
 []


Overfull \hbox (32.88008pt too wide) in paragraph at lines 7614--7616
[]| \T1/phv/m/n/10 NE-TIO_SHMEM_LOG_CQ_INCOMPATIBLE_VERSION_EC,
 []


Overfull \hbox (21.36948pt too wide) in paragraph at lines 7616--7618
[]| \T1/phv/m/n/10 NE-TIO_SHMEM_LOG_CQ_INCONSISTENT_STATE_EC,
 []


Overfull \hbox (22.36845pt too wide) in paragraph at lines 7618--7620
[]| \T1/phv/m/n/10 NE-TIO_SHMEM_LOG_CQ_INT_REPRESENTATION_EC,
 []

[1144]
Underfull \hbox (badness 10000) in paragraph at lines 7623--7624
[]| \T1/phv/m/n/10 REDA_LOG_BUFFER_OUT_OF_MEMORY_EC,
 []


Overfull \hbox (70.21162pt too wide) in paragraph at lines 7624--7626
[]| \T1/phv/m/n/10 REDA_LOG_BUFFERPOOL_BUFFER_INITIALIZATION_FAILED_EC,
 []


Underfull \hbox (badness 10000) in paragraph at lines 7626--7627
[]| \T1/phv/m/n/10 REDA_LOG_BUFFERPOOL_DOUBLE_FREE_EC,
 []


Underfull \hbox (badness 10000) in paragraph at lines 7627--7628
[]| \T1/phv/m/n/10 REDA_LOG_BUFFERPOOL_NOT_EMPTY_EC,
 []


Underfull \hbox (badness 10000) in paragraph at lines 7628--7630
[]| \T1/phv/m/n/10 REDA_LOG_BUFFERPOOL_NULL_POINTER_EC,
 []


Overfull \hbox (27.08452pt too wide) in paragraph at lines 7630--7632
[]| \T1/phv/m/n/10 REDA_LOG_BUFFERPOOL_OUT_OF_RESOURCES_EC,
 []


Underfull \hbox (badness 10000) in paragraph at lines 7637--7639
[]| \T1/phv/m/n/10 REDA_LOG_HEAP_MGR_MUTEX_FAILURE_EC,
 []


Overfull \hbox (43.2301pt too wide) in paragraph at lines 7645--7647
[]| \T1/phv/m/n/10 REDA_LOG_MEMPOOL_INCONSISTENT_PROPERTIES_EC,
 []


Underfull \hbox (badness 10000) in paragraph at lines 7649--7651
[]| \T1/phv/m/n/10 REDA_LOG_MEMPOOL_POOL_ALLOCATION_EC,
 []


Underfull \hbox (badness 10000) in paragraph at lines 7651--7652
[]| \T1/phv/m/n/10 REDA_LOG_SEQUENCE_ALLOC_FAILED_EC,
 []


Overfull \hbox (30.58539pt too wide) in paragraph at lines 7653--7655
[]| \T1/phv/m/n/10 REDA_LOG_SEQUENCE_INDEX_OUT_OF_BOUNDS_EC,
 []


Underfull \hbox (badness 10000) in paragraph at lines 7655--7657
[]| \T1/phv/m/n/10 REDA_LOG_SEQUENCE_INVALID_LENGTH_EC,
 []


Underfull \hbox (badness 10000) in paragraph at lines 7659--7660
[]| \T1/phv/m/n/10 REDA_LOG_SEQUENCE_REALLOCATION_EC,
 []


Underfull \hbox (badness 10000) in paragraph at lines 7660--7662
[]| \T1/phv/m/n/10 REDA_LOG_SEQUENCE_SET_MAX_FAILED_EC,
 []


Overfull \hbox (47.70973pt too wide) in paragraph at lines 7670--7671
[]\T1/phv/m/n/10 REDA_LOG_BUFFERPOOL_BUFFER_INITIALIZATION_FAILED_EC 
 []


Overfull \hbox (20.72821pt too wide) in paragraph at lines 7702--7703
[]\T1/phv/m/n/10 REDA_LOG_MEMPOOL_INCONSISTENT_PROPERTIES_EC 
 []

[1145]
Underfull \hbox (badness 10000) in paragraph at lines 7743--7745
[]| \T1/phv/m/n/10 DDS_DomainParticipantResourceLimitsQosPolicy,
 []


Underfull \hbox (badness 10000) in paragraph at lines 7746--7748
[]| \T1/phv/m/n/10 DDS_DomainParticipantResourceLimitsQosPolicy,
 []


Underfull \hbox (badness 10000) in paragraph at lines 7749--7751
[]| \T1/phv/m/n/10 DDS_DomainParticipantResourceLimitsQosPolicy,
 []


Overfull \hbox (68.82587pt too wide) in paragraph at lines 7796--7798
[]| \T1/phv/m/n/10 RHSM_LOG_DESTINATION_BY_SOURCE_NOT_SUPPORTED_EC,
 []


Underfull \hbox (badness 10000) in paragraph at lines 7798--7800
[]| \T1/phv/m/n/10 RHSM_LOG_ENTRY_RESERVATION_FAILED_EC,
 []


Underfull \hbox (badness 10000) in paragraph at lines 7800--7802
[]| \T1/phv/m/n/10 RHSM_LOG_FAILED_TO_REMOVE_OLDEST_EC,
 []


Underfull \hbox (badness 10000) in paragraph at lines 7802--7804
[]| \T1/phv/m/n/10 RHSM_LOG_GET_RECEPTION_TIMESTAMP_EC,
 []


Overfull \hbox (20.46057pt too wide) in paragraph at lines 7807--7809
[]| \T1/phv/m/n/10 RHSM_LOG_INVALID_INSTANCE_REPLACEMENT_EC,
 []


Overfull \hbox (38.1093pt too wide) in paragraph at lines 7809--7811
[]| \T1/phv/m/n/10 RHSM_LOG_KEEP_ALL_HISTORY_NOT_SUPPORTED_EC,
 []


Underfull \hbox (badness 10000) in paragraph at lines 7811--7812
[]| \T1/phv/m/n/10 RHSM_LOG_MAX_SAMPLE_TOO_SMALL_EC,
 []

[1146]
Overfull \hbox (46.32397pt too wide) in paragraph at lines 7852--7853
[]\T1/phv/m/n/10 RHSM_LOG_DESTINATION_BY_SOURCE_NOT_SUPPORTED_EC 
 []


Overfull \hbox (15.6074pt too wide) in paragraph at lines 7872--7873
[]\T1/phv/m/n/10 RHSM_LOG_KEEP_ALL_HISTORY_NOT_SUPPORTED_EC 
 []


Underfull \hbox (badness 10000) in paragraph at lines 7931--7933
[]| \T1/phv/m/n/10 RT_LOG_REGISTRY_INCONSISTENT_CID_EC,
 []

[1147]
Underfull \hbox (badness 10000) in paragraph at lines 8007--8009
[]| \T1/phv/m/n/10 RTPS_LOG_BITCOUNT_OUT_OF_BOUNDS_EC,
 []


Overfull \hbox (72.46188pt too wide) in paragraph at lines 8012--8014
[]| \T1/phv/m/n/10 RTPS_LOG_CHECKSUM_CHECKSUM_CALCULATION_FAILED_EC,
 []


Overfull \hbox (70.58083pt too wide) in paragraph at lines 8014--8016
[]| \T1/phv/m/n/10 RTPS_LOG_CHECKSUM_CHECKSUM_DESERIALIZE_ERROR_EC,
 []


Overfull \hbox (77.83449pt too wide) in paragraph at lines 8018--8020
[]| \T1/phv/m/n/10 RTPS_LOG_CHECKSUM_ILLEGAL_OVERRIDE_CHECKSUM128_EC,
 []


Overfull \hbox (72.83058pt too wide) in paragraph at lines 8020--8022
[]| \T1/phv/m/n/10 RTPS_LOG_CHECKSUM_ILLEGAL_OVERRIDE_CHECKSUM32_EC,
 []


Overfull \hbox (72.83058pt too wide) in paragraph at lines 8022--8024
[]| \T1/phv/m/n/10 RTPS_LOG_CHECKSUM_ILLEGAL_OVERRIDE_CHECKSUM64_EC,
 []


Overfull \hbox (26.75154pt too wide) in paragraph at lines 8024--8026
[]| \T1/phv/m/n/10 RTPS_LOG_CHECKSUM_INCONSISTENT_LENGTH_EC,
 []


Overfull \hbox (21.2796pt too wide) in paragraph at lines 8026--8028
[]| \T1/phv/m/n/10 RTPS_LOG_CHECKSUM_INVALID_CRC32_FLAGS_EC,
 []


Overfull \hbox (57.53076pt too wide) in paragraph at lines 8028--8030
[]| \T1/phv/m/n/10 RTPS_LOG_CHECKSUM_INVALID_OVERRIDE_BUILTIN128_EC,
 []


Overfull \hbox (52.52686pt too wide) in paragraph at lines 8030--8032
[]| \T1/phv/m/n/10 RTPS_LOG_CHECKSUM_INVALID_OVERRIDE_BUILTIN32_EC,
 []


Overfull \hbox (52.52686pt too wide) in paragraph at lines 8032--8034
[]| \T1/phv/m/n/10 RTPS_LOG_CHECKSUM_INVALID_OVERRIDE_BUILTIN64_EC,
 []


Overfull \hbox (55.58702pt too wide) in paragraph at lines 8034--8036
[]| \T1/phv/m/n/10 RTPS_LOG_CHECKSUM_LENGTH_DESERIALIZE_ERROR_EC,
 []


Overfull \hbox (54.25505pt too wide) in paragraph at lines 8036--8038
[]| \T1/phv/m/n/10 RTPS_LOG_CHECKSUM_MISSING_CHECKSUM_LENGTH_EC,
 []


Overfull \hbox (33.3125pt too wide) in paragraph at lines 8038--8040
[]| \T1/phv/m/n/10 RTPS_LOG_CHECKSUM_TOO_MANY_SG_BUFFERS_EC,
 []


Underfull \hbox (badness 10000) in paragraph at lines 8040--8041
[]| \T1/phv/m/n/10 RTPS_LOG_CHECKSUM_UNSUPPORTED_EC,
 []

[1148]
Underfull \hbox (badness 10000) in paragraph at lines 8052--8054
[]| \T1/phv/m/n/10 RTPS_LOG_DB_CREATE_DIRECT_INDEX_EC,
 []


Underfull \hbox (badness 10000) in paragraph at lines 8054--8056
[]| \T1/phv/m/n/10 RTPS_LOG_DB_CREATE_EXT_BIND_ENTRY_EC,
 []


Underfull \hbox (badness 10000) in paragraph at lines 8056--8057
[]| \T1/phv/m/n/10 RTPS_LOG_DB_CREATE_GROUP_INDEX_EC,
 []


Underfull \hbox (badness 10000) in paragraph at lines 8057--8058
[]| \T1/phv/m/n/10 RTPS_LOG_DB_CREATE_ROUTE_ENTRY_EC,
 []


Overfull \hbox (19.23671pt too wide) in paragraph at lines 8060--8062
[]| \T1/phv/m/n/10 RTPS_LOG_DB_CREATE_ROUTE_XPORT_INDEX_EC,
 []


Overfull \hbox (37.5153pt too wide) in paragraph at lines 8062--8064
[]| \T1/phv/m/n/10 RTPS_LOG_DB_CREATE_SELECTED_GROUP_INDEX_EC,
 []


Overfull \hbox (28.32642pt too wide) in paragraph at lines 8064--8066
[]| \T1/phv/m/n/10 RTPS_LOG_DB_DELETE_EXTERNAL_BIND_ENTRY_EC,
 []


Underfull \hbox (badness 10000) in paragraph at lines 8066--8067
[]| \T1/phv/m/n/10 RTPS_LOG_DB_DELETE_ROUTE_ENTRY_EC,
 []


Underfull \hbox (badness 10000) in paragraph at lines 8068--8069
[]| \T1/phv/m/n/10 RTPS_LOG_DB_INSERT_ROUTE_ENTRY_EC,
 []


Overfull \hbox (31.87231pt too wide) in paragraph at lines 8071--8073
[]| \T1/phv/m/n/10 RTPS_LOG_DB_REMOVE_EXTERNAL_BIND_ENTRY_EC,
 []


Underfull \hbox (badness 10000) in paragraph at lines 8085--8087
[]| \T1/phv/m/n/10 RTPS_LOG_DESERIALIZE_INSTANCE_ID_EC,
 []


Underfull \hbox (badness 10000) in paragraph at lines 8093--8095
[]| \T1/phv/m/n/10 RTPS_LOG_FIND_EXTERNAL_INTERFACE_EC,
 []


Underfull \hbox (badness 10000) in paragraph at lines 8095--8097
[]| \T1/phv/m/n/10 RTPS_LOG_FIRST_SN_GREATER_LAST_SN_EC,
 []


Overfull \hbox (54.57915pt too wide) in paragraph at lines 8103--8105
[]| \T1/phv/m/n/10 RTPS_LOG_INCONSISTENT_HDR_EXT_LENGTH_ERROR_EC,
 []


Underfull \hbox (badness 10000) in paragraph at lines 8114--8116
[]| \T1/phv/m/n/10 RTPS_LOG_INVALID_HDR_EXT_PID_LIST_EC,
 []


Underfull \hbox (badness 10000) in paragraph at lines 8118--8119
[]| \T1/phv/m/n/10 RTPS_LOG_LOOKUP_EXT_BIND_ENTRY_EC,
 []


Overfull \hbox (26.82349pt too wide) in paragraph at lines 8120--8122
[]| \T1/phv/m/n/10 RTPS_LOG_MESSAGE_EXCEED_LENGTH_ERROR_EC,
 []


Overfull \hbox (36.82237pt too wide) in paragraph at lines 8124--8126
[]| \T1/phv/m/n/10 RTPS_LOG_NETIO_PACKET_INSUFFICIENT_BUFFER_EC,
 []


Underfull \hbox (badness 10000) in paragraph at lines 8138--8140
[]| \T1/phv/m/n/10 RTPS_LOG_PROCESS_HEARTBEAT_BATCH_EC,
 []

[1149]
Underfull \hbox (badness 10000) in paragraph at lines 8157--8158
[]| \T1/phv/m/n/10 RTPS_LOG_SEQ_NUM_OUT_OF_RANGE_EC,
 []


Underfull \hbox (badness 10000) in paragraph at lines 8164--8166
[]| \T1/phv/m/n/10 RTPS_LOG_SHIFT_SN_OUT_OF_RANGE_EC,
 []


Overfull \hbox (74.03697pt too wide) in paragraph at lines 8172--8174
[]| \T1/phv/m/n/10 RTPS_LOG_TRUST_INCONSISTENT_INTERCEPTOR_HANDLE_EC,
 []


Overfull \hbox (53.0493pt too wide) in paragraph at lines 8174--8176
[]| \T1/phv/m/n/10 RTPS_LOG_TRUST_INTERCEPTOR_HANDLE_LIST_FULL_EC,
 []


Overfull \hbox (114.32942pt too wide) in paragraph at lines 8177--8179
[]| \T1/phv/m/n/10 RTPS_LOG_TRUST_REMOTE_PARTICIPANT_HANDLE_CREATE_FAILED_EC,
 []


Overfull \hbox (111.63844pt too wide) in paragraph at lines 8179--8181
[]| \T1/phv/m/n/10 RTPS_LOG_TRUST_REMOTE_PARTICIPANT_HANDLE_INSERT_FAILED_EC,
 []


Overfull \hbox (116.41725pt too wide) in paragraph at lines 8181--8183
[]| \T1/phv/m/n/10 RTPS_LOG_TRUST_REMOTE_PARTICIPANT_HANDLE_LOOKUP_FAILED_EC,
 []


Overfull \hbox (36.68736pt too wide) in paragraph at lines 8183--8185
[]| \T1/phv/m/n/10 RTPS_LOG_TRUST_SUBMSG_CONVERSION_FAILED_EC,
 []


Overfull \hbox (32.24168pt too wide) in paragraph at lines 8185--8187
[]| \T1/phv/m/n/10 RTPS_LOG_TRUST_UNEXPECTED_READER_STATE_EC,
 []


Underfull \hbox (badness 10000) in paragraph at lines 8189--8190
[]| \T1/phv/m/n/10 RTPS_LOG_UNSUPPORTED_INFO_REPLY_EC,
 []


Underfull \hbox (badness 10000) in paragraph at lines 8193--8194
[]| \T1/phv/m/n/10 RTPS_LOG_UNSUPPORTED_INTERFACE_EC,
 []


Overfull \hbox (53.1753pt too wide) in paragraph at lines 8194--8196
[]| \T1/phv/m/n/10 RTPS_LOG_UNSUPPORTED_MANDTORY_HDR_EXT_PID_EC,
 []


Overfull \hbox (15.35757pt too wide) in paragraph at lines 8196--8198
[]| \T1/phv/m/n/10 RTPS_LOG_UPDATE_RELIABLE_PEERS_FILTER_EC,
 []


Underfull \hbox (badness 10000) in paragraph at lines 8199--8200
[]| \T1/phv/m/n/10 RTPS_LOG_WINDOW_ADVANCE_UNACKED_EC,
 []


Overfull \hbox (18.85864pt too wide) in paragraph at lines 8202--8204
[]| \T1/phv/m/n/10 RTPS_LOG_WRITER_REQUEST_SENT_HISTORY_EC,
 []

[1150]
Underfull \hbox (badness 10000) in paragraph at lines 8260--8262
[]| \T1/phv/m/n/10 RTPS_LOG_DB_REMOVE_ROUTE_ENTRY_EC,
 []


Overfull \hbox (49.95999pt too wide) in paragraph at lines 8286--8287
[]\T1/phv/m/n/10 RTPS_LOG_CHECKSUM_CHECKSUM_CALCULATION_FAILED_EC 
 []


Overfull \hbox (48.07893pt too wide) in paragraph at lines 8288--8289
[]\T1/phv/m/n/10 RTPS_LOG_CHECKSUM_CHECKSUM_DESERIALIZE_ERROR_EC 
 []


Overfull \hbox (55.3326pt too wide) in paragraph at lines 8292--8293
[]\T1/phv/m/n/10 RTPS_LOG_CHECKSUM_ILLEGAL_OVERRIDE_CHECKSUM128_EC 
 []


Overfull \hbox (50.32869pt too wide) in paragraph at lines 8294--8295
[]\T1/phv/m/n/10 RTPS_LOG_CHECKSUM_ILLEGAL_OVERRIDE_CHECKSUM32_EC 
 []


Overfull \hbox (50.32869pt too wide) in paragraph at lines 8296--8297
[]\T1/phv/m/n/10 RTPS_LOG_CHECKSUM_ILLEGAL_OVERRIDE_CHECKSUM64_EC 
 []


Overfull \hbox (35.02887pt too wide) in paragraph at lines 8302--8303
[]\T1/phv/m/n/10 RTPS_LOG_CHECKSUM_INVALID_OVERRIDE_BUILTIN128_EC 
 []


Overfull \hbox (30.02496pt too wide) in paragraph at lines 8304--8305
[]\T1/phv/m/n/10 RTPS_LOG_CHECKSUM_INVALID_OVERRIDE_BUILTIN32_EC 
 []


Overfull \hbox (30.02496pt too wide) in paragraph at lines 8306--8307
[]\T1/phv/m/n/10 RTPS_LOG_CHECKSUM_INVALID_OVERRIDE_BUILTIN64_EC 
 []


Overfull \hbox (33.08513pt too wide) in paragraph at lines 8308--8309
[]\T1/phv/m/n/10 RTPS_LOG_CHECKSUM_LENGTH_DESERIALIZE_ERROR_EC 
 []


Overfull \hbox (31.75316pt too wide) in paragraph at lines 8310--8311
[]\T1/phv/m/n/10 RTPS_LOG_CHECKSUM_MISSING_CHECKSUM_LENGTH_EC 
 []


Overfull \hbox (15.01341pt too wide) in paragraph at lines 8348--8349
[]\T1/phv/m/n/10 RTPS_LOG_DB_CREATE_SELECTED_GROUP_INDEX_EC 
 []

[1151]
Overfull \hbox (32.07726pt too wide) in paragraph at lines 8418--8419
[]\T1/phv/m/n/10 RTPS_LOG_INCONSISTENT_HDR_EXT_LENGTH_ERROR_EC 
 []

[1152]
Overfull \hbox (51.53508pt too wide) in paragraph at lines 8536--8537
[]\T1/phv/m/n/10 RTPS_LOG_TRUST_INCONSISTENT_INTERCEPTOR_HANDLE_EC 
 []


Overfull \hbox (30.54741pt too wide) in paragraph at lines 8538--8539
[]\T1/phv/m/n/10 RTPS_LOG_TRUST_INTERCEPTOR_HANDLE_LIST_FULL_EC 
 []


Overfull \hbox (91.82753pt too wide) in paragraph at lines 8542--8543
[]\T1/phv/m/n/10 RTPS_LOG_TRUST_REMOTE_PARTICIPANT_HANDLE_CREATE_FAILED_EC 
 []


Overfull \hbox (89.13655pt too wide) in paragraph at lines 8544--8545
[]\T1/phv/m/n/10 RTPS_LOG_TRUST_REMOTE_PARTICIPANT_HANDLE_INSERT_FAILED_EC 
 []


Overfull \hbox (93.91536pt too wide) in paragraph at lines 8546--8547
[]\T1/phv/m/n/10 RTPS_LOG_TRUST_REMOTE_PARTICIPANT_HANDLE_LOOKUP_FAILED_EC 
 []


Overfull \hbox (30.6734pt too wide) in paragraph at lines 8564--8565
[]\T1/phv/m/n/10 RTPS_LOG_UNSUPPORTED_MANDTORY_HDR_EXT_PID_EC 
 []

[1153]
Underfull \hbox (badness 10000) in paragraph at lines 8667--8669
[]| \T1/phv/m/n/10 NE-TIO_SharedMemorySegment_create_or_attach,
 []


Underfull \hbox (badness 10000) in paragraph at lines 8677--8679
[]| \T1/phv/m/n/10 NE-TIO_SharedMemorySignalingSemaphore_attach,
 []


Underfull \hbox (badness 10000) in paragraph at lines 8679--8681
[]| \T1/phv/m/n/10 NE-TIO_SharedMemorySignalingSemaphore_create,
 []


Overfull \hbox (41.85257pt too wide) in paragraph at lines 8681--8683
[]| \T1/phv/m/n/10 NE-TIO_SharedMemorySignalingSemaphore_create_or_attach,
 []


Underfull \hbox (badness 10000) in paragraph at lines 8683--8685
[]| \T1/phv/m/n/10 NE-TIO_SharedMemorySignalingSemaphore_delete,
 []


Underfull \hbox (badness 10000) in paragraph at lines 8687--8689
[]| \T1/phv/m/n/10 NE-TIO_SharedMemorySignalingSemaphore_signal,
 []

[1154]
Underfull \hbox (badness 10000) in paragraph at lines 8689--8691
[]| \T1/phv/m/n/10 NE-TIO_SharedMemorySignalingSemaphore_wait,
 []


Underfull \hbox (badness 10000) in paragraph at lines 8694--8696
[]| \T1/phv/m/n/10 NE-TIO_SHMEMInterfaceFactoryProperty_finalize,
 []


Underfull \hbox (badness 10000) in paragraph at lines 8696--8698
[]| \T1/phv/m/n/10 NE-TIO_SHMEMInterfaceFactoryProperty_initialize,
 []


Underfull \hbox (badness 10000) in paragraph at lines 8705--8707
[]| \T1/phv/m/n/10 DDS_DomainParticipantResourceLimitsQosPolicy,
 []


Underfull \hbox (badness 10000) in paragraph at lines 8731--8732
[]| \T1/phv/m/n/10 DDS_OFFERED_DEADLINE_MISSED_STATUS,
 []


Underfull \hbox (badness 10000) in paragraph at lines 8732--8733
[]| \T1/phv/m/n/10 DDS_OFFERED_INCOMPATIBLE_QOS_STATUS,
 []


Overfull \hbox (34.60834pt too wide) in paragraph at lines 8734--8736
[]| \T1/phv/m/n/10 DDS_RELIABLE_READER_ACTIVITY_CHANGED_STATUS,
 []


Underfull \hbox (badness 10000) in paragraph at lines 8736--8738
[]| \T1/phv/m/n/10 DDS_REQUESTED_DEADLINE_MISSED_STATUS,
 []


Underfull \hbox (badness 10000) in paragraph at lines 8776--8778
[]| \T1/phv/m/n/10 DDS_SubscriberListener_DataOnReadersCallback,
 []


Underfull \hbox (badness 10000) in paragraph at lines 8779--8780
[]| \T1/phv/m/n/10 DDS_SUBSCRIBERQOS_APPGEN_INITIALIZER,
 []


Underfull \hbox (badness 10000) in paragraph at lines 8785--8787
[]| \T1/phv/m/n/10 DDS_DomainParticipantResourceLimitsQosPolicy,
 []


Underfull \hbox (badness 10000) in paragraph at lines 8788--8790
[]| \T1/phv/m/n/10 DDS_DomainParticipantResourceLimitsQosPolicy,
 []

[1155]
Underfull \hbox (badness 10000) in paragraph at lines 8871--8873
[]| \T1/phv/m/n/10 DDS_DomainParticipantResourceLimitsQosPolicy,
 []


Underfull \hbox (badness 10000) in paragraph at lines 8874--8876
[]| \T1/phv/m/n/10 DDS_DomainParticipantResourceLimitsQosPolicy,
 []

[1156] [1157] [1158]
Overfull \hbox (37.5043pt too wide) in paragraph at lines 9159--9160
[]\T1/phv/m/n/10 UDP_TRANSFORM_LOG_INVALID_FACTORY_REFERENCE_EC 
 []


Overfull \hbox (33.86821pt too wide) in paragraph at lines 9161--9162
[]\T1/phv/m/n/10 UDP_TRANSFORM_LOG_INVALID_TUDP_LOCATOR_KIND_EC 
 []


Overfull \hbox (26.92932pt too wide) in paragraph at lines 9177--9178
[]\T1/phv/m/n/10 UDP_TRANSFORM_LOG_KIND_TRANSFORM_DESTINATION 
 []


Overfull \hbox (43.51604pt too wide) in paragraph at lines 9179--9180
[]\T1/phv/m/n/10 UDP_TRANSFORM_LOG_KIND_TRANSFORM_NETMASK_INDEX 
 []


Underfull \hbox (badness 10000) in paragraph at lines 9235--9237
[]| \T1/phv/m/n/10 FooType-Sup-port_deserialize_data_from_cdr_buffer,
 []


Underfull \hbox (badness 10000) in paragraph at lines 9240--9242
[]| \T1/phv/m/n/10 FooType-Sup-port_serialize_data_to_cdr_buffer_ex,
 []

[1159]
Overfull \hbox (40.10725pt too wide) in paragraph at lines 9297--9299
[]| \T1/phv/m/n/10 WHSM_LOG_KEEP_ALL_HISTORY_NOT_SUPPORTED_EC,
 []


Underfull \hbox (badness 10000) in paragraph at lines 9299--9300
[]| \T1/phv/m/n/10 WHSM_LOG_MAX_SAMPLES_TOO_SMALL_EC,
 []


Overfull \hbox (43.58131pt too wide) in paragraph at lines 9304--9306
[]| \T1/phv/m/n/10 WHSM_LOG_UNLIMITED_HISTORY_NOT_SUPPORTED_EC,
 []


Underfull \hbox (badness 10000) in paragraph at lines 9317--9318
[]| \T1/phv/m/n/10 WHSM_LOG_THREAD_SEMAPHORE_OBJECT,
 []


Overfull \hbox (17.60536pt too wide) in paragraph at lines 9333--9334
[]\T1/phv/m/n/10 WHSM_LOG_KEEP_ALL_HISTORY_NOT_SUPPORTED_EC 
 []

[1160]
Overfull \hbox (21.07942pt too wide) in paragraph at lines 9359--9360
[]\T1/phv/m/n/10 WHSM_LOG_UNLIMITED_HISTORY_NOT_SUPPORTED_EC 
 []


Overfull \hbox (39.61221pt too wide) in paragraph at lines 9364--9366
[]| \T1/phv/m/n/10 WHSQ_LOG_KEEP_ALL_HISTORY_NOT_SUPPORTED_EC,
 []


Underfull \hbox (badness 10000) in paragraph at lines 9366--9367
[]| \T1/phv/m/n/10 WHSQ_LOG_MAX_SAMPLES_TOO_SMALL_EC,
 []


Overfull \hbox (43.08627pt too wide) in paragraph at lines 9371--9373
[]| \T1/phv/m/n/10 WHSQ_LOG_UNLIMITED_HISTORY_NOT_SUPPORTED_EC,
 []


Overfull \hbox (17.11032pt too wide) in paragraph at lines 9382--9383
[]\T1/phv/m/n/10 WHSQ_LOG_KEEP_ALL_HISTORY_NOT_SUPPORTED_EC 
 []


Overfull \hbox (20.58438pt too wide) in paragraph at lines 9394--9395
[]\T1/phv/m/n/10 WHSQ_LOG_UNLIMITED_HISTORY_NOT_SUPPORTED_EC 
 []


Overfull \hbox (24.04263pt too wide) in paragraph at lines 9406--9408
[]| \T1/phv/m/n/10 DDS_INTEROPERABLE_RTPS_WELL_KNOWN_PORTS,
 []


Overfull \hbox (86.07872pt too wide) in paragraph at lines 9408--9410
[]| \T1/phv/m/n/10 DDS_RTI_BACKWARDS_COMPATIBLE_RTPS_WELL_KNOWN_PORTS,
 []


Underfull \hbox (badness 10000) in paragraph at lines 9419--9421
[]| \T1/phv/m/n/10 DDS_DomainParticipantResourceLimitsQosPolicy,
 []


Underfull \hbox (badness 10000) in paragraph at lines 9422--9424
[]| \T1/phv/m/n/10 DDS_DomainParticipantResourceLimitsQosPolicy,
 []

[1161]
Underfull \hbox (badness 10000) in paragraph at lines 9522--9524
[]| \T1/phv/m/n/10 ZCOPY_NotifUserInterface_release_addressFunc,
 []


Underfull \hbox (badness 10000) in paragraph at lines 9524--9526
[]| \T1/phv/m/n/10 ZCOPY_NotifUserInterface_reserve_addressFunc,
 []

[1162

])
Package atveryend Info: Empty hook `BeforeClearDocument' on input line 518.
Package atveryend Info: Empty hook `AfterLastShipout' on input line 518.
 (./refman.aux)
Package atveryend Info: Executing hook `AtVeryEndDocument' on input line 518.
Package atveryend Info: Executing hook `AtEndAfterFileList' on input line 518.
Package rerunfilecheck Info: File `refman.out' has not changed.
(rerunfilecheck)             Checksum: 153FDB2E73DEED768635920E9125759C;180340.



LaTeX Warning: There were multiply-defined labels.

 ) 
Here is how much of TeX's memory you used:
 32226 strings out of 480994
 780384 string characters out of 5915061
 1784139 words of memory out of 5000000
 37242 multiletter control sequences out of 15000+600000
 594788 words of font info for 113 fonts, out of 8000000 for 9000
 1141 hyphenation exceptions out of 8191
 55i,17n,96p,5281b,832s stack positions out of 5000i,500n,10000p,200000b,80000s
pdfTeX warning (dest): name{group__DDSWireProtocolQosModule_ga5dec5b80bd3efbf
65ab1b5b2640b2ec1a74c5028e0747356f719a0660c3089bec} has been referenced but doe
s not exist, replaced by a fixed one

{/opt/texlive/2019/texmf-dist/fonts/enc/dvips/base/8r.enc}</opt/texlive/2019/te
xmf-dist/fonts/type1/public/amsfonts/cm/cmmi10.pfb></opt/texlive/2019/texmf-dis
t/fonts/type1/public/amsfonts/cm/cmmi7.pfb></opt/texlive/2019/texmf-dist/fonts/
type1/public/amsfonts/cm/cmmi8.pfb></opt/texlive/2019/texmf-dist/fonts/type1/pu
blic/amsfonts/cm/cmmi9.pfb></opt/texlive/2019/texmf-dist/fonts/type1/public/ams
fonts/cm/cmsy10.pfb></opt/texlive/2019/texmf-dist/fonts/type1/public/amsfonts/c
m/cmsy6.pfb></opt/texlive/2019/texmf-dist/fonts/type1/public/amsfonts/cm/cmsy7.
pfb></opt/texlive/2019/texmf-dist/fonts/type1/public/amsfonts/cm/cmsy8.pfb></op
t/texlive/2019/texmf-dist/fonts/type1/public/amsfonts/cm/cmsy9.pfb></opt/texliv
e/2019/texmf-dist/fonts/type1/urw/courier/ucrb8a.pfb></opt/texlive/2019/texmf-d
ist/fonts/type1/urw/courier/ucrr8a.pfb></opt/texlive/2019/texmf-dist/fonts/type
1/urw/courier/ucrro8a.pfb></opt/texlive/2019/texmf-dist/fonts/type1/urw/helveti
c/uhvb8a.pfb></opt/texlive/2019/texmf-dist/fonts/type1/urw/helvetic/uhvb8ac.pfb
></opt/texlive/2019/texmf-dist/fonts/type1/urw/helvetic/uhvbo8a.pfb></opt/texli
ve/2019/texmf-dist/fonts/type1/urw/helvetic/uhvr8a.pfb></opt/texlive/2019/texmf
-dist/fonts/type1/urw/helvetic/uhvro8a.pfb>
Output written on refman.pdf (1183 pages, 3379238 bytes).
PDF statistics:
 47943 PDF objects out of 55141 (max. 8388607)
 44220 compressed objects within 443 object streams
 9307 named destinations out of 10688 (max. 500000)
 6305 words of extra memory for PDF output out of 10000 (max. 10000000)

