\BOOKMARK [1][-]{section.1}{\376\377\0001\000\040\000R\000T\000I\000\040\000C\000o\000n\000n\000e\000x\000t\000\040\000M\000i\000c\000r\000o\000\040\000C\000+\000+\000\040\000A\000P\000I}{}% 1
\BOOKMARK [1][-]{section.2}{\376\377\0002\000\040\000T\000o\000p\000i\000c\000\040\000I\000n\000d\000e\000x}{}% 2
\BOOKMARK [2][-]{subsection.2.1}{\376\377\0002\000.\0001\000\040\000R\000e\000f\000e\000r\000e\000n\000c\000e\000\040\000M\000a\000n\000u\000a\000l}{section.2}% 3
\BOOKMARK [1][-]{section.3}{\376\377\0003\000\040\000H\000i\000e\000r\000a\000r\000c\000h\000i\000c\000a\000l\000\040\000I\000n\000d\000e\000x}{}% 4
\BOOKMARK [2][-]{subsection.3.1}{\376\377\0003\000.\0001\000\040\000C\000l\000a\000s\000s\000\040\000H\000i\000e\000r\000a\000r\000c\000h\000y}{section.3}% 5
\BOOKMARK [1][-]{section.4}{\376\377\0004\000\040\000C\000l\000a\000s\000s\000\040\000I\000n\000d\000e\000x}{}% 6
\BOOKMARK [2][-]{subsection.4.1}{\376\377\0004\000.\0001\000\040\000C\000l\000a\000s\000s\000\040\000L\000i\000s\000t}{section.4}% 7
\BOOKMARK [1][-]{section.5}{\376\377\0005\000\040\000F\000i\000l\000e\000\040\000I\000n\000d\000e\000x}{}% 8
\BOOKMARK [2][-]{subsection.5.1}{\376\377\0005\000.\0001\000\040\000F\000i\000l\000e\000\040\000L\000i\000s\000t}{section.5}% 9
\BOOKMARK [1][-]{section.6}{\376\377\0006\000\040\000T\000o\000p\000i\000c\000\040\000D\000o\000c\000u\000m\000e\000n\000t\000a\000t\000i\000o\000n}{}% 10
\BOOKMARK [2][-]{subsection.6.1}{\376\377\0006\000.\0001\000\040\000D\000o\000c\000u\000m\000e\000n\000t\000a\000t\000i\000o\000n\000\040\000G\000u\000i\000d\000e}{section.6}% 11
\BOOKMARK [3][-]{subsubsection.6.1.1}{\376\377\0006\000.\0001\000.\0001\000\040\000U\000n\000s\000u\000p\000p\000o\000r\000t\000e\000d\000\040\000F\000e\000a\000t\000u\000r\000e\000s}{subsection.6.1}% 12
\BOOKMARK [3][-]{subsubsection.6.1.2}{\376\377\0006\000.\0001\000.\0002\000\040\000A\000P\000I\000\040\000N\000a\000m\000i\000n\000g\000\040\000C\000o\000n\000v\000e\000n\000t\000i\000o\000n\000s}{subsection.6.1}% 13
\BOOKMARK [3][-]{subsubsection.6.1.3}{\376\377\0006\000.\0001\000.\0003\000\040\000A\000P\000I\000\040\000D\000o\000c\000u\000m\000e\000n\000t\000a\000t\000i\000o\000n\000\040\000T\000e\000r\000m\000s}{subsection.6.1}% 14
\BOOKMARK [3][-]{subsubsection.6.1.4}{\376\377\0006\000.\0001\000.\0004\000\040\000S\000t\000e\000r\000e\000o\000t\000y\000p\000e\000s}{subsection.6.1}% 15
\BOOKMARK [2][-]{subsection.6.2}{\376\377\0006\000.\0002\000\040\000D\000D\000S\000\040\000A\000P\000I}{section.6}% 16
\BOOKMARK [3][-]{subsubsection.6.2.1}{\376\377\0006\000.\0002\000.\0001\000\040\000D\000e\000t\000a\000i\000l\000e\000d\000\040\000D\000e\000s\000c\000r\000i\000p\000t\000i\000o\000n}{subsection.6.2}% 17
\BOOKMARK [3][-]{subsubsection.6.2.2}{\376\377\0006\000.\0002\000.\0002\000\040\000O\000v\000e\000r\000v\000i\000e\000w}{subsection.6.2}% 18
\BOOKMARK [3][-]{subsubsection.6.2.3}{\376\377\0006\000.\0002\000.\0003\000\040\000C\000o\000n\000c\000e\000p\000t\000u\000a\000l\000\040\000M\000o\000d\000e\000l}{subsection.6.2}% 19
\BOOKMARK [3][-]{subsubsection.6.2.4}{\376\377\0006\000.\0002\000.\0004\000\040\000M\000o\000d\000u\000l\000e\000s}{subsection.6.2}% 20
\BOOKMARK [3][-]{subsubsection.6.2.5}{\376\377\0006\000.\0002\000.\0005\000\040\000C\000o\000n\000t\000e\000n\000t\000\040\000F\000i\000l\000t\000e\000r\000\040\000P\000l\000u\000g\000i\000n}{subsection.6.2}% 21
\BOOKMARK [3][-]{subsubsection.6.2.6}{\376\377\0006\000.\0002\000.\0006\000\040\000D\000o\000m\000a\000i\000n\000\040\000M\000o\000d\000u\000l\000e}{subsection.6.2}% 22
\BOOKMARK [3][-]{subsubsection.6.2.7}{\376\377\0006\000.\0002\000.\0007\000\040\000T\000o\000p\000i\000c}{subsection.6.2}% 23
\BOOKMARK [3][-]{subsubsection.6.2.8}{\376\377\0006\000.\0002\000.\0008\000\040\000P\000u\000b\000l\000i\000c\000a\000t\000i\000o\000n\000\040\000M\000o\000d\000u\000l\000e}{subsection.6.2}% 24
\BOOKMARK [3][-]{subsubsection.6.2.9}{\376\377\0006\000.\0002\000.\0009\000\040\000S\000u\000b\000s\000c\000r\000i\000p\000t\000i\000o\000n\000\040\000M\000o\000d\000u\000l\000e}{subsection.6.2}% 25
\BOOKMARK [3][-]{subsubsection.6.2.10}{\376\377\0006\000.\0002\000.\0001\0000\000\040\000I\000n\000f\000r\000a\000s\000t\000r\000u\000c\000t\000u\000r\000e\000\040\000M\000o\000d\000u\000l\000e}{subsection.6.2}% 26
\BOOKMARK [3][-]{subsubsection.6.2.11}{\376\377\0006\000.\0002\000.\0001\0001\000\040\000G\000e\000n\000e\000r\000a\000l\000\040\000U\000t\000i\000l\000i\000t\000i\000e\000s\000\040\000a\000n\000d\000\040\000C\000o\000m\000p\000l\000i\000a\000n\000c\000e\000\040\000C\000o\000n\000f\000i\000g\000u\000r\000a\000t\000i\000o\000n}{subsection.6.2}% 27
\BOOKMARK [2][-]{subsection.6.3}{\376\377\0006\000.\0003\000\040\000D\000P\000S\000E\000\040\000S\000t\000a\000t\000i\000c\000\040\000D\000i\000s\000c\000o\000v\000e\000r\000y\000\040\000A\000P\000I}{section.6}% 28
\BOOKMARK [3][-]{subsubsection.6.3.1}{\376\377\0006\000.\0003\000.\0001\000\040\000D\000e\000t\000a\000i\000l\000e\000d\000\040\000D\000e\000s\000c\000r\000i\000p\000t\000i\000o\000n}{subsection.6.3}% 29
\BOOKMARK [3][-]{subsubsection.6.3.2}{\376\377\0006\000.\0003\000.\0002\000\040\000M\000a\000c\000r\000o\000\040\000D\000e\000f\000i\000n\000i\000t\000i\000o\000n\000\040\000D\000o\000c\000u\000m\000e\000n\000t\000a\000t\000i\000o\000n}{subsection.6.3}% 30
\BOOKMARK [2][-]{subsection.6.4}{\376\377\0006\000.\0004\000\040\000D\000P\000D\000E\000\040\000D\000y\000n\000a\000m\000i\000c\000\040\000D\000i\000s\000c\000o\000v\000e\000r\000y\000\040\000A\000P\000I}{section.6}% 31
\BOOKMARK [3][-]{subsubsection.6.4.1}{\376\377\0006\000.\0004\000.\0001\000\040\000D\000e\000t\000a\000i\000l\000e\000d\000\040\000D\000e\000s\000c\000r\000i\000p\000t\000i\000o\000n}{subsection.6.4}% 32
\BOOKMARK [3][-]{subsubsection.6.4.2}{\376\377\0006\000.\0004\000.\0002\000\040\000M\000a\000c\000r\000o\000\040\000D\000e\000f\000i\000n\000i\000t\000i\000o\000n\000\040\000D\000o\000c\000u\000m\000e\000n\000t\000a\000t\000i\000o\000n}{subsection.6.4}% 33
\BOOKMARK [2][-]{subsection.6.5}{\376\377\0006\000.\0005\000\040\000C\000D\000R\000\040\000S\000t\000r\000e\000a\000m\000\040\000A\000P\000I}{section.6}% 34
\BOOKMARK [3][-]{subsubsection.6.5.1}{\376\377\0006\000.\0005\000.\0001\000\040\000D\000e\000t\000a\000i\000l\000e\000d\000\040\000D\000e\000s\000c\000r\000i\000p\000t\000i\000o\000n}{subsection.6.5}% 35
\BOOKMARK [3][-]{subsubsection.6.5.2}{\376\377\0006\000.\0005\000.\0002\000\040\000F\000u\000n\000c\000t\000i\000o\000n\000\040\000D\000o\000c\000u\000m\000e\000n\000t\000a\000t\000i\000o\000n}{subsection.6.5}% 36
\BOOKMARK [2][-]{subsection.6.6}{\376\377\0006\000.\0006\000\040\000R\000T\000\040\000R\000u\000n\000-\000T\000i\000m\000e\000\040\000A\000P\000I}{section.6}% 37
\BOOKMARK [3][-]{subsubsection.6.6.1}{\376\377\0006\000.\0006\000.\0001\000\040\000D\000e\000t\000a\000i\000l\000e\000d\000\040\000D\000e\000s\000c\000r\000i\000p\000t\000i\000o\000n}{subsection.6.6}% 38
\BOOKMARK [2][-]{subsection.6.7}{\376\377\0006\000.\0007\000\040\000R\000H\000S\000M\000\040\000R\000e\000a\000d\000e\000r\000\040\000H\000i\000s\000t\000o\000r\000y\000\040\000A\000P\000I}{section.6}% 39
\BOOKMARK [3][-]{subsubsection.6.7.1}{\376\377\0006\000.\0007\000.\0001\000\040\000D\000e\000t\000a\000i\000l\000e\000d\000\040\000D\000e\000s\000c\000r\000i\000p\000t\000i\000o\000n}{subsection.6.7}% 40
\BOOKMARK [2][-]{subsection.6.8}{\376\377\0006\000.\0008\000\040\000W\000H\000S\000M\000\040\000W\000r\000i\000t\000e\000r\000\040\000H\000i\000s\000t\000o\000r\000y\000\040\000A\000P\000I}{section.6}% 41
\BOOKMARK [3][-]{subsubsection.6.8.1}{\376\377\0006\000.\0008\000.\0001\000\040\000D\000e\000t\000a\000i\000l\000e\000d\000\040\000D\000e\000s\000c\000r\000i\000p\000t\000i\000o\000n}{subsection.6.8}% 42
\BOOKMARK [2][-]{subsection.6.9}{\376\377\0006\000.\0009\000\040\000N\000E\000T\000I\000O\000\040\000A\000P\000I}{section.6}% 43
\BOOKMARK [3][-]{subsubsection.6.9.1}{\376\377\0006\000.\0009\000.\0001\000\040\000D\000e\000t\000a\000i\000l\000e\000d\000\040\000D\000e\000s\000c\000r\000i\000p\000t\000i\000o\000n}{subsection.6.9}% 44
\BOOKMARK [3][-]{subsubsection.6.9.2}{\376\377\0006\000.\0009\000.\0002\000\040\000N\000E\000T\000I\000O\000\040\000P\000a\000c\000k\000e\000t\000\040\000A\000P\000I}{subsection.6.9}% 45
\BOOKMARK [3][-]{subsubsection.6.9.3}{\376\377\0006\000.\0009\000.\0003\000\040\000N\000E\000T\000I\000O\000\040\000I\000n\000t\000e\000r\000f\000a\000c\000e\000\040\000A\000P\000I}{subsection.6.9}% 46
\BOOKMARK [3][-]{subsubsection.6.9.4}{\376\377\0006\000.\0009\000.\0004\000\040\000N\000E\000T\000I\000O\000\040\000A\000d\000d\000r\000e\000s\000s\000\040\000A\000P\000I}{subsection.6.9}% 47
\BOOKMARK [2][-]{subsection.6.10}{\376\377\0006\000.\0001\0000\000\040\000U\000D\000P\000\040\000T\000r\000a\000n\000s\000p\000o\000r\000t\000\040\000A\000P\000I}{section.6}% 48
\BOOKMARK [3][-]{subsubsection.6.10.1}{\376\377\0006\000.\0001\0000\000.\0001\000\040\000D\000e\000t\000a\000i\000l\000e\000d\000\040\000D\000e\000s\000c\000r\000i\000p\000t\000i\000o\000n}{subsection.6.10}% 49
\BOOKMARK [3][-]{subsubsection.6.10.2}{\376\377\0006\000.\0001\0000\000.\0002\000\040\000M\000a\000c\000r\000o\000\040\000D\000e\000f\000i\000n\000i\000t\000i\000o\000n\000\040\000D\000o\000c\000u\000m\000e\000n\000t\000a\000t\000i\000o\000n}{subsection.6.10}% 50
\BOOKMARK [3][-]{subsubsection.6.10.3}{\376\377\0006\000.\0001\0000\000.\0003\000\040\000F\000u\000n\000c\000t\000i\000o\000n\000\040\000D\000o\000c\000u\000m\000e\000n\000t\000a\000t\000i\000o\000n}{subsection.6.10}% 51
\BOOKMARK [2][-]{subsection.6.11}{\376\377\0006\000.\0001\0001\000\040\000U\000D\000P\000\040\000T\000r\000a\000n\000s\000f\000o\000r\000m\000\040\000A\000P\000I}{section.6}% 52
\BOOKMARK [2][-]{subsection.6.12}{\376\377\0006\000.\0001\0002\000\040\000R\000T\000P\000S\000\040\000T\000r\000a\000n\000s\000p\000o\000r\000t\000\040\000A\000P\000I}{section.6}% 53
\BOOKMARK [3][-]{subsubsection.6.12.1}{\376\377\0006\000.\0001\0002\000.\0001\000\040\000D\000e\000t\000a\000i\000l\000e\000d\000\040\000D\000e\000s\000c\000r\000i\000p\000t\000i\000o\000n}{subsection.6.12}% 54
\BOOKMARK [3][-]{subsubsection.6.12.2}{\376\377\0006\000.\0001\0002\000.\0002\000\040\000T\000y\000p\000e\000d\000e\000f\000\040\000D\000o\000c\000u\000m\000e\000n\000t\000a\000t\000i\000o\000n}{subsection.6.12}% 55
\BOOKMARK [3][-]{subsubsection.6.12.3}{\376\377\0006\000.\0001\0002\000.\0003\000\040\000E\000n\000u\000m\000e\000r\000a\000t\000i\000o\000n\000\040\000T\000y\000p\000e\000\040\000D\000o\000c\000u\000m\000e\000n\000t\000a\000t\000i\000o\000n}{subsection.6.12}% 56
\BOOKMARK [3][-]{subsubsection.6.12.4}{\376\377\0006\000.\0001\0002\000.\0004\000\040\000V\000a\000r\000i\000a\000b\000l\000e\000\040\000D\000o\000c\000u\000m\000e\000n\000t\000a\000t\000i\000o\000n}{subsection.6.12}% 57
\BOOKMARK [2][-]{subsection.6.13}{\376\377\0006\000.\0001\0003\000\040\000S\000h\000a\000r\000e\000d\000\040\000M\000e\000m\000o\000r\000y\000\040\000T\000r\000a\000n\000s\000p\000o\000r\000t\000\040\000A\000P\000I}{section.6}% 58
\BOOKMARK [3][-]{subsubsection.6.13.1}{\376\377\0006\000.\0001\0003\000.\0001\000\040\000D\000e\000t\000a\000i\000l\000e\000d\000\040\000D\000e\000s\000c\000r\000i\000p\000t\000i\000o\000n}{subsection.6.13}% 59
\BOOKMARK [3][-]{subsubsection.6.13.2}{\376\377\0006\000.\0001\0003\000.\0002\000\040\000N\000E\000T\000I\000O\000\040\000S\000h\000a\000r\000e\000d\000\040\000M\000e\000m\000o\000r\000y\000\040\000A\000P\000I}{subsection.6.13}% 60
\BOOKMARK [2][-]{subsection.6.14}{\376\377\0006\000.\0001\0004\000\040\000N\000E\000T\000I\000O\000\040\000D\000G\000R\000A\000M\000\040\000A\000P\000I}{section.6}% 61
\BOOKMARK [3][-]{subsubsection.6.14.1}{\376\377\0006\000.\0001\0004\000.\0001\000\040\000D\000e\000t\000a\000i\000l\000e\000d\000\040\000D\000e\000s\000c\000r\000i\000p\000t\000i\000o\000n}{subsection.6.14}% 62
\BOOKMARK [3][-]{subsubsection.6.14.2}{\376\377\0006\000.\0001\0004\000.\0002\000\040\000M\000a\000c\000r\000o\000\040\000D\000e\000f\000i\000n\000i\000t\000i\000o\000n\000\040\000D\000o\000c\000u\000m\000e\000n\000t\000a\000t\000i\000o\000n}{subsection.6.14}% 63
\BOOKMARK [3][-]{subsubsection.6.14.3}{\376\377\0006\000.\0001\0004\000.\0003\000\040\000T\000y\000p\000e\000d\000e\000f\000\040\000D\000o\000c\000u\000m\000e\000n\000t\000a\000t\000i\000o\000n}{subsection.6.14}% 64
\BOOKMARK [3][-]{subsubsection.6.14.4}{\376\377\0006\000.\0001\0004\000.\0004\000\040\000F\000u\000n\000c\000t\000i\000o\000n\000\040\000D\000o\000c\000u\000m\000e\000n\000t\000a\000t\000i\000o\000n}{subsection.6.14}% 65
\BOOKMARK [3][-]{subsubsection.6.14.5}{\376\377\0006\000.\0001\0004\000.\0005\000\040\000V\000a\000r\000i\000a\000b\000l\000e\000\040\000D\000o\000c\000u\000m\000e\000n\000t\000a\000t\000i\000o\000n}{subsection.6.14}% 66
\BOOKMARK [2][-]{subsection.6.15}{\376\377\0006\000.\0001\0005\000\040\000Z\000e\000r\000o\000\040\000C\000o\000p\000y\000\040\000v\0002\000\040\000A\000P\000I}{section.6}% 67
\BOOKMARK [3][-]{subsubsection.6.15.1}{\376\377\0006\000.\0001\0005\000.\0001\000\040\000D\000e\000t\000a\000i\000l\000e\000d\000\040\000D\000e\000s\000c\000r\000i\000p\000t\000i\000o\000n}{subsection.6.15}% 68
\BOOKMARK [3][-]{subsubsection.6.15.2}{\376\377\0006\000.\0001\0005\000.\0002\000\040\000M\000a\000c\000r\000o\000\040\000D\000e\000f\000i\000n\000i\000t\000i\000o\000n\000\040\000D\000o\000c\000u\000m\000e\000n\000t\000a\000t\000i\000o\000n}{subsection.6.15}% 69
\BOOKMARK [3][-]{subsubsection.6.15.3}{\376\377\0006\000.\0001\0005\000.\0003\000\040\000T\000y\000p\000e\000d\000e\000f\000\040\000D\000o\000c\000u\000m\000e\000n\000t\000a\000t\000i\000o\000n}{subsection.6.15}% 70
\BOOKMARK [3][-]{subsubsection.6.15.4}{\376\377\0006\000.\0001\0005\000.\0004\000\040\000N\000o\000t\000i\000f\000i\000c\000a\000t\000i\000o\000n\000\040\000I\000n\000t\000e\000r\000f\000a\000c\000e}{subsection.6.15}% 71
\BOOKMARK [2][-]{subsection.6.16}{\376\377\0006\000.\0001\0006\000\040\000O\000S\000\040\000A\000P\000I}{section.6}% 72
\BOOKMARK [3][-]{subsubsection.6.16.1}{\376\377\0006\000.\0001\0006\000.\0001\000\040\000D\000e\000t\000a\000i\000l\000e\000d\000\040\000D\000e\000s\000c\000r\000i\000p\000t\000i\000o\000n}{subsection.6.16}% 73
\BOOKMARK [3][-]{subsubsection.6.16.2}{\376\377\0006\000.\0001\0006\000.\0002\000\040\000O\000S\000A\000P\000I\000\040\000H\000e\000a\000p}{subsection.6.16}% 74
\BOOKMARK [3][-]{subsubsection.6.16.3}{\376\377\0006\000.\0001\0006\000.\0003\000\040\000O\000S\000A\000P\000I\000\040\000M\000u\000t\000e\000x}{subsection.6.16}% 75
\BOOKMARK [3][-]{subsubsection.6.16.4}{\376\377\0006\000.\0001\0006\000.\0004\000\040\000O\000S\000A\000P\000I\000\040\000P\000r\000o\000c\000e\000s\000s}{subsection.6.16}% 76
\BOOKMARK [3][-]{subsubsection.6.16.5}{\376\377\0006\000.\0001\0006\000.\0005\000\040\000O\000S\000A\000P\000I\000\040\000S\000e\000m\000a\000p\000h\000o\000r\000e}{subsection.6.16}% 77
\BOOKMARK [3][-]{subsubsection.6.16.6}{\376\377\0006\000.\0001\0006\000.\0006\000\040\000O\000S\000A\000P\000I\000\040\000M\000e\000m\000o\000r\000y\000\040\000A\000P\000I}{subsection.6.16}% 78
\BOOKMARK [3][-]{subsubsection.6.16.7}{\376\377\0006\000.\0001\0006\000.\0007\000\040\000O\000S\000A\000P\000I\000\040\000S\000t\000r\000i\000n\000g\000\040\000A\000P\000I}{subsection.6.16}% 79
\BOOKMARK [3][-]{subsubsection.6.16.8}{\376\377\0006\000.\0001\0006\000.\0008\000\040\000O\000S\000A\000P\000I\000\040\000S\000y\000s\000t\000e\000m\000\040\000A\000P\000I}{subsection.6.16}% 80
\BOOKMARK [3][-]{subsubsection.6.16.9}{\376\377\0006\000.\0001\0006\000.\0009\000\040\000O\000S\000A\000P\000I\000\040\000T\000h\000r\000e\000a\000d\000\040\000A\000P\000I}{subsection.6.16}% 81
\BOOKMARK [3][-]{subsubsection.6.16.10}{\376\377\0006\000.\0001\0006\000.\0001\0000\000\040\000O\000S\000A\000P\000I\000\040\000T\000i\000m\000e}{subsection.6.16}% 82
\BOOKMARK [3][-]{subsubsection.6.16.11}{\376\377\0006\000.\0001\0006\000.\0001\0001\000\040\000O\000S\000A\000P\000I\000\040\000T\000i\000m\000e\000r}{subsection.6.16}% 83
\BOOKMARK [3][-]{subsubsection.6.16.12}{\376\377\0006\000.\0001\0006\000.\0001\0002\000\040\000O\000S\000A\000P\000I\000\040\000T\000y\000p\000e\000s}{subsection.6.16}% 84
\BOOKMARK [3][-]{subsubsection.6.16.13}{\376\377\0006\000.\0001\0006\000.\0001\0003\000\040\000O\000S\000A\000P\000I\000\137\000S\000h\000a\000r\000e\000d\000M\000e\000m\000o\000r\000y\000M\000o\000n\000i\000t\000o\000r}{subsection.6.16}% 85
\BOOKMARK [3][-]{subsubsection.6.16.14}{\376\377\0006\000.\0001\0006\000.\0001\0004\000\040\000O\000S\000A\000P\000I\000\137\000S\000h\000a\000r\000e\000d\000M\000e\000m\000o\000r\000y\000S\000e\000g\000m\000e\000n\000t}{subsection.6.16}% 86
\BOOKMARK [2][-]{subsection.6.17}{\376\377\0006\000.\0001\0007\000\040\000L\000o\000g\000\040\000A\000P\000I}{section.6}% 87
\BOOKMARK [3][-]{subsubsection.6.17.1}{\376\377\0006\000.\0001\0007\000.\0001\000\040\000D\000e\000t\000a\000i\000l\000e\000d\000\040\000D\000e\000s\000c\000r\000i\000p\000t\000i\000o\000n}{subsection.6.17}% 88
\BOOKMARK [3][-]{subsubsection.6.17.2}{\376\377\0006\000.\0001\0007\000.\0002\000\040\000T\000y\000p\000e\000d\000e\000f\000\040\000D\000o\000c\000u\000m\000e\000n\000t\000a\000t\000i\000o\000n}{subsection.6.17}% 89
\BOOKMARK [3][-]{subsubsection.6.17.3}{\376\377\0006\000.\0001\0007\000.\0003\000\040\000E\000n\000u\000m\000e\000r\000a\000t\000i\000o\000n\000\040\000T\000y\000p\000e\000\040\000D\000o\000c\000u\000m\000e\000n\000t\000a\000t\000i\000o\000n}{subsection.6.17}% 90
\BOOKMARK [3][-]{subsubsection.6.17.4}{\376\377\0006\000.\0001\0007\000.\0004\000\040\000F\000u\000n\000c\000t\000i\000o\000n\000\040\000D\000o\000c\000u\000m\000e\000n\000t\000a\000t\000i\000o\000n}{subsection.6.17}% 91
\BOOKMARK [2][-]{subsection.6.18}{\376\377\0006\000.\0001\0008\000\040\000A\000p\000p\000l\000i\000c\000a\000t\000i\000o\000n\000\040\000G\000e\000n\000e\000r\000a\000t\000i\000o\000n\000\040\000A\000P\000I}{section.6}% 92
\BOOKMARK [3][-]{subsubsection.6.18.1}{\376\377\0006\000.\0001\0008\000.\0001\000\040\000D\000e\000t\000a\000i\000l\000e\000d\000\040\000D\000e\000s\000c\000r\000i\000p\000t\000i\000o\000n}{subsection.6.18}% 93
\BOOKMARK [3][-]{subsubsection.6.18.2}{\376\377\0006\000.\0001\0008\000.\0002\000\040\000F\000u\000n\000c\000t\000i\000o\000n\000\040\000D\000o\000c\000u\000m\000e\000n\000t\000a\000t\000i\000o\000n}{subsection.6.18}% 94
\BOOKMARK [2][-]{subsection.6.19}{\376\377\0006\000.\0001\0009\000\040\000L\000i\000g\000h\000t\000w\000e\000i\000g\000h\000t\000\040\000S\000e\000c\000u\000r\000i\000t\000y\000\040\000A\000P\000I}{section.6}% 95
\BOOKMARK [3][-]{subsubsection.6.19.1}{\376\377\0006\000.\0001\0009\000.\0001\000\040\000D\000e\000t\000a\000i\000l\000e\000d\000\040\000D\000e\000s\000c\000r\000i\000p\000t\000i\000o\000n}{subsection.6.19}% 96
\BOOKMARK [3][-]{subsubsection.6.19.2}{\376\377\0006\000.\0001\0009\000.\0002\000\040\000M\000a\000c\000r\000o\000\040\000D\000e\000f\000i\000n\000i\000t\000i\000o\000n\000\040\000D\000o\000c\000u\000m\000e\000n\000t\000a\000t\000i\000o\000n}{subsection.6.19}% 97
\BOOKMARK [3][-]{subsubsection.6.19.3}{\376\377\0006\000.\0001\0009\000.\0003\000\040\000V\000a\000r\000i\000a\000b\000l\000e\000\040\000D\000o\000c\000u\000m\000e\000n\000t\000a\000t\000i\000o\000n}{subsection.6.19}% 98
\BOOKMARK [2][-]{subsection.6.20}{\376\377\0006\000.\0002\0000\000\040\000R\000e\000s\000o\000u\000r\000c\000e\000\040\000L\000i\000m\000i\000t\000s}{section.6}% 99
\BOOKMARK [3][-]{subsubsection.6.20.1}{\376\377\0006\000.\0002\0000\000.\0001\000\040\000D\000e\000t\000a\000i\000l\000e\000d\000\040\000D\000e\000s\000c\000r\000i\000p\000t\000i\000o\000n}{subsection.6.20}% 100
\BOOKMARK [3][-]{subsubsection.6.20.2}{\376\377\0006\000.\0002\0000\000.\0002\000\040\000I\000n\000t\000r\000o\000d\000u\000c\000t\000i\000o\000n}{subsection.6.20}% 101
\BOOKMARK [3][-]{subsubsection.6.20.3}{\376\377\0006\000.\0002\0000\000.\0003\000\040\000D\000y\000n\000a\000m\000i\000c\000\040\000M\000e\000m\000o\000r\000y\000\040\000A\000l\000l\000o\000c\000a\000t\000i\000o\000n}{subsection.6.20}% 102
\BOOKMARK [3][-]{subsubsection.6.20.4}{\376\377\0006\000.\0002\0000\000.\0004\000\040\000D\000o\000m\000a\000i\000n\000P\000a\000r\000t\000i\000c\000i\000p\000a\000n\000t\000F\000a\000c\000t\000o\000r\000y\000Q\000o\000s}{subsection.6.20}% 103
\BOOKMARK [3][-]{subsubsection.6.20.5}{\376\377\0006\000.\0002\0000\000.\0005\000\040\000D\000o\000m\000a\000i\000n\000P\000a\000r\000t\000i\000c\000i\000p\000a\000n\000t\000Q\000o\000s}{subsection.6.20}% 104
\BOOKMARK [3][-]{subsubsection.6.20.6}{\376\377\0006\000.\0002\0000\000.\0006\000\040\000D\000a\000t\000a\000R\000e\000a\000d\000e\000r\000Q\000o\000s}{subsection.6.20}% 105
\BOOKMARK [3][-]{subsubsection.6.20.7}{\376\377\0006\000.\0002\0000\000.\0007\000\040\000D\000a\000t\000a\000W\000r\000i\000t\000e\000r\000Q\000o\000s}{subsection.6.20}% 106
\BOOKMARK [3][-]{subsubsection.6.20.8}{\376\377\0006\000.\0002\0000\000.\0008\000\040\000O\000S\000A\000P\000I}{subsection.6.20}% 107
\BOOKMARK [3][-]{subsubsection.6.20.9}{\376\377\0006\000.\0002\0000\000.\0009\000\040\000U\000D\000P\000\040\000T\000r\000a\000n\000s\000p\000o\000r\000t}{subsection.6.20}% 108
\BOOKMARK [3][-]{subsubsection.6.20.10}{\376\377\0006\000.\0002\0000\000.\0001\0000\000\040\000D\000y\000n\000a\000m\000i\000c\000\040\000P\000a\000r\000t\000i\000c\000i\000p\000a\000n\000t\000\040\000S\000t\000a\000t\000i\000c\000\040\000E\000n\000d\000p\000o\000i\000n\000t\000\040\000\050\000D\000P\000S\000E\000\051}{subsection.6.20}% 109
\BOOKMARK [3][-]{subsubsection.6.20.11}{\376\377\0006\000.\0002\0000\000.\0001\0001\000\040\000D\000y\000n\000a\000m\000i\000c\000\040\000P\000a\000r\000t\000i\000c\000i\000p\000a\000n\000t\000\040\000D\000y\000n\000a\000m\000i\000c\000\040\000E\000n\000d\000p\000o\000i\000n\000t\000\040\000\050\000D\000P\000D\000E\000\051}{subsection.6.20}% 110
\BOOKMARK [2][-]{subsection.6.21}{\376\377\0006\000.\0002\0001\000\040\000L\000o\000g\000\040\000C\000o\000d\000e\000s}{section.6}% 111
\BOOKMARK [3][-]{subsubsection.6.21.1}{\376\377\0006\000.\0002\0001\000.\0001\000\040\000D\000e\000t\000a\000i\000l\000e\000d\000\040\000D\000e\000s\000c\000r\000i\000p\000t\000i\000o\000n}{subsection.6.21}% 112
\BOOKMARK [3][-]{subsubsection.6.21.2}{\376\377\0006\000.\0002\0001\000.\0002\000\040\000O\000S\000A\000P\000I}{subsection.6.21}% 113
\BOOKMARK [3][-]{subsubsection.6.21.3}{\376\377\0006\000.\0002\0001\000.\0003\000\040\000R\000E\000D\000A}{subsection.6.21}% 114
\BOOKMARK [3][-]{subsubsection.6.21.4}{\376\377\0006\000.\0002\0001\000.\0004\000\040\000D\000B}{subsection.6.21}% 115
\BOOKMARK [3][-]{subsubsection.6.21.5}{\376\377\0006\000.\0002\0001\000.\0005\000\040\000R\000T}{subsection.6.21}% 116
\BOOKMARK [3][-]{subsubsection.6.21.6}{\376\377\0006\000.\0002\0001\000.\0006\000\040\000C\000D\000R}{subsection.6.21}% 117
\BOOKMARK [3][-]{subsubsection.6.21.7}{\376\377\0006\000.\0002\0001\000.\0007\000\040\000N\000E\000T\000I\000O}{subsection.6.21}% 118
\BOOKMARK [3][-]{subsubsection.6.21.8}{\376\377\0006\000.\0002\0001\000.\0008\000\040\000R\000T\000P\000S}{subsection.6.21}% 119
\BOOKMARK [3][-]{subsubsection.6.21.9}{\376\377\0006\000.\0002\0001\000.\0009\000\040\000D\000D\000S\000\137\000C}{subsection.6.21}% 120
\BOOKMARK [3][-]{subsubsection.6.21.10}{\376\377\0006\000.\0002\0001\000.\0001\0000\000\040\000W\000H\000S\000Q}{subsection.6.21}% 121
\BOOKMARK [3][-]{subsubsection.6.21.11}{\376\377\0006\000.\0002\0001\000.\0001\0001\000\040\000R\000H}{subsection.6.21}% 122
\BOOKMARK [3][-]{subsubsection.6.21.12}{\376\377\0006\000.\0002\0001\000.\0001\0002\000\040\000W\000H}{subsection.6.21}% 123
\BOOKMARK [3][-]{subsubsection.6.21.13}{\376\377\0006\000.\0002\0001\000.\0001\0003\000\040\000D\000P\000S\000E}{subsection.6.21}% 124
\BOOKMARK [3][-]{subsubsection.6.21.14}{\376\377\0006\000.\0002\0001\000.\0001\0004\000\040\000D\000P\000D\000E}{subsection.6.21}% 125
\BOOKMARK [3][-]{subsubsection.6.21.15}{\376\377\0006\000.\0002\0001\000.\0001\0005\000\040\000A\000P\000P\000G\000E\000N}{subsection.6.21}% 126
\BOOKMARK [3][-]{subsubsection.6.21.16}{\376\377\0006\000.\0002\0001\000.\0001\0006\000\040\000D\000D\000S\000\137\000F\000I\000L\000T\000E\000R}{subsection.6.21}% 127
\BOOKMARK [1][-]{section.7}{\376\377\0007\000\040\000C\000l\000a\000s\000s\000\040\000D\000o\000c\000u\000m\000e\000n\000t\000a\000t\000i\000o\000n}{}% 128
\BOOKMARK [2][-]{subsection.7.1}{\376\377\0007\000.\0001\000\040\000D\000D\000S\000\137\000B\000u\000i\000l\000t\000i\000n\000T\000o\000p\000i\000c\000K\000e\000y\000\137\000t\000\040\000S\000t\000r\000u\000c\000t\000\040\000R\000e\000f\000e\000r\000e\000n\000c\000e}{section.7}% 129
\BOOKMARK [3][-]{subsubsection.7.1.1}{\376\377\0007\000.\0001\000.\0001\000\040\000D\000e\000t\000a\000i\000l\000e\000d\000\040\000D\000e\000s\000c\000r\000i\000p\000t\000i\000o\000n}{subsection.7.1}% 130
\BOOKMARK [3][-]{subsubsection.7.1.2}{\376\377\0007\000.\0001\000.\0002\000\040\000M\000e\000m\000b\000e\000r\000\040\000D\000a\000t\000a\000\040\000D\000o\000c\000u\000m\000e\000n\000t\000a\000t\000i\000o\000n}{subsection.7.1}% 131
\BOOKMARK [2][-]{subsection.7.2}{\376\377\0007\000.\0002\000\040\000D\000D\000S\000\137\000C\000h\000e\000c\000k\000s\000u\000m\000P\000r\000o\000p\000e\000r\000t\000y\000\040\000S\000t\000r\000u\000c\000t\000\040\000R\000e\000f\000e\000r\000e\000n\000c\000e}{section.7}% 132
\BOOKMARK [3][-]{subsubsection.7.2.1}{\376\377\0007\000.\0002\000.\0001\000\040\000D\000e\000t\000a\000i\000l\000e\000d\000\040\000D\000e\000s\000c\000r\000i\000p\000t\000i\000o\000n}{subsection.7.2}% 133
\BOOKMARK [3][-]{subsubsection.7.2.2}{\376\377\0007\000.\0002\000.\0002\000\040\000M\000e\000m\000b\000e\000r\000\040\000D\000a\000t\000a\000\040\000D\000o\000c\000u\000m\000e\000n\000t\000a\000t\000i\000o\000n}{subsection.7.2}% 134
\BOOKMARK [2][-]{subsection.7.3}{\376\377\0007\000.\0003\000\040\000D\000D\000S\000\137\000C\000h\000e\000c\000k\000s\000u\000m\000P\000r\000o\000p\000e\000r\000t\000y\000\137\000t\000\040\000S\000t\000r\000u\000c\000t\000\040\000R\000e\000f\000e\000r\000e\000n\000c\000e}{section.7}% 135
\BOOKMARK [3][-]{subsubsection.7.3.1}{\376\377\0007\000.\0003\000.\0001\000\040\000D\000e\000t\000a\000i\000l\000e\000d\000\040\000D\000e\000s\000c\000r\000i\000p\000t\000i\000o\000n}{subsection.7.3}% 136
\BOOKMARK [3][-]{subsubsection.7.3.2}{\376\377\0007\000.\0003\000.\0002\000\040\000M\000e\000m\000b\000e\000r\000\040\000D\000a\000t\000a\000\040\000D\000o\000c\000u\000m\000e\000n\000t\000a\000t\000i\000o\000n}{subsection.7.3}% 137
\BOOKMARK [2][-]{subsection.7.4}{\376\377\0007\000.\0004\000\040\000D\000D\000S\000\137\000C\000o\000n\000t\000e\000n\000t\000F\000i\000l\000t\000e\000r\000P\000r\000o\000p\000e\000r\000t\000y\000\040\000S\000t\000r\000u\000c\000t\000\040\000R\000e\000f\000e\000r\000e\000n\000c\000e}{section.7}% 138
\BOOKMARK [3][-]{subsubsection.7.4.1}{\376\377\0007\000.\0004\000.\0001\000\040\000D\000e\000t\000a\000i\000l\000e\000d\000\040\000D\000e\000s\000c\000r\000i\000p\000t\000i\000o\000n}{subsection.7.4}% 139
\BOOKMARK [3][-]{subsubsection.7.4.2}{\376\377\0007\000.\0004\000.\0002\000\040\000M\000e\000m\000b\000e\000r\000\040\000D\000a\000t\000a\000\040\000D\000o\000c\000u\000m\000e\000n\000t\000a\000t\000i\000o\000n}{subsection.7.4}% 140
\BOOKMARK [2][-]{subsection.7.5}{\376\377\0007\000.\0005\000\040\000D\000D\000S\000\137\000C\000o\000n\000t\000e\000n\000t\000F\000i\000l\000t\000e\000r\000Q\000o\000s\000P\000o\000l\000i\000c\000y\000\040\000S\000t\000r\000u\000c\000t\000\040\000R\000e\000f\000e\000r\000e\000n\000c\000e}{section.7}% 141
\BOOKMARK [3][-]{subsubsection.7.5.1}{\376\377\0007\000.\0005\000.\0001\000\040\000D\000e\000t\000a\000i\000l\000e\000d\000\040\000D\000e\000s\000c\000r\000i\000p\000t\000i\000o\000n}{subsection.7.5}% 142
\BOOKMARK [3][-]{subsubsection.7.5.2}{\376\377\0007\000.\0005\000.\0002\000\040\000U\000s\000a\000g\000e}{subsection.7.5}% 143
\BOOKMARK [3][-]{subsubsection.7.5.3}{\376\377\0007\000.\0005\000.\0003\000\040\000M\000e\000m\000b\000e\000r\000\040\000D\000a\000t\000a\000\040\000D\000o\000c\000u\000m\000e\000n\000t\000a\000t\000i\000o\000n}{subsection.7.5}% 144
\BOOKMARK [2][-]{subsection.7.6}{\376\377\0007\000.\0006\000\040\000D\000D\000S\000\137\000D\000a\000t\000a\000R\000e\000a\000d\000e\000r\000I\000n\000s\000t\000a\000n\000c\000e\000R\000e\000p\000l\000a\000c\000e\000d\000S\000t\000a\000t\000u\000s\000\040\000S\000t\000r\000u\000c\000t\000\040\000R\000e\000f\000e\000r\000e\000n\000c\000e}{section.7}% 145
\BOOKMARK [3][-]{subsubsection.7.6.1}{\376\377\0007\000.\0006\000.\0001\000\040\000D\000e\000t\000a\000i\000l\000e\000d\000\040\000D\000e\000s\000c\000r\000i\000p\000t\000i\000o\000n}{subsection.7.6}% 146
\BOOKMARK [3][-]{subsubsection.7.6.2}{\376\377\0007\000.\0006\000.\0002\000\040\000M\000e\000m\000b\000e\000r\000\040\000D\000a\000t\000a\000\040\000D\000o\000c\000u\000m\000e\000n\000t\000a\000t\000i\000o\000n}{subsection.7.6}% 147
\BOOKMARK [2][-]{subsection.7.7}{\376\377\0007\000.\0007\000\040\000D\000D\000S\000\137\000D\000a\000t\000a\000R\000e\000a\000d\000e\000r\000P\000r\000o\000t\000o\000c\000o\000l\000Q\000o\000s\000P\000o\000l\000i\000c\000y\000\040\000S\000t\000r\000u\000c\000t\000\040\000R\000e\000f\000e\000r\000e\000n\000c\000e}{section.7}% 148
\BOOKMARK [3][-]{subsubsection.7.7.1}{\376\377\0007\000.\0007\000.\0001\000\040\000D\000e\000t\000a\000i\000l\000e\000d\000\040\000D\000e\000s\000c\000r\000i\000p\000t\000i\000o\000n}{subsection.7.7}% 149
\BOOKMARK [3][-]{subsubsection.7.7.2}{\376\377\0007\000.\0007\000.\0002\000\040\000M\000e\000m\000b\000e\000r\000\040\000D\000a\000t\000a\000\040\000D\000o\000c\000u\000m\000e\000n\000t\000a\000t\000i\000o\000n}{subsection.7.7}% 150
\BOOKMARK [2][-]{subsection.7.8}{\376\377\0007\000.\0008\000\040\000D\000D\000S\000\137\000D\000a\000t\000a\000R\000e\000a\000d\000e\000r\000Q\000o\000s\000\040\000S\000t\000r\000u\000c\000t\000\040\000R\000e\000f\000e\000r\000e\000n\000c\000e}{section.7}% 151
\BOOKMARK [3][-]{subsubsection.7.8.1}{\376\377\0007\000.\0008\000.\0001\000\040\000D\000e\000t\000a\000i\000l\000e\000d\000\040\000D\000e\000s\000c\000r\000i\000p\000t\000i\000o\000n}{subsection.7.8}% 152
\BOOKMARK [3][-]{subsubsection.7.8.2}{\376\377\0007\000.\0008\000.\0002\000\040\000M\000e\000m\000b\000e\000r\000\040\000D\000a\000t\000a\000\040\000D\000o\000c\000u\000m\000e\000n\000t\000a\000t\000i\000o\000n}{subsection.7.8}% 153
\BOOKMARK [2][-]{subsection.7.9}{\376\377\0007\000.\0009\000\040\000D\000D\000S\000\137\000D\000a\000t\000a\000R\000e\000a\000d\000e\000r\000R\000e\000s\000o\000u\000r\000c\000e\000L\000i\000m\000i\000t\000s\000Q\000o\000s\000P\000o\000l\000i\000c\000y\000\040\000S\000t\000r\000u\000c\000t\000\040\000R\000e\000f\000e\000r\000e\000n\000c\000e}{section.7}% 154
\BOOKMARK [3][-]{subsubsection.7.9.1}{\376\377\0007\000.\0009\000.\0001\000\040\000D\000e\000t\000a\000i\000l\000e\000d\000\040\000D\000e\000s\000c\000r\000i\000p\000t\000i\000o\000n}{subsection.7.9}% 155
\BOOKMARK [3][-]{subsubsection.7.9.2}{\376\377\0007\000.\0009\000.\0002\000\040\000M\000e\000m\000b\000e\000r\000\040\000D\000a\000t\000a\000\040\000D\000o\000c\000u\000m\000e\000n\000t\000a\000t\000i\000o\000n}{subsection.7.9}% 156
\BOOKMARK [2][-]{subsection.7.10}{\376\377\0007\000.\0001\0000\000\040\000D\000D\000S\000\137\000D\000a\000t\000a\000R\000e\000p\000r\000e\000s\000e\000n\000t\000a\000t\000i\000o\000n\000Q\000o\000s\000P\000o\000l\000i\000c\000y\000\040\000S\000t\000r\000u\000c\000t\000\040\000R\000e\000f\000e\000r\000e\000n\000c\000e}{section.7}% 157
\BOOKMARK [3][-]{subsubsection.7.10.1}{\376\377\0007\000.\0001\0000\000.\0001\000\040\000D\000e\000t\000a\000i\000l\000e\000d\000\040\000D\000e\000s\000c\000r\000i\000p\000t\000i\000o\000n}{subsection.7.10}% 158
\BOOKMARK [2][-]{subsection.7.11}{\376\377\0007\000.\0001\0001\000\040\000D\000D\000S\000\137\000D\000a\000t\000a\000W\000r\000i\000t\000e\000r\000P\000r\000o\000t\000o\000c\000o\000l\000Q\000o\000s\000P\000o\000l\000i\000c\000y\000\040\000S\000t\000r\000u\000c\000t\000\040\000R\000e\000f\000e\000r\000e\000n\000c\000e}{section.7}% 159
\BOOKMARK [3][-]{subsubsection.7.11.1}{\376\377\0007\000.\0001\0001\000.\0001\000\040\000D\000e\000t\000a\000i\000l\000e\000d\000\040\000D\000e\000s\000c\000r\000i\000p\000t\000i\000o\000n}{subsection.7.11}% 160
\BOOKMARK [3][-]{subsubsection.7.11.2}{\376\377\0007\000.\0001\0001\000.\0002\000\040\000M\000e\000m\000b\000e\000r\000\040\000D\000a\000t\000a\000\040\000D\000o\000c\000u\000m\000e\000n\000t\000a\000t\000i\000o\000n}{subsection.7.11}% 161
\BOOKMARK [2][-]{subsection.7.12}{\376\377\0007\000.\0001\0002\000\040\000D\000D\000S\000\137\000D\000a\000t\000a\000W\000r\000i\000t\000e\000r\000Q\000o\000s\000\040\000S\000t\000r\000u\000c\000t\000\040\000R\000e\000f\000e\000r\000e\000n\000c\000e}{section.7}% 162
\BOOKMARK [3][-]{subsubsection.7.12.1}{\376\377\0007\000.\0001\0002\000.\0001\000\040\000D\000e\000t\000a\000i\000l\000e\000d\000\040\000D\000e\000s\000c\000r\000i\000p\000t\000i\000o\000n}{subsection.7.12}% 163
\BOOKMARK [3][-]{subsubsection.7.12.2}{\376\377\0007\000.\0001\0002\000.\0002\000\040\000M\000e\000m\000b\000e\000r\000\040\000D\000a\000t\000a\000\040\000D\000o\000c\000u\000m\000e\000n\000t\000a\000t\000i\000o\000n}{subsection.7.12}% 164
\BOOKMARK [2][-]{subsection.7.13}{\376\377\0007\000.\0001\0003\000\040\000D\000D\000S\000\137\000D\000a\000t\000a\000W\000r\000i\000t\000e\000r\000R\000e\000s\000o\000u\000r\000c\000e\000L\000i\000m\000i\000t\000s\000Q\000o\000s\000P\000o\000l\000i\000c\000y\000\040\000S\000t\000r\000u\000c\000t\000\040\000R\000e\000f\000e\000r\000e\000n\000c\000e}{section.7}% 165
\BOOKMARK [3][-]{subsubsection.7.13.1}{\376\377\0007\000.\0001\0003\000.\0001\000\040\000D\000e\000t\000a\000i\000l\000e\000d\000\040\000D\000e\000s\000c\000r\000i\000p\000t\000i\000o\000n}{subsection.7.13}% 166
\BOOKMARK [3][-]{subsubsection.7.13.2}{\376\377\0007\000.\0001\0003\000.\0002\000\040\000M\000e\000m\000b\000e\000r\000\040\000D\000a\000t\000a\000\040\000D\000o\000c\000u\000m\000e\000n\000t\000a\000t\000i\000o\000n}{subsection.7.13}% 167
\BOOKMARK [2][-]{subsection.7.14}{\376\377\0007\000.\0001\0004\000\040\000D\000D\000S\000\137\000D\000a\000t\000a\000W\000r\000i\000t\000e\000r\000S\000h\000m\000e\000m\000R\000e\000f\000T\000r\000a\000n\000s\000f\000e\000r\000M\000o\000d\000e\000S\000e\000t\000t\000i\000n\000g\000s\000\040\000S\000t\000r\000u\000c\000t\000\040\000R\000e\000f\000e\000r\000e\000n\000c\000e}{section.7}% 168
\BOOKMARK [3][-]{subsubsection.7.14.1}{\376\377\0007\000.\0001\0004\000.\0001\000\040\000D\000e\000t\000a\000i\000l\000e\000d\000\040\000D\000e\000s\000c\000r\000i\000p\000t\000i\000o\000n}{subsection.7.14}% 169
\BOOKMARK [3][-]{subsubsection.7.14.2}{\376\377\0007\000.\0001\0004\000.\0002\000\040\000M\000e\000m\000b\000e\000r\000\040\000D\000a\000t\000a\000\040\000D\000o\000c\000u\000m\000e\000n\000t\000a\000t\000i\000o\000n}{subsection.7.14}% 170
\BOOKMARK [2][-]{subsection.7.15}{\376\377\0007\000.\0001\0005\000\040\000D\000D\000S\000\137\000D\000a\000t\000a\000W\000r\000i\000t\000e\000r\000T\000r\000a\000n\000s\000f\000e\000r\000M\000o\000d\000e\000Q\000o\000s\000P\000o\000l\000i\000c\000y\000\040\000S\000t\000r\000u\000c\000t\000\040\000R\000e\000f\000e\000r\000e\000n\000c\000e}{section.7}% 171
\BOOKMARK [3][-]{subsubsection.7.15.1}{\376\377\0007\000.\0001\0005\000.\0001\000\040\000D\000e\000t\000a\000i\000l\000e\000d\000\040\000D\000e\000s\000c\000r\000i\000p\000t\000i\000o\000n}{subsection.7.15}% 172
\BOOKMARK [3][-]{subsubsection.7.15.2}{\376\377\0007\000.\0001\0005\000.\0002\000\040\000M\000e\000m\000b\000e\000r\000\040\000D\000a\000t\000a\000\040\000D\000o\000c\000u\000m\000e\000n\000t\000a\000t\000i\000o\000n}{subsection.7.15}% 173
\BOOKMARK [2][-]{subsection.7.16}{\376\377\0007\000.\0001\0006\000\040\000D\000D\000S\000\137\000D\000e\000a\000d\000l\000i\000n\000e\000Q\000o\000s\000P\000o\000l\000i\000c\000y\000\040\000S\000t\000r\000u\000c\000t\000\040\000R\000e\000f\000e\000r\000e\000n\000c\000e}{section.7}% 174
\BOOKMARK [3][-]{subsubsection.7.16.1}{\376\377\0007\000.\0001\0006\000.\0001\000\040\000D\000e\000t\000a\000i\000l\000e\000d\000\040\000D\000e\000s\000c\000r\000i\000p\000t\000i\000o\000n}{subsection.7.16}% 175
\BOOKMARK [3][-]{subsubsection.7.16.2}{\376\377\0007\000.\0001\0006\000.\0002\000\040\000U\000s\000a\000g\000e}{subsection.7.16}% 176
\BOOKMARK [3][-]{subsubsection.7.16.3}{\376\377\0007\000.\0001\0006\000.\0003\000\040\000C\000o\000m\000p\000a\000t\000i\000b\000i\000l\000i\000t\000y}{subsection.7.16}% 177
\BOOKMARK [3][-]{subsubsection.7.16.4}{\376\377\0007\000.\0001\0006\000.\0004\000\040\000M\000e\000m\000b\000e\000r\000\040\000D\000a\000t\000a\000\040\000D\000o\000c\000u\000m\000e\000n\000t\000a\000t\000i\000o\000n}{subsection.7.16}% 178
\BOOKMARK [2][-]{subsection.7.17}{\376\377\0007\000.\0001\0007\000\040\000D\000D\000S\000\137\000D\000e\000s\000t\000i\000n\000a\000t\000i\000o\000n\000O\000r\000d\000e\000r\000Q\000o\000s\000P\000o\000l\000i\000c\000y\000\040\000S\000t\000r\000u\000c\000t\000\040\000R\000e\000f\000e\000r\000e\000n\000c\000e}{section.7}% 179
\BOOKMARK [3][-]{subsubsection.7.17.1}{\376\377\0007\000.\0001\0007\000.\0001\000\040\000D\000e\000t\000a\000i\000l\000e\000d\000\040\000D\000e\000s\000c\000r\000i\000p\000t\000i\000o\000n}{subsection.7.17}% 180
\BOOKMARK [3][-]{subsubsection.7.17.2}{\376\377\0007\000.\0001\0007\000.\0002\000\040\000M\000e\000m\000b\000e\000r\000\040\000D\000a\000t\000a\000\040\000D\000o\000c\000u\000m\000e\000n\000t\000a\000t\000i\000o\000n}{subsection.7.17}% 181
\BOOKMARK [2][-]{subsection.7.18}{\376\377\0007\000.\0001\0008\000\040\000D\000D\000S\000\137\000D\000i\000s\000c\000o\000v\000e\000r\000y\000C\000o\000m\000p\000o\000n\000e\000n\000t\000\040\000S\000t\000r\000u\000c\000t\000\040\000R\000e\000f\000e\000r\000e\000n\000c\000e}{section.7}% 182
\BOOKMARK [3][-]{subsubsection.7.18.1}{\376\377\0007\000.\0001\0008\000.\0001\000\040\000D\000e\000t\000a\000i\000l\000e\000d\000\040\000D\000e\000s\000c\000r\000i\000p\000t\000i\000o\000n}{subsection.7.18}% 183
\BOOKMARK [3][-]{subsubsection.7.18.2}{\376\377\0007\000.\0001\0008\000.\0002\000\040\000M\000e\000m\000b\000e\000r\000\040\000D\000a\000t\000a\000\040\000D\000o\000c\000u\000m\000e\000n\000t\000a\000t\000i\000o\000n}{subsection.7.18}% 184
\BOOKMARK [2][-]{subsection.7.19}{\376\377\0007\000.\0001\0009\000\040\000D\000D\000S\000\137\000D\000i\000s\000c\000o\000v\000e\000r\000y\000Q\000o\000s\000P\000o\000l\000i\000c\000y\000\040\000S\000t\000r\000u\000c\000t\000\040\000R\000e\000f\000e\000r\000e\000n\000c\000e}{section.7}% 185
\BOOKMARK [3][-]{subsubsection.7.19.1}{\376\377\0007\000.\0001\0009\000.\0001\000\040\000D\000e\000t\000a\000i\000l\000e\000d\000\040\000D\000e\000s\000c\000r\000i\000p\000t\000i\000o\000n}{subsection.7.19}% 186
\BOOKMARK [3][-]{subsubsection.7.19.2}{\376\377\0007\000.\0001\0009\000.\0002\000\040\000U\000s\000a\000g\000e}{subsection.7.19}% 187
\BOOKMARK [3][-]{subsubsection.7.19.3}{\376\377\0007\000.\0001\0009\000.\0003\000\040\000M\000e\000m\000b\000e\000r\000\040\000D\000a\000t\000a\000\040\000D\000o\000c\000u\000m\000e\000n\000t\000a\000t\000i\000o\000n}{subsection.7.19}% 188
\BOOKMARK [2][-]{subsection.7.20}{\376\377\0007\000.\0002\0000\000\040\000D\000D\000S\000\137\000D\000o\000m\000a\000i\000n\000P\000a\000r\000t\000i\000c\000i\000p\000a\000n\000t\000F\000a\000c\000t\000o\000r\000y\000Q\000o\000s\000\040\000S\000t\000r\000u\000c\000t\000\040\000R\000e\000f\000e\000r\000e\000n\000c\000e}{section.7}% 189
\BOOKMARK [3][-]{subsubsection.7.20.1}{\376\377\0007\000.\0002\0000\000.\0001\000\040\000D\000e\000t\000a\000i\000l\000e\000d\000\040\000D\000e\000s\000c\000r\000i\000p\000t\000i\000o\000n}{subsection.7.20}% 190
\BOOKMARK [3][-]{subsubsection.7.20.2}{\376\377\0007\000.\0002\0000\000.\0002\000\040\000M\000e\000m\000b\000e\000r\000\040\000D\000a\000t\000a\000\040\000D\000o\000c\000u\000m\000e\000n\000t\000a\000t\000i\000o\000n}{subsection.7.20}% 191
\BOOKMARK [2][-]{subsection.7.21}{\376\377\0007\000.\0002\0001\000\040\000D\000D\000S\000\137\000D\000o\000m\000a\000i\000n\000P\000a\000r\000t\000i\000c\000i\000p\000a\000n\000t\000Q\000o\000s\000\040\000S\000t\000r\000u\000c\000t\000\040\000R\000e\000f\000e\000r\000e\000n\000c\000e}{section.7}% 192
\BOOKMARK [3][-]{subsubsection.7.21.1}{\376\377\0007\000.\0002\0001\000.\0001\000\040\000D\000e\000t\000a\000i\000l\000e\000d\000\040\000D\000e\000s\000c\000r\000i\000p\000t\000i\000o\000n}{subsection.7.21}% 193
\BOOKMARK [3][-]{subsubsection.7.21.2}{\376\377\0007\000.\0002\0001\000.\0002\000\040\000M\000e\000m\000b\000e\000r\000\040\000D\000a\000t\000a\000\040\000D\000o\000c\000u\000m\000e\000n\000t\000a\000t\000i\000o\000n}{subsection.7.21}% 194
\BOOKMARK [2][-]{subsection.7.22}{\376\377\0007\000.\0002\0002\000\040\000D\000D\000S\000\137\000D\000o\000m\000a\000i\000n\000P\000a\000r\000t\000i\000c\000i\000p\000a\000n\000t\000R\000e\000s\000o\000u\000r\000c\000e\000L\000i\000m\000i\000t\000s\000Q\000o\000s\000P\000o\000l\000i\000c\000y\000\040\000S\000t\000r\000u\000c\000t\000\040\000R\000e\000f\000e\000r\000e\000n\000c\000e}{section.7}% 195
\BOOKMARK [3][-]{subsubsection.7.22.1}{\376\377\0007\000.\0002\0002\000.\0001\000\040\000D\000e\000t\000a\000i\000l\000e\000d\000\040\000D\000e\000s\000c\000r\000i\000p\000t\000i\000o\000n}{subsection.7.22}% 196
\BOOKMARK [3][-]{subsubsection.7.22.2}{\376\377\0007\000.\0002\0002\000.\0002\000\040\000M\000e\000m\000b\000e\000r\000\040\000D\000a\000t\000a\000\040\000D\000o\000c\000u\000m\000e\000n\000t\000a\000t\000i\000o\000n}{subsection.7.22}% 197
\BOOKMARK [2][-]{subsection.7.23}{\376\377\0007\000.\0002\0003\000\040\000D\000D\000S\000\137\000D\000u\000r\000a\000b\000i\000l\000i\000t\000y\000Q\000o\000s\000P\000o\000l\000i\000c\000y\000\040\000S\000t\000r\000u\000c\000t\000\040\000R\000e\000f\000e\000r\000e\000n\000c\000e}{section.7}% 198
\BOOKMARK [3][-]{subsubsection.7.23.1}{\376\377\0007\000.\0002\0003\000.\0001\000\040\000D\000e\000t\000a\000i\000l\000e\000d\000\040\000D\000e\000s\000c\000r\000i\000p\000t\000i\000o\000n}{subsection.7.23}% 199
\BOOKMARK [3][-]{subsubsection.7.23.2}{\376\377\0007\000.\0002\0003\000.\0002\000\040\000M\000e\000m\000b\000e\000r\000\040\000D\000a\000t\000a\000\040\000D\000o\000c\000u\000m\000e\000n\000t\000a\000t\000i\000o\000n}{subsection.7.23}% 200
\BOOKMARK [2][-]{subsection.7.24}{\376\377\0007\000.\0002\0004\000\040\000D\000D\000S\000\137\000D\000u\000r\000a\000t\000i\000o\000n\000\137\000t\000\040\000S\000t\000r\000u\000c\000t\000\040\000R\000e\000f\000e\000r\000e\000n\000c\000e}{section.7}% 201
\BOOKMARK [3][-]{subsubsection.7.24.1}{\376\377\0007\000.\0002\0004\000.\0001\000\040\000D\000e\000t\000a\000i\000l\000e\000d\000\040\000D\000e\000s\000c\000r\000i\000p\000t\000i\000o\000n}{subsection.7.24}% 202
\BOOKMARK [3][-]{subsubsection.7.24.2}{\376\377\0007\000.\0002\0004\000.\0002\000\040\000M\000e\000m\000b\000e\000r\000\040\000D\000a\000t\000a\000\040\000D\000o\000c\000u\000m\000e\000n\000t\000a\000t\000i\000o\000n}{subsection.7.24}% 203
\BOOKMARK [2][-]{subsection.7.25}{\376\377\0007\000.\0002\0005\000\040\000D\000D\000S\000\137\000E\000n\000t\000i\000t\000y\000F\000a\000c\000t\000o\000r\000y\000Q\000o\000s\000P\000o\000l\000i\000c\000y\000\040\000S\000t\000r\000u\000c\000t\000\040\000R\000e\000f\000e\000r\000e\000n\000c\000e}{section.7}% 204
\BOOKMARK [3][-]{subsubsection.7.25.1}{\376\377\0007\000.\0002\0005\000.\0001\000\040\000D\000e\000t\000a\000i\000l\000e\000d\000\040\000D\000e\000s\000c\000r\000i\000p\000t\000i\000o\000n}{subsection.7.25}% 205
\BOOKMARK [3][-]{subsubsection.7.25.2}{\376\377\0007\000.\0002\0005\000.\0002\000\040\000U\000s\000a\000g\000e}{subsection.7.25}% 206
\BOOKMARK [3][-]{subsubsection.7.25.3}{\376\377\0007\000.\0002\0005\000.\0003\000\040\000M\000e\000m\000b\000e\000r\000\040\000D\000a\000t\000a\000\040\000D\000o\000c\000u\000m\000e\000n\000t\000a\000t\000i\000o\000n}{subsection.7.25}% 207
\BOOKMARK [2][-]{subsection.7.26}{\376\377\0007\000.\0002\0006\000\040\000D\000D\000S\000\137\000E\000n\000t\000i\000t\000y\000N\000a\000m\000e\000Q\000o\000s\000P\000o\000l\000i\000c\000y\000\040\000S\000t\000r\000u\000c\000t\000\040\000R\000e\000f\000e\000r\000e\000n\000c\000e}{section.7}% 208
\BOOKMARK [3][-]{subsubsection.7.26.1}{\376\377\0007\000.\0002\0006\000.\0001\000\040\000D\000e\000t\000a\000i\000l\000e\000d\000\040\000D\000e\000s\000c\000r\000i\000p\000t\000i\000o\000n}{subsection.7.26}% 209
\BOOKMARK [3][-]{subsubsection.7.26.2}{\376\377\0007\000.\0002\0006\000.\0002\000\040\000U\000s\000a\000g\000e}{subsection.7.26}% 210
\BOOKMARK [3][-]{subsubsection.7.26.3}{\376\377\0007\000.\0002\0006\000.\0003\000\040\000M\000e\000m\000b\000e\000r\000\040\000D\000a\000t\000a\000\040\000D\000o\000c\000u\000m\000e\000n\000t\000a\000t\000i\000o\000n}{subsection.7.26}% 211
\BOOKMARK [2][-]{subsection.7.27}{\376\377\0007\000.\0002\0007\000\040\000D\000D\000S\000\137\000F\000i\000l\000t\000e\000r\000Q\000o\000s\000P\000o\000l\000i\000c\000y\000\040\000S\000t\000r\000u\000c\000t\000\040\000R\000e\000f\000e\000r\000e\000n\000c\000e}{section.7}% 212
\BOOKMARK [3][-]{subsubsection.7.27.1}{\376\377\0007\000.\0002\0007\000.\0001\000\040\000D\000e\000t\000a\000i\000l\000e\000d\000\040\000D\000e\000s\000c\000r\000i\000p\000t\000i\000o\000n}{subsection.7.27}% 213
\BOOKMARK [3][-]{subsubsection.7.27.2}{\376\377\0007\000.\0002\0007\000.\0002\000\040\000U\000s\000a\000g\000e}{subsection.7.27}% 214
\BOOKMARK [3][-]{subsubsection.7.27.3}{\376\377\0007\000.\0002\0007\000.\0003\000\040\000M\000e\000m\000b\000e\000r\000\040\000D\000a\000t\000a\000\040\000D\000o\000c\000u\000m\000e\000n\000t\000a\000t\000i\000o\000n}{subsection.7.27}% 215
\BOOKMARK [2][-]{subsection.7.28}{\376\377\0007\000.\0002\0008\000\040\000D\000D\000S\000\137\000F\000i\000l\000t\000e\000r\000R\000e\000s\000o\000u\000r\000c\000e\000L\000i\000m\000i\000t\000s\000\040\000S\000t\000r\000u\000c\000t\000\040\000R\000e\000f\000e\000r\000e\000n\000c\000e}{section.7}% 216
\BOOKMARK [3][-]{subsubsection.7.28.1}{\376\377\0007\000.\0002\0008\000.\0001\000\040\000D\000e\000t\000a\000i\000l\000e\000d\000\040\000D\000e\000s\000c\000r\000i\000p\000t\000i\000o\000n}{subsection.7.28}% 217
\BOOKMARK [3][-]{subsubsection.7.28.2}{\376\377\0007\000.\0002\0008\000.\0002\000\040\000M\000e\000m\000b\000e\000r\000\040\000D\000a\000t\000a\000\040\000D\000o\000c\000u\000m\000e\000n\000t\000a\000t\000i\000o\000n}{subsection.7.28}% 218
\BOOKMARK [2][-]{subsection.7.29}{\376\377\0007\000.\0002\0009\000\040\000D\000D\000S\000\137\000F\000l\000o\000w\000C\000o\000n\000t\000r\000o\000l\000l\000e\000r\000P\000r\000o\000p\000e\000r\000t\000y\000\137\000t\000\040\000S\000t\000r\000u\000c\000t\000\040\000R\000e\000f\000e\000r\000e\000n\000c\000e}{section.7}% 219
\BOOKMARK [3][-]{subsubsection.7.29.1}{\376\377\0007\000.\0002\0009\000.\0001\000\040\000D\000e\000t\000a\000i\000l\000e\000d\000\040\000D\000e\000s\000c\000r\000i\000p\000t\000i\000o\000n}{subsection.7.29}% 220
\BOOKMARK [3][-]{subsubsection.7.29.2}{\376\377\0007\000.\0002\0009\000.\0002\000\040\000M\000e\000m\000b\000e\000r\000\040\000D\000a\000t\000a\000\040\000D\000o\000c\000u\000m\000e\000n\000t\000a\000t\000i\000o\000n}{subsection.7.29}% 221
\BOOKMARK [2][-]{subsection.7.30}{\376\377\0007\000.\0003\0000\000\040\000D\000D\000S\000\137\000F\000l\000o\000w\000C\000o\000n\000t\000r\000o\000l\000l\000e\000r\000T\000o\000k\000e\000n\000B\000u\000c\000k\000e\000t\000P\000r\000o\000p\000e\000r\000t\000y\000\137\000t\000\040\000S\000t\000r\000u\000c\000t\000\040\000R\000e\000f\000e\000r\000e\000n\000c\000e}{section.7}% 222
\BOOKMARK [3][-]{subsubsection.7.30.1}{\376\377\0007\000.\0003\0000\000.\0001\000\040\000D\000e\000t\000a\000i\000l\000e\000d\000\040\000D\000e\000s\000c\000r\000i\000p\000t\000i\000o\000n}{subsection.7.30}% 223
\BOOKMARK [3][-]{subsubsection.7.30.2}{\376\377\0007\000.\0003\0000\000.\0002\000\040\000M\000e\000m\000b\000e\000r\000\040\000D\000a\000t\000a\000\040\000D\000o\000c\000u\000m\000e\000n\000t\000a\000t\000i\000o\000n}{subsection.7.30}% 224
\BOOKMARK [2][-]{subsection.7.31}{\376\377\0007\000.\0003\0001\000\040\000D\000D\000S\000\137\000G\000r\000o\000u\000p\000D\000a\000t\000a\000Q\000o\000s\000P\000o\000l\000i\000c\000y\000\040\000S\000t\000r\000u\000c\000t\000\040\000R\000e\000f\000e\000r\000e\000n\000c\000e}{section.7}% 225
\BOOKMARK [3][-]{subsubsection.7.31.1}{\376\377\0007\000.\0003\0001\000.\0001\000\040\000D\000e\000t\000a\000i\000l\000e\000d\000\040\000D\000e\000s\000c\000r\000i\000p\000t\000i\000o\000n}{subsection.7.31}% 226
\BOOKMARK [3][-]{subsubsection.7.31.2}{\376\377\0007\000.\0003\0001\000.\0002\000\040\000U\000s\000a\000g\000e}{subsection.7.31}% 227
\BOOKMARK [3][-]{subsubsection.7.31.3}{\376\377\0007\000.\0003\0001\000.\0003\000\040\000M\000e\000m\000b\000e\000r\000\040\000D\000a\000t\000a\000\040\000D\000o\000c\000u\000m\000e\000n\000t\000a\000t\000i\000o\000n}{subsection.7.31}% 228
\BOOKMARK [2][-]{subsection.7.32}{\376\377\0007\000.\0003\0002\000\040\000D\000D\000S\000\137\000G\000U\000I\000D\000\137\000t\000\040\000S\000t\000r\000u\000c\000t\000\040\000R\000e\000f\000e\000r\000e\000n\000c\000e}{section.7}% 229
\BOOKMARK [3][-]{subsubsection.7.32.1}{\376\377\0007\000.\0003\0002\000.\0001\000\040\000D\000e\000t\000a\000i\000l\000e\000d\000\040\000D\000e\000s\000c\000r\000i\000p\000t\000i\000o\000n}{subsection.7.32}% 230
\BOOKMARK [3][-]{subsubsection.7.32.2}{\376\377\0007\000.\0003\0002\000.\0002\000\040\000M\000e\000m\000b\000e\000r\000\040\000D\000a\000t\000a\000\040\000D\000o\000c\000u\000m\000e\000n\000t\000a\000t\000i\000o\000n}{subsection.7.32}% 231
\BOOKMARK [2][-]{subsection.7.33}{\376\377\0007\000.\0003\0003\000\040\000D\000D\000S\000\137\000H\000i\000s\000t\000o\000r\000y\000Q\000o\000s\000P\000o\000l\000i\000c\000y\000\040\000S\000t\000r\000u\000c\000t\000\040\000R\000e\000f\000e\000r\000e\000n\000c\000e}{section.7}% 232
\BOOKMARK [3][-]{subsubsection.7.33.1}{\376\377\0007\000.\0003\0003\000.\0001\000\040\000D\000e\000t\000a\000i\000l\000e\000d\000\040\000D\000e\000s\000c\000r\000i\000p\000t\000i\000o\000n}{subsection.7.33}% 233
\BOOKMARK [3][-]{subsubsection.7.33.2}{\376\377\0007\000.\0003\0003\000.\0002\000\040\000U\000s\000a\000g\000e}{subsection.7.33}% 234
\BOOKMARK [3][-]{subsubsection.7.33.3}{\376\377\0007\000.\0003\0003\000.\0003\000\040\000C\000o\000n\000s\000i\000s\000t\000e\000n\000c\000y}{subsection.7.33}% 235
\BOOKMARK [3][-]{subsubsection.7.33.4}{\376\377\0007\000.\0003\0003\000.\0004\000\040\000M\000e\000m\000b\000e\000r\000\040\000D\000a\000t\000a\000\040\000D\000o\000c\000u\000m\000e\000n\000t\000a\000t\000i\000o\000n}{subsection.7.33}% 236
\BOOKMARK [2][-]{subsection.7.34}{\376\377\0007\000.\0003\0004\000\040\000D\000D\000S\000\137\000I\000n\000c\000o\000n\000s\000i\000s\000t\000e\000n\000t\000T\000o\000p\000i\000c\000S\000t\000a\000t\000u\000s\000\040\000S\000t\000r\000u\000c\000t\000\040\000R\000e\000f\000e\000r\000e\000n\000c\000e}{section.7}% 237
\BOOKMARK [3][-]{subsubsection.7.34.1}{\376\377\0007\000.\0003\0004\000.\0001\000\040\000D\000e\000t\000a\000i\000l\000e\000d\000\040\000D\000e\000s\000c\000r\000i\000p\000t\000i\000o\000n}{subsection.7.34}% 238
\BOOKMARK [2][-]{subsection.7.35}{\376\377\0007\000.\0003\0005\000\040\000D\000D\000S\000\137\000I\000n\000s\000t\000a\000n\000c\000e\000H\000a\000n\000d\000l\000e\000S\000e\000q\000\040\000S\000t\000r\000u\000c\000t\000\040\000R\000e\000f\000e\000r\000e\000n\000c\000e}{section.7}% 239
\BOOKMARK [3][-]{subsubsection.7.35.1}{\376\377\0007\000.\0003\0005\000.\0001\000\040\000D\000e\000t\000a\000i\000l\000e\000d\000\040\000D\000e\000s\000c\000r\000i\000p\000t\000i\000o\000n}{subsection.7.35}% 240
\BOOKMARK [2][-]{subsection.7.36}{\376\377\0007\000.\0003\0006\000\040\000D\000D\000S\000\137\000L\000a\000t\000e\000n\000c\000y\000B\000u\000d\000g\000e\000t\000Q\000o\000s\000P\000o\000l\000i\000c\000y\000\040\000S\000t\000r\000u\000c\000t\000\040\000R\000e\000f\000e\000r\000e\000n\000c\000e}{section.7}% 241
\BOOKMARK [3][-]{subsubsection.7.36.1}{\376\377\0007\000.\0003\0006\000.\0001\000\040\000D\000e\000t\000a\000i\000l\000e\000d\000\040\000D\000e\000s\000c\000r\000i\000p\000t\000i\000o\000n}{subsection.7.36}% 242
\BOOKMARK [3][-]{subsubsection.7.36.2}{\376\377\0007\000.\0003\0006\000.\0002\000\040\000U\000s\000a\000g\000e}{subsection.7.36}% 243
\BOOKMARK [3][-]{subsubsection.7.36.3}{\376\377\0007\000.\0003\0006\000.\0003\000\040\000C\000o\000m\000p\000a\000t\000i\000b\000i\000l\000i\000t\000y}{subsection.7.36}% 244
\BOOKMARK [3][-]{subsubsection.7.36.4}{\376\377\0007\000.\0003\0006\000.\0004\000\040\000M\000e\000m\000b\000e\000r\000\040\000D\000a\000t\000a\000\040\000D\000o\000c\000u\000m\000e\000n\000t\000a\000t\000i\000o\000n}{subsection.7.36}% 245
\BOOKMARK [2][-]{subsection.7.37}{\376\377\0007\000.\0003\0007\000\040\000D\000D\000S\000\137\000L\000i\000v\000e\000l\000i\000n\000e\000s\000s\000C\000h\000a\000n\000g\000e\000d\000S\000t\000a\000t\000u\000s\000\040\000S\000t\000r\000u\000c\000t\000\040\000R\000e\000f\000e\000r\000e\000n\000c\000e}{section.7}% 246
\BOOKMARK [3][-]{subsubsection.7.37.1}{\376\377\0007\000.\0003\0007\000.\0001\000\040\000D\000e\000t\000a\000i\000l\000e\000d\000\040\000D\000e\000s\000c\000r\000i\000p\000t\000i\000o\000n}{subsection.7.37}% 247
\BOOKMARK [3][-]{subsubsection.7.37.2}{\376\377\0007\000.\0003\0007\000.\0002\000\040\000M\000e\000m\000b\000e\000r\000\040\000D\000a\000t\000a\000\040\000D\000o\000c\000u\000m\000e\000n\000t\000a\000t\000i\000o\000n}{subsection.7.37}% 248
\BOOKMARK [2][-]{subsection.7.38}{\376\377\0007\000.\0003\0008\000\040\000D\000D\000S\000\137\000L\000i\000v\000e\000l\000i\000n\000e\000s\000s\000L\000o\000s\000t\000S\000t\000a\000t\000u\000s\000\040\000S\000t\000r\000u\000c\000t\000\040\000R\000e\000f\000e\000r\000e\000n\000c\000e}{section.7}% 249
\BOOKMARK [3][-]{subsubsection.7.38.1}{\376\377\0007\000.\0003\0008\000.\0001\000\040\000D\000e\000t\000a\000i\000l\000e\000d\000\040\000D\000e\000s\000c\000r\000i\000p\000t\000i\000o\000n}{subsection.7.38}% 250
\BOOKMARK [3][-]{subsubsection.7.38.2}{\376\377\0007\000.\0003\0008\000.\0002\000\040\000M\000e\000m\000b\000e\000r\000\040\000D\000a\000t\000a\000\040\000D\000o\000c\000u\000m\000e\000n\000t\000a\000t\000i\000o\000n}{subsection.7.38}% 251
\BOOKMARK [2][-]{subsection.7.39}{\376\377\0007\000.\0003\0009\000\040\000D\000D\000S\000\137\000L\000i\000v\000e\000l\000i\000n\000e\000s\000s\000Q\000o\000s\000P\000o\000l\000i\000c\000y\000\040\000S\000t\000r\000u\000c\000t\000\040\000R\000e\000f\000e\000r\000e\000n\000c\000e}{section.7}% 252
\BOOKMARK [3][-]{subsubsection.7.39.1}{\376\377\0007\000.\0003\0009\000.\0001\000\040\000D\000e\000t\000a\000i\000l\000e\000d\000\040\000D\000e\000s\000c\000r\000i\000p\000t\000i\000o\000n}{subsection.7.39}% 253
\BOOKMARK [3][-]{subsubsection.7.39.2}{\376\377\0007\000.\0003\0009\000.\0002\000\040\000U\000s\000a\000g\000e}{subsection.7.39}% 254
\BOOKMARK [3][-]{subsubsection.7.39.3}{\376\377\0007\000.\0003\0009\000.\0003\000\040\000C\000o\000m\000p\000a\000t\000i\000b\000i\000l\000i\000t\000y}{subsection.7.39}% 255
\BOOKMARK [3][-]{subsubsection.7.39.4}{\376\377\0007\000.\0003\0009\000.\0004\000\040\000M\000e\000m\000b\000e\000r\000\040\000D\000a\000t\000a\000\040\000D\000o\000c\000u\000m\000e\000n\000t\000a\000t\000i\000o\000n}{subsection.7.39}% 256
\BOOKMARK [2][-]{subsection.7.40}{\376\377\0007\000.\0004\0000\000\040\000D\000D\000S\000\137\000L\000o\000c\000a\000t\000o\000r\000\137\000t\000\040\000S\000t\000r\000u\000c\000t\000\040\000R\000e\000f\000e\000r\000e\000n\000c\000e}{section.7}% 257
\BOOKMARK [3][-]{subsubsection.7.40.1}{\376\377\0007\000.\0004\0000\000.\0001\000\040\000D\000e\000t\000a\000i\000l\000e\000d\000\040\000D\000e\000s\000c\000r\000i\000p\000t\000i\000o\000n}{subsection.7.40}% 258
\BOOKMARK [3][-]{subsubsection.7.40.2}{\376\377\0007\000.\0004\0000\000.\0002\000\040\000M\000e\000m\000b\000e\000r\000\040\000D\000a\000t\000a\000\040\000D\000o\000c\000u\000m\000e\000n\000t\000a\000t\000i\000o\000n}{subsection.7.40}% 259
\BOOKMARK [2][-]{subsection.7.41}{\376\377\0007\000.\0004\0001\000\040\000D\000D\000S\000\137\000L\000o\000c\000a\000t\000o\000r\000S\000e\000q\000\040\000S\000t\000r\000u\000c\000t\000\040\000R\000e\000f\000e\000r\000e\000n\000c\000e}{section.7}% 260
\BOOKMARK [3][-]{subsubsection.7.41.1}{\376\377\0007\000.\0004\0001\000.\0001\000\040\000D\000e\000t\000a\000i\000l\000e\000d\000\040\000D\000e\000s\000c\000r\000i\000p\000t\000i\000o\000n}{subsection.7.41}% 261
\BOOKMARK [2][-]{subsection.7.42}{\376\377\0007\000.\0004\0002\000\040\000D\000D\000S\000\137\000O\000f\000f\000e\000r\000e\000d\000D\000e\000a\000d\000l\000i\000n\000e\000M\000i\000s\000s\000e\000d\000S\000t\000a\000t\000u\000s\000\040\000S\000t\000r\000u\000c\000t\000\040\000R\000e\000f\000e\000r\000e\000n\000c\000e}{section.7}% 262
\BOOKMARK [3][-]{subsubsection.7.42.1}{\376\377\0007\000.\0004\0002\000.\0001\000\040\000D\000e\000t\000a\000i\000l\000e\000d\000\040\000D\000e\000s\000c\000r\000i\000p\000t\000i\000o\000n}{subsection.7.42}% 263
\BOOKMARK [3][-]{subsubsection.7.42.2}{\376\377\0007\000.\0004\0002\000.\0002\000\040\000M\000e\000m\000b\000e\000r\000\040\000D\000a\000t\000a\000\040\000D\000o\000c\000u\000m\000e\000n\000t\000a\000t\000i\000o\000n}{subsection.7.42}% 264
\BOOKMARK [2][-]{subsection.7.43}{\376\377\0007\000.\0004\0003\000\040\000D\000D\000S\000\137\000O\000f\000f\000e\000r\000e\000d\000I\000n\000c\000o\000m\000p\000a\000t\000i\000b\000l\000e\000Q\000o\000s\000S\000t\000a\000t\000u\000s\000\040\000S\000t\000r\000u\000c\000t\000\040\000R\000e\000f\000e\000r\000e\000n\000c\000e}{section.7}% 265
\BOOKMARK [3][-]{subsubsection.7.43.1}{\376\377\0007\000.\0004\0003\000.\0001\000\040\000D\000e\000t\000a\000i\000l\000e\000d\000\040\000D\000e\000s\000c\000r\000i\000p\000t\000i\000o\000n}{subsection.7.43}% 266
\BOOKMARK [3][-]{subsubsection.7.43.2}{\376\377\0007\000.\0004\0003\000.\0002\000\040\000M\000e\000m\000b\000e\000r\000\040\000D\000a\000t\000a\000\040\000D\000o\000c\000u\000m\000e\000n\000t\000a\000t\000i\000o\000n}{subsection.7.43}% 267
\BOOKMARK [2][-]{subsection.7.44}{\376\377\0007\000.\0004\0004\000\040\000D\000D\000S\000\137\000O\000w\000n\000e\000r\000s\000h\000i\000p\000Q\000o\000s\000P\000o\000l\000i\000c\000y\000\040\000S\000t\000r\000u\000c\000t\000\040\000R\000e\000f\000e\000r\000e\000n\000c\000e}{section.7}% 268
\BOOKMARK [3][-]{subsubsection.7.44.1}{\376\377\0007\000.\0004\0004\000.\0001\000\040\000D\000e\000t\000a\000i\000l\000e\000d\000\040\000D\000e\000s\000c\000r\000i\000p\000t\000i\000o\000n}{subsection.7.44}% 269
\BOOKMARK [3][-]{subsubsection.7.44.2}{\376\377\0007\000.\0004\0004\000.\0002\000\040\000U\000s\000a\000g\000e}{subsection.7.44}% 270
\BOOKMARK [3][-]{subsubsection.7.44.3}{\376\377\0007\000.\0004\0004\000.\0003\000\040\000C\000o\000m\000p\000a\000t\000i\000b\000i\000l\000i\000t\000y}{subsection.7.44}% 271
\BOOKMARK [3][-]{subsubsection.7.44.4}{\376\377\0007\000.\0004\0004\000.\0004\000\040\000M\000e\000m\000b\000e\000r\000\040\000D\000a\000t\000a\000\040\000D\000o\000c\000u\000m\000e\000n\000t\000a\000t\000i\000o\000n}{subsection.7.44}% 272
\BOOKMARK [2][-]{subsection.7.45}{\376\377\0007\000.\0004\0005\000\040\000D\000D\000S\000\137\000O\000w\000n\000e\000r\000s\000h\000i\000p\000S\000t\000r\000e\000n\000g\000t\000h\000Q\000o\000s\000P\000o\000l\000i\000c\000y\000\040\000S\000t\000r\000u\000c\000t\000\040\000R\000e\000f\000e\000r\000e\000n\000c\000e}{section.7}% 273
\BOOKMARK [3][-]{subsubsection.7.45.1}{\376\377\0007\000.\0004\0005\000.\0001\000\040\000D\000e\000t\000a\000i\000l\000e\000d\000\040\000D\000e\000s\000c\000r\000i\000p\000t\000i\000o\000n}{subsection.7.45}% 274
\BOOKMARK [3][-]{subsubsection.7.45.2}{\376\377\0007\000.\0004\0005\000.\0002\000\040\000M\000e\000m\000b\000e\000r\000\040\000D\000a\000t\000a\000\040\000D\000o\000c\000u\000m\000e\000n\000t\000a\000t\000i\000o\000n}{subsection.7.45}% 275
\BOOKMARK [2][-]{subsection.7.46}{\376\377\0007\000.\0004\0006\000\040\000D\000D\000S\000\137\000P\000a\000r\000t\000i\000c\000i\000p\000a\000n\000t\000B\000u\000i\000l\000t\000i\000n\000T\000o\000p\000i\000c\000D\000a\000t\000a\000\040\000S\000t\000r\000u\000c\000t\000\040\000R\000e\000f\000e\000r\000e\000n\000c\000e}{section.7}% 276
\BOOKMARK [3][-]{subsubsection.7.46.1}{\376\377\0007\000.\0004\0006\000.\0001\000\040\000D\000e\000t\000a\000i\000l\000e\000d\000\040\000D\000e\000s\000c\000r\000i\000p\000t\000i\000o\000n}{subsection.7.46}% 277
\BOOKMARK [3][-]{subsubsection.7.46.2}{\376\377\0007\000.\0004\0006\000.\0002\000\040\000M\000e\000m\000b\000e\000r\000\040\000D\000a\000t\000a\000\040\000D\000o\000c\000u\000m\000e\000n\000t\000a\000t\000i\000o\000n}{subsection.7.46}% 278
\BOOKMARK [2][-]{subsection.7.47}{\376\377\0007\000.\0004\0007\000\040\000D\000D\000S\000\137\000P\000a\000r\000t\000i\000t\000i\000o\000n\000Q\000o\000s\000P\000o\000l\000i\000c\000y\000\040\000S\000t\000r\000u\000c\000t\000\040\000R\000e\000f\000e\000r\000e\000n\000c\000e}{section.7}% 279
\BOOKMARK [3][-]{subsubsection.7.47.1}{\376\377\0007\000.\0004\0007\000.\0001\000\040\000D\000e\000t\000a\000i\000l\000e\000d\000\040\000D\000e\000s\000c\000r\000i\000p\000t\000i\000o\000n}{subsection.7.47}% 280
\BOOKMARK [3][-]{subsubsection.7.47.2}{\376\377\0007\000.\0004\0007\000.\0002\000\040\000M\000e\000m\000b\000e\000r\000\040\000D\000a\000t\000a\000\040\000D\000o\000c\000u\000m\000e\000n\000t\000a\000t\000i\000o\000n}{subsection.7.47}% 281
\BOOKMARK [2][-]{subsection.7.48}{\376\377\0007\000.\0004\0008\000\040\000D\000D\000S\000\137\000P\000r\000e\000s\000e\000n\000t\000a\000t\000i\000o\000n\000Q\000o\000s\000P\000o\000l\000i\000c\000y\000\040\000S\000t\000r\000u\000c\000t\000\040\000R\000e\000f\000e\000r\000e\000n\000c\000e}{section.7}% 282
\BOOKMARK [3][-]{subsubsection.7.48.1}{\376\377\0007\000.\0004\0008\000.\0001\000\040\000D\000e\000t\000a\000i\000l\000e\000d\000\040\000D\000e\000s\000c\000r\000i\000p\000t\000i\000o\000n}{subsection.7.48}% 283
\BOOKMARK [3][-]{subsubsection.7.48.2}{\376\377\0007\000.\0004\0008\000.\0002\000\040\000C\000o\000m\000p\000a\000t\000i\000b\000i\000l\000i\000t\000y}{subsection.7.48}% 284
\BOOKMARK [3][-]{subsubsection.7.48.3}{\376\377\0007\000.\0004\0008\000.\0003\000\040\000M\000e\000m\000b\000e\000r\000\040\000D\000a\000t\000a\000\040\000D\000o\000c\000u\000m\000e\000n\000t\000a\000t\000i\000o\000n}{subsection.7.48}% 285
\BOOKMARK [2][-]{subsection.7.49}{\376\377\0007\000.\0004\0009\000\040\000D\000D\000S\000\137\000P\000r\000o\000d\000u\000c\000t\000V\000e\000r\000s\000i\000o\000n\000\040\000S\000t\000r\000u\000c\000t\000\040\000R\000e\000f\000e\000r\000e\000n\000c\000e}{section.7}% 286
\BOOKMARK [3][-]{subsubsection.7.49.1}{\376\377\0007\000.\0004\0009\000.\0001\000\040\000D\000e\000t\000a\000i\000l\000e\000d\000\040\000D\000e\000s\000c\000r\000i\000p\000t\000i\000o\000n}{subsection.7.49}% 287
\BOOKMARK [3][-]{subsubsection.7.49.2}{\376\377\0007\000.\0004\0009\000.\0002\000\040\000M\000e\000m\000b\000e\000r\000\040\000D\000a\000t\000a\000\040\000D\000o\000c\000u\000m\000e\000n\000t\000a\000t\000i\000o\000n}{subsection.7.49}% 288
\BOOKMARK [2][-]{subsection.7.50}{\376\377\0007\000.\0005\0000\000\040\000D\000D\000S\000\137\000P\000r\000o\000d\000u\000c\000t\000V\000e\000r\000s\000i\000o\000n\000\137\000t\000\040\000S\000t\000r\000u\000c\000t\000\040\000R\000e\000f\000e\000r\000e\000n\000c\000e}{section.7}% 289
\BOOKMARK [3][-]{subsubsection.7.50.1}{\376\377\0007\000.\0005\0000\000.\0001\000\040\000D\000e\000t\000a\000i\000l\000e\000d\000\040\000D\000e\000s\000c\000r\000i\000p\000t\000i\000o\000n}{subsection.7.50}% 290
\BOOKMARK [3][-]{subsubsection.7.50.2}{\376\377\0007\000.\0005\0000\000.\0002\000\040\000M\000e\000m\000b\000e\000r\000\040\000D\000a\000t\000a\000\040\000D\000o\000c\000u\000m\000e\000n\000t\000a\000t\000i\000o\000n}{subsection.7.50}% 291
\BOOKMARK [2][-]{subsection.7.51}{\376\377\0007\000.\0005\0001\000\040\000D\000D\000S\000\137\000P\000r\000o\000p\000e\000r\000t\000y\000\137\000t\000\040\000S\000t\000r\000u\000c\000t\000\040\000R\000e\000f\000e\000r\000e\000n\000c\000e}{section.7}% 292
\BOOKMARK [3][-]{subsubsection.7.51.1}{\376\377\0007\000.\0005\0001\000.\0001\000\040\000D\000e\000t\000a\000i\000l\000e\000d\000\040\000D\000e\000s\000c\000r\000i\000p\000t\000i\000o\000n}{subsection.7.51}% 293
\BOOKMARK [3][-]{subsubsection.7.51.2}{\376\377\0007\000.\0005\0001\000.\0002\000\040\000M\000e\000m\000b\000e\000r\000\040\000D\000a\000t\000a\000\040\000D\000o\000c\000u\000m\000e\000n\000t\000a\000t\000i\000o\000n}{subsection.7.51}% 294
\BOOKMARK [2][-]{subsection.7.52}{\376\377\0007\000.\0005\0002\000\040\000D\000D\000S\000\137\000P\000r\000o\000p\000e\000r\000t\000y\000Q\000o\000s\000P\000o\000l\000i\000c\000y\000\040\000S\000t\000r\000u\000c\000t\000\040\000R\000e\000f\000e\000r\000e\000n\000c\000e}{section.7}% 295
\BOOKMARK [3][-]{subsubsection.7.52.1}{\376\377\0007\000.\0005\0002\000.\0001\000\040\000D\000e\000t\000a\000i\000l\000e\000d\000\040\000D\000e\000s\000c\000r\000i\000p\000t\000i\000o\000n}{subsection.7.52}% 296
\BOOKMARK [3][-]{subsubsection.7.52.2}{\376\377\0007\000.\0005\0002\000.\0002\000\040\000M\000e\000m\000b\000e\000r\000\040\000D\000a\000t\000a\000\040\000D\000o\000c\000u\000m\000e\000n\000t\000a\000t\000i\000o\000n}{subsection.7.52}% 297
\BOOKMARK [2][-]{subsection.7.53}{\376\377\0007\000.\0005\0003\000\040\000D\000D\000S\000\137\000P\000r\000o\000p\000e\000r\000t\000y\000S\000e\000q\000\040\000S\000t\000r\000u\000c\000t\000\040\000R\000e\000f\000e\000r\000e\000n\000c\000e}{section.7}% 298
\BOOKMARK [3][-]{subsubsection.7.53.1}{\376\377\0007\000.\0005\0003\000.\0001\000\040\000D\000e\000t\000a\000i\000l\000e\000d\000\040\000D\000e\000s\000c\000r\000i\000p\000t\000i\000o\000n}{subsection.7.53}% 299
\BOOKMARK [2][-]{subsection.7.54}{\376\377\0007\000.\0005\0004\000\040\000D\000D\000S\000\137\000P\000r\000o\000t\000o\000c\000o\000l\000V\000e\000r\000s\000i\000o\000n\000\040\000S\000t\000r\000u\000c\000t\000\040\000R\000e\000f\000e\000r\000e\000n\000c\000e}{section.7}% 300
\BOOKMARK [3][-]{subsubsection.7.54.1}{\376\377\0007\000.\0005\0004\000.\0001\000\040\000D\000e\000t\000a\000i\000l\000e\000d\000\040\000D\000e\000s\000c\000r\000i\000p\000t\000i\000o\000n}{subsection.7.54}% 301
\BOOKMARK [3][-]{subsubsection.7.54.2}{\376\377\0007\000.\0005\0004\000.\0002\000\040\000M\000e\000m\000b\000e\000r\000\040\000D\000a\000t\000a\000\040\000D\000o\000c\000u\000m\000e\000n\000t\000a\000t\000i\000o\000n}{subsection.7.54}% 302
\BOOKMARK [2][-]{subsection.7.55}{\376\377\0007\000.\0005\0005\000\040\000D\000D\000S\000\137\000P\000s\000k\000S\000e\000r\000v\000i\000c\000e\000F\000a\000c\000t\000o\000r\000y\000P\000r\000o\000p\000e\000r\000t\000y\000\040\000S\000t\000r\000u\000c\000t\000\040\000R\000e\000f\000e\000r\000e\000n\000c\000e}{section.7}% 303
\BOOKMARK [3][-]{subsubsection.7.55.1}{\376\377\0007\000.\0005\0005\000.\0001\000\040\000D\000e\000t\000a\000i\000l\000e\000d\000\040\000D\000e\000s\000c\000r\000i\000p\000t\000i\000o\000n}{subsection.7.55}% 304
\BOOKMARK [3][-]{subsubsection.7.55.2}{\376\377\0007\000.\0005\0005\000.\0002\000\040\000M\000e\000m\000b\000e\000r\000\040\000D\000a\000t\000a\000\040\000D\000o\000c\000u\000m\000e\000n\000t\000a\000t\000i\000o\000n}{subsection.7.55}% 305
\BOOKMARK [2][-]{subsection.7.56}{\376\377\0007\000.\0005\0006\000\040\000D\000D\000S\000\137\000P\000u\000b\000l\000i\000c\000a\000t\000i\000o\000n\000B\000u\000i\000l\000t\000i\000n\000T\000o\000p\000i\000c\000D\000a\000t\000a\000\040\000S\000t\000r\000u\000c\000t\000\040\000R\000e\000f\000e\000r\000e\000n\000c\000e}{section.7}% 306
\BOOKMARK [3][-]{subsubsection.7.56.1}{\376\377\0007\000.\0005\0006\000.\0001\000\040\000D\000e\000t\000a\000i\000l\000e\000d\000\040\000D\000e\000s\000c\000r\000i\000p\000t\000i\000o\000n}{subsection.7.56}% 307
\BOOKMARK [3][-]{subsubsection.7.56.2}{\376\377\0007\000.\0005\0006\000.\0002\000\040\000M\000e\000m\000b\000e\000r\000\040\000D\000a\000t\000a\000\040\000D\000o\000c\000u\000m\000e\000n\000t\000a\000t\000i\000o\000n}{subsection.7.56}% 308
\BOOKMARK [2][-]{subsection.7.57}{\376\377\0007\000.\0005\0007\000\040\000D\000D\000S\000\137\000P\000u\000b\000l\000i\000c\000a\000t\000i\000o\000n\000M\000a\000t\000c\000h\000e\000d\000S\000t\000a\000t\000u\000s\000\040\000S\000t\000r\000u\000c\000t\000\040\000R\000e\000f\000e\000r\000e\000n\000c\000e}{section.7}% 309
\BOOKMARK [3][-]{subsubsection.7.57.1}{\376\377\0007\000.\0005\0007\000.\0001\000\040\000D\000e\000t\000a\000i\000l\000e\000d\000\040\000D\000e\000s\000c\000r\000i\000p\000t\000i\000o\000n}{subsection.7.57}% 310
\BOOKMARK [3][-]{subsubsection.7.57.2}{\376\377\0007\000.\0005\0007\000.\0002\000\040\000M\000e\000m\000b\000e\000r\000\040\000D\000a\000t\000a\000\040\000D\000o\000c\000u\000m\000e\000n\000t\000a\000t\000i\000o\000n}{subsection.7.57}% 311
\BOOKMARK [2][-]{subsection.7.58}{\376\377\0007\000.\0005\0008\000\040\000D\000D\000S\000\137\000P\000u\000b\000l\000i\000s\000h\000e\000r\000Q\000o\000s\000\040\000S\000t\000r\000u\000c\000t\000\040\000R\000e\000f\000e\000r\000e\000n\000c\000e}{section.7}% 312
\BOOKMARK [3][-]{subsubsection.7.58.1}{\376\377\0007\000.\0005\0008\000.\0001\000\040\000D\000e\000t\000a\000i\000l\000e\000d\000\040\000D\000e\000s\000c\000r\000i\000p\000t\000i\000o\000n}{subsection.7.58}% 313
\BOOKMARK [3][-]{subsubsection.7.58.2}{\376\377\0007\000.\0005\0008\000.\0002\000\040\000M\000e\000m\000b\000e\000r\000\040\000D\000a\000t\000a\000\040\000D\000o\000c\000u\000m\000e\000n\000t\000a\000t\000i\000o\000n}{subsection.7.58}% 314
\BOOKMARK [2][-]{subsection.7.59}{\376\377\0007\000.\0005\0009\000\040\000D\000D\000S\000\137\000P\000u\000b\000l\000i\000s\000h\000M\000o\000d\000e\000Q\000o\000s\000P\000o\000l\000i\000c\000y\000\040\000S\000t\000r\000u\000c\000t\000\040\000R\000e\000f\000e\000r\000e\000n\000c\000e}{section.7}% 315
\BOOKMARK [3][-]{subsubsection.7.59.1}{\376\377\0007\000.\0005\0009\000.\0001\000\040\000D\000e\000t\000a\000i\000l\000e\000d\000\040\000D\000e\000s\000c\000r\000i\000p\000t\000i\000o\000n}{subsection.7.59}% 316
\BOOKMARK [3][-]{subsubsection.7.59.2}{\376\377\0007\000.\0005\0009\000.\0002\000\040\000U\000s\000a\000g\000e}{subsection.7.59}% 317
\BOOKMARK [3][-]{subsubsection.7.59.3}{\376\377\0007\000.\0005\0009\000.\0003\000\040\000M\000e\000m\000b\000e\000r\000\040\000D\000a\000t\000a\000\040\000D\000o\000c\000u\000m\000e\000n\000t\000a\000t\000i\000o\000n}{subsection.7.59}% 318
\BOOKMARK [2][-]{subsection.7.60}{\376\377\0007\000.\0006\0000\000\040\000D\000D\000S\000\137\000R\000e\000l\000i\000a\000b\000i\000l\000i\000t\000y\000Q\000o\000s\000P\000o\000l\000i\000c\000y\000\040\000S\000t\000r\000u\000c\000t\000\040\000R\000e\000f\000e\000r\000e\000n\000c\000e}{section.7}% 319
\BOOKMARK [3][-]{subsubsection.7.60.1}{\376\377\0007\000.\0006\0000\000.\0001\000\040\000D\000e\000t\000a\000i\000l\000e\000d\000\040\000D\000e\000s\000c\000r\000i\000p\000t\000i\000o\000n}{subsection.7.60}% 320
\BOOKMARK [3][-]{subsubsection.7.60.2}{\376\377\0007\000.\0006\0000\000.\0002\000\040\000U\000s\000a\000g\000e}{subsection.7.60}% 321
\BOOKMARK [3][-]{subsubsection.7.60.3}{\376\377\0007\000.\0006\0000\000.\0003\000\040\000C\000o\000m\000p\000a\000t\000i\000b\000i\000l\000i\000t\000y}{subsection.7.60}% 322
\BOOKMARK [3][-]{subsubsection.7.60.4}{\376\377\0007\000.\0006\0000\000.\0004\000\040\000M\000e\000m\000b\000e\000r\000\040\000D\000a\000t\000a\000\040\000D\000o\000c\000u\000m\000e\000n\000t\000a\000t\000i\000o\000n}{subsection.7.60}% 323
\BOOKMARK [2][-]{subsection.7.61}{\376\377\0007\000.\0006\0001\000\040\000D\000D\000S\000\137\000R\000e\000l\000i\000a\000b\000l\000e\000R\000e\000a\000d\000e\000r\000A\000c\000t\000i\000v\000i\000t\000y\000C\000h\000a\000n\000g\000e\000d\000S\000t\000a\000t\000u\000s\000\040\000S\000t\000r\000u\000c\000t\000\040\000R\000e\000f\000e\000r\000e\000n\000c\000e}{section.7}% 324
\BOOKMARK [3][-]{subsubsection.7.61.1}{\376\377\0007\000.\0006\0001\000.\0001\000\040\000D\000e\000t\000a\000i\000l\000e\000d\000\040\000D\000e\000s\000c\000r\000i\000p\000t\000i\000o\000n}{subsection.7.61}% 325
\BOOKMARK [3][-]{subsubsection.7.61.2}{\376\377\0007\000.\0006\0001\000.\0002\000\040\000M\000e\000m\000b\000e\000r\000\040\000D\000a\000t\000a\000\040\000D\000o\000c\000u\000m\000e\000n\000t\000a\000t\000i\000o\000n}{subsection.7.61}% 326
\BOOKMARK [2][-]{subsection.7.62}{\376\377\0007\000.\0006\0002\000\040\000D\000D\000S\000\137\000R\000e\000l\000i\000a\000b\000l\000e\000S\000a\000m\000p\000l\000e\000U\000n\000a\000c\000k\000n\000o\000w\000l\000e\000d\000g\000e\000d\000S\000t\000a\000t\000u\000s\000\040\000S\000t\000r\000u\000c\000t\000\040\000R\000e\000f\000e\000r\000e\000n\000c\000e}{section.7}% 327
\BOOKMARK [3][-]{subsubsection.7.62.1}{\376\377\0007\000.\0006\0002\000.\0001\000\040\000D\000e\000t\000a\000i\000l\000e\000d\000\040\000D\000e\000s\000c\000r\000i\000p\000t\000i\000o\000n}{subsection.7.62}% 328
\BOOKMARK [3][-]{subsubsection.7.62.2}{\376\377\0007\000.\0006\0002\000.\0002\000\040\000M\000e\000m\000b\000e\000r\000\040\000D\000a\000t\000a\000\040\000D\000o\000c\000u\000m\000e\000n\000t\000a\000t\000i\000o\000n}{subsection.7.62}% 329
\BOOKMARK [2][-]{subsection.7.63}{\376\377\0007\000.\0006\0003\000\040\000D\000D\000S\000\137\000R\000e\000q\000u\000e\000s\000t\000e\000d\000D\000e\000a\000d\000l\000i\000n\000e\000M\000i\000s\000s\000e\000d\000S\000t\000a\000t\000u\000s\000\040\000S\000t\000r\000u\000c\000t\000\040\000R\000e\000f\000e\000r\000e\000n\000c\000e}{section.7}% 330
\BOOKMARK [3][-]{subsubsection.7.63.1}{\376\377\0007\000.\0006\0003\000.\0001\000\040\000D\000e\000t\000a\000i\000l\000e\000d\000\040\000D\000e\000s\000c\000r\000i\000p\000t\000i\000o\000n}{subsection.7.63}% 331
\BOOKMARK [3][-]{subsubsection.7.63.2}{\376\377\0007\000.\0006\0003\000.\0002\000\040\000M\000e\000m\000b\000e\000r\000\040\000D\000a\000t\000a\000\040\000D\000o\000c\000u\000m\000e\000n\000t\000a\000t\000i\000o\000n}{subsection.7.63}% 332
\BOOKMARK [2][-]{subsection.7.64}{\376\377\0007\000.\0006\0004\000\040\000D\000D\000S\000\137\000R\000e\000q\000u\000e\000s\000t\000e\000d\000I\000n\000c\000o\000m\000p\000a\000t\000i\000b\000l\000e\000Q\000o\000s\000S\000t\000a\000t\000u\000s\000\040\000S\000t\000r\000u\000c\000t\000\040\000R\000e\000f\000e\000r\000e\000n\000c\000e}{section.7}% 333
\BOOKMARK [3][-]{subsubsection.7.64.1}{\376\377\0007\000.\0006\0004\000.\0001\000\040\000D\000e\000t\000a\000i\000l\000e\000d\000\040\000D\000e\000s\000c\000r\000i\000p\000t\000i\000o\000n}{subsection.7.64}% 334
\BOOKMARK [3][-]{subsubsection.7.64.2}{\376\377\0007\000.\0006\0004\000.\0002\000\040\000M\000e\000m\000b\000e\000r\000\040\000D\000a\000t\000a\000\040\000D\000o\000c\000u\000m\000e\000n\000t\000a\000t\000i\000o\000n}{subsection.7.64}% 335
\BOOKMARK [2][-]{subsection.7.65}{\376\377\0007\000.\0006\0005\000\040\000D\000D\000S\000\137\000R\000e\000s\000o\000u\000r\000c\000e\000L\000i\000m\000i\000t\000s\000Q\000o\000s\000P\000o\000l\000i\000c\000y\000\040\000S\000t\000r\000u\000c\000t\000\040\000R\000e\000f\000e\000r\000e\000n\000c\000e}{section.7}% 336
\BOOKMARK [3][-]{subsubsection.7.65.1}{\376\377\0007\000.\0006\0005\000.\0001\000\040\000D\000e\000t\000a\000i\000l\000e\000d\000\040\000D\000e\000s\000c\000r\000i\000p\000t\000i\000o\000n}{subsection.7.65}% 337
\BOOKMARK [3][-]{subsubsection.7.65.2}{\376\377\0007\000.\0006\0005\000.\0002\000\040\000U\000s\000a\000g\000e}{subsection.7.65}% 338
\BOOKMARK [3][-]{subsubsection.7.65.3}{\376\377\0007\000.\0006\0005\000.\0003\000\040\000C\000o\000n\000s\000i\000s\000t\000e\000n\000c\000y}{subsection.7.65}% 339
\BOOKMARK [3][-]{subsubsection.7.65.4}{\376\377\0007\000.\0006\0005\000.\0004\000\040\000M\000e\000m\000b\000e\000r\000\040\000D\000a\000t\000a\000\040\000D\000o\000c\000u\000m\000e\000n\000t\000a\000t\000i\000o\000n}{subsection.7.65}% 340
\BOOKMARK [2][-]{subsection.7.66}{\376\377\0007\000.\0006\0006\000\040\000D\000D\000S\000\137\000R\000t\000p\000s\000R\000e\000l\000i\000a\000b\000l\000e\000R\000e\000a\000d\000e\000r\000P\000r\000o\000t\000o\000c\000o\000l\000\137\000t\000\040\000S\000t\000r\000u\000c\000t\000\040\000R\000e\000f\000e\000r\000e\000n\000c\000e}{section.7}% 341
\BOOKMARK [3][-]{subsubsection.7.66.1}{\376\377\0007\000.\0006\0006\000.\0001\000\040\000D\000e\000t\000a\000i\000l\000e\000d\000\040\000D\000e\000s\000c\000r\000i\000p\000t\000i\000o\000n}{subsection.7.66}% 342
\BOOKMARK [3][-]{subsubsection.7.66.2}{\376\377\0007\000.\0006\0006\000.\0002\000\040\000M\000e\000m\000b\000e\000r\000\040\000D\000a\000t\000a\000\040\000D\000o\000c\000u\000m\000e\000n\000t\000a\000t\000i\000o\000n}{subsection.7.66}% 343
\BOOKMARK [2][-]{subsection.7.67}{\376\377\0007\000.\0006\0007\000\040\000D\000D\000S\000\137\000R\000t\000p\000s\000R\000e\000l\000i\000a\000b\000l\000e\000W\000r\000i\000t\000e\000r\000P\000r\000o\000t\000o\000c\000o\000l\000\137\000t\000\040\000S\000t\000r\000u\000c\000t\000\040\000R\000e\000f\000e\000r\000e\000n\000c\000e}{section.7}% 344
\BOOKMARK [3][-]{subsubsection.7.67.1}{\376\377\0007\000.\0006\0007\000.\0001\000\040\000D\000e\000t\000a\000i\000l\000e\000d\000\040\000D\000e\000s\000c\000r\000i\000p\000t\000i\000o\000n}{subsection.7.67}% 345
\BOOKMARK [3][-]{subsubsection.7.67.2}{\376\377\0007\000.\0006\0007\000.\0002\000\040\000M\000e\000m\000b\000e\000r\000\040\000D\000a\000t\000a\000\040\000D\000o\000c\000u\000m\000e\000n\000t\000a\000t\000i\000o\000n}{subsection.7.67}% 346
\BOOKMARK [2][-]{subsection.7.68}{\376\377\0007\000.\0006\0008\000\040\000D\000D\000S\000\137\000R\000t\000p\000s\000W\000e\000l\000l\000K\000n\000o\000w\000n\000P\000o\000r\000t\000s\000\137\000t\000\040\000S\000t\000r\000u\000c\000t\000\040\000R\000e\000f\000e\000r\000e\000n\000c\000e}{section.7}% 347
\BOOKMARK [3][-]{subsubsection.7.68.1}{\376\377\0007\000.\0006\0008\000.\0001\000\040\000D\000e\000t\000a\000i\000l\000e\000d\000\040\000D\000e\000s\000c\000r\000i\000p\000t\000i\000o\000n}{subsection.7.68}% 348
\BOOKMARK [3][-]{subsubsection.7.68.2}{\376\377\0007\000.\0006\0008\000.\0002\000\040\000M\000e\000m\000b\000e\000r\000\040\000D\000a\000t\000a\000\040\000D\000o\000c\000u\000m\000e\000n\000t\000a\000t\000i\000o\000n}{subsection.7.68}% 349
\BOOKMARK [2][-]{subsection.7.69}{\376\377\0007\000.\0006\0009\000\040\000D\000D\000S\000\137\000S\000a\000m\000p\000l\000e\000I\000d\000e\000n\000t\000i\000t\000y\000\137\000t\000\040\000S\000t\000r\000u\000c\000t\000\040\000R\000e\000f\000e\000r\000e\000n\000c\000e}{section.7}% 350
\BOOKMARK [3][-]{subsubsection.7.69.1}{\376\377\0007\000.\0006\0009\000.\0001\000\040\000D\000e\000t\000a\000i\000l\000e\000d\000\040\000D\000e\000s\000c\000r\000i\000p\000t\000i\000o\000n}{subsection.7.69}% 351
\BOOKMARK [3][-]{subsubsection.7.69.2}{\376\377\0007\000.\0006\0009\000.\0002\000\040\000M\000e\000m\000b\000e\000r\000\040\000D\000a\000t\000a\000\040\000D\000o\000c\000u\000m\000e\000n\000t\000a\000t\000i\000o\000n}{subsection.7.69}% 352
\BOOKMARK [2][-]{subsection.7.70}{\376\377\0007\000.\0007\0000\000\040\000D\000D\000S\000\137\000S\000a\000m\000p\000l\000e\000I\000n\000f\000o\000\040\000S\000t\000r\000u\000c\000t\000\040\000R\000e\000f\000e\000r\000e\000n\000c\000e}{section.7}% 353
\BOOKMARK [3][-]{subsubsection.7.70.1}{\376\377\0007\000.\0007\0000\000.\0001\000\040\000D\000e\000t\000a\000i\000l\000e\000d\000\040\000D\000e\000s\000c\000r\000i\000p\000t\000i\000o\000n}{subsection.7.70}% 354
\BOOKMARK [3][-]{subsubsection.7.70.2}{\376\377\0007\000.\0007\0000\000.\0002\000\040\000I\000n\000t\000e\000r\000p\000r\000e\000t\000a\000t\000i\000o\000n\000\040\000o\000f\000\040\000t\000h\000e\000\040\000S\000a\000m\000p\000l\000e\000I\000n\000f\000o}{subsection.7.70}% 355
\BOOKMARK [3][-]{subsubsection.7.70.3}{\376\377\0007\000.\0007\0000\000.\0003\000\040\000M\000e\000m\000b\000e\000r\000\040\000D\000a\000t\000a\000\040\000D\000o\000c\000u\000m\000e\000n\000t\000a\000t\000i\000o\000n}{subsection.7.70}% 356
\BOOKMARK [2][-]{subsection.7.71}{\376\377\0007\000.\0007\0001\000\040\000D\000D\000S\000\137\000S\000a\000m\000p\000l\000e\000I\000n\000f\000o\000S\000e\000q\000\040\000S\000t\000r\000u\000c\000t\000\040\000R\000e\000f\000e\000r\000e\000n\000c\000e}{section.7}% 357
\BOOKMARK [3][-]{subsubsection.7.71.1}{\376\377\0007\000.\0007\0001\000.\0001\000\040\000D\000e\000t\000a\000i\000l\000e\000d\000\040\000D\000e\000s\000c\000r\000i\000p\000t\000i\000o\000n}{subsection.7.71}% 358
\BOOKMARK [2][-]{subsection.7.72}{\376\377\0007\000.\0007\0002\000\040\000D\000D\000S\000\137\000S\000a\000m\000p\000l\000e\000L\000o\000s\000t\000S\000t\000a\000t\000u\000s\000\040\000S\000t\000r\000u\000c\000t\000\040\000R\000e\000f\000e\000r\000e\000n\000c\000e}{section.7}% 359
\BOOKMARK [3][-]{subsubsection.7.72.1}{\376\377\0007\000.\0007\0002\000.\0001\000\040\000D\000e\000t\000a\000i\000l\000e\000d\000\040\000D\000e\000s\000c\000r\000i\000p\000t\000i\000o\000n}{subsection.7.72}% 360
\BOOKMARK [3][-]{subsubsection.7.72.2}{\376\377\0007\000.\0007\0002\000.\0002\000\040\000M\000e\000m\000b\000e\000r\000\040\000D\000a\000t\000a\000\040\000D\000o\000c\000u\000m\000e\000n\000t\000a\000t\000i\000o\000n}{subsection.7.72}% 361
\BOOKMARK [2][-]{subsection.7.73}{\376\377\0007\000.\0007\0003\000\040\000D\000D\000S\000\137\000S\000a\000m\000p\000l\000e\000R\000e\000j\000e\000c\000t\000e\000d\000S\000t\000a\000t\000u\000s\000\040\000S\000t\000r\000u\000c\000t\000\040\000R\000e\000f\000e\000r\000e\000n\000c\000e}{section.7}% 362
\BOOKMARK [3][-]{subsubsection.7.73.1}{\376\377\0007\000.\0007\0003\000.\0001\000\040\000D\000e\000t\000a\000i\000l\000e\000d\000\040\000D\000e\000s\000c\000r\000i\000p\000t\000i\000o\000n}{subsection.7.73}% 363
\BOOKMARK [3][-]{subsubsection.7.73.2}{\376\377\0007\000.\0007\0003\000.\0002\000\040\000M\000e\000m\000b\000e\000r\000\040\000D\000a\000t\000a\000\040\000D\000o\000c\000u\000m\000e\000n\000t\000a\000t\000i\000o\000n}{subsection.7.73}% 364
\BOOKMARK [2][-]{subsection.7.74}{\376\377\0007\000.\0007\0004\000\040\000D\000D\000S\000\137\000S\000e\000c\000T\000r\000a\000n\000s\000f\000o\000r\000m\000\137\000C\000o\000n\000f\000i\000g\000u\000r\000a\000t\000i\000o\000n\000\040\000S\000t\000r\000u\000c\000t\000\040\000R\000e\000f\000e\000r\000e\000n\000c\000e}{section.7}% 365
\BOOKMARK [3][-]{subsubsection.7.74.1}{\376\377\0007\000.\0007\0004\000.\0001\000\040\000D\000e\000t\000a\000i\000l\000e\000d\000\040\000D\000e\000s\000c\000r\000i\000p\000t\000i\000o\000n}{subsection.7.74}% 366
\BOOKMARK [3][-]{subsubsection.7.74.2}{\376\377\0007\000.\0007\0004\000.\0002\000\040\000M\000e\000m\000b\000e\000r\000\040\000D\000a\000t\000a\000\040\000D\000o\000c\000u\000m\000e\000n\000t\000a\000t\000i\000o\000n}{subsection.7.74}% 367
\BOOKMARK [2][-]{subsection.7.75}{\376\377\0007\000.\0007\0005\000\040\000D\000D\000S\000\137\000S\000e\000q\000u\000e\000n\000c\000e\000N\000u\000m\000b\000e\000r\000\137\000t\000\040\000S\000t\000r\000u\000c\000t\000\040\000R\000e\000f\000e\000r\000e\000n\000c\000e}{section.7}% 368
\BOOKMARK [3][-]{subsubsection.7.75.1}{\376\377\0007\000.\0007\0005\000.\0001\000\040\000D\000e\000t\000a\000i\000l\000e\000d\000\040\000D\000e\000s\000c\000r\000i\000p\000t\000i\000o\000n}{subsection.7.75}% 369
\BOOKMARK [3][-]{subsubsection.7.75.2}{\376\377\0007\000.\0007\0005\000.\0002\000\040\000M\000e\000m\000b\000e\000r\000\040\000D\000a\000t\000a\000\040\000D\000o\000c\000u\000m\000e\000n\000t\000a\000t\000i\000o\000n}{subsection.7.75}% 370
\BOOKMARK [2][-]{subsection.7.76}{\376\377\0007\000.\0007\0006\000\040\000D\000D\000S\000\137\000S\000u\000b\000s\000c\000r\000i\000b\000e\000r\000Q\000o\000s\000\040\000S\000t\000r\000u\000c\000t\000\040\000R\000e\000f\000e\000r\000e\000n\000c\000e}{section.7}% 371
\BOOKMARK [3][-]{subsubsection.7.76.1}{\376\377\0007\000.\0007\0006\000.\0001\000\040\000D\000e\000t\000a\000i\000l\000e\000d\000\040\000D\000e\000s\000c\000r\000i\000p\000t\000i\000o\000n}{subsection.7.76}% 372
\BOOKMARK [3][-]{subsubsection.7.76.2}{\376\377\0007\000.\0007\0006\000.\0002\000\040\000M\000e\000m\000b\000e\000r\000\040\000D\000a\000t\000a\000\040\000D\000o\000c\000u\000m\000e\000n\000t\000a\000t\000i\000o\000n}{subsection.7.76}% 373
\BOOKMARK [2][-]{subsection.7.77}{\376\377\0007\000.\0007\0007\000\040\000D\000D\000S\000\137\000S\000u\000b\000s\000c\000r\000i\000p\000t\000i\000o\000n\000B\000u\000i\000l\000t\000i\000n\000T\000o\000p\000i\000c\000D\000a\000t\000a\000\040\000S\000t\000r\000u\000c\000t\000\040\000R\000e\000f\000e\000r\000e\000n\000c\000e}{section.7}% 374
\BOOKMARK [3][-]{subsubsection.7.77.1}{\376\377\0007\000.\0007\0007\000.\0001\000\040\000D\000e\000t\000a\000i\000l\000e\000d\000\040\000D\000e\000s\000c\000r\000i\000p\000t\000i\000o\000n}{subsection.7.77}% 375
\BOOKMARK [3][-]{subsubsection.7.77.2}{\376\377\0007\000.\0007\0007\000.\0002\000\040\000M\000e\000m\000b\000e\000r\000\040\000D\000a\000t\000a\000\040\000D\000o\000c\000u\000m\000e\000n\000t\000a\000t\000i\000o\000n}{subsection.7.77}% 376
\BOOKMARK [2][-]{subsection.7.78}{\376\377\0007\000.\0007\0008\000\040\000D\000D\000S\000\137\000S\000u\000b\000s\000c\000r\000i\000p\000t\000i\000o\000n\000M\000a\000t\000c\000h\000e\000d\000S\000t\000a\000t\000u\000s\000\040\000S\000t\000r\000u\000c\000t\000\040\000R\000e\000f\000e\000r\000e\000n\000c\000e}{section.7}% 377
\BOOKMARK [3][-]{subsubsection.7.78.1}{\376\377\0007\000.\0007\0008\000.\0001\000\040\000D\000e\000t\000a\000i\000l\000e\000d\000\040\000D\000e\000s\000c\000r\000i\000p\000t\000i\000o\000n}{subsection.7.78}% 378
\BOOKMARK [3][-]{subsubsection.7.78.2}{\376\377\0007\000.\0007\0008\000.\0002\000\040\000M\000e\000m\000b\000e\000r\000\040\000D\000a\000t\000a\000\040\000D\000o\000c\000u\000m\000e\000n\000t\000a\000t\000i\000o\000n}{subsection.7.78}% 379
\BOOKMARK [2][-]{subsection.7.79}{\376\377\0007\000.\0007\0009\000\040\000D\000D\000S\000\137\000S\000y\000s\000t\000e\000m\000R\000e\000s\000o\000u\000r\000c\000e\000L\000i\000m\000i\000t\000s\000Q\000o\000s\000P\000o\000l\000i\000c\000y\000\040\000S\000t\000r\000u\000c\000t\000\040\000R\000e\000f\000e\000r\000e\000n\000c\000e}{section.7}% 380
\BOOKMARK [3][-]{subsubsection.7.79.1}{\376\377\0007\000.\0007\0009\000.\0001\000\040\000D\000e\000t\000a\000i\000l\000e\000d\000\040\000D\000e\000s\000c\000r\000i\000p\000t\000i\000o\000n}{subsection.7.79}% 381
\BOOKMARK [3][-]{subsubsection.7.79.2}{\376\377\0007\000.\0007\0009\000.\0002\000\040\000M\000e\000m\000b\000e\000r\000\040\000D\000a\000t\000a\000\040\000D\000o\000c\000u\000m\000e\000n\000t\000a\000t\000i\000o\000n}{subsection.7.79}% 382
\BOOKMARK [2][-]{subsection.7.80}{\376\377\0007\000.\0008\0000\000\040\000D\000D\000S\000\137\000T\000i\000m\000e\000\137\000t\000\040\000S\000t\000r\000u\000c\000t\000\040\000R\000e\000f\000e\000r\000e\000n\000c\000e}{section.7}% 383
\BOOKMARK [3][-]{subsubsection.7.80.1}{\376\377\0007\000.\0008\0000\000.\0001\000\040\000D\000e\000t\000a\000i\000l\000e\000d\000\040\000D\000e\000s\000c\000r\000i\000p\000t\000i\000o\000n}{subsection.7.80}% 384
\BOOKMARK [3][-]{subsubsection.7.80.2}{\376\377\0007\000.\0008\0000\000.\0002\000\040\000M\000e\000m\000b\000e\000r\000\040\000D\000a\000t\000a\000\040\000D\000o\000c\000u\000m\000e\000n\000t\000a\000t\000i\000o\000n}{subsection.7.80}% 385
\BOOKMARK [2][-]{subsection.7.81}{\376\377\0007\000.\0008\0001\000\040\000D\000D\000S\000\137\000T\000o\000p\000i\000c\000D\000a\000t\000a\000Q\000o\000s\000P\000o\000l\000i\000c\000y\000\040\000S\000t\000r\000u\000c\000t\000\040\000R\000e\000f\000e\000r\000e\000n\000c\000e}{section.7}% 386
\BOOKMARK [3][-]{subsubsection.7.81.1}{\376\377\0007\000.\0008\0001\000.\0001\000\040\000D\000e\000t\000a\000i\000l\000e\000d\000\040\000D\000e\000s\000c\000r\000i\000p\000t\000i\000o\000n}{subsection.7.81}% 387
\BOOKMARK [3][-]{subsubsection.7.81.2}{\376\377\0007\000.\0008\0001\000.\0002\000\040\000U\000s\000a\000g\000e}{subsection.7.81}% 388
\BOOKMARK [3][-]{subsubsection.7.81.3}{\376\377\0007\000.\0008\0001\000.\0003\000\040\000M\000e\000m\000b\000e\000r\000\040\000D\000a\000t\000a\000\040\000D\000o\000c\000u\000m\000e\000n\000t\000a\000t\000i\000o\000n}{subsection.7.81}% 389
\BOOKMARK [2][-]{subsection.7.82}{\376\377\0007\000.\0008\0002\000\040\000D\000D\000S\000\137\000T\000o\000p\000i\000c\000Q\000o\000s\000\040\000S\000t\000r\000u\000c\000t\000\040\000R\000e\000f\000e\000r\000e\000n\000c\000e}{section.7}% 390
\BOOKMARK [3][-]{subsubsection.7.82.1}{\376\377\0007\000.\0008\0002\000.\0001\000\040\000D\000e\000t\000a\000i\000l\000e\000d\000\040\000D\000e\000s\000c\000r\000i\000p\000t\000i\000o\000n}{subsection.7.82}% 391
\BOOKMARK [3][-]{subsubsection.7.82.2}{\376\377\0007\000.\0008\0002\000.\0002\000\040\000M\000e\000m\000b\000e\000r\000\040\000D\000a\000t\000a\000\040\000D\000o\000c\000u\000m\000e\000n\000t\000a\000t\000i\000o\000n}{subsection.7.82}% 392
\BOOKMARK [2][-]{subsection.7.83}{\376\377\0007\000.\0008\0003\000\040\000D\000D\000S\000\137\000T\000r\000a\000n\000s\000p\000o\000r\000t\000Q\000o\000s\000P\000o\000l\000i\000c\000y\000\040\000S\000t\000r\000u\000c\000t\000\040\000R\000e\000f\000e\000r\000e\000n\000c\000e}{section.7}% 393
\BOOKMARK [3][-]{subsubsection.7.83.1}{\376\377\0007\000.\0008\0003\000.\0001\000\040\000D\000e\000t\000a\000i\000l\000e\000d\000\040\000D\000e\000s\000c\000r\000i\000p\000t\000i\000o\000n}{subsection.7.83}% 394
\BOOKMARK [3][-]{subsubsection.7.83.2}{\376\377\0007\000.\0008\0003\000.\0002\000\040\000M\000e\000m\000b\000e\000r\000\040\000D\000a\000t\000a\000\040\000D\000o\000c\000u\000m\000e\000n\000t\000a\000t\000i\000o\000n}{subsection.7.83}% 395
\BOOKMARK [2][-]{subsection.7.84}{\376\377\0007\000.\0008\0004\000\040\000D\000D\000S\000\137\000T\000y\000p\000e\000P\000l\000u\000g\000i\000n\000I\000\040\000S\000t\000r\000u\000c\000t\000\040\000R\000e\000f\000e\000r\000e\000n\000c\000e}{section.7}% 396
\BOOKMARK [3][-]{subsubsection.7.84.1}{\376\377\0007\000.\0008\0004\000.\0001\000\040\000D\000e\000t\000a\000i\000l\000e\000d\000\040\000D\000e\000s\000c\000r\000i\000p\000t\000i\000o\000n}{subsection.7.84}% 397
\BOOKMARK [2][-]{subsection.7.85}{\376\377\0007\000.\0008\0005\000\040\000D\000D\000S\000\137\000U\000s\000e\000r\000D\000a\000t\000a\000Q\000o\000s\000P\000o\000l\000i\000c\000y\000\040\000S\000t\000r\000u\000c\000t\000\040\000R\000e\000f\000e\000r\000e\000n\000c\000e}{section.7}% 398
\BOOKMARK [3][-]{subsubsection.7.85.1}{\376\377\0007\000.\0008\0005\000.\0001\000\040\000D\000e\000t\000a\000i\000l\000e\000d\000\040\000D\000e\000s\000c\000r\000i\000p\000t\000i\000o\000n}{subsection.7.85}% 399
\BOOKMARK [3][-]{subsubsection.7.85.2}{\376\377\0007\000.\0008\0005\000.\0002\000\040\000U\000s\000a\000g\000e}{subsection.7.85}% 400
\BOOKMARK [3][-]{subsubsection.7.85.3}{\376\377\0007\000.\0008\0005\000.\0003\000\040\000M\000e\000m\000b\000e\000r\000\040\000D\000a\000t\000a\000\040\000D\000o\000c\000u\000m\000e\000n\000t\000a\000t\000i\000o\000n}{subsection.7.85}% 401
\BOOKMARK [2][-]{subsection.7.86}{\376\377\0007\000.\0008\0006\000\040\000D\000D\000S\000\137\000U\000s\000e\000r\000T\000r\000a\000f\000f\000i\000c\000Q\000o\000s\000P\000o\000l\000i\000c\000y\000\040\000S\000t\000r\000u\000c\000t\000\040\000R\000e\000f\000e\000r\000e\000n\000c\000e}{section.7}% 402
\BOOKMARK [3][-]{subsubsection.7.86.1}{\376\377\0007\000.\0008\0006\000.\0001\000\040\000D\000e\000t\000a\000i\000l\000e\000d\000\040\000D\000e\000s\000c\000r\000i\000p\000t\000i\000o\000n}{subsection.7.86}% 403
\BOOKMARK [3][-]{subsubsection.7.86.2}{\376\377\0007\000.\0008\0006\000.\0002\000\040\000M\000e\000m\000b\000e\000r\000\040\000D\000a\000t\000a\000\040\000D\000o\000c\000u\000m\000e\000n\000t\000a\000t\000i\000o\000n}{subsection.7.86}% 404
\BOOKMARK [2][-]{subsection.7.87}{\376\377\0007\000.\0008\0007\000\040\000D\000D\000S\000\137\000V\000e\000n\000d\000o\000r\000I\000d\000\040\000S\000t\000r\000u\000c\000t\000\040\000R\000e\000f\000e\000r\000e\000n\000c\000e}{section.7}% 405
\BOOKMARK [3][-]{subsubsection.7.87.1}{\376\377\0007\000.\0008\0007\000.\0001\000\040\000D\000e\000t\000a\000i\000l\000e\000d\000\040\000D\000e\000s\000c\000r\000i\000p\000t\000i\000o\000n}{subsection.7.87}% 406
\BOOKMARK [3][-]{subsubsection.7.87.2}{\376\377\0007\000.\0008\0007\000.\0002\000\040\000M\000e\000m\000b\000e\000r\000\040\000D\000a\000t\000a\000\040\000D\000o\000c\000u\000m\000e\000n\000t\000a\000t\000i\000o\000n}{subsection.7.87}% 407
\BOOKMARK [2][-]{subsection.7.88}{\376\377\0007\000.\0008\0008\000\040\000D\000D\000S\000\137\000V\000e\000n\000d\000o\000r\000I\000d\000\137\000t\000\040\000S\000t\000r\000u\000c\000t\000\040\000R\000e\000f\000e\000r\000e\000n\000c\000e}{section.7}% 408
\BOOKMARK [3][-]{subsubsection.7.88.1}{\376\377\0007\000.\0008\0008\000.\0001\000\040\000D\000e\000t\000a\000i\000l\000e\000d\000\040\000D\000e\000s\000c\000r\000i\000p\000t\000i\000o\000n}{subsection.7.88}% 409
\BOOKMARK [3][-]{subsubsection.7.88.2}{\376\377\0007\000.\0008\0008\000.\0002\000\040\000M\000e\000m\000b\000e\000r\000\040\000D\000a\000t\000a\000\040\000D\000o\000c\000u\000m\000e\000n\000t\000a\000t\000i\000o\000n}{subsection.7.88}% 410
\BOOKMARK [2][-]{subsection.7.89}{\376\377\0007\000.\0008\0009\000\040\000D\000D\000S\000\137\000W\000i\000r\000e\000P\000r\000o\000t\000o\000c\000o\000l\000Q\000o\000s\000P\000o\000l\000i\000c\000y\000\040\000S\000t\000r\000u\000c\000t\000\040\000R\000e\000f\000e\000r\000e\000n\000c\000e}{section.7}% 411
\BOOKMARK [3][-]{subsubsection.7.89.1}{\376\377\0007\000.\0008\0009\000.\0001\000\040\000D\000e\000t\000a\000i\000l\000e\000d\000\040\000D\000e\000s\000c\000r\000i\000p\000t\000i\000o\000n}{subsection.7.89}% 412
\BOOKMARK [3][-]{subsubsection.7.89.2}{\376\377\0007\000.\0008\0009\000.\0002\000\040\000U\000s\000a\000g\000e}{subsection.7.89}% 413
\BOOKMARK [3][-]{subsubsection.7.89.3}{\376\377\0007\000.\0008\0009\000.\0003\000\040\000M\000e\000m\000b\000e\000r\000\040\000D\000a\000t\000a\000\040\000D\000o\000c\000u\000m\000e\000n\000t\000a\000t\000i\000o\000n}{subsection.7.89}% 414
\BOOKMARK [2][-]{subsection.7.90}{\376\377\0007\000.\0009\0000\000\040\000D\000D\000S\000\137\000W\000r\000i\000t\000e\000P\000a\000r\000a\000m\000s\000\137\000t\000\040\000S\000t\000r\000u\000c\000t\000\040\000R\000e\000f\000e\000r\000e\000n\000c\000e}{section.7}% 415
\BOOKMARK [3][-]{subsubsection.7.90.1}{\376\377\0007\000.\0009\0000\000.\0001\000\040\000D\000e\000t\000a\000i\000l\000e\000d\000\040\000D\000e\000s\000c\000r\000i\000p\000t\000i\000o\000n}{subsection.7.90}% 416
\BOOKMARK [3][-]{subsubsection.7.90.2}{\376\377\0007\000.\0009\0000\000.\0002\000\040\000M\000e\000m\000b\000e\000r\000\040\000D\000a\000t\000a\000\040\000D\000o\000c\000u\000m\000e\000n\000t\000a\000t\000i\000o\000n}{subsection.7.90}% 417
\BOOKMARK [2][-]{subsection.7.91}{\376\377\0007\000.\0009\0001\000\040\000D\000D\000S\000C\000o\000n\000d\000i\000t\000i\000o\000n\000\040\000C\000l\000a\000s\000s\000\040\000R\000e\000f\000e\000r\000e\000n\000c\000e}{section.7}% 418
\BOOKMARK [3][-]{subsubsection.7.91.1}{\376\377\0007\000.\0009\0001\000.\0001\000\040\000D\000e\000t\000a\000i\000l\000e\000d\000\040\000D\000e\000s\000c\000r\000i\000p\000t\000i\000o\000n}{subsection.7.91}% 419
\BOOKMARK [2][-]{subsection.7.92}{\376\377\0007\000.\0009\0002\000\040\000D\000D\000S\000C\000o\000n\000d\000i\000t\000i\000o\000n\000S\000e\000q\000\040\000C\000l\000a\000s\000s\000\040\000R\000e\000f\000e\000r\000e\000n\000c\000e}{section.7}% 420
\BOOKMARK [3][-]{subsubsection.7.92.1}{\376\377\0007\000.\0009\0002\000.\0001\000\040\000D\000e\000t\000a\000i\000l\000e\000d\000\040\000D\000e\000s\000c\000r\000i\000p\000t\000i\000o\000n}{subsection.7.92}% 421
\BOOKMARK [2][-]{subsection.7.93}{\376\377\0007\000.\0009\0003\000\040\000D\000D\000S\000D\000a\000t\000a\000R\000e\000a\000d\000e\000r\000\040\000C\000l\000a\000s\000s\000\040\000R\000e\000f\000e\000r\000e\000n\000c\000e}{section.7}% 422
\BOOKMARK [3][-]{subsubsection.7.93.1}{\376\377\0007\000.\0009\0003\000.\0001\000\040\000D\000e\000t\000a\000i\000l\000e\000d\000\040\000D\000e\000s\000c\000r\000i\000p\000t\000i\000o\000n}{subsection.7.93}% 423
\BOOKMARK [3][-]{subsubsection.7.93.2}{\376\377\0007\000.\0009\0003\000.\0002\000\040\000M\000e\000m\000b\000e\000r\000\040\000F\000u\000n\000c\000t\000i\000o\000n\000\040\000D\000o\000c\000u\000m\000e\000n\000t\000a\000t\000i\000o\000n}{subsection.7.93}% 424
\BOOKMARK [3][-]{subsubsection.7.93.3}{\376\377\0007\000.\0009\0003\000.\0003\000\040\000S\000E\000Q\000U\000E\000N\000C\000E\000S\000\040\000U\000S\000A\000G\000E\000\040\000I\000N\000\040\000T\000A\000K\000E\000\040\000A\000N\000D\000\040\000R\000E\000A\000D}{subsection.7.93}% 425
\BOOKMARK [2][-]{subsection.7.94}{\376\377\0007\000.\0009\0004\000\040\000D\000D\000S\000D\000a\000t\000a\000R\000e\000a\000d\000e\000r\000L\000i\000s\000t\000e\000n\000e\000r\000\040\000C\000l\000a\000s\000s\000\040\000R\000e\000f\000e\000r\000e\000n\000c\000e}{section.7}% 426
\BOOKMARK [3][-]{subsubsection.7.94.1}{\376\377\0007\000.\0009\0004\000.\0001\000\040\000D\000e\000t\000a\000i\000l\000e\000d\000\040\000D\000e\000s\000c\000r\000i\000p\000t\000i\000o\000n}{subsection.7.94}% 427
\BOOKMARK [3][-]{subsubsection.7.94.2}{\376\377\0007\000.\0009\0004\000.\0002\000\040\000M\000e\000m\000b\000e\000r\000\040\000F\000u\000n\000c\000t\000i\000o\000n\000\040\000D\000o\000c\000u\000m\000e\000n\000t\000a\000t\000i\000o\000n}{subsection.7.94}% 428
\BOOKMARK [2][-]{subsection.7.95}{\376\377\0007\000.\0009\0005\000\040\000D\000D\000S\000D\000a\000t\000a\000W\000r\000i\000t\000e\000r\000\040\000C\000l\000a\000s\000s\000\040\000R\000e\000f\000e\000r\000e\000n\000c\000e}{section.7}% 429
\BOOKMARK [3][-]{subsubsection.7.95.1}{\376\377\0007\000.\0009\0005\000.\0001\000\040\000D\000e\000t\000a\000i\000l\000e\000d\000\040\000D\000e\000s\000c\000r\000i\000p\000t\000i\000o\000n}{subsection.7.95}% 430
\BOOKMARK [3][-]{subsubsection.7.95.2}{\376\377\0007\000.\0009\0005\000.\0002\000\040\000M\000e\000m\000b\000e\000r\000\040\000F\000u\000n\000c\000t\000i\000o\000n\000\040\000D\000o\000c\000u\000m\000e\000n\000t\000a\000t\000i\000o\000n}{subsection.7.95}% 431
\BOOKMARK [2][-]{subsection.7.96}{\376\377\0007\000.\0009\0006\000\040\000D\000D\000S\000D\000a\000t\000a\000W\000r\000i\000t\000e\000r\000L\000i\000s\000t\000e\000n\000e\000r\000\040\000C\000l\000a\000s\000s\000\040\000R\000e\000f\000e\000r\000e\000n\000c\000e}{section.7}% 432
\BOOKMARK [3][-]{subsubsection.7.96.1}{\376\377\0007\000.\0009\0006\000.\0001\000\040\000D\000e\000t\000a\000i\000l\000e\000d\000\040\000D\000e\000s\000c\000r\000i\000p\000t\000i\000o\000n}{subsection.7.96}% 433
\BOOKMARK [3][-]{subsubsection.7.96.2}{\376\377\0007\000.\0009\0006\000.\0002\000\040\000M\000e\000m\000b\000e\000r\000\040\000F\000u\000n\000c\000t\000i\000o\000n\000\040\000D\000o\000c\000u\000m\000e\000n\000t\000a\000t\000i\000o\000n}{subsection.7.96}% 434
\BOOKMARK [2][-]{subsection.7.97}{\376\377\0007\000.\0009\0007\000\040\000D\000D\000S\000D\000o\000m\000a\000i\000n\000E\000n\000t\000i\000t\000y\000\040\000C\000l\000a\000s\000s\000\040\000R\000e\000f\000e\000r\000e\000n\000c\000e}{section.7}% 435
\BOOKMARK [3][-]{subsubsection.7.97.1}{\376\377\0007\000.\0009\0007\000.\0001\000\040\000D\000e\000t\000a\000i\000l\000e\000d\000\040\000D\000e\000s\000c\000r\000i\000p\000t\000i\000o\000n}{subsection.7.97}% 436
\BOOKMARK [2][-]{subsection.7.98}{\376\377\0007\000.\0009\0008\000\040\000D\000D\000S\000D\000o\000m\000a\000i\000n\000P\000a\000r\000t\000i\000c\000i\000p\000a\000n\000t\000\040\000C\000l\000a\000s\000s\000\040\000R\000e\000f\000e\000r\000e\000n\000c\000e}{section.7}% 437
\BOOKMARK [3][-]{subsubsection.7.98.1}{\376\377\0007\000.\0009\0008\000.\0001\000\040\000D\000e\000t\000a\000i\000l\000e\000d\000\040\000D\000e\000s\000c\000r\000i\000p\000t\000i\000o\000n}{subsection.7.98}% 438
\BOOKMARK [3][-]{subsubsection.7.98.2}{\376\377\0007\000.\0009\0008\000.\0002\000\040\000M\000e\000m\000b\000e\000r\000\040\000F\000u\000n\000c\000t\000i\000o\000n\000\040\000D\000o\000c\000u\000m\000e\000n\000t\000a\000t\000i\000o\000n}{subsection.7.98}% 439
\BOOKMARK [2][-]{subsection.7.99}{\376\377\0007\000.\0009\0009\000\040\000D\000D\000S\000D\000o\000m\000a\000i\000n\000P\000a\000r\000t\000i\000c\000i\000p\000a\000n\000t\000F\000a\000c\000t\000o\000r\000y\000\040\000C\000l\000a\000s\000s\000\040\000R\000e\000f\000e\000r\000e\000n\000c\000e}{section.7}% 440
\BOOKMARK [3][-]{subsubsection.7.99.1}{\376\377\0007\000.\0009\0009\000.\0001\000\040\000D\000e\000t\000a\000i\000l\000e\000d\000\040\000D\000e\000s\000c\000r\000i\000p\000t\000i\000o\000n}{subsection.7.99}% 441
\BOOKMARK [3][-]{subsubsection.7.99.2}{\376\377\0007\000.\0009\0009\000.\0002\000\040\000M\000e\000m\000b\000e\000r\000\040\000F\000u\000n\000c\000t\000i\000o\000n\000\040\000D\000o\000c\000u\000m\000e\000n\000t\000a\000t\000i\000o\000n}{subsection.7.99}% 442
\BOOKMARK [2][-]{subsection.7.100}{\376\377\0007\000.\0001\0000\0000\000\040\000D\000D\000S\000D\000o\000m\000a\000i\000n\000P\000a\000r\000t\000i\000c\000i\000p\000a\000n\000t\000L\000i\000s\000t\000e\000n\000e\000r\000\040\000C\000l\000a\000s\000s\000\040\000R\000e\000f\000e\000r\000e\000n\000c\000e}{section.7}% 443
\BOOKMARK [3][-]{subsubsection.7.100.1}{\376\377\0007\000.\0001\0000\0000\000.\0001\000\040\000D\000e\000t\000a\000i\000l\000e\000d\000\040\000D\000e\000s\000c\000r\000i\000p\000t\000i\000o\000n}{subsection.7.100}% 444
\BOOKMARK [3][-]{subsubsection.7.100.2}{\376\377\0007\000.\0001\0000\0000\000.\0002\000\040\000M\000e\000m\000b\000e\000r\000\040\000F\000u\000n\000c\000t\000i\000o\000n\000\040\000D\000o\000c\000u\000m\000e\000n\000t\000a\000t\000i\000o\000n}{subsection.7.100}% 445
\BOOKMARK [2][-]{subsection.7.101}{\376\377\0007\000.\0001\0000\0001\000\040\000D\000D\000S\000E\000n\000t\000i\000t\000y\000\040\000C\000l\000a\000s\000s\000\040\000R\000e\000f\000e\000r\000e\000n\000c\000e}{section.7}% 446
\BOOKMARK [3][-]{subsubsection.7.101.1}{\376\377\0007\000.\0001\0000\0001\000.\0001\000\040\000D\000e\000t\000a\000i\000l\000e\000d\000\040\000D\000e\000s\000c\000r\000i\000p\000t\000i\000o\000n}{subsection.7.101}% 447
\BOOKMARK [3][-]{subsubsection.7.101.2}{\376\377\0007\000.\0001\0000\0001\000.\0002\000\040\000A\000b\000s\000t\000r\000a\000c\000t\000\040\000o\000p\000e\000r\000a\000t\000i\000o\000n\000s}{subsection.7.101}% 448
\BOOKMARK [3][-]{subsubsection.7.101.3}{\376\377\0007\000.\0001\0000\0001\000.\0003\000\040\000M\000e\000m\000b\000e\000r\000\040\000F\000u\000n\000c\000t\000i\000o\000n\000\040\000D\000o\000c\000u\000m\000e\000n\000t\000a\000t\000i\000o\000n}{subsection.7.101}% 449
\BOOKMARK [2][-]{subsection.7.102}{\376\377\0007\000.\0001\0000\0002\000\040\000D\000D\000S\000F\000l\000o\000w\000C\000o\000n\000t\000r\000o\000l\000l\000e\000r\000\040\000C\000l\000a\000s\000s\000\040\000R\000e\000f\000e\000r\000e\000n\000c\000e}{section.7}% 450
\BOOKMARK [3][-]{subsubsection.7.102.1}{\376\377\0007\000.\0001\0000\0002\000.\0001\000\040\000D\000e\000t\000a\000i\000l\000e\000d\000\040\000D\000e\000s\000c\000r\000i\000p\000t\000i\000o\000n}{subsection.7.102}% 451
\BOOKMARK [3][-]{subsubsection.7.102.2}{\376\377\0007\000.\0001\0000\0002\000.\0002\000\040\000M\000e\000m\000b\000e\000r\000\040\000F\000u\000n\000c\000t\000i\000o\000n\000\040\000D\000o\000c\000u\000m\000e\000n\000t\000a\000t\000i\000o\000n}{subsection.7.102}% 452
\BOOKMARK [2][-]{subsection.7.103}{\376\377\0007\000.\0001\0000\0003\000\040\000D\000D\000S\000G\000u\000a\000r\000d\000C\000o\000n\000d\000i\000t\000i\000o\000n\000\040\000C\000l\000a\000s\000s\000\040\000R\000e\000f\000e\000r\000e\000n\000c\000e}{section.7}% 453
\BOOKMARK [3][-]{subsubsection.7.103.1}{\376\377\0007\000.\0001\0000\0003\000.\0001\000\040\000D\000e\000t\000a\000i\000l\000e\000d\000\040\000D\000e\000s\000c\000r\000i\000p\000t\000i\000o\000n}{subsection.7.103}% 454
\BOOKMARK [3][-]{subsubsection.7.103.2}{\376\377\0007\000.\0001\0000\0003\000.\0002\000\040\000M\000e\000m\000b\000e\000r\000\040\000F\000u\000n\000c\000t\000i\000o\000n\000\040\000D\000o\000c\000u\000m\000e\000n\000t\000a\000t\000i\000o\000n}{subsection.7.103}% 455
\BOOKMARK [2][-]{subsection.7.104}{\376\377\0007\000.\0001\0000\0004\000\040\000D\000D\000S\000L\000i\000s\000t\000e\000n\000e\000r\000\040\000C\000l\000a\000s\000s\000\040\000R\000e\000f\000e\000r\000e\000n\000c\000e}{section.7}% 456
\BOOKMARK [3][-]{subsubsection.7.104.1}{\376\377\0007\000.\0001\0000\0004\000.\0001\000\040\000D\000e\000t\000a\000i\000l\000e\000d\000\040\000D\000e\000s\000c\000r\000i\000p\000t\000i\000o\000n}{subsection.7.104}% 457
\BOOKMARK [3][-]{subsubsection.7.104.2}{\376\377\0007\000.\0001\0000\0004\000.\0002\000\040\000A\000c\000c\000e\000s\000s\000\040\000t\000o\000\040\000P\000l\000a\000i\000n\000\040\000C\000o\000m\000m\000u\000n\000i\000c\000a\000t\000i\000o\000n\000\040\000S\000t\000a\000t\000u\000s}{subsection.7.104}% 458
\BOOKMARK [3][-]{subsubsection.7.104.3}{\376\377\0007\000.\0001\0000\0004\000.\0003\000\040\000A\000c\000c\000e\000s\000s\000\040\000t\000o\000\040\000R\000e\000a\000d\000\040\000C\000o\000m\000m\000u\000n\000i\000c\000a\000t\000i\000o\000n\000\040\000S\000t\000a\000t\000u\000s}{subsection.7.104}% 459
\BOOKMARK [2][-]{subsection.7.105}{\376\377\0007\000.\0001\0000\0005\000\040\000D\000D\000S\000P\000r\000o\000p\000e\000r\000t\000y\000Q\000o\000s\000P\000o\000l\000i\000c\000y\000H\000e\000l\000p\000e\000r\000\040\000C\000l\000a\000s\000s\000\040\000R\000e\000f\000e\000r\000e\000n\000c\000e}{section.7}% 460
\BOOKMARK [3][-]{subsubsection.7.105.1}{\376\377\0007\000.\0001\0000\0005\000.\0001\000\040\000D\000e\000t\000a\000i\000l\000e\000d\000\040\000D\000e\000s\000c\000r\000i\000p\000t\000i\000o\000n}{subsection.7.105}% 461
\BOOKMARK [3][-]{subsubsection.7.105.2}{\376\377\0007\000.\0001\0000\0005\000.\0002\000\040\000M\000e\000m\000b\000e\000r\000\040\000F\000u\000n\000c\000t\000i\000o\000n\000\040\000D\000o\000c\000u\000m\000e\000n\000t\000a\000t\000i\000o\000n}{subsection.7.105}% 462
\BOOKMARK [2][-]{subsection.7.106}{\376\377\0007\000.\0001\0000\0006\000\040\000D\000D\000S\000P\000u\000b\000l\000i\000s\000h\000e\000r\000\040\000C\000l\000a\000s\000s\000\040\000R\000e\000f\000e\000r\000e\000n\000c\000e}{section.7}% 463
\BOOKMARK [3][-]{subsubsection.7.106.1}{\376\377\0007\000.\0001\0000\0006\000.\0001\000\040\000D\000e\000t\000a\000i\000l\000e\000d\000\040\000D\000e\000s\000c\000r\000i\000p\000t\000i\000o\000n}{subsection.7.106}% 464
\BOOKMARK [3][-]{subsubsection.7.106.2}{\376\377\0007\000.\0001\0000\0006\000.\0002\000\040\000M\000e\000m\000b\000e\000r\000\040\000F\000u\000n\000c\000t\000i\000o\000n\000\040\000D\000o\000c\000u\000m\000e\000n\000t\000a\000t\000i\000o\000n}{subsection.7.106}% 465
\BOOKMARK [2][-]{subsection.7.107}{\376\377\0007\000.\0001\0000\0007\000\040\000D\000D\000S\000P\000u\000b\000l\000i\000s\000h\000e\000r\000L\000i\000s\000t\000e\000n\000e\000r\000\040\000C\000l\000a\000s\000s\000\040\000R\000e\000f\000e\000r\000e\000n\000c\000e}{section.7}% 466
\BOOKMARK [3][-]{subsubsection.7.107.1}{\376\377\0007\000.\0001\0000\0007\000.\0001\000\040\000D\000e\000t\000a\000i\000l\000e\000d\000\040\000D\000e\000s\000c\000r\000i\000p\000t\000i\000o\000n}{subsection.7.107}% 467
\BOOKMARK [2][-]{subsection.7.108}{\376\377\0007\000.\0001\0000\0008\000\040\000D\000D\000S\000S\000t\000a\000t\000u\000s\000C\000o\000n\000d\000i\000t\000i\000o\000n\000\040\000C\000l\000a\000s\000s\000\040\000R\000e\000f\000e\000r\000e\000n\000c\000e}{section.7}% 468
\BOOKMARK [3][-]{subsubsection.7.108.1}{\376\377\0007\000.\0001\0000\0008\000.\0001\000\040\000D\000e\000t\000a\000i\000l\000e\000d\000\040\000D\000e\000s\000c\000r\000i\000p\000t\000i\000o\000n}{subsection.7.108}% 469
\BOOKMARK [3][-]{subsubsection.7.108.2}{\376\377\0007\000.\0001\0000\0008\000.\0002\000\040\000M\000e\000m\000b\000e\000r\000\040\000F\000u\000n\000c\000t\000i\000o\000n\000\040\000D\000o\000c\000u\000m\000e\000n\000t\000a\000t\000i\000o\000n}{subsection.7.108}% 470
\BOOKMARK [2][-]{subsection.7.109}{\376\377\0007\000.\0001\0000\0009\000\040\000D\000D\000S\000S\000u\000b\000s\000c\000r\000i\000b\000e\000r\000\040\000C\000l\000a\000s\000s\000\040\000R\000e\000f\000e\000r\000e\000n\000c\000e}{section.7}% 471
\BOOKMARK [3][-]{subsubsection.7.109.1}{\376\377\0007\000.\0001\0000\0009\000.\0001\000\040\000D\000e\000t\000a\000i\000l\000e\000d\000\040\000D\000e\000s\000c\000r\000i\000p\000t\000i\000o\000n}{subsection.7.109}% 472
\BOOKMARK [3][-]{subsubsection.7.109.2}{\376\377\0007\000.\0001\0000\0009\000.\0002\000\040\000M\000e\000m\000b\000e\000r\000\040\000F\000u\000n\000c\000t\000i\000o\000n\000\040\000D\000o\000c\000u\000m\000e\000n\000t\000a\000t\000i\000o\000n}{subsection.7.109}% 473
\BOOKMARK [2][-]{subsection.7.110}{\376\377\0007\000.\0001\0001\0000\000\040\000D\000D\000S\000S\000u\000b\000s\000c\000r\000i\000b\000e\000r\000L\000i\000s\000t\000e\000n\000e\000r\000\040\000C\000l\000a\000s\000s\000\040\000R\000e\000f\000e\000r\000e\000n\000c\000e}{section.7}% 474
\BOOKMARK [3][-]{subsubsection.7.110.1}{\376\377\0007\000.\0001\0001\0000\000.\0001\000\040\000D\000e\000t\000a\000i\000l\000e\000d\000\040\000D\000e\000s\000c\000r\000i\000p\000t\000i\000o\000n}{subsection.7.110}% 475
\BOOKMARK [3][-]{subsubsection.7.110.2}{\376\377\0007\000.\0001\0001\0000\000.\0002\000\040\000M\000e\000m\000b\000e\000r\000\040\000F\000u\000n\000c\000t\000i\000o\000n\000\040\000D\000o\000c\000u\000m\000e\000n\000t\000a\000t\000i\000o\000n}{subsection.7.110}% 476
\BOOKMARK [2][-]{subsection.7.111}{\376\377\0007\000.\0001\0001\0001\000\040\000D\000D\000S\000T\000o\000p\000i\000c\000\040\000C\000l\000a\000s\000s\000\040\000R\000e\000f\000e\000r\000e\000n\000c\000e}{section.7}% 477
\BOOKMARK [3][-]{subsubsection.7.111.1}{\376\377\0007\000.\0001\0001\0001\000.\0001\000\040\000D\000e\000t\000a\000i\000l\000e\000d\000\040\000D\000e\000s\000c\000r\000i\000p\000t\000i\000o\000n}{subsection.7.111}% 478
\BOOKMARK [3][-]{subsubsection.7.111.2}{\376\377\0007\000.\0001\0001\0001\000.\0002\000\040\000M\000e\000m\000b\000e\000r\000\040\000F\000u\000n\000c\000t\000i\000o\000n\000\040\000D\000o\000c\000u\000m\000e\000n\000t\000a\000t\000i\000o\000n}{subsection.7.111}% 479
\BOOKMARK [2][-]{subsection.7.112}{\376\377\0007\000.\0001\0001\0002\000\040\000D\000D\000S\000T\000o\000p\000i\000c\000D\000e\000s\000c\000r\000i\000p\000t\000i\000o\000n\000\040\000C\000l\000a\000s\000s\000\040\000R\000e\000f\000e\000r\000e\000n\000c\000e}{section.7}% 480
\BOOKMARK [3][-]{subsubsection.7.112.1}{\376\377\0007\000.\0001\0001\0002\000.\0001\000\040\000D\000e\000t\000a\000i\000l\000e\000d\000\040\000D\000e\000s\000c\000r\000i\000p\000t\000i\000o\000n}{subsection.7.112}% 481
\BOOKMARK [3][-]{subsubsection.7.112.2}{\376\377\0007\000.\0001\0001\0002\000.\0002\000\040\000M\000e\000m\000b\000e\000r\000\040\000F\000u\000n\000c\000t\000i\000o\000n\000\040\000D\000o\000c\000u\000m\000e\000n\000t\000a\000t\000i\000o\000n}{subsection.7.112}% 482
\BOOKMARK [2][-]{subsection.7.113}{\376\377\0007\000.\0001\0001\0003\000\040\000D\000D\000S\000T\000o\000p\000i\000c\000L\000i\000s\000t\000e\000n\000e\000r\000\040\000C\000l\000a\000s\000s\000\040\000R\000e\000f\000e\000r\000e\000n\000c\000e}{section.7}% 483
\BOOKMARK [3][-]{subsubsection.7.113.1}{\376\377\0007\000.\0001\0001\0003\000.\0001\000\040\000D\000e\000t\000a\000i\000l\000e\000d\000\040\000D\000e\000s\000c\000r\000i\000p\000t\000i\000o\000n}{subsection.7.113}% 484
\BOOKMARK [3][-]{subsubsection.7.113.2}{\376\377\0007\000.\0001\0001\0003\000.\0002\000\040\000M\000e\000m\000b\000e\000r\000\040\000F\000u\000n\000c\000t\000i\000o\000n\000\040\000D\000o\000c\000u\000m\000e\000n\000t\000a\000t\000i\000o\000n}{subsection.7.113}% 485
\BOOKMARK [2][-]{subsection.7.114}{\376\377\0007\000.\0001\0001\0004\000\040\000D\000D\000S\000W\000a\000i\000t\000S\000e\000t\000\040\000C\000l\000a\000s\000s\000\040\000R\000e\000f\000e\000r\000e\000n\000c\000e}{section.7}% 486
\BOOKMARK [3][-]{subsubsection.7.114.1}{\376\377\0007\000.\0001\0001\0004\000.\0001\000\040\000D\000e\000t\000a\000i\000l\000e\000d\000\040\000D\000e\000s\000c\000r\000i\000p\000t\000i\000o\000n}{subsection.7.114}% 487
\BOOKMARK [3][-]{subsubsection.7.114.2}{\376\377\0007\000.\0001\0001\0004\000.\0002\000\040\000U\000s\000a\000g\000e}{subsection.7.114}% 488
\BOOKMARK [3][-]{subsubsection.7.114.3}{\376\377\0007\000.\0001\0001\0004\000.\0003\000\040\000T\000r\000i\000g\000g\000e\000r\000\040\000S\000t\000a\000t\000e\000\040\000o\000f\000\040\000a\000\040\000:\000:\000D\000D\000S\000S\000t\000a\000t\000u\000s\000C\000o\000n\000d\000i\000t\000i\000o\000n}{subsection.7.114}% 489
\BOOKMARK [3][-]{subsubsection.7.114.4}{\376\377\0007\000.\0001\0001\0004\000.\0004\000\040\000T\000r\000i\000g\000g\000e\000r\000\040\000S\000t\000a\000t\000e\000\040\000o\000f\000\040\000a\000\040\000:\000:\000D\000D\000S\000G\000u\000a\000r\000d\000C\000o\000n\000d\000i\000t\000i\000o\000n}{subsection.7.114}% 490
\BOOKMARK [3][-]{subsubsection.7.114.5}{\376\377\0007\000.\0001\0001\0004\000.\0005\000\040\000M\000e\000m\000b\000e\000r\000\040\000F\000u\000n\000c\000t\000i\000o\000n\000\040\000D\000o\000c\000u\000m\000e\000n\000t\000a\000t\000i\000o\000n}{subsection.7.114}% 491
\BOOKMARK [2][-]{subsection.7.115}{\376\377\0007\000.\0001\0001\0005\000\040\000D\000P\000D\000E\000\137\000D\000i\000s\000c\000o\000v\000e\000r\000y\000P\000l\000u\000g\000i\000n\000P\000r\000o\000p\000e\000r\000t\000y\000\040\000S\000t\000r\000u\000c\000t\000\040\000R\000e\000f\000e\000r\000e\000n\000c\000e}{section.7}% 492
\BOOKMARK [3][-]{subsubsection.7.115.1}{\376\377\0007\000.\0001\0001\0005\000.\0001\000\040\000D\000e\000t\000a\000i\000l\000e\000d\000\040\000D\000e\000s\000c\000r\000i\000p\000t\000i\000o\000n}{subsection.7.115}% 493
\BOOKMARK [3][-]{subsubsection.7.115.2}{\376\377\0007\000.\0001\0001\0005\000.\0002\000\040\000M\000e\000m\000b\000e\000r\000\040\000D\000a\000t\000a\000\040\000D\000o\000c\000u\000m\000e\000n\000t\000a\000t\000i\000o\000n}{subsection.7.115}% 494
\BOOKMARK [2][-]{subsection.7.116}{\376\377\0007\000.\0001\0001\0006\000\040\000D\000P\000D\000E\000D\000i\000s\000c\000o\000v\000e\000r\000y\000F\000a\000c\000t\000o\000r\000y\000\040\000C\000l\000a\000s\000s\000\040\000R\000e\000f\000e\000r\000e\000n\000c\000e}{section.7}% 495
\BOOKMARK [3][-]{subsubsection.7.116.1}{\376\377\0007\000.\0001\0001\0006\000.\0001\000\040\000D\000e\000t\000a\000i\000l\000e\000d\000\040\000D\000e\000s\000c\000r\000i\000p\000t\000i\000o\000n}{subsection.7.116}% 496
\BOOKMARK [3][-]{subsubsection.7.116.2}{\376\377\0007\000.\0001\0001\0006\000.\0002\000\040\000M\000e\000m\000b\000e\000r\000\040\000F\000u\000n\000c\000t\000i\000o\000n\000\040\000D\000o\000c\000u\000m\000e\000n\000t\000a\000t\000i\000o\000n}{subsection.7.116}% 497
\BOOKMARK [2][-]{subsection.7.117}{\376\377\0007\000.\0001\0001\0007\000\040\000D\000P\000S\000E\000\137\000D\000i\000s\000c\000o\000v\000e\000r\000y\000P\000l\000u\000g\000i\000n\000P\000r\000o\000p\000e\000r\000t\000y\000\040\000S\000t\000r\000u\000c\000t\000\040\000R\000e\000f\000e\000r\000e\000n\000c\000e}{section.7}% 498
\BOOKMARK [3][-]{subsubsection.7.117.1}{\376\377\0007\000.\0001\0001\0007\000.\0001\000\040\000D\000e\000t\000a\000i\000l\000e\000d\000\040\000D\000e\000s\000c\000r\000i\000p\000t\000i\000o\000n}{subsection.7.117}% 499
\BOOKMARK [3][-]{subsubsection.7.117.2}{\376\377\0007\000.\0001\0001\0007\000.\0002\000\040\000M\000e\000m\000b\000e\000r\000\040\000D\000a\000t\000a\000\040\000D\000o\000c\000u\000m\000e\000n\000t\000a\000t\000i\000o\000n}{subsection.7.117}% 500
\BOOKMARK [2][-]{subsection.7.118}{\376\377\0007\000.\0001\0001\0008\000\040\000D\000P\000S\000E\000D\000i\000s\000c\000o\000v\000e\000r\000y\000F\000a\000c\000t\000o\000r\000y\000\040\000C\000l\000a\000s\000s\000\040\000R\000e\000f\000e\000r\000e\000n\000c\000e}{section.7}% 501
\BOOKMARK [3][-]{subsubsection.7.118.1}{\376\377\0007\000.\0001\0001\0008\000.\0001\000\040\000D\000e\000t\000a\000i\000l\000e\000d\000\040\000D\000e\000s\000c\000r\000i\000p\000t\000i\000o\000n}{subsection.7.118}% 502
\BOOKMARK [3][-]{subsubsection.7.118.2}{\376\377\0007\000.\0001\0001\0008\000.\0002\000\040\000M\000e\000m\000b\000e\000r\000\040\000F\000u\000n\000c\000t\000i\000o\000n\000\040\000D\000o\000c\000u\000m\000e\000n\000t\000a\000t\000i\000o\000n}{subsection.7.118}% 503
\BOOKMARK [2][-]{subsection.7.119}{\376\377\0007\000.\0001\0001\0009\000\040\000D\000P\000S\000E\000D\000i\000s\000c\000o\000v\000e\000r\000y\000P\000l\000u\000g\000i\000n\000\040\000C\000l\000a\000s\000s\000\040\000R\000e\000f\000e\000r\000e\000n\000c\000e}{section.7}% 504
\BOOKMARK [3][-]{subsubsection.7.119.1}{\376\377\0007\000.\0001\0001\0009\000.\0001\000\040\000D\000e\000t\000a\000i\000l\000e\000d\000\040\000D\000e\000s\000c\000r\000i\000p\000t\000i\000o\000n}{subsection.7.119}% 505
\BOOKMARK [3][-]{subsubsection.7.119.2}{\376\377\0007\000.\0001\0001\0009\000.\0002\000\040\000M\000e\000m\000b\000e\000r\000\040\000F\000u\000n\000c\000t\000i\000o\000n\000\040\000D\000o\000c\000u\000m\000e\000n\000t\000a\000t\000i\000o\000n}{subsection.7.119}% 506
\BOOKMARK [2][-]{subsection.7.120}{\376\377\0007\000.\0001\0002\0000\000\040\000F\000o\000o\000D\000a\000t\000a\000R\000e\000a\000d\000e\000r\000\040\000C\000l\000a\000s\000s\000\040\000R\000e\000f\000e\000r\000e\000n\000c\000e}{section.7}% 507
\BOOKMARK [3][-]{subsubsection.7.120.1}{\376\377\0007\000.\0001\0002\0000\000.\0001\000\040\000D\000e\000t\000a\000i\000l\000e\000d\000\040\000D\000e\000s\000c\000r\000i\000p\000t\000i\000o\000n}{subsection.7.120}% 508
\BOOKMARK [3][-]{subsubsection.7.120.2}{\376\377\0007\000.\0001\0002\0000\000.\0002\000\040\000M\000e\000m\000b\000e\000r\000\040\000F\000u\000n\000c\000t\000i\000o\000n\000\040\000D\000o\000c\000u\000m\000e\000n\000t\000a\000t\000i\000o\000n}{subsection.7.120}% 509
\BOOKMARK [3][-]{subsubsection.7.120.3}{\376\377\0007\000.\0001\0002\0000\000.\0003\000\040\000S\000E\000Q\000U\000E\000N\000C\000E\000S\000\040\000U\000S\000A\000G\000E\000\040\000I\000N\000\040\000T\000A\000K\000E\000\040\000A\000N\000D\000\040\000R\000E\000A\000D}{subsection.7.120}% 510
\BOOKMARK [2][-]{subsection.7.121}{\376\377\0007\000.\0001\0002\0001\000\040\000F\000o\000o\000D\000a\000t\000a\000W\000r\000i\000t\000e\000r\000\040\000C\000l\000a\000s\000s\000\040\000R\000e\000f\000e\000r\000e\000n\000c\000e}{section.7}% 511
\BOOKMARK [3][-]{subsubsection.7.121.1}{\376\377\0007\000.\0001\0002\0001\000.\0001\000\040\000D\000e\000t\000a\000i\000l\000e\000d\000\040\000D\000e\000s\000c\000r\000i\000p\000t\000i\000o\000n}{subsection.7.121}% 512
\BOOKMARK [3][-]{subsubsection.7.121.2}{\376\377\0007\000.\0001\0002\0001\000.\0002\000\040\000M\000e\000m\000b\000e\000r\000\040\000F\000u\000n\000c\000t\000i\000o\000n\000\040\000D\000o\000c\000u\000m\000e\000n\000t\000a\000t\000i\000o\000n}{subsection.7.121}% 513
\BOOKMARK [2][-]{subsection.7.122}{\376\377\0007\000.\0001\0002\0002\000\040\000F\000o\000o\000S\000e\000q\000\040\000S\000t\000r\000u\000c\000t\000\040\000R\000e\000f\000e\000r\000e\000n\000c\000e}{section.7}% 514
\BOOKMARK [3][-]{subsubsection.7.122.1}{\376\377\0007\000.\0001\0002\0002\000.\0001\000\040\000D\000e\000t\000a\000i\000l\000e\000d\000\040\000D\000e\000s\000c\000r\000i\000p\000t\000i\000o\000n}{subsection.7.122}% 515
\BOOKMARK [3][-]{subsubsection.7.122.2}{\376\377\0007\000.\0001\0002\0002\000.\0002\000\040\000C\000o\000n\000s\000t\000r\000u\000c\000t\000o\000r\000\040\000\046\000\040\000D\000e\000s\000t\000r\000u\000c\000t\000o\000r\000\040\000D\000o\000c\000u\000m\000e\000n\000t\000a\000t\000i\000o\000n}{subsection.7.122}% 516
\BOOKMARK [3][-]{subsubsection.7.122.3}{\376\377\0007\000.\0001\0002\0002\000.\0003\000\040\000M\000e\000m\000b\000e\000r\000\040\000F\000u\000n\000c\000t\000i\000o\000n\000\040\000D\000o\000c\000u\000m\000e\000n\000t\000a\000t\000i\000o\000n}{subsection.7.122}% 517
\BOOKMARK [3][-]{subsubsection.7.122.4}{\376\377\0007\000.\0001\0002\0002\000.\0004\000\040\000M\000e\000m\000b\000e\000r\000\040\000D\000a\000t\000a\000\040\000D\000o\000c\000u\000m\000e\000n\000t\000a\000t\000i\000o\000n}{subsection.7.122}% 518
\BOOKMARK [2][-]{subsection.7.123}{\376\377\0007\000.\0001\0002\0003\000\040\000F\000o\000o\000T\000y\000p\000e\000S\000u\000p\000p\000o\000r\000t\000\040\000C\000l\000a\000s\000s\000\040\000R\000e\000f\000e\000r\000e\000n\000c\000e}{section.7}% 519
\BOOKMARK [3][-]{subsubsection.7.123.1}{\376\377\0007\000.\0001\0002\0003\000.\0001\000\040\000D\000e\000t\000a\000i\000l\000e\000d\000\040\000D\000e\000s\000c\000r\000i\000p\000t\000i\000o\000n}{subsection.7.123}% 520
\BOOKMARK [3][-]{subsubsection.7.123.2}{\376\377\0007\000.\0001\0002\0003\000.\0002\000\040\000M\000e\000m\000b\000e\000r\000\040\000F\000u\000n\000c\000t\000i\000o\000n\000\040\000D\000o\000c\000u\000m\000e\000n\000t\000a\000t\000i\000o\000n}{subsection.7.123}% 521
\BOOKMARK [2][-]{subsection.7.124}{\376\377\0007\000.\0001\0002\0004\000\040\000N\000D\000D\000S\000\137\000D\000i\000s\000c\000o\000v\000e\000r\000y\000\137\000P\000r\000o\000p\000e\000r\000t\000y\000\040\000S\000t\000r\000u\000c\000t\000\040\000R\000e\000f\000e\000r\000e\000n\000c\000e}{section.7}% 522
\BOOKMARK [3][-]{subsubsection.7.124.1}{\376\377\0007\000.\0001\0002\0004\000.\0001\000\040\000D\000e\000t\000a\000i\000l\000e\000d\000\040\000D\000e\000s\000c\000r\000i\000p\000t\000i\000o\000n}{subsection.7.124}% 523
\BOOKMARK [2][-]{subsection.7.125}{\376\377\0007\000.\0001\0002\0005\000\040\000N\000D\000D\000S\000\137\000T\000y\000p\000e\000\137\000P\000l\000u\000g\000i\000n\000V\000e\000r\000s\000i\000o\000n\000\040\000S\000t\000r\000u\000c\000t\000\040\000R\000e\000f\000e\000r\000e\000n\000c\000e}{section.7}% 524
\BOOKMARK [3][-]{subsubsection.7.125.1}{\376\377\0007\000.\0001\0002\0005\000.\0001\000\040\000D\000e\000t\000a\000i\000l\000e\000d\000\040\000D\000e\000s\000c\000r\000i\000p\000t\000i\000o\000n}{subsection.7.125}% 525
\BOOKMARK [3][-]{subsubsection.7.125.2}{\376\377\0007\000.\0001\0002\0005\000.\0002\000\040\000M\000e\000m\000b\000e\000r\000\040\000D\000a\000t\000a\000\040\000D\000o\000c\000u\000m\000e\000n\000t\000a\000t\000i\000o\000n}{subsection.7.125}% 526
\BOOKMARK [2][-]{subsection.7.126}{\376\377\0007\000.\0001\0002\0006\000\040\000N\000E\000T\000I\000O\000\137\000A\000d\000d\000r\000e\000s\000s\000\040\000S\000t\000r\000u\000c\000t\000\040\000R\000e\000f\000e\000r\000e\000n\000c\000e}{section.7}% 527
\BOOKMARK [3][-]{subsubsection.7.126.1}{\376\377\0007\000.\0001\0002\0006\000.\0001\000\040\000D\000e\000t\000a\000i\000l\000e\000d\000\040\000D\000e\000s\000c\000r\000i\000p\000t\000i\000o\000n}{subsection.7.126}% 528
\BOOKMARK [3][-]{subsubsection.7.126.2}{\376\377\0007\000.\0001\0002\0006\000.\0002\000\040\000M\000e\000m\000b\000e\000r\000\040\000D\000a\000t\000a\000\040\000D\000o\000c\000u\000m\000e\000n\000t\000a\000t\000i\000o\000n}{subsection.7.126}% 529
\BOOKMARK [2][-]{subsection.7.127}{\376\377\0007\000.\0001\0002\0007\000\040\000N\000E\000T\000I\000O\000\137\000A\000d\000d\000r\000e\000s\000s\000S\000e\000q\000\040\000S\000t\000r\000u\000c\000t\000\040\000R\000e\000f\000e\000r\000e\000n\000c\000e}{section.7}% 530
\BOOKMARK [3][-]{subsubsection.7.127.1}{\376\377\0007\000.\0001\0002\0007\000.\0001\000\040\000D\000e\000t\000a\000i\000l\000e\000d\000\040\000D\000e\000s\000c\000r\000i\000p\000t\000i\000o\000n}{subsection.7.127}% 531
\BOOKMARK [2][-]{subsection.7.128}{\376\377\0007\000.\0001\0002\0008\000\040\000N\000E\000T\000I\000O\000\137\000A\000d\000d\000r\000e\000s\000s\000U\000I\000n\000t\0003\0002\000\040\000S\000t\000r\000u\000c\000t\000\040\000R\000e\000f\000e\000r\000e\000n\000c\000e}{section.7}% 532
\BOOKMARK [3][-]{subsubsection.7.128.1}{\376\377\0007\000.\0001\0002\0008\000.\0001\000\040\000D\000e\000t\000a\000i\000l\000e\000d\000\040\000D\000e\000s\000c\000r\000i\000p\000t\000i\000o\000n}{subsection.7.128}% 533
\BOOKMARK [3][-]{subsubsection.7.128.2}{\376\377\0007\000.\0001\0002\0008\000.\0002\000\040\000M\000e\000m\000b\000e\000r\000\040\000D\000a\000t\000a\000\040\000D\000o\000c\000u\000m\000e\000n\000t\000a\000t\000i\000o\000n}{subsection.7.128}% 534
\BOOKMARK [2][-]{subsection.7.129}{\376\377\0007\000.\0001\0002\0009\000\040\000N\000E\000T\000I\000O\000\137\000A\000d\000d\000r\000e\000s\000s\000V\000a\000l\000u\000e\000\040\000U\000n\000i\000o\000n\000\040\000R\000e\000f\000e\000r\000e\000n\000c\000e}{section.7}% 535
\BOOKMARK [3][-]{subsubsection.7.129.1}{\376\377\0007\000.\0001\0002\0009\000.\0001\000\040\000D\000e\000t\000a\000i\000l\000e\000d\000\040\000D\000e\000s\000c\000r\000i\000p\000t\000i\000o\000n}{subsection.7.129}% 536
\BOOKMARK [3][-]{subsubsection.7.129.2}{\376\377\0007\000.\0001\0002\0009\000.\0002\000\040\000M\000e\000m\000b\000e\000r\000\040\000D\000a\000t\000a\000\040\000D\000o\000c\000u\000m\000e\000n\000t\000a\000t\000i\000o\000n}{subsection.7.129}% 537
\BOOKMARK [2][-]{subsection.7.130}{\376\377\0007\000.\0001\0003\0000\000\040\000N\000E\000T\000I\000O\000\137\000D\000G\000R\000A\000M\000\137\000I\000n\000t\000e\000r\000f\000a\000c\000e\000I\000\040\000S\000t\000r\000u\000c\000t\000\040\000R\000e\000f\000e\000r\000e\000n\000c\000e}{section.7}% 538
\BOOKMARK [3][-]{subsubsection.7.130.1}{\376\377\0007\000.\0001\0003\0000\000.\0001\000\040\000D\000e\000t\000a\000i\000l\000e\000d\000\040\000D\000e\000s\000c\000r\000i\000p\000t\000i\000o\000n}{subsection.7.130}% 539
\BOOKMARK [3][-]{subsubsection.7.130.2}{\376\377\0007\000.\0001\0003\0000\000.\0002\000\040\000M\000e\000m\000b\000e\000r\000\040\000D\000a\000t\000a\000\040\000D\000o\000c\000u\000m\000e\000n\000t\000a\000t\000i\000o\000n}{subsection.7.130}% 540
\BOOKMARK [2][-]{subsection.7.131}{\376\377\0007\000.\0001\0003\0001\000\040\000N\000E\000T\000I\000O\000\137\000D\000G\000R\000A\000M\000\137\000I\000n\000t\000e\000r\000f\000a\000c\000e\000M\000u\000l\000t\000i\000C\000a\000s\000t\000G\000r\000o\000u\000p\000\040\000S\000t\000r\000u\000c\000t\000\040\000R\000e\000f\000e\000r\000e\000n\000c\000e}{section.7}% 541
\BOOKMARK [3][-]{subsubsection.7.131.1}{\376\377\0007\000.\0001\0003\0001\000.\0001\000\040\000D\000e\000t\000a\000i\000l\000e\000d\000\040\000D\000e\000s\000c\000r\000i\000p\000t\000i\000o\000n}{subsection.7.131}% 542
\BOOKMARK [3][-]{subsubsection.7.131.2}{\376\377\0007\000.\0001\0003\0001\000.\0002\000\040\000M\000e\000m\000b\000e\000r\000\040\000D\000a\000t\000a\000\040\000D\000o\000c\000u\000m\000e\000n\000t\000a\000t\000i\000o\000n}{subsection.7.131}% 543
\BOOKMARK [2][-]{subsection.7.132}{\376\377\0007\000.\0001\0003\0002\000\040\000N\000E\000T\000I\000O\000\137\000D\000G\000R\000A\000M\000\137\000I\000n\000t\000e\000r\000f\000a\000c\000e\000R\000o\000u\000t\000e\000E\000n\000t\000r\000y\000\040\000S\000t\000r\000u\000c\000t\000\040\000R\000e\000f\000e\000r\000e\000n\000c\000e}{section.7}% 544
\BOOKMARK [3][-]{subsubsection.7.132.1}{\376\377\0007\000.\0001\0003\0002\000.\0001\000\040\000D\000e\000t\000a\000i\000l\000e\000d\000\040\000D\000e\000s\000c\000r\000i\000p\000t\000i\000o\000n}{subsection.7.132}% 545
\BOOKMARK [3][-]{subsubsection.7.132.2}{\376\377\0007\000.\0001\0003\0002\000.\0002\000\040\000M\000e\000m\000b\000e\000r\000\040\000D\000a\000t\000a\000\040\000D\000o\000c\000u\000m\000e\000n\000t\000a\000t\000i\000o\000n}{subsection.7.132}% 546
\BOOKMARK [2][-]{subsection.7.133}{\376\377\0007\000.\0001\0003\0003\000\040\000N\000E\000T\000I\000O\000\137\000D\000G\000R\000A\000M\000\137\000I\000n\000t\000e\000r\000f\000a\000c\000e\000T\000a\000b\000l\000e\000E\000n\000t\000r\000y\000\040\000S\000t\000r\000u\000c\000t\000\040\000R\000e\000f\000e\000r\000e\000n\000c\000e}{section.7}% 547
\BOOKMARK [3][-]{subsubsection.7.133.1}{\376\377\0007\000.\0001\0003\0003\000.\0001\000\040\000D\000e\000t\000a\000i\000l\000e\000d\000\040\000D\000e\000s\000c\000r\000i\000p\000t\000i\000o\000n}{subsection.7.133}% 548
\BOOKMARK [3][-]{subsubsection.7.133.2}{\376\377\0007\000.\0001\0003\0003\000.\0002\000\040\000M\000e\000m\000b\000e\000r\000\040\000D\000a\000t\000a\000\040\000D\000o\000c\000u\000m\000e\000n\000t\000a\000t\000i\000o\000n}{subsection.7.133}% 549
\BOOKMARK [2][-]{subsection.7.134}{\376\377\0007\000.\0001\0003\0004\000\040\000N\000E\000T\000I\000O\000\137\000D\000G\000R\000A\000M\000\137\000I\000n\000t\000e\000r\000f\000a\000c\000e\000T\000a\000b\000l\000e\000E\000n\000t\000r\000y\000S\000e\000q\000\040\000S\000t\000r\000u\000c\000t\000\040\000R\000e\000f\000e\000r\000e\000n\000c\000e}{section.7}% 550
\BOOKMARK [3][-]{subsubsection.7.134.1}{\376\377\0007\000.\0001\0003\0004\000.\0001\000\040\000D\000e\000t\000a\000i\000l\000e\000d\000\040\000D\000e\000s\000c\000r\000i\000p\000t\000i\000o\000n}{subsection.7.134}% 551
\BOOKMARK [2][-]{subsection.7.135}{\376\377\0007\000.\0001\0003\0005\000\040\000N\000E\000T\000I\000O\000\137\000I\000n\000t\000e\000r\000f\000a\000c\000e\000\040\000S\000t\000r\000u\000c\000t\000\040\000R\000e\000f\000e\000r\000e\000n\000c\000e}{section.7}% 552
\BOOKMARK [3][-]{subsubsection.7.135.1}{\376\377\0007\000.\0001\0003\0005\000.\0001\000\040\000D\000e\000t\000a\000i\000l\000e\000d\000\040\000D\000e\000s\000c\000r\000i\000p\000t\000i\000o\000n}{subsection.7.135}% 553
\BOOKMARK [2][-]{subsection.7.136}{\376\377\0007\000.\0001\0003\0006\000\040\000N\000E\000T\000I\000O\000\137\000I\000n\000t\000e\000r\000f\000a\000c\000e\000I\000\040\000S\000t\000r\000u\000c\000t\000\040\000R\000e\000f\000e\000r\000e\000n\000c\000e}{section.7}% 554
\BOOKMARK [3][-]{subsubsection.7.136.1}{\376\377\0007\000.\0001\0003\0006\000.\0001\000\040\000D\000e\000t\000a\000i\000l\000e\000d\000\040\000D\000e\000s\000c\000r\000i\000p\000t\000i\000o\000n}{subsection.7.136}% 555
\BOOKMARK [2][-]{subsection.7.137}{\376\377\0007\000.\0001\0003\0007\000\040\000N\000E\000T\000I\000O\000\137\000N\000e\000t\000m\000a\000s\000k\000\040\000S\000t\000r\000u\000c\000t\000\040\000R\000e\000f\000e\000r\000e\000n\000c\000e}{section.7}% 556
\BOOKMARK [3][-]{subsubsection.7.137.1}{\376\377\0007\000.\0001\0003\0007\000.\0001\000\040\000D\000e\000t\000a\000i\000l\000e\000d\000\040\000D\000e\000s\000c\000r\000i\000p\000t\000i\000o\000n}{subsection.7.137}% 557
\BOOKMARK [3][-]{subsubsection.7.137.2}{\376\377\0007\000.\0001\0003\0007\000.\0002\000\040\000M\000e\000m\000b\000e\000r\000\040\000D\000a\000t\000a\000\040\000D\000o\000c\000u\000m\000e\000n\000t\000a\000t\000i\000o\000n}{subsection.7.137}% 558
\BOOKMARK [2][-]{subsection.7.138}{\376\377\0007\000.\0001\0003\0008\000\040\000N\000E\000T\000I\000O\000\137\000N\000e\000t\000m\000a\000s\000k\000S\000e\000q\000\040\000S\000t\000r\000u\000c\000t\000\040\000R\000e\000f\000e\000r\000e\000n\000c\000e}{section.7}% 559
\BOOKMARK [3][-]{subsubsection.7.138.1}{\376\377\0007\000.\0001\0003\0008\000.\0001\000\040\000D\000e\000t\000a\000i\000l\000e\000d\000\040\000D\000e\000s\000c\000r\000i\000p\000t\000i\000o\000n}{subsection.7.138}% 560
\BOOKMARK [2][-]{subsection.7.139}{\376\377\0007\000.\0001\0003\0009\000\040\000N\000E\000T\000I\000O\000\137\000P\000a\000c\000k\000e\000t\000\040\000S\000t\000r\000u\000c\000t\000\040\000R\000e\000f\000e\000r\000e\000n\000c\000e}{section.7}% 561
\BOOKMARK [3][-]{subsubsection.7.139.1}{\376\377\0007\000.\0001\0003\0009\000.\0001\000\040\000D\000e\000t\000a\000i\000l\000e\000d\000\040\000D\000e\000s\000c\000r\000i\000p\000t\000i\000o\000n}{subsection.7.139}% 562
\BOOKMARK [2][-]{subsection.7.140}{\376\377\0007\000.\0001\0004\0000\000\040\000N\000E\000T\000I\000O\000\137\000S\000h\000a\000r\000e\000d\000M\000e\000m\000o\000r\000y\000S\000e\000g\000m\000e\000n\000t\000H\000e\000a\000d\000e\000r\000\040\000S\000t\000r\000u\000c\000t\000\040\000R\000e\000f\000e\000r\000e\000n\000c\000e}{section.7}% 563
\BOOKMARK [3][-]{subsubsection.7.140.1}{\376\377\0007\000.\0001\0004\0000\000.\0001\000\040\000D\000e\000t\000a\000i\000l\000e\000d\000\040\000D\000e\000s\000c\000r\000i\000p\000t\000i\000o\000n}{subsection.7.140}% 564
\BOOKMARK [2][-]{subsection.7.141}{\376\377\0007\000.\0001\0004\0001\000\040\000N\000E\000T\000I\000O\000\137\000S\000H\000M\000E\000M\000I\000n\000t\000e\000r\000f\000a\000c\000e\000F\000a\000c\000t\000o\000r\000y\000P\000r\000o\000p\000e\000r\000t\000y\000\040\000S\000t\000r\000u\000c\000t\000\040\000R\000e\000f\000e\000r\000e\000n\000c\000e}{section.7}% 565
\BOOKMARK [3][-]{subsubsection.7.141.1}{\376\377\0007\000.\0001\0004\0001\000.\0001\000\040\000D\000e\000t\000a\000i\000l\000e\000d\000\040\000D\000e\000s\000c\000r\000i\000p\000t\000i\000o\000n}{subsection.7.141}% 566
\BOOKMARK [3][-]{subsubsection.7.141.2}{\376\377\0007\000.\0001\0004\0001\000.\0002\000\040\000M\000e\000m\000b\000e\000r\000\040\000D\000a\000t\000a\000\040\000D\000o\000c\000u\000m\000e\000n\000t\000a\000t\000i\000o\000n}{subsection.7.141}% 567
\BOOKMARK [2][-]{subsection.7.142}{\376\377\0007\000.\0001\0004\0002\000\040\000O\000S\000A\000P\000I\000\137\000L\000o\000g\000P\000r\000o\000p\000e\000r\000t\000y\000\040\000S\000t\000r\000u\000c\000t\000\040\000R\000e\000f\000e\000r\000e\000n\000c\000e}{section.7}% 568
\BOOKMARK [3][-]{subsubsection.7.142.1}{\376\377\0007\000.\0001\0004\0002\000.\0001\000\040\000D\000e\000t\000a\000i\000l\000e\000d\000\040\000D\000e\000s\000c\000r\000i\000p\000t\000i\000o\000n}{subsection.7.142}% 569
\BOOKMARK [3][-]{subsubsection.7.142.2}{\376\377\0007\000.\0001\0004\0002\000.\0002\000\040\000M\000e\000m\000b\000e\000r\000\040\000D\000a\000t\000a\000\040\000D\000o\000c\000u\000m\000e\000n\000t\000a\000t\000i\000o\000n}{subsection.7.142}% 570
\BOOKMARK [2][-]{subsection.7.143}{\376\377\0007\000.\0001\0004\0003\000\040\000O\000S\000A\000P\000I\000\137\000S\000h\000a\000r\000e\000d\000M\000e\000m\000o\000r\000y\000S\000e\000g\000m\000e\000n\000t\000H\000a\000n\000d\000l\000e\000\040\000S\000t\000r\000u\000c\000t\000\040\000R\000e\000f\000e\000r\000e\000n\000c\000e}{section.7}% 571
\BOOKMARK [3][-]{subsubsection.7.143.1}{\376\377\0007\000.\0001\0004\0003\000.\0001\000\040\000D\000e\000t\000a\000i\000l\000e\000d\000\040\000D\000e\000s\000c\000r\000i\000p\000t\000i\000o\000n}{subsection.7.143}% 572
\BOOKMARK [3][-]{subsubsection.7.143.2}{\376\377\0007\000.\0001\0004\0003\000.\0002\000\040\000M\000e\000m\000b\000e\000r\000\040\000D\000a\000t\000a\000\040\000D\000o\000c\000u\000m\000e\000n\000t\000a\000t\000i\000o\000n}{subsection.7.143}% 573
\BOOKMARK [2][-]{subsection.7.144}{\376\377\0007\000.\0001\0004\0004\000\040\000O\000S\000A\000P\000I\000\137\000S\000h\000a\000r\000e\000d\000M\000e\000m\000o\000r\000y\000S\000e\000g\000m\000e\000n\000t\000H\000e\000a\000d\000e\000r\000\040\000S\000t\000r\000u\000c\000t\000\040\000R\000e\000f\000e\000r\000e\000n\000c\000e}{section.7}% 574
\BOOKMARK [3][-]{subsubsection.7.144.1}{\376\377\0007\000.\0001\0004\0004\000.\0001\000\040\000D\000e\000t\000a\000i\000l\000e\000d\000\040\000D\000e\000s\000c\000r\000i\000p\000t\000i\000o\000n}{subsection.7.144}% 575
\BOOKMARK [3][-]{subsubsection.7.144.2}{\376\377\0007\000.\0001\0004\0004\000.\0002\000\040\000M\000e\000m\000b\000e\000r\000\040\000D\000a\000t\000a\000\040\000D\000o\000c\000u\000m\000e\000n\000t\000a\000t\000i\000o\000n}{subsection.7.144}% 576
\BOOKMARK [2][-]{subsection.7.145}{\376\377\0007\000.\0001\0004\0005\000\040\000O\000S\000A\000P\000I\000\137\000S\000y\000s\000t\000e\000m\000I\000\040\000S\000t\000r\000u\000c\000t\000\040\000R\000e\000f\000e\000r\000e\000n\000c\000e}{section.7}% 577
\BOOKMARK [3][-]{subsubsection.7.145.1}{\376\377\0007\000.\0001\0004\0005\000.\0001\000\040\000D\000e\000t\000a\000i\000l\000e\000d\000\040\000D\000e\000s\000c\000r\000i\000p\000t\000i\000o\000n}{subsection.7.145}% 578
\BOOKMARK [3][-]{subsubsection.7.145.2}{\376\377\0007\000.\0001\0004\0005\000.\0002\000\040\000M\000e\000m\000b\000e\000r\000\040\000D\000a\000t\000a\000\040\000D\000o\000c\000u\000m\000e\000n\000t\000a\000t\000i\000o\000n}{subsection.7.145}% 579
\BOOKMARK [2][-]{subsection.7.146}{\376\377\0007\000.\0001\0004\0006\000\040\000O\000S\000A\000P\000I\000\137\000S\000y\000s\000t\000e\000m\000P\000r\000o\000p\000e\000r\000t\000y\000\040\000S\000t\000r\000u\000c\000t\000\040\000R\000e\000f\000e\000r\000e\000n\000c\000e}{section.7}% 580
\BOOKMARK [3][-]{subsubsection.7.146.1}{\376\377\0007\000.\0001\0004\0006\000.\0001\000\040\000D\000e\000t\000a\000i\000l\000e\000d\000\040\000D\000e\000s\000c\000r\000i\000p\000t\000i\000o\000n}{subsection.7.146}% 581
\BOOKMARK [3][-]{subsubsection.7.146.2}{\376\377\0007\000.\0001\0004\0006\000.\0002\000\040\000M\000e\000m\000b\000e\000r\000\040\000D\000a\000t\000a\000\040\000D\000o\000c\000u\000m\000e\000n\000t\000a\000t\000i\000o\000n}{subsection.7.146}% 582
\BOOKMARK [2][-]{subsection.7.147}{\376\377\0007\000.\0001\0004\0007\000\040\000O\000S\000A\000P\000I\000\137\000S\000y\000s\000t\000e\000m\000T\000i\000m\000e\000\040\000S\000t\000r\000u\000c\000t\000\040\000R\000e\000f\000e\000r\000e\000n\000c\000e}{section.7}% 583
\BOOKMARK [3][-]{subsubsection.7.147.1}{\376\377\0007\000.\0001\0004\0007\000.\0001\000\040\000D\000e\000t\000a\000i\000l\000e\000d\000\040\000D\000e\000s\000c\000r\000i\000p\000t\000i\000o\000n}{subsection.7.147}% 584
\BOOKMARK [3][-]{subsubsection.7.147.2}{\376\377\0007\000.\0001\0004\0007\000.\0002\000\040\000M\000e\000m\000b\000e\000r\000\040\000D\000a\000t\000a\000\040\000D\000o\000c\000u\000m\000e\000n\000t\000a\000t\000i\000o\000n}{subsection.7.147}% 585
\BOOKMARK [2][-]{subsection.7.148}{\376\377\0007\000.\0001\0004\0008\000\040\000O\000S\000A\000P\000I\000\137\000T\000h\000r\000e\000a\000d\000P\000r\000o\000p\000e\000r\000t\000y\000\040\000S\000t\000r\000u\000c\000t\000\040\000R\000e\000f\000e\000r\000e\000n\000c\000e}{section.7}% 586
\BOOKMARK [3][-]{subsubsection.7.148.1}{\376\377\0007\000.\0001\0004\0008\000.\0001\000\040\000D\000e\000t\000a\000i\000l\000e\000d\000\040\000D\000e\000s\000c\000r\000i\000p\000t\000i\000o\000n}{subsection.7.148}% 587
\BOOKMARK [3][-]{subsubsection.7.148.2}{\376\377\0007\000.\0001\0004\0008\000.\0002\000\040\000M\000e\000m\000b\000e\000r\000\040\000D\000a\000t\000a\000\040\000D\000o\000c\000u\000m\000e\000n\000t\000a\000t\000i\000o\000n}{subsection.7.148}% 588
\BOOKMARK [2][-]{subsection.7.149}{\376\377\0007\000.\0001\0004\0009\000\040\000O\000S\000A\000P\000I\000\137\000T\000i\000m\000e\000r\000P\000r\000o\000p\000e\000r\000t\000y\000\040\000S\000t\000r\000u\000c\000t\000\040\000R\000e\000f\000e\000r\000e\000n\000c\000e}{section.7}% 589
\BOOKMARK [3][-]{subsubsection.7.149.1}{\376\377\0007\000.\0001\0004\0009\000.\0001\000\040\000D\000e\000t\000a\000i\000l\000e\000d\000\040\000D\000e\000s\000c\000r\000i\000p\000t\000i\000o\000n}{subsection.7.149}% 590
\BOOKMARK [3][-]{subsubsection.7.149.2}{\376\377\0007\000.\0001\0004\0009\000.\0002\000\040\000M\000e\000m\000b\000e\000r\000\040\000D\000a\000t\000a\000\040\000D\000o\000c\000u\000m\000e\000n\000t\000a\000t\000i\000o\000n}{subsection.7.149}% 591
\BOOKMARK [2][-]{subsection.7.150}{\376\377\0007\000.\0001\0005\0000\000\040\000P\000S\000K\000\137\000E\000r\000r\000L\000i\000s\000t\000e\000n\000e\000r\000\040\000S\000t\000r\000u\000c\000t\000\040\000R\000e\000f\000e\000r\000e\000n\000c\000e}{section.7}% 592
\BOOKMARK [3][-]{subsubsection.7.150.1}{\376\377\0007\000.\0001\0005\0000\000.\0001\000\040\000D\000e\000t\000a\000i\000l\000e\000d\000\040\000D\000e\000s\000c\000r\000i\000p\000t\000i\000o\000n}{subsection.7.150}% 593
\BOOKMARK [3][-]{subsubsection.7.150.2}{\376\377\0007\000.\0001\0005\0000\000.\0002\000\040\000M\000e\000m\000b\000e\000r\000\040\000D\000a\000t\000a\000\040\000D\000o\000c\000u\000m\000e\000n\000t\000a\000t\000i\000o\000n}{subsection.7.150}% 594
\BOOKMARK [2][-]{subsection.7.151}{\376\377\0007\000.\0001\0005\0001\000\040\000R\000H\000S\000M\000H\000i\000s\000t\000o\000r\000y\000F\000a\000c\000t\000o\000r\000y\000\040\000C\000l\000a\000s\000s\000\040\000R\000e\000f\000e\000r\000e\000n\000c\000e}{section.7}% 595
\BOOKMARK [3][-]{subsubsection.7.151.1}{\376\377\0007\000.\0001\0005\0001\000.\0001\000\040\000D\000e\000t\000a\000i\000l\000e\000d\000\040\000D\000e\000s\000c\000r\000i\000p\000t\000i\000o\000n}{subsection.7.151}% 596
\BOOKMARK [3][-]{subsubsection.7.151.2}{\376\377\0007\000.\0001\0005\0001\000.\0002\000\040\000M\000e\000m\000b\000e\000r\000\040\000F\000u\000n\000c\000t\000i\000o\000n\000\040\000D\000o\000c\000u\000m\000e\000n\000t\000a\000t\000i\000o\000n}{subsection.7.151}% 597
\BOOKMARK [2][-]{subsection.7.152}{\376\377\0007\000.\0001\0005\0002\000\040\000R\000T\000P\000S\000\137\000C\000h\000e\000c\000k\000s\000u\000m\000\040\000U\000n\000i\000o\000n\000\040\000R\000e\000f\000e\000r\000e\000n\000c\000e}{section.7}% 598
\BOOKMARK [3][-]{subsubsection.7.152.1}{\376\377\0007\000.\0001\0005\0002\000.\0001\000\040\000D\000e\000t\000a\000i\000l\000e\000d\000\040\000D\000e\000s\000c\000r\000i\000p\000t\000i\000o\000n}{subsection.7.152}% 599
\BOOKMARK [2][-]{subsection.7.153}{\376\377\0007\000.\0001\0005\0003\000\040\000R\000T\000P\000S\000\137\000C\000h\000e\000c\000k\000s\000u\000m\000C\000l\000a\000s\000s\000\040\000S\000t\000r\000u\000c\000t\000\040\000R\000e\000f\000e\000r\000e\000n\000c\000e}{section.7}% 600
\BOOKMARK [3][-]{subsubsection.7.153.1}{\376\377\0007\000.\0001\0005\0003\000.\0001\000\040\000D\000e\000t\000a\000i\000l\000e\000d\000\040\000D\000e\000s\000c\000r\000i\000p\000t\000i\000o\000n}{subsection.7.153}% 601
\BOOKMARK [2][-]{subsection.7.154}{\376\377\0007\000.\0001\0005\0004\000\040\000R\000T\000P\000S\000\137\000C\000h\000e\000c\000k\000s\000u\000m\000P\000r\000o\000p\000e\000r\000t\000y\000\040\000S\000t\000r\000u\000c\000t\000\040\000R\000e\000f\000e\000r\000e\000n\000c\000e}{section.7}% 602
\BOOKMARK [3][-]{subsubsection.7.154.1}{\376\377\0007\000.\0001\0005\0004\000.\0001\000\040\000D\000e\000t\000a\000i\000l\000e\000d\000\040\000D\000e\000s\000c\000r\000i\000p\000t\000i\000o\000n}{subsection.7.154}% 603
\BOOKMARK [2][-]{subsection.7.155}{\376\377\0007\000.\0001\0005\0005\000\040\000R\000T\000P\000S\000\137\000I\000n\000t\000e\000r\000f\000a\000c\000e\000F\000a\000c\000t\000o\000r\000y\000P\000r\000o\000p\000e\000r\000t\000y\000\040\000S\000t\000r\000u\000c\000t\000\040\000R\000e\000f\000e\000r\000e\000n\000c\000e}{section.7}% 604
\BOOKMARK [3][-]{subsubsection.7.155.1}{\376\377\0007\000.\0001\0005\0005\000.\0001\000\040\000D\000e\000t\000a\000i\000l\000e\000d\000\040\000D\000e\000s\000c\000r\000i\000p\000t\000i\000o\000n}{subsection.7.155}% 605
\BOOKMARK [2][-]{subsection.7.156}{\376\377\0007\000.\0001\0005\0006\000\040\000R\000T\000R\000e\000g\000i\000s\000t\000r\000y\000\040\000C\000l\000a\000s\000s\000\040\000R\000e\000f\000e\000r\000e\000n\000c\000e}{section.7}% 606
\BOOKMARK [3][-]{subsubsection.7.156.1}{\376\377\0007\000.\0001\0005\0006\000.\0001\000\040\000D\000e\000t\000a\000i\000l\000e\000d\000\040\000D\000e\000s\000c\000r\000i\000p\000t\000i\000o\000n}{subsection.7.156}% 607
\BOOKMARK [3][-]{subsubsection.7.156.2}{\376\377\0007\000.\0001\0005\0006\000.\0002\000\040\000M\000e\000m\000b\000e\000r\000\040\000F\000u\000n\000c\000t\000i\000o\000n\000\040\000D\000o\000c\000u\000m\000e\000n\000t\000a\000t\000i\000o\000n}{subsection.7.156}% 608
\BOOKMARK [2][-]{subsection.7.157}{\376\377\0007\000.\0001\0005\0007\000\040\000S\000H\000M\000E\000M\000I\000n\000t\000e\000r\000f\000a\000c\000e\000F\000a\000c\000t\000o\000r\000y\000\040\000C\000l\000a\000s\000s\000\040\000R\000e\000f\000e\000r\000e\000n\000c\000e}{section.7}% 609
\BOOKMARK [3][-]{subsubsection.7.157.1}{\376\377\0007\000.\0001\0005\0007\000.\0001\000\040\000D\000e\000t\000a\000i\000l\000e\000d\000\040\000D\000e\000s\000c\000r\000i\000p\000t\000i\000o\000n}{subsection.7.157}% 610
\BOOKMARK [3][-]{subsubsection.7.157.2}{\376\377\0007\000.\0001\0005\0007\000.\0002\000\040\000M\000e\000m\000b\000e\000r\000\040\000F\000u\000n\000c\000t\000i\000o\000n\000\040\000D\000o\000c\000u\000m\000e\000n\000t\000a\000t\000i\000o\000n}{subsection.7.157}% 611
\BOOKMARK [2][-]{subsection.7.158}{\376\377\0007\000.\0001\0005\0008\000\040\000U\000D\000P\000\137\000I\000n\000t\000e\000r\000f\000a\000c\000e\000F\000a\000c\000t\000o\000r\000y\000P\000r\000o\000p\000e\000r\000t\000y\000\040\000S\000t\000r\000u\000c\000t\000\040\000R\000e\000f\000e\000r\000e\000n\000c\000e}{section.7}% 612
\BOOKMARK [3][-]{subsubsection.7.158.1}{\376\377\0007\000.\0001\0005\0008\000.\0001\000\040\000D\000e\000t\000a\000i\000l\000e\000d\000\040\000D\000e\000s\000c\000r\000i\000p\000t\000i\000o\000n}{subsection.7.158}% 613
\BOOKMARK [3][-]{subsubsection.7.158.2}{\376\377\0007\000.\0001\0005\0008\000.\0002\000\040\000M\000e\000m\000b\000e\000r\000\040\000D\000a\000t\000a\000\040\000D\000o\000c\000u\000m\000e\000n\000t\000a\000t\000i\000o\000n}{subsection.7.158}% 614
\BOOKMARK [2][-]{subsection.7.159}{\376\377\0007\000.\0001\0005\0009\000\040\000U\000D\000P\000\137\000I\000n\000t\000e\000r\000f\000a\000c\000e\000T\000a\000b\000l\000e\000E\000n\000t\000r\000y\000\040\000S\000t\000r\000u\000c\000t\000\040\000R\000e\000f\000e\000r\000e\000n\000c\000e}{section.7}% 615
\BOOKMARK [3][-]{subsubsection.7.159.1}{\376\377\0007\000.\0001\0005\0009\000.\0001\000\040\000D\000e\000t\000a\000i\000l\000e\000d\000\040\000D\000e\000s\000c\000r\000i\000p\000t\000i\000o\000n}{subsection.7.159}% 616
\BOOKMARK [3][-]{subsubsection.7.159.2}{\376\377\0007\000.\0001\0005\0009\000.\0002\000\040\000M\000e\000m\000b\000e\000r\000\040\000D\000a\000t\000a\000\040\000D\000o\000c\000u\000m\000e\000n\000t\000a\000t\000i\000o\000n}{subsection.7.159}% 617
\BOOKMARK [2][-]{subsection.7.160}{\376\377\0007\000.\0001\0006\0000\000\040\000U\000D\000P\000\137\000I\000n\000t\000e\000r\000f\000a\000c\000e\000T\000a\000b\000l\000e\000E\000n\000t\000r\000y\000S\000e\000q\000\040\000S\000t\000r\000u\000c\000t\000\040\000R\000e\000f\000e\000r\000e\000n\000c\000e}{section.7}% 618
\BOOKMARK [3][-]{subsubsection.7.160.1}{\376\377\0007\000.\0001\0006\0000\000.\0001\000\040\000D\000e\000t\000a\000i\000l\000e\000d\000\040\000D\000e\000s\000c\000r\000i\000p\000t\000i\000o\000n}{subsection.7.160}% 619
\BOOKMARK [2][-]{subsection.7.161}{\376\377\0007\000.\0001\0006\0001\000\040\000U\000D\000P\000\137\000N\000a\000t\000E\000n\000t\000r\000y\000\040\000S\000t\000r\000u\000c\000t\000\040\000R\000e\000f\000e\000r\000e\000n\000c\000e}{section.7}% 620
\BOOKMARK [3][-]{subsubsection.7.161.1}{\376\377\0007\000.\0001\0006\0001\000.\0001\000\040\000D\000e\000t\000a\000i\000l\000e\000d\000\040\000D\000e\000s\000c\000r\000i\000p\000t\000i\000o\000n}{subsection.7.161}% 621
\BOOKMARK [2][-]{subsection.7.162}{\376\377\0007\000.\0001\0006\0002\000\040\000U\000D\000P\000\137\000N\000a\000t\000E\000n\000t\000r\000y\000S\000e\000q\000\040\000S\000t\000r\000u\000c\000t\000\040\000R\000e\000f\000e\000r\000e\000n\000c\000e}{section.7}% 622
\BOOKMARK [3][-]{subsubsection.7.162.1}{\376\377\0007\000.\0001\0006\0002\000.\0001\000\040\000D\000e\000t\000a\000i\000l\000e\000d\000\040\000D\000e\000s\000c\000r\000i\000p\000t\000i\000o\000n}{subsection.7.162}% 623
\BOOKMARK [2][-]{subsection.7.163}{\376\377\0007\000.\0001\0006\0003\000\040\000U\000D\000P\000I\000n\000t\000e\000r\000f\000a\000c\000e\000F\000a\000c\000t\000o\000r\000y\000\040\000C\000l\000a\000s\000s\000\040\000R\000e\000f\000e\000r\000e\000n\000c\000e}{section.7}% 624
\BOOKMARK [3][-]{subsubsection.7.163.1}{\376\377\0007\000.\0001\0006\0003\000.\0001\000\040\000D\000e\000t\000a\000i\000l\000e\000d\000\040\000D\000e\000s\000c\000r\000i\000p\000t\000i\000o\000n}{subsection.7.163}% 625
\BOOKMARK [3][-]{subsubsection.7.163.2}{\376\377\0007\000.\0001\0006\0003\000.\0002\000\040\000M\000e\000m\000b\000e\000r\000\040\000F\000u\000n\000c\000t\000i\000o\000n\000\040\000D\000o\000c\000u\000m\000e\000n\000t\000a\000t\000i\000o\000n}{subsection.7.163}% 626
\BOOKMARK [2][-]{subsection.7.164}{\376\377\0007\000.\0001\0006\0004\000\040\000U\000D\000P\000I\000n\000t\000e\000r\000f\000a\000c\000e\000T\000a\000b\000l\000e\000\040\000C\000l\000a\000s\000s\000\040\000R\000e\000f\000e\000r\000e\000n\000c\000e}{section.7}% 627
\BOOKMARK [3][-]{subsubsection.7.164.1}{\376\377\0007\000.\0001\0006\0004\000.\0001\000\040\000D\000e\000t\000a\000i\000l\000e\000d\000\040\000D\000e\000s\000c\000r\000i\000p\000t\000i\000o\000n}{subsection.7.164}% 628
\BOOKMARK [2][-]{subsection.7.165}{\376\377\0007\000.\0001\0006\0005\000\040\000W\000H\000S\000M\000H\000i\000s\000t\000o\000r\000y\000F\000a\000c\000t\000o\000r\000y\000\040\000C\000l\000a\000s\000s\000\040\000R\000e\000f\000e\000r\000e\000n\000c\000e}{section.7}% 629
\BOOKMARK [3][-]{subsubsection.7.165.1}{\376\377\0007\000.\0001\0006\0005\000.\0001\000\040\000D\000e\000t\000a\000i\000l\000e\000d\000\040\000D\000e\000s\000c\000r\000i\000p\000t\000i\000o\000n}{subsection.7.165}% 630
\BOOKMARK [3][-]{subsubsection.7.165.2}{\376\377\0007\000.\0001\0006\0005\000.\0002\000\040\000M\000e\000m\000b\000e\000r\000\040\000F\000u\000n\000c\000t\000i\000o\000n\000\040\000D\000o\000c\000u\000m\000e\000n\000t\000a\000t\000i\000o\000n}{subsection.7.165}% 631
\BOOKMARK [2][-]{subsection.7.166}{\376\377\0007\000.\0001\0006\0006\000\040\000Z\000C\000O\000P\000Y\000\137\000N\000o\000t\000i\000f\000I\000n\000t\000e\000r\000f\000a\000c\000e\000F\000a\000c\000t\000o\000r\000y\000P\000r\000o\000p\000e\000r\000t\000y\000\040\000S\000t\000r\000u\000c\000t\000\040\000R\000e\000f\000e\000r\000e\000n\000c\000e}{section.7}% 632
\BOOKMARK [3][-]{subsubsection.7.166.1}{\376\377\0007\000.\0001\0006\0006\000.\0001\000\040\000D\000e\000t\000a\000i\000l\000e\000d\000\040\000D\000e\000s\000c\000r\000i\000p\000t\000i\000o\000n}{subsection.7.166}% 633
\BOOKMARK [3][-]{subsubsection.7.166.2}{\376\377\0007\000.\0001\0006\0006\000.\0002\000\040\000M\000e\000m\000b\000e\000r\000\040\000D\000a\000t\000a\000\040\000D\000o\000c\000u\000m\000e\000n\000t\000a\000t\000i\000o\000n}{subsection.7.166}% 634
\BOOKMARK [2][-]{subsection.7.167}{\376\377\0007\000.\0001\0006\0007\000\040\000Z\000C\000O\000P\000Y\000\137\000N\000o\000t\000i\000f\000M\000e\000c\000h\000a\000n\000i\000s\000m\000P\000r\000o\000p\000e\000r\000t\000y\000\040\000S\000t\000r\000u\000c\000t\000\040\000R\000e\000f\000e\000r\000e\000n\000c\000e}{section.7}% 635
\BOOKMARK [3][-]{subsubsection.7.167.1}{\376\377\0007\000.\0001\0006\0007\000.\0001\000\040\000D\000e\000t\000a\000i\000l\000e\000d\000\040\000D\000e\000s\000c\000r\000i\000p\000t\000i\000o\000n}{subsection.7.167}% 636
\BOOKMARK [3][-]{subsubsection.7.167.2}{\376\377\0007\000.\0001\0006\0007\000.\0002\000\040\000M\000e\000m\000b\000e\000r\000\040\000D\000a\000t\000a\000\040\000D\000o\000c\000u\000m\000e\000n\000t\000a\000t\000i\000o\000n}{subsection.7.167}% 637
\BOOKMARK [2][-]{subsection.7.168}{\376\377\0007\000.\0001\0006\0008\000\040\000Z\000C\000O\000P\000Y\000\137\000N\000o\000t\000i\000f\000U\000s\000e\000r\000I\000n\000t\000e\000r\000f\000a\000c\000e\000I\000\040\000S\000t\000r\000u\000c\000t\000\040\000R\000e\000f\000e\000r\000e\000n\000c\000e}{section.7}% 638
\BOOKMARK [3][-]{subsubsection.7.168.1}{\376\377\0007\000.\0001\0006\0008\000.\0001\000\040\000D\000e\000t\000a\000i\000l\000e\000d\000\040\000D\000e\000s\000c\000r\000i\000p\000t\000i\000o\000n}{subsection.7.168}% 639
\BOOKMARK [3][-]{subsubsection.7.168.2}{\376\377\0007\000.\0001\0006\0008\000.\0002\000\040\000M\000e\000m\000b\000e\000r\000\040\000D\000a\000t\000a\000\040\000D\000o\000c\000u\000m\000e\000n\000t\000a\000t\000i\000o\000n}{subsection.7.168}% 640
\BOOKMARK [1][-]{section.8}{\376\377\0008\000\040\000F\000i\000l\000e\000\040\000D\000o\000c\000u\000m\000e\000n\000t\000a\000t\000i\000o\000n}{}% 641
\BOOKMARK [2][-]{subsection.8.1}{\376\377\0008\000.\0001\000\040\000a\000p\000p\000\137\000g\000e\000n\000\137\000l\000o\000g\000.\000h\000\040\000F\000i\000l\000e\000\040\000R\000e\000f\000e\000r\000e\000n\000c\000e}{section.8}% 642
\BOOKMARK [2][-]{subsection.8.2}{\376\377\0008\000.\0002\000\040\000c\000d\000r\000\137\000l\000o\000g\000.\000h\000\040\000F\000i\000l\000e\000\040\000R\000e\000f\000e\000r\000e\000n\000c\000e}{section.8}% 643
\BOOKMARK [2][-]{subsection.8.3}{\376\377\0008\000.\0003\000\040\000d\000b\000\137\000l\000o\000g\000.\000h\000\040\000F\000i\000l\000e\000\040\000R\000e\000f\000e\000r\000e\000n\000c\000e}{section.8}% 644
\BOOKMARK [3][-]{subsubsection.8.3.1}{\376\377\0008\000.\0003\000.\0001\000\040\000D\000e\000t\000a\000i\000l\000e\000d\000\040\000D\000e\000s\000c\000r\000i\000p\000t\000i\000o\000n}{subsection.8.3}% 645
\BOOKMARK [2][-]{subsection.8.4}{\376\377\0008\000.\0004\000\040\000d\000d\000s\000\137\000c\000\137\000c\000o\000n\000f\000i\000g\000.\000h\000\040\000F\000i\000l\000e\000\040\000R\000e\000f\000e\000r\000e\000n\000c\000e}{section.8}% 646
\BOOKMARK [3][-]{subsubsection.8.4.1}{\376\377\0008\000.\0004\000.\0001\000\040\000D\000e\000t\000a\000i\000l\000e\000d\000\040\000D\000e\000s\000c\000r\000i\000p\000t\000i\000o\000n}{subsection.8.4}% 647
\BOOKMARK [2][-]{subsection.8.5}{\376\377\0008\000.\0005\000\040\000d\000d\000s\000\137\000c\000\137\000f\000l\000o\000w\000c\000o\000n\000t\000r\000o\000l\000l\000e\000r\000.\000h\000\040\000F\000i\000l\000e\000\040\000R\000e\000f\000e\000r\000e\000n\000c\000e}{section.8}% 648
\BOOKMARK [3][-]{subsubsection.8.5.1}{\376\377\0008\000.\0005\000.\0001\000\040\000D\000e\000t\000a\000i\000l\000e\000d\000\040\000D\000e\000s\000c\000r\000i\000p\000t\000i\000o\000n}{subsection.8.5}% 649
\BOOKMARK [2][-]{subsection.8.6}{\376\377\0008\000.\0006\000\040\000d\000d\000s\000\137\000c\000\137\000l\000o\000g\000.\000h\000\040\000F\000i\000l\000e\000\040\000R\000e\000f\000e\000r\000e\000n\000c\000e}{section.8}% 650
\BOOKMARK [3][-]{subsubsection.8.6.1}{\376\377\0008\000.\0006\000.\0001\000\040\000D\000e\000t\000a\000i\000l\000e\000d\000\040\000D\000e\000s\000c\000r\000i\000p\000t\000i\000o\000n}{subsection.8.6}% 651
\BOOKMARK [2][-]{subsection.8.7}{\376\377\0008\000.\0007\000\040\000d\000d\000s\000\137\000f\000i\000l\000t\000e\000r\000\137\000l\000o\000g\000.\000h\000\040\000F\000i\000l\000e\000\040\000R\000e\000f\000e\000r\000e\000n\000c\000e}{section.8}% 652
\BOOKMARK [3][-]{subsubsection.8.7.1}{\376\377\0008\000.\0007\000.\0001\000\040\000D\000e\000t\000a\000i\000l\000e\000d\000\040\000D\000e\000s\000c\000r\000i\000p\000t\000i\000o\000n}{subsection.8.7}% 653
\BOOKMARK [3][-]{subsubsection.8.7.2}{\376\377\0008\000.\0007\000.\0002\000\040\000M\000a\000c\000r\000o\000\040\000D\000e\000f\000i\000n\000i\000t\000i\000o\000n\000\040\000D\000o\000c\000u\000m\000e\000n\000t\000a\000t\000i\000o\000n}{subsection.8.7}% 654
\BOOKMARK [2][-]{subsection.8.8}{\376\377\0008\000.\0008\000\040\000d\000d\000s\000\137\000p\000s\000k\000\137\000l\000o\000g\000.\000h\000\040\000F\000i\000l\000e\000\040\000R\000e\000f\000e\000r\000e\000n\000c\000e}{section.8}% 655
\BOOKMARK [3][-]{subsubsection.8.8.1}{\376\377\0008\000.\0008\000.\0001\000\040\000D\000e\000t\000a\000i\000l\000e\000d\000\040\000D\000e\000s\000c\000r\000i\000p\000t\000i\000o\000n}{subsection.8.8}% 656
\BOOKMARK [3][-]{subsubsection.8.8.2}{\376\377\0008\000.\0008\000.\0002\000\040\000M\000a\000c\000r\000o\000\040\000D\000e\000f\000i\000n\000i\000t\000i\000o\000n\000\040\000D\000o\000c\000u\000m\000e\000n\000t\000a\000t\000i\000o\000n}{subsection.8.8}% 657
\BOOKMARK [2][-]{subsection.8.9}{\376\377\0008\000.\0009\000\040\000d\000i\000s\000c\000\137\000d\000p\000d\000e\000\137\000l\000o\000g\000.\000h\000\040\000F\000i\000l\000e\000\040\000R\000e\000f\000e\000r\000e\000n\000c\000e}{section.8}% 658
\BOOKMARK [2][-]{subsection.8.10}{\376\377\0008\000.\0001\0000\000\040\000d\000i\000s\000c\000\137\000d\000p\000s\000e\000\137\000l\000o\000g\000.\000h\000\040\000F\000i\000l\000e\000\040\000R\000e\000f\000e\000r\000e\000n\000c\000e}{section.8}% 659
\BOOKMARK [3][-]{subsubsection.8.10.1}{\376\377\0008\000.\0001\0000\000.\0001\000\040\000M\000a\000c\000r\000o\000\040\000D\000e\000f\000i\000n\000i\000t\000i\000o\000n\000\040\000D\000o\000c\000u\000m\000e\000n\000t\000a\000t\000i\000o\000n}{subsection.8.10}% 660
\BOOKMARK [2][-]{subsection.8.11}{\376\377\0008\000.\0001\0001\000\040\000n\000e\000t\000i\000o\000\137\000l\000o\000g\000.\000h\000\040\000F\000i\000l\000e\000\040\000R\000e\000f\000e\000r\000e\000n\000c\000e}{section.8}% 661
\BOOKMARK [3][-]{subsubsection.8.11.1}{\376\377\0008\000.\0001\0001\000.\0001\000\040\000D\000e\000t\000a\000i\000l\000e\000d\000\040\000D\000e\000s\000c\000r\000i\000p\000t\000i\000o\000n}{subsection.8.11}% 662
\BOOKMARK [3][-]{subsubsection.8.11.2}{\376\377\0008\000.\0001\0001\000.\0002\000\040\000M\000a\000c\000r\000o\000\040\000D\000e\000f\000i\000n\000i\000t\000i\000o\000n\000\040\000D\000o\000c\000u\000m\000e\000n\000t\000a\000t\000i\000o\000n}{subsection.8.11}% 663
\BOOKMARK [2][-]{subsection.8.12}{\376\377\0008\000.\0001\0002\000\040\000n\000e\000t\000i\000o\000\137\000s\000h\000m\000e\000m\000\137\000l\000o\000g\000.\000h\000\040\000F\000i\000l\000e\000\040\000R\000e\000f\000e\000r\000e\000n\000c\000e}{section.8}% 664
\BOOKMARK [3][-]{subsubsection.8.12.1}{\376\377\0008\000.\0001\0002\000.\0001\000\040\000D\000e\000t\000a\000i\000l\000e\000d\000\040\000D\000e\000s\000c\000r\000i\000p\000t\000i\000o\000n}{subsection.8.12}% 665
\BOOKMARK [2][-]{subsection.8.13}{\376\377\0008\000.\0001\0003\000\040\000n\000e\000t\000i\000o\000\137\000z\000c\000o\000p\000y\000\137\000l\000o\000g\000.\000h\000\040\000F\000i\000l\000e\000\040\000R\000e\000f\000e\000r\000e\000n\000c\000e}{section.8}% 666
\BOOKMARK [3][-]{subsubsection.8.13.1}{\376\377\0008\000.\0001\0003\000.\0001\000\040\000D\000e\000t\000a\000i\000l\000e\000d\000\040\000D\000e\000s\000c\000r\000i\000p\000t\000i\000o\000n}{subsection.8.13}% 667
\BOOKMARK [2][-]{subsection.8.14}{\376\377\0008\000.\0001\0004\000\040\000n\000e\000t\000i\000o\000\137\000z\000c\000o\000p\000y\000\137\000n\000o\000t\000i\000f\000\137\000i\000n\000t\000e\000r\000f\000a\000c\000e\000.\000h\000\040\000F\000i\000l\000e\000\040\000R\000e\000f\000e\000r\000e\000n\000c\000e}{section.8}% 668
\BOOKMARK [3][-]{subsubsection.8.14.1}{\376\377\0008\000.\0001\0004\000.\0001\000\040\000F\000u\000n\000c\000t\000i\000o\000n\000\040\000D\000o\000c\000u\000m\000e\000n\000t\000a\000t\000i\000o\000n}{subsection.8.14}% 669
\BOOKMARK [2][-]{subsection.8.15}{\376\377\0008\000.\0001\0005\000\040\000n\000e\000t\000i\000o\000\137\000z\000c\000o\000p\000y\000\137\000w\000h\000s\000q\000\137\000l\000o\000g\000.\000h\000\040\000F\000i\000l\000e\000\040\000R\000e\000f\000e\000r\000e\000n\000c\000e}{section.8}% 670
\BOOKMARK [3][-]{subsubsection.8.15.1}{\376\377\0008\000.\0001\0005\000.\0001\000\040\000D\000e\000t\000a\000i\000l\000e\000d\000\040\000D\000e\000s\000c\000r\000i\000p\000t\000i\000o\000n}{subsection.8.15}% 671
\BOOKMARK [3][-]{subsubsection.8.15.2}{\376\377\0008\000.\0001\0005\000.\0002\000\040\000M\000a\000c\000r\000o\000\040\000D\000e\000f\000i\000n\000i\000t\000i\000o\000n\000\040\000D\000o\000c\000u\000m\000e\000n\000t\000a\000t\000i\000o\000n}{subsection.8.15}% 672
\BOOKMARK [2][-]{subsection.8.16}{\376\377\0008\000.\0001\0006\000\040\000o\000s\000a\000p\000i\000\137\000l\000o\000g\000.\000h\000\040\000F\000i\000l\000e\000\040\000R\000e\000f\000e\000r\000e\000n\000c\000e}{section.8}% 673
\BOOKMARK [3][-]{subsubsection.8.16.1}{\376\377\0008\000.\0001\0006\000.\0001\000\040\000D\000e\000t\000a\000i\000l\000e\000d\000\040\000D\000e\000s\000c\000r\000i\000p\000t\000i\000o\000n}{subsection.8.16}% 674
\BOOKMARK [3][-]{subsubsection.8.16.2}{\376\377\0008\000.\0001\0006\000.\0002\000\040\000M\000a\000c\000r\000o\000\040\000D\000e\000f\000i\000n\000i\000t\000i\000o\000n\000\040\000D\000o\000c\000u\000m\000e\000n\000t\000a\000t\000i\000o\000n}{subsection.8.16}% 675
\BOOKMARK [2][-]{subsection.8.17}{\376\377\0008\000.\0001\0007\000\040\000o\000s\000a\000p\000i\000\137\000p\000r\000o\000c\000e\000s\000s\000.\000h\000\040\000F\000i\000l\000e\000\040\000R\000e\000f\000e\000r\000e\000n\000c\000e}{section.8}% 676
\BOOKMARK [3][-]{subsubsection.8.17.1}{\376\377\0008\000.\0001\0007\000.\0001\000\040\000D\000e\000t\000a\000i\000l\000e\000d\000\040\000D\000e\000s\000c\000r\000i\000p\000t\000i\000o\000n}{subsection.8.17}% 677
\BOOKMARK [2][-]{subsection.8.18}{\376\377\0008\000.\0001\0008\000\040\000o\000s\000a\000p\000i\000\137\000s\000e\000m\000a\000p\000h\000o\000r\000e\000.\000h\000\040\000F\000i\000l\000e\000\040\000R\000e\000f\000e\000r\000e\000n\000c\000e}{section.8}% 678
\BOOKMARK [3][-]{subsubsection.8.18.1}{\376\377\0008\000.\0001\0008\000.\0001\000\040\000D\000e\000t\000a\000i\000l\000e\000d\000\040\000D\000e\000s\000c\000r\000i\000p\000t\000i\000o\000n}{subsection.8.18}% 679
\BOOKMARK [3][-]{subsubsection.8.18.2}{\376\377\0008\000.\0001\0008\000.\0002\000\040\000F\000u\000n\000c\000t\000i\000o\000n\000\040\000D\000o\000c\000u\000m\000e\000n\000t\000a\000t\000i\000o\000n}{subsection.8.18}% 680
\BOOKMARK [2][-]{subsection.8.19}{\376\377\0008\000.\0001\0009\000\040\000o\000s\000a\000p\000i\000\137\000s\000t\000d\000i\000o\000.\000h\000\040\000F\000i\000l\000e\000\040\000R\000e\000f\000e\000r\000e\000n\000c\000e}{section.8}% 681
\BOOKMARK [3][-]{subsubsection.8.19.1}{\376\377\0008\000.\0001\0009\000.\0001\000\040\000D\000e\000t\000a\000i\000l\000e\000d\000\040\000D\000e\000s\000c\000r\000i\000p\000t\000i\000o\000n}{subsection.8.19}% 682
\BOOKMARK [2][-]{subsection.8.20}{\376\377\0008\000.\0002\0000\000\040\000o\000s\000a\000p\000i\000\137\000t\000a\000s\000k\000.\000h\000\040\000F\000i\000l\000e\000\040\000R\000e\000f\000e\000r\000e\000n\000c\000e}{section.8}% 683
\BOOKMARK [3][-]{subsubsection.8.20.1}{\376\377\0008\000.\0002\0000\000.\0001\000\040\000D\000e\000t\000a\000i\000l\000e\000d\000\040\000D\000e\000s\000c\000r\000i\000p\000t\000i\000o\000n}{subsection.8.20}% 684
\BOOKMARK [2][-]{subsection.8.21}{\376\377\0008\000.\0002\0001\000\040\000o\000s\000a\000p\000i\000\137\000t\000i\000m\000e\000.\000h\000\040\000F\000i\000l\000e\000\040\000R\000e\000f\000e\000r\000e\000n\000c\000e}{section.8}% 685
\BOOKMARK [3][-]{subsubsection.8.21.1}{\376\377\0008\000.\0002\0001\000.\0001\000\040\000D\000e\000t\000a\000i\000l\000e\000d\000\040\000D\000e\000s\000c\000r\000i\000p\000t\000i\000o\000n}{subsection.8.21}% 686
\BOOKMARK [2][-]{subsection.8.22}{\376\377\0008\000.\0002\0002\000\040\000r\000e\000d\000a\000\137\000l\000o\000g\000.\000h\000\040\000F\000i\000l\000e\000\040\000R\000e\000f\000e\000r\000e\000n\000c\000e}{section.8}% 687
\BOOKMARK [3][-]{subsubsection.8.22.1}{\376\377\0008\000.\0002\0002\000.\0001\000\040\000D\000e\000t\000a\000i\000l\000e\000d\000\040\000D\000e\000s\000c\000r\000i\000p\000t\000i\000o\000n}{subsection.8.22}% 688
\BOOKMARK [2][-]{subsection.8.23}{\376\377\0008\000.\0002\0003\000\040\000r\000h\000\137\000s\000m\000\137\000l\000o\000g\000.\000h\000\040\000F\000i\000l\000e\000\040\000R\000e\000f\000e\000r\000e\000n\000c\000e}{section.8}% 689
\BOOKMARK [3][-]{subsubsection.8.23.1}{\376\377\0008\000.\0002\0003\000.\0001\000\040\000D\000e\000t\000a\000i\000l\000e\000d\000\040\000D\000e\000s\000c\000r\000i\000p\000t\000i\000o\000n}{subsection.8.23}% 690
\BOOKMARK [3][-]{subsubsection.8.23.2}{\376\377\0008\000.\0002\0003\000.\0002\000\040\000M\000a\000c\000r\000o\000\040\000D\000e\000f\000i\000n\000i\000t\000i\000o\000n\000\040\000D\000o\000c\000u\000m\000e\000n\000t\000a\000t\000i\000o\000n}{subsection.8.23}% 691
\BOOKMARK [2][-]{subsection.8.24}{\376\377\0008\000.\0002\0004\000\040\000r\000t\000\137\000l\000o\000g\000.\000h\000\040\000F\000i\000l\000e\000\040\000R\000e\000f\000e\000r\000e\000n\000c\000e}{section.8}% 692
\BOOKMARK [2][-]{subsection.8.25}{\376\377\0008\000.\0002\0005\000\040\000r\000t\000p\000s\000\137\000c\000o\000n\000f\000i\000g\000.\000h\000\040\000F\000i\000l\000e\000\040\000R\000e\000f\000e\000r\000e\000n\000c\000e}{section.8}% 693
\BOOKMARK [3][-]{subsubsection.8.25.1}{\376\377\0008\000.\0002\0005\000.\0001\000\040\000D\000e\000t\000a\000i\000l\000e\000d\000\040\000D\000e\000s\000c\000r\000i\000p\000t\000i\000o\000n}{subsection.8.25}% 694
\BOOKMARK [2][-]{subsection.8.26}{\376\377\0008\000.\0002\0006\000\040\000r\000t\000p\000s\000\137\000d\000l\000l\000.\000h\000\040\000F\000i\000l\000e\000\040\000R\000e\000f\000e\000r\000e\000n\000c\000e}{section.8}% 695
\BOOKMARK [3][-]{subsubsection.8.26.1}{\376\377\0008\000.\0002\0006\000.\0001\000\040\000D\000e\000t\000a\000i\000l\000e\000d\000\040\000D\000e\000s\000c\000r\000i\000p\000t\000i\000o\000n}{subsection.8.26}% 696
\BOOKMARK [2][-]{subsection.8.27}{\376\377\0008\000.\0002\0007\000\040\000r\000t\000p\000s\000\137\000l\000o\000g\000.\000h\000\040\000F\000i\000l\000e\000\040\000R\000e\000f\000e\000r\000e\000n\000c\000e}{section.8}% 697
\BOOKMARK [3][-]{subsubsection.8.27.1}{\376\377\0008\000.\0002\0007\000.\0001\000\040\000D\000e\000t\000a\000i\000l\000e\000d\000\040\000D\000e\000s\000c\000r\000i\000p\000t\000i\000o\000n}{subsection.8.27}% 698
\BOOKMARK [3][-]{subsubsection.8.27.2}{\376\377\0008\000.\0002\0007\000.\0002\000\040\000M\000a\000c\000r\000o\000\040\000D\000e\000f\000i\000n\000i\000t\000i\000o\000n\000\040\000D\000o\000c\000u\000m\000e\000n\000t\000a\000t\000i\000o\000n}{subsection.8.27}% 699
\BOOKMARK [2][-]{subsection.8.28}{\376\377\0008\000.\0002\0008\000\040\000r\000t\000p\000s\000\137\000r\000t\000p\000s\000\137\000i\000m\000p\000l\000.\000h\000\040\000F\000i\000l\000e\000\040\000R\000e\000f\000e\000r\000e\000n\000c\000e}{section.8}% 700
\BOOKMARK [3][-]{subsubsection.8.28.1}{\376\377\0008\000.\0002\0008\000.\0001\000\040\000D\000e\000t\000a\000i\000l\000e\000d\000\040\000D\000e\000s\000c\000r\000i\000p\000t\000i\000o\000n}{subsection.8.28}% 701
\BOOKMARK [2][-]{subsection.8.29}{\376\377\0008\000.\0002\0009\000\040\000w\000h\000\137\000s\000m\000\137\000l\000o\000g\000.\000h\000\040\000F\000i\000l\000e\000\040\000R\000e\000f\000e\000r\000e\000n\000c\000e}{section.8}% 702
\BOOKMARK [3][-]{subsubsection.8.29.1}{\376\377\0008\000.\0002\0009\000.\0001\000\040\000D\000e\000t\000a\000i\000l\000e\000d\000\040\000D\000e\000s\000c\000r\000i\000p\000t\000i\000o\000n}{subsection.8.29}% 703
\BOOKMARK [3][-]{subsubsection.8.29.2}{\376\377\0008\000.\0002\0009\000.\0002\000\040\000M\000a\000c\000r\000o\000\040\000D\000e\000f\000i\000n\000i\000t\000i\000o\000n\000\040\000D\000o\000c\000u\000m\000e\000n\000t\000a\000t\000i\000o\000n}{subsection.8.29}% 704
\BOOKMARK [1][-]{section*.3004}{\376\377\000I\000n\000d\000e\000x}{}% 705
